{
    "domain": "162.252.214.4",
    "owner": {},
    "source": [
        "DuckDuckGo-US"
    ],
    "prevalence": 0.000061,
    "sites": 9,
    "subdomains": [],
    "cnames": [],
    "fingerprinting": 0,
    "resources": [
        {
            "rule": "162\\.252\\.214\\.4\\/p",
            "cookies": 0,
            "fingerprinting": 0,
            "subdomains": [],
            "apis": {},
            "sites": 6,
            "prevalence": 0.0000406,
            "cnames": [],
            "responseHashes": [
                "ebc216cd7fcbd9b7fbddec88d531a88a99c69392551603b8b7d11bf155f6e2ff",
                "58da869ab0237a24e2f61206cc0e7bdbcfd0dbf436cf1d1c4298b5287822d944",
                "700ae49e3c7095c0125a6509563c1868e605caedb7fc13be5958bbfafd8afbe1",
                "2d8926c511cc7bd4592d0f672d6bd9737d589ed3e6300558f95ca63ed2035220",
                "a166fda89f75bf5378a38ac7c4c69d8b09b64a858b024eab70f5f04b7b039855"
            ],
            "type": "XHR",
            "firstPartyCookies": {},
            "firstPartyCookiesSent": {},
            "exampleSites": [
                "mukacentong.live",
                "pemersatudotfun.com",
                "pornez.net",
                "www.aflamk6x.com",
                "www.incestflix.com",
                "www.mangabyte.net"
            ]
        }
    ],
    "categories": [],
    "performance": {},
    "cookies": 0,
    "types": {
        "XHR": 6
    },
    "nameservers": []
}