{
    "domain": "173.208.216.250",
    "owner": {},
    "source": [
        "DuckDuckGo-US"
    ],
    "prevalence": 0.0000339,
    "sites": 5,
    "subdomains": [],
    "cnames": [],
    "fingerprinting": 0,
    "resources": [
        {
            "rule": "173\\.208\\.216\\.250\\/links\\.php",
            "cookies": 0,
            "fingerprinting": 0,
            "subdomains": [],
            "apis": {},
            "sites": 5,
            "prevalence": 0.0000339,
            "cnames": [],
            "responseHashes": [
                "995805014237d8d905ed87f001e9b921aa3e6aa1d416520f39f48f4f4f0a1c4c",
                "b3d18baefb23aa2b4ce402286ec47930752672bb6ca891c4299b952bad60263f",
                "ee42b3d956a88bf4051bb2da51af4ea6761ca0826f8320e275f94d883b66f3a4",
                "f0d846b39ca0ac673f5f526e871d9206ea89a339d85cf75a7c1ee1684cd0e134"
            ],
            "type": "Script",
            "firstPartyCookies": {},
            "firstPartyCookiesSent": {},
            "exampleSites": []
        }
    ],
    "categories": [],
    "performance": {},
    "cookies": 0,
    "topInitiators": [
        {
            "domain": "first party",
            "prevalence": 1
        }
    ],
    "types": {
        "Script": 5
    },
    "nameservers": []
}