{
    "domain": "34.215.155.61",
    "owner": {},
    "source": [
        "DuckDuckGo-US"
    ],
    "prevalence": 0.000854,
    "sites": 126,
    "subdomains": [],
    "cnames": [],
    "fingerprinting": 0,
    "resources": [
        {
            "rule": "34\\.215\\.155\\.61\\/is",
            "cookies": 0,
            "fingerprinting": 0,
            "subdomains": [],
            "apis": {},
            "sites": 116,
            "prevalence": 0.000787,
            "cnames": [],
            "responseHashes": [
                "54d04b1fe40c2f8beaf34a6e4c0dc7328539c41508bf364a669cc2dc5a6fdb48",
                "49376b546262608dd96c93d2571a1405474399b1cbf2c9173133ee1b81b0623e",
                "b9e56bdc2661423680b4cd11ccc91fca956174ef61b041a093ce4b24ad3900f6",
                "43d134d73965335b1feeaac687280d3a79d341f4205264a57c884ab95ca70bae",
                "df56338846bebd5c20bf9c90d664c9bbf54d8b6990963cf9c604057c4c78b5ce",
                "de6534dd1c68de5b3767ede71b8707ef23772bd165a5b1355831da68eabec1bf",
                "fc03ecf8cdf2917d0b4b7c5bc45f5e3f4e57a62f222a4a7cd621009f26941bf3",
                "e72bc00b1ceb14bfa753ed1484b566e8796723928fecc99e5f22f29ca3741a01",
                "5b90feaf5df602699f9c430641f2a4a3a334835e49f8720fe6d9dc0f78cbc761",
                "9b3106935e9044a29aa88ea4df9507cb6001e57b2dcc6e4cf5b52229bf25fc8b",
                "bf07b3319556298859e28e9fbf25bb7ff69a5e770295a3e6680cee54dd5645b8",
                "6f218586070b35c9f8fea801a556686088e7305adb82409d05843cd62ac52814",
                "e6475dabd7c3ad1f5f2048fbf667dad816ac833291518685b076b32077405606",
                "5dcc805dd3e678424cb9da9633537dad1949fe097e9243a80fa5a833ad2e5dfe",
                "58b9b0c0ee5ea71ce0b045400c51c09a133ad7013dc803196aee9c60ce52d93d",
                "c0fc8d0fcd8134ec2c6772f7ffa0009e4a656bd73f10d938450e53194770348a",
                "6d3610e9304ae6b79c985639332ebb42f254692ebd8337c776148b17842db978",
                "15ffab4902abf79fe4a8c604bbecafde06ed9ac8d9ac50c3717fb19f6b8e7a9b",
                "d5cadf3b2e01c314a06aac8c7565675593acf96b18ac86fd1c4568ed39df4780",
                "41e2f79280db0e04cc59853b4155c5ad5f647ad19f9f2ea5857b38fdcaeadd28",
                "d70b31cda0b5bfc5a5dbd666b273956614432e85abb0037c51ea5a4c4ad76957",
                "e8daf81b4461ed9884e6152702f9c15f89b230e051d6b17eaf376b78da7947ff",
                "53d140cdc49d0fe0d1836b0ce80023b906e17a674e5bdd654abbadf5cb55ddb3",
                "d958d7d297a690ecc104ef7a1ec29d00f648be223c545e7298ef6487f1fd4179",
                "0ce9874aeb9e0edeb72782ffb5cc23cdda0b333adc10c02ef52fcaa2b571e7fd",
                "2386f4e170f479013f6a7c3328350e61cca7de39872950248f7b2ee5d81a83d7",
                "ef6ed71ad2dd0f4b3ea0412a5eb3ff3424020ad5481bb186ab41a6b5bf462011",
                "2e9e9326504c9d8fbca9a5b6c1356fec6342eebb25dca14674158b1f434b69a6",
                "70d9944c4ac793f5ca7cd7dce481aee1c48cc02e4a7681386bc364d3c0607e4d",
                "8221790bbbd8f86a79a63f304e6ce7e58b2c5e40e88b1c20a2b5f3813891f091",
                "e28680457fa9d612536eb46c3d80f8cb32f03a14d935f4c9b1630ff4e6d79842",
                "f8e12c01d796f857c8703a57ecff7ddaa8c961789def9d1f9deb7cef873aa35f",
                "ca2591c68cb06c5b1d9b2f3e961bd9c2852bbe328efec55f9679fedb8627cbab",
                "a38d73e6cf8360eceda8bdbb69afc6718694cd821b47a328445099d7abac92ef",
                "259534af77ec740e0df4769ef110cf5932b20daff95070f67d79f2574cf5f9a0",
                "fd90bbe746f0e36a07f182e7bf27fee3d726a72af6b5187bf2f576ef5d9d8003",
                "7843fb0648af3b8978f298959816ec2cea939335342f55f7dae544b9842c41dd",
                "57e1a110319a1f563ec8b8457d6b5db28e9b43d16529f3fc1c9b123f22386a2e",
                "2ee17074a79bd1569bd736ea040bae8ad7631dfc8a6b6a273294f3269c81dd73",
                "366f33a1df1d49f309c14b514a751895a6b5668d8d5acb66f6ef338e037427ff",
                "60111c93a4bf0161c250883a6a1dcf985ea13c2a7b62bf5bfac7eb4a14ab76bc",
                "63418551934a742ec8dd92c5aba04b4e641f173495a56d194925f740d8294e9d",
                "05f5df96da4d7f57cd42756ba983285a5e5407411d558db9f0ef07547b6442d8",
                "c14c9986b2cd17685586e7df9538819c7df8b8d15b9e4acac9c4c0ca51f87b62",
                "763d47d3286a1d49b80d064fbd3d348d2c637fee5363eff741a974e04a5ec7e9",
                "4706cac8f463cac893e1ca500b58ed91a2ee83a4022dff6ead0cb79f15f6d143",
                "94b8e84c2fe0ad779cd5e6479c9953ff468267b0e5687e48602576bdbcec8cab",
                "ef4b4c46e51efcc77e2b6d94b06df53e42f02b3f0c114e4ebbbe6ad3ee5e8388",
                "67704053254310d1766bec839c6f2f73a7a797463bfed3363f2e31c8b5294c52",
                "d10b8a58c3e9b4a8c8c0f7a46aeecf6c6a0ff9d5d2dbb2d796f190c59e6efb9d",
                "ef1403bbababb0989dd332b868b79916e8fd14d54ab3fcb83a84b45fd1b223fb",
                "378af9a5761bfaaa5b0a46e1a1fd919600597d46f24b9833d54b14a197af2eaa",
                "b9c01c86ae28a93706b1c78515586a43554b8cf2088a96046d8a58f4f72a3360",
                "a02d264bf7f18107630bd55d547d717208d930508c394e50b47198c7d6535e59",
                "6b18a52bf1c45bb427ad15a798644a2147cb6b7a85a1ec57cf3338124e873430",
                "bd2f48bcda970729ef9875322f9f41da5a84249726be4bcff84384986932aa94",
                "a4c741c11fae0307b165b3deb614de96a55959e80801b4a971a5018e5b5a2fa2",
                "a4c13594d3090109bb7baf08555ada7eef2f386de99df768015054a9fd65027b",
                "e79505873233a659c329a5ab33e9aa63dd72aadbc6c80999a3b727dba1411fb6",
                "2895bc14e54b28bf4b12149ab98e6a9309ec404049c72d2626dff2532a017df3",
                "cfd3c3966e080f541689b3c99e68b60b41dea46573a6be00eb1802f906264f87",
                "5738d568c4aab5e89454acd9ec1382768c845ba9be479d2016ee3eeb583d0cd5",
                "b94f4e565fd5f7dcca2ca37d0226e05edba352d8f018294746e3a5b614ffb8d7",
                "75686ee6b154a822d645d353b1dee73000473f1647bad9cddf312c35449e8f46",
                "1cbbc0266ff264b64387f37420dd6b868e4cd81f5fb5e2881fce487689f89faf",
                "c25f078f75bce445c44441cb65e6c17ab2a2271eb973d54212f9aa2bcefd8261",
                "5fad34cbe6f62aafe0c234c2c44f4b6a9bda38c3bc21179437ec6e64f8c527fb",
                "21c24b237c8d6e55baaa9a8805cb103a7f0fd49e4a0d3874c6ea209b6bfa8234",
                "d38b8c9b0ec989f7fd58a868639d45f28918b26e57cf94028fd99323756e50ec",
                "6f91d74e570a3777d2b96c68660fd4099af92b4b1d585ba0b5a2f770d5e0465b",
                "6d740b5fa5bb73e3fc3796f88ee08bd29246d251f454181eb85fb2429026cb01",
                "d5dbc931429ba1ad78df9875562038c591625e05b35dbaf71c75b2bb8bfbff0f",
                "0c38eb1c44254115cccf933fb87fecb8799d8a102d54e432b915aba087104c7b",
                "a3e9b82e85b53a15ae6afda1401569c249b6d2df4fdf3d6a8c828bf8d1edf8ea",
                "d6396b3ed977e3049e1283a740032e1c444b2d84723b7da67fbb0f54578b557e",
                "dc0a1ebfe7bff2c115183943a2b66f9308aa82c162a27e556e5e94d50cfa34d6",
                "1ffc4bd4228091a9a3b880a3b58496c341986efe177034a60582c19b817ead56",
                "d32bc4e06ac4b23dc513de7982fb7060f562cd17c0100e379e6c9e09beba7d38",
                "8aa3879ea19687bad6ac64bef296686d34bc9ed5265da7783a2238208c250a8e",
                "8dc3c81b2e2273e8ea6a90b9543ba77c3b8f510779915b1327fc18f74e24d379",
                "4924793ce565247e88f89a24fcafb5a6e5f32b321f563d573bdfe2f03dd400b9",
                "ef102db103d03507f93eabc266bd723670f5cda6f0212c011e703a292db5911b",
                "ba7c1f24863672fe3f0789672b99f3e87b77e1e4a91cacb8f11cf838d2689eb6",
                "14067b1b4ac6a459303da29f55eec19a5afe4b55d3e538be2b6f739a0d4a45f8",
                "b18f845e8d91d97456831497b52a332bed97a4eafa05f6aab286ffc3afa25ee7",
                "eeaf9183f90d460b6bc07c06d94e38cf4d1726c21584649f93fa76e22941a339",
                "0ff67a83f255ad42d2626fa8df42013116fe32afac1947bc972592aadb98138e",
                "18ba544fcb2ef9bdfacfa87cf7ae457a7243019ca5ff9f5c6c0b606b9647ba6a",
                "d473d642ae3e79b370331538bb70aef17b1eb62f77febf2ea4c6d6f419df0c07",
