{
    "domain": "35.85.84.151",
    "owner": {},
    "source": [
        "DuckDuckGo-US"
    ],
    "prevalence": 0.000669,
    "sites": 99,
    "subdomains": [],
    "cnames": [],
    "fingerprinting": 0,
    "resources": [
        {
            "rule": "35\\.85\\.84\\.151\\/is",
            "cookies": 0,
            "fingerprinting": 0,
            "subdomains": [],
            "apis": {},
            "sites": 91,
            "prevalence": 0.000615,
            "cnames": [],
            "responseHashes": [
                "b8bb5445c825a4666c20381924d42be958ad8265d773579175e3cfa12efb0b36",
                "39bcf2ae2ab04810fd1593bbe057097742fb25b72c62bf5194e9eb6130415691",
                "10749a3c324e98adfde65e6f959ed280781c86ddbcbff4aa99fcb6a1f6e3b61e",
                "ada111b79e72b863b9f3cebfb89388a98aadc9edf9beea9e6ec3fafe4ed3489f",
                "a8831b55798c1aaca2873b0414272b02a18a4de95849212ce732bbfd41c94209",
                "69ea3cd9382a477d67fc26ec561653d1fa42e0ede11294ae43a159f7737b14eb",
                "43fed8b31e24a5fca83e476c1f960834f58f0baac3333e1243d44de8b7cb25d8",
                "50f65b93a4351c76ce73e83295dbc7f2478d88d056d893549b80ba61f31d0f6e",
                "c146c7210a69dab508d9e155ec521a97cf37be18b0351a70d29ebc64343bf2b3",
                "60b0588cd49a2568cdf2ab52df7fa76c6834f0e4863686f9ba68d5e0b2bbd976",
                "aecddce4666d14628076d6d13545020c54cc3a48b415c01611b9fc120928c8a9",
                "7a8d69bbcb156fdbfbf4ddbe7c160d15415dd02a03f16f536399530a8231df8e",
                "24e90bcc8e962dab800ffe5ae7cfe2ccefd6cb8fa6677a69e905431b69bce602",
                "e42e17cb66047a7c1f19c56567db27d11495cacf4964291a228d7176ab259cb0",
                "1e23d76244e6746784636a07dc6fd9ac44487ef2dc0e4485ec25615c0f241e18",
                "bdbdf5c88a1568fd9d40a6850184d2718282ed7f126f46f2481916f6c14a038f",
                "f1457801280c6d1fd496e4b415fc44d857bae64fc0ddb306fec01166161b4c45",
                "8d7b720d43b70b5477319d57ef27f8afa5b086b8b1ed87bc596b1121ae3b2c3a",
                "c802d5a15099dcfe2eba511c88f32f2687139369e92cb345ea14d8d517e79212",
                "1c11b890f2d0a52ed27501cdac4e4951b662e8e50b1d2d7e68b9e8fa7750b524",
                "28e8c30befed8c512b08b533aa9a635343ed26867090b27338fd8df0bb379c35",
                "63d9a9feb7875d510ff878b4dbe2696252416f1469c56641b07b3964e0f7b873",
                "fef3ad8dd2c709ee33802a4d8fe0a3b785950e50977fe1bae0058bfc6c3ae574",
                "2943e2e3e061b3f24a79c083ea3b9ffea5998d1e46e37ed878674691e4fdc350",
                "461a949673f5d70c69a3308dcae20ee260de32038137a7deb590d47f3b1a9bd6",
                "3caf6cb968e73dafbe6f61aade29df693799401b77a98361358b7f734feb11aa",
                "ec0cda33ae0b4311d17f11e701b4d29e3a84457a5099707fcd00abd4326582aa",
                "b07c5bfbe5ac0f822325672f72e66d822a33b494c36475c34ef7dbaf6e4bbb0a",
                "a014d99f83ecd83915a36c11e7bb34a05e2ddc05285b2f84e89b8177e519493a",
                "81a457c92acb35813e1c7592ea94221a8dea9e5a7208ea4d77cebba49169ee37",
                "bc34161626b728cf22b49a2a669fe1aeb392142615c50fafc91be0960c7345eb",
                "e10fa9d089a740bd9a05ed0334f54cc7af13296d99403cea8458a57023d665b0",
                "c8967d32c295883bc21c360c8bca10e9d57ba58e8514104a25c43cd3997bea2d",
                "005f51399fe546d22970447475c06ada64f3d4ef76bea4e8df5609fb1d4c5d55",
                "14de6041a5580e22ce55692ae6c35ec88f4d1f6722352174db743b8f0dfa13c0",
                "ec7c342a1f6bde709b56952c0774483f95133d7c592654021dbed83df6f3fa40",
                "3d7bca41cf6d2df40dfdee9165e46b9c1b27faaa9ef40c453b0566b4062332c4",
                "b4d527268da9a1fbedc8d8a2b0987f19f7f93fd42013236bc8b12cafe2ab3f4d",
                "d242281f015c2de36d9b93bd591c28f15a285697c53a764e28bb04acb87b23b3",
                "99b8e7cae88ffef438aaf935d27b1b097d79e009f041aa9bbb570acfb6f200f4",
                "f3bc15f771d996fe18e8604cfa59843230fa64245d1a64fa77942de23e3609b8",
                "1672460cfb20318e8b1b6bf9d032cf6109cadeb697d53f9311d64af58ad5dce1",
                "3426fee2caed1909802a535f4e70c9b8b1f9ae3a6755db85588d04c82d22d8fd",
                "7e7a17aa686f7a27bda610367d7e96ed866eab09c05948df346d70186b664114",
                "e11d91ef208e5692aa4ddc9afb584858d0f357071b0ec3259a56eba58e6fe4a4",
                "bd0039e3201fb5233e2492500a815c9ce1874a345ff1964da3aedce5465ca56a",
                "0c30d53e8509460bc66a93f829499753b78fc4c39b3709e44963b01b8a99b43d",
                "f7a52d5277b502982a78408a59d35af99cd548b8c3702d0380f5a113196dd7b9",
                "df661da70ef90deab0ece8aa4fff741f8a5bb0553d86fbb593a51e7cb2a8e0a7",
                "2d5ec01747bde5945303fdddb891d4a2af4fd44ae27a27727ada42333c2ed9e1",
                "9b94807ebe8c8c31bfa094d66f78583b138a88adcb0e86b8e8a4c2ad4f56f551",
                "5e9866f227a7f6490428aa6fd547d040d2cea59a0f1a11c74881e026656d420b",
                "c17925a9ea5f4c22a7f6e3e1dd8054a69ca3548dfc93c2a8d5e4e6a510679f3d",
                "feadc5d5e95396ee28a7f51a3cf34fa96948f1416ef683b928c030dc867529d9",
                "f0230746999d2c7f5fc85874f2a6c443c3aa455c4603535ce8dffbd2a95deff9",
                "b8f36ba4035418263903304acd174513d07d12ac856d6f460a8311e2f60168dd",
                "8e7094814dc1c6a559d474dc61bf49bca479086be496419a9a5231b40dbc759c",
                "fef48cb3e18a0251589f34d215d966a256eca402e323b0481c65e1d844001279",
                "4052ed595b9d5837e7a987935ab7c85635707de15b8ebc86461695de3c28b669",
                "d45860a1cedcb7e973712d4f5f98e480a715befd1f098f4f31ce468371dc0b89",
                "77ff87b9733e530e8588ade330d32f1845df9db0c16ddbc369cd0838c1a4bce6",
                "5be749dc3290a3eeb0c774779b1b8a0e6d1af3b552f43b42bc857b5320ed889a",
                "97561a5b9ff67d15b1aa278e38ca0623b3935261a80e2d2169dfc1245dfbaf05",
                "a5db2cc6e459ec2c3169956ba5bc4c7a61e21581ac344848c9ff4b89cdf4ab8b",
                "a8a1650db35ded0cfccfb050b9b5deaeeeedb6e22a9bb4a287126ce4da27d23d",
                "1b90b2e7336bdca39efdb4385d4b111a2697c1202245637104b7db027f46b638",
                "501b01c2b28b67ca8ee0940e167412f98276fac0ff4f17b5794e5d63f29c812a",
                "24a01f2c5b909d6d1d8ed0cc24ef49ba2ac86baf9a23d1c251906a27e4f7930a",
                "7ef7840172cc281b68a8a0a5f8557eeca56616d554eec422ae79f68620a957c4",
                "7e64fcd7f168948583cf583b8c007875aeefc2eb740739fa975a203ed6e23519",
                "124437798d093b48b26b48a00ef636f6c8af39d4bed9c3a459cc6ec1e2321f99",
                "9a819049f75e143b89f0e341527a2c506aa036d40d89a560b366dee10ca7cd90",
                "e4d967fc94d91f24985adb25e56413885fdbb19e24efed19643b5f2eba857cdc",
                "3b761f8ea45d7a7802d283b79fe20723c8f0e4decea299e10542431e1356b29f",
                "d245c8690502011a3e610db10e2e2e28b430b38ca4000ec18cadd5324e5e3eb8",
                "4ebd1a399e9e765977741fc55c531a734e74e535bfad7feb392ce2c3eca13de5",
                "4fe5340aa2d6d824d8b41b073d3e99494549d226885e7bebfab878b145f8407c",
                "1936d5f0401c262f8f7fa0968a868434b27b3ebdfe317569ea041bdc74389dba",
                "e5bfec7a59983fd049ab224bd8d02c327f98d6d54fa229c90a8b687d767f7ea5",
                "9d8e62548f2b28edfa4d8588ee99e1c3e03fe7b56c5962f42924eef9d65d208c",
                "ee1ddebd1dd42699cebb470e4bf9fe6d832800460433910c475c91f3efa730f5",
                "9084fcc30eefc6fe77402afed1b389c4507fc5bcab3f1b46eea9fd7eee0030d6"
            ],
            "type": "Fetch",
            "firstPartyCookies": {},
            "firstPartyCookiesSent": {},