{
    "domain": "35.85.84.151",
    "owner": {},
    "source": [
        "DuckDuckGo-US"
    ],
    "prevalence": 0.000916,
    "sites": 135,
    "subdomains": [],
    "cnames": [],
    "fingerprinting": 0,
    "resources": [
        {
            "rule": "35\\.85\\.84\\.151\\/is",
            "cookies": 0,
            "fingerprinting": 0,
            "subdomains": [],
            "apis": {},
            "sites": 128,
            "prevalence": 0.000868,
            "cnames": [],
            "responseHashes": [
                "6c0f0befaa9972dd581cd0bfc12e76d00d107704bcbf9bf17691d9bc085ab047",
                "eebf18ca673191647b13215707e1f5916756f3076e81e7cc261e11ac774635ef",
                "151e6a6c3df61ffc0c1e017e2eb853bde15dc593e308964d4589df71458c5fd4",
                "74cfff3115119788bfca0fd28b3a51d12a04eb0b0af77f2692347652e412ddf0",
                "232a8a0c12cd5ef469fe941be681d7f8079749ff3bea2eb1340a2e72a2740590",
                "fc108a3e5fd041969e44e9bc8c28f21158c04e95e3a99bbbebe1cb844d79f008",
                "3a0928d3c93c1f4607afe28e7906d37f59d2c43ffdba4ad72013ba4b06c0ed55",
                "72f4958df6a4ffc5855f70f2c18d578f0bdc7d382fdb8e5aaa5c00e6f41345a2",
                "4dc8ca5876a4a9c507be31fc9039536a6693bb62e7ef617782009ce9d4e9bf30",
                "a57c81ff5f2e1cc6d902503349204195a91767f02260e12bd2894511439b6c50",
                "de793a4b1869d460fed605ef8f7b54dc0333d18d9cea67e87728d8e4066eddad",
                "902f544065c0f3e63c850fb26655d9634214da755d8ed46aef7863c583720b9e",
                "7f3377e9a18a9cc528e8a6d51bf05161edfeb0e56e3d0098505c1f7bdcf007fd",
                "ffe1cb7ea4d3c80e29fa49c3910932762bf9030afbcfd417552733635e3171be",
                "fc883b8d7330f2604ce8f6f7f95106510bd2ed255723cd890049f8d055ba802a",
                "cf034535ab3f006a8bfebfb79e96025e533cde5bc5ef5b797712bb6354635c5c",
                "4b5e5874324737e5add6d58de7e43981563f4f66011a57b8ae2c86467883f880",
                "1462b654893db47959c859e7f8a2bc6d343d9006a6e49be60c6b99852b6c04f3",
                "a63dfdbe16d38411cc25b14abc71221ed768b641cf08008037174c78656e2039",
                "8d5bdfd979cba76ab818cf9ddd0d32d8752fa1473206121d4dbec360d801a9aa",
                "b7fa4dc2b58d49f1eef24f075249449f722fc8416392592dde2e088691550399",
                "6e909ae2bcbe0aad599909ab51e0ed9f34b36268103d3b7c8d78f77f2cf0ce2a",
                "0a80202e15eb3a3f093d58133ac9077dd7deb12b89e9a4f493ad7434261d6446",
                "a564648f48376be6067240c6943697f206005d0b4d172f8280529afab6d25d85",
                "b40fc46b937e774045e592a06971950fac98bc5e88b193adfe206da2856cf9ae",
                "32e01ed972220d6c64be635b58916ed7af9f62f3caf6459f6f2a7ace7cea5ba1",
                "7d9ab47caac16358f06a9f4e99d494ee49b73d974b4b4c57c659cd3a04b02fc0",
                "aef6ebfe7c8a5a330e50d9531e821a172be7017956d5d02845869906c61d0088",
                "f789eb09a7764068599fa6c8061b240c9366f2e6c3c5d9a1820de135e0aff0cd",
                "f1a6b73db880f7d7abc3cd8e4d4cc5bb00f7ae520a9aa521ca46f77f5aa75cf0",
                "6df4ec097c1ccf4c2b944b8419cdb1767a07a934d4b56ac39ff169b2de18b671",
                "8e5719143b0b32654b321cda9cf205ee0df59ac91387da11740a013eda2cffee",
                "c91d3b1f0f5c8c51597f4eee75511452ae4245fb60a3c8aec8a0b4e743aca5fa",
                "3283004f0a2640606fc9f0ccddef684377d5361a06685fd25498c60f480021dc",
                "78020f621e571404a52febd89c989a68f64ce655fa71ec20d2402affe978c81e",
                "d3237708c34a6f544de7598bb86137a9cb872f2ee54a3e86125699ce359bd93d",
                "5723ad407793dd566f2811819e44193b385c918bf8a251818be467a2d9967f43",
                "9f7c6166970855a90249c6ae016d814d05cf6832f51d2468f0776c7a023a3971",
                "a338aaa886bcc010ef3d70a7777586debf3636bba896b17c9cebc96e97347ea4",
                "c892bcbd4cff4418e9f23f1a9ab52457cc413ba3c0f30f59ca6428bd8c592c8b",
                "e10784ae7bbd5937b6dfc4754d091f16afac9de5103e32caab3c66bb61e26048",
                "eb96853f8b72845c2b64cf27ca59d193df13393e23b9d8700dc70b45d87e76c9",
                "46a33150a170722cf243930277d83de17c740d9b49cdc30f2ded3b78c735beac",
                "779876945c023d54c90d474773ccd3f341532297314bfc74fd40ac1d7faaa824",
                "2de60b2e1864bec94fbe8c71a42eeb1035ffaa416585cda5f73ac00bfb54c3f6",
                "8968f6b3c1e7e45d9702e0906ad295dee568770cd6c46f58dc469362b196dd0b",
                "d2f4be647f228a47a09a377b7a0c6c7251dfdfb758aa5cdf3ae0635e3f8481f9",
                "702cf38e2253d25becfe4605b415243ca97e0a726ad6b6f9000e3f58c4c25909",
                "ecae2526f1840c1f490830376347100294f913985665fa32ed1fbcb19a86a572",
                "aa7414ca664497d18db5ad24bd711a828fcd5f382ac593dc0640184e5ffe2e03",
                "fbad070fa30beaebb7b790c3783fecb16b34fe23887265401a87bed3cf10992a",
                "e39e59daf3514a7cd83477049ea28f74cc5a94a2dc295f9bfed011fcd4740e3b",
                "8051037cf9385fbfd9a8ce7083cc680501f93694559a21642f22e65d9a89342e",
                "860c98002fb76f569e3b2323b8641765bb1933be00c1dfa5d9b2c7d39427d494",
                "cb23d760c89f0a7183a6a4217e9cd6da9a3042f96fc11d89ffa3479aedfba919",
                "da9c15063373eea2578d5006bcab819c331f3481bd77da7428f19f617dc378f5",
                "97e8cb2f7856ae9511f127756b9688fb09c86504750577c29f716d8f6530b2be",
                "74dce8708bddb7115b4c8290ceb8d166bb6c543aca03e3ccaee3fa0085f7d36b",
                "6be85536e85e845d712ccecf148e6772fc55e3e315ec08f6b53ce28899fcac33",
                "45bb316bda7ab55673172274582e605247f2378e130309e9d091945b0deb449b",
                "ef8da0262c5847740596317986d90ec6e5827f3a3b7a4f32aa3a04aeb2c05bae",
                "58208fb902288a961e93e0ab58be7947410f255f63375c30b5353e9b161b36e2",
                "3245f96debb0c432fd0629d16a81bc65731c2cecf67ecdf5e264746586e492db",
                "06303c2812aee3cb7a301473ed429ff8f1abcbaad4e860a5d460bfa2b48f3527",
                "feb0ec66b19f475946b3404411472efd2486b7a654a649a75fc6be5e4a582011",
                "d320ecef09e1747dafffb2b6778983aef76f5f794cfee974fb1619c24e6b5843",
                "9896f1c62fbc0cacbbc64b89ae653f5cbfc4477e1b041aca8c8c8306cf054307",
                "f9ee63732005733af30f26f729c4b682f120fdd7e6d0ab06654b8bc5432ea60b",
                "346855d3b85c13987862766660f73ace66484f0ef671f7342ee0c10763416ff9",
                "9576d1ac571315915126ffcc799aff4196958e2c6e059949a4278f4eebd50d9f",
                "64e58e503ed56382b9dc7c9826c81ea0989f14a84758fc4f2cd8db737551440c",
                "9ca00736a503336859ce7ffd614e51dad5db95bb3a1e143757ec9505ee4b1a70",
                "c52161d493d96905bb5a0392fc3018d7c5fa8ecccf4eaba55b14fa4ce85ec3a8",
                "94408d2f476758992a45d1134c5f18bce38910dc9da7da934eff11f472c86322",
                "ce8fbfc6528e50319a7909797094b47dd11a03779701326ae0496885885944ac",
                "32107859e6c6ef48496371a1a1a724e873a4a4731a7c000f0d4ce82f7eea3f76",
                "6cf4cca075ecbdd5beab72e75e2903e561dd3cf98c330ac76ba623386cce1a83",
                "f8ac1420d4b832ffdd6ba938d0f4f2e50c36d999059311d5e05b1762bb836bfa",
                "39ccf0f323c963ec610874d74f56055e2ce5faa8d5a66b0b3dde0a8ae64c067e",
                "7a8042d2ade7a01874f5deed88282ad298dbff5cc2d2a311f3b03ed7a277db2e",
                "e505a7203fed8bfbe1c3ebcc93e148257d2b009fa10d053e50b1a1b17b7f456c",
                "420edff120d6dddb84b788e90dd2a8b79dded45c531ebfec117816b646f5562c",
                "6b17321f8ec68464e95c129536d2f06faaaac09d4e7f39243d201db1e0f260d9",
                "cbc4197de37032a4ca3c4c60d1c1b1ad98510eff3d729603417c4005bd255d89",
                "605e437fac31f48b2205e821f87c287191c16bb143fb541563e543be9f5e27c7",
                "d4864825f87f3911dde39bed691e2a9d37513e35cc77b59c833519d4966f4b76",
                "49113bc404a7fccc5b41ff966764bbe186a21d77f7ebccf1717c0ab866b4425a",
                "905f9bccbf9e5f8bd1cb2fba28841577aa420ca5a2b2053ae1d77a24a5ac0b42",
                "f10faba2c6656de25def5391b7d4ebf91fbe31b269c74024b04bed1b98264544",
