{
    "domain": "44.238.122.172",
    "owner": {},
    "source": [
        "DuckDuckGo-US"
    ],
    "prevalence": 0.000831,
    "sites": 123,
    "subdomains": [],
    "cnames": [],
    "fingerprinting": 0,
    "resources": [
        {
            "rule": "44\\.238\\.122\\.172\\/is",
            "cookies": 0,
            "fingerprinting": 0,
            "subdomains": [],
            "apis": {},
            "sites": 103,
            "prevalence": 0.000696,
            "cnames": [],
            "responseHashes": [
                "b19a8778134ee45b239479cec4b5a77d5b5b27f1cc7a5c134ea47fe7261cefd4",
                "976c29e5fc35ce557952d8b3df3c0e804977d9115d8a9f81560b4956ca528014",
                "35bb249507f72a123fb0ddfbc1364dd4de83ef66f8748067ffb22619de875660",
                "4a78157c3354de572130792f3e59a2416fe074dcfdd9f8bd4dc57cc1c0b15036",
                "4564a99dbb09257c730bf2cb5d1682785531a7ce56255046eadad7068bfd93f7",
                "b429728c40884e3004ea1be2650d4f319669701775f6f67a952a65ce762146d4",
                "efc170aa89440cea499dbfcf365299e309635e54cff77c7be8e587a3cf4ad9a9",
                "109d0c729903cff5426cc7381735bc3a27f88cd86cef7eb0cefacbbc2c344374",
                "a6130eddac49c0cdf9879c62749d7b5b768479cde84a6a3002ad948a675eb83b",
                "b4004dd8e63dce0748784f4af5a00a7e7e94b2bf71a57823c45f56330d7396bf",
                "d8c94b7301b6ad25e7c4d5a891f22991b710ed4e443f3ebfe00194bf53d6ba9d",
                "55d9d7da9bfe85f4ad27fb4a13c36f1c9216dc24978d51ec3056e9765bcf7720",
                "0a7dc39f64a80a44a32e5771265b5160b40e24058a4c02512e4feb12a97c7582",
                "6521bc1a4a43c19efe7bc3a23041ba896bd1a7be15238803fab478c10f498859",
                "2e5c9228e46a53dc95d90863b718e6c6a2fde572dac7c26d23a888cdbc4ea89e",
                "cc820bf942d514045a89163bd84bb08f81350481b30f9b1312c40d3031f2c0de",
                "2e940a489107e85b1a688e9ac4ffeff1c927f926e66a5684bfb24eba2a21a982",
                "c80805371b259a5f554b6620a5bf5d86bbcec50dbe81b71148ba06e0cba031b4",
                "b36833ae14937d003e2dee0a2007aa776696d21ca156da58a10fba6d4b9919c8",
                "f1b86e03a6a901dcd828383fd82a8d2986894b802060ecc7b4dc02b626ede54b",
                "ca70d36c9016e3d2fa393ae4f0737b7ae174e2a156c79f200986ba7b09b9c2ab",
                "45f1b8c7368ad9da05c3b717ef370104d96fffcb957cd5552370135bf2e0e6e2",
                "4ce1373a65c0df479e82418b647a3b661b63925f854addbd7419c64a5e60bb08",
                "d80eaf847c9887d34220d8fce5e7326ba94fede554669a5a19abaeb3a4f8f74f",
                "4a5928da8440d4c431f666b9b9e5dfae51c2a1e669a6fd47ffc25f370f2d0336",
                "caeceef1c941d66a86510b41f1838567c6d18028e3649dd934821829f8c90e06",
                "32e268bc6c678d4b01c470cea13c9a71b1e7b7142bfbfdad43a6e0acf004e2b3",
                "38f21182aa2b9ce4dfda5f482ebdd06175367153fb45910b3923c9cbe9d4a54e",
                "35533a6ca6e4ed938a4cad9eab11532657e866d26bb17fe5464ccc9f475cafac",
                "a7b63968c0ae1421ab1e0bca6bc2970860c2d964b5e9d062799a6ddfa065300a",
                "9f133e7548948f15b1cfbcc02172b1514f033cebf265a9482e1c3d23390397d5",
                "85bad5a7990277b2615b7fd893f46bc448a74824a3281b5cf2efa208eb83345f",
                "f1e4126bbe8f2b9aeae3d79ee9768dee496f13b1df48c30ed66ebefc6a2b1507",
                "2f76e7779a2bf757419855f972d3ea1cb1fa64087b393be8c62b3a782cfc1e3b",
                "c2f9e3885f551c6b56f01682156d1ff69ebae29036367f3544543c1399d602aa",
                "ae55ea7661dbfcbede32323ef5657830ac61e003a6832be31480f50032678e72",
                "c855404f8a43d321c32346ef0a14f81050ea8cecb8d6fcc7201cd6e651ff3529",
                "1551e16a080d6ffefd2a99d7b0e416506e7a10a6cfae31c41cf26b9d6c3fac65",
                "e267c62ff31a396645994a42dc8a47a48073d38237364a6a0bf93a1ffe556db1",
                "a7aa44e70b48737ee0ca7bf5b4c2287f58e468e38a05cb365325d668f788635f",
                "323630cafd81d933a1167430ab24e003efd55516ae918d8d199b1019a906c4b0",
                "35f193518d128841eee6fa64fd1cadc011675c3033cbc46bd3e9c6899136ef60",
                "b68509f6ae7a01b161c2c6ed8fd1fc595c52c6394857cae69d4da94deaf89014",
                "7f4a7a13c29901256bfadb28350a7d398658e88d17854893ade20e1648a5c615",
                "16db6e96a77a63a89d9a5353e7dbdf367c1c89099f78589173745580552751e8",
                "1b72da1c015e330e39a9d9cdb97de084047269bf6180feac4f949c2e661e0a18",
                "7f70b6f3594452b6738d78d530cc599a34f1520813bc4a7e680cc7282bbb7ea0",
                "2046e22dd3571eff6c3306e967ccfc0a6eaacbd3aebd2968237c458e95363fb4",
                "c4b1ab677509e54086fc0058d456d9febf55ea3a3bf11a189bc1e42eeee41414",
                "d427ce614af18f7f47898852db2a168afa42c3f6ff06358a4316869c8fdb4d2d",
                "48f897bbdfbdabe8866f4a9703f9642201df30c78d585f3736d903cc1a08b88c",
                "a8eed2471447acb99e7697744e000114a06b7bcab91f9b1e9703e920b6e5089d",
                "8a69a48cc5dcddbcc5b3bed609115381bb10d161dfafd5dc4c5ff137ef74e4ba",
                "7f46da350f71048da6d807165e68031d8bd018a9c47a7e4078bf3e8ed6adce87",
                "a40fde14b63e850df84b5b97a8fb85aff9a85773fe8d898ceff8741c3f247810",
                "ad2a71d959fe6050469bea2b2cb684013274b03e4ca8bdfdc5a3aebdbc6b0a9f",
                "4a88e07d0442ed6b58314d81379fa5ef28c951846befb7651d2299131f720e2e",
                "be57f879e9a96d5337aa70ec236b6fa587524e04483c1063088f731fe028d47f",
                "21ad0277a3c30bd3c29579320fffcb029e4b2ef5f1feb1f08955b805689d36e9",
                "7fad2ef9f380f8d200aafba237bd1d0ece5daea103f2fcd0431c05bdd5faac4f",
                "24bbd933c882693d7b506b6057e71e19c28985b021567a58eaa7b042eff12031",
                "5c7800cc96323488b3817fb37ece085550ff8ba681f31347b26af457ae3c3cba",
                "20606805aab41c984d01080f9b2bd3abb400065cf76ae984ac870941883669ca",
                "93283d8d8d6829cdd158f358f957182b2e154e8e258a62243494be761ec0f531",
                "bbf62302e4c505c1986631722e956538da98a2ac759f441e9eea28599aea2f2a",
                "0e003f0d16a6c0d83b232a0af84dbb520c823ab9e06644eccbcf6526a9529b3b",
                "fca0a2a69c75d90495f0c3269ce04e0ee7942c76df4ae7f4671f5222d2c397c3",
                "ed9b01a21b05997de933ab8567d7a812b3cc249e8890c0a9f49e618512f1ad5d",
                "ce512cab971f2e487a6e0ca4a5e21ef527ab5cf98f39bad6f409eb318908b50e",
                "7411ca81cc01e53d7cb9e26d41deca1233f5d427bcbdf80bf81e2f4c37ab4469",
                "f5e59269f374e801c99f84e5a770feffb3ff122dc265da2910d89993790988fa",
                "5d9a67a96578fc2970a7db94f9b7ebbf00fcf1939b93673b85eb93558110f239",
                "c58c6e8be5601a1f87c1402c0757b86ac0f2966332727365b6380ec4298dbd6e",
                "4ce5275ad7edfab87960b1cc29de55d0df2e50d8fe931bd0c7af2d7e1d937610",
                "a0fa74327709ff9ffd785b67bf351dda6c103258416d006ebdfc97983a101bbb",
                "0400dc0895a40281cffa13d62dec58dc55499a7046f538bef559203fb78bc8a9",
                "3107a51d046b110a3b6f5c272f5885edcfd1a9c86ab200f8f3be3ceca89a49c3",
                "d3bd4435569bfc25cf04ad6a9062a839b032e252eb6a6430ff4e0216e82f15c6",
                "50f43f762f1a19ee14684f3f9e7f1eaee42b99962cb7da7554db63958ef98f54",
                "1131a9696c6b6aa3c385b16adc50a35a39b364252145b3fb3b1643b52916bda8",
                "75b1d60f16a1a37692eac61846607c4ed45006030fc93925f0bf3d7e59620f2d",
                "33481486249c44b967b521118a9ef04e024e877b78b19336108c508d805d4bc2",
                "11f687d3f1ee841bf1077618787e491095b5b670509246f3f73ec198de5e5fc3",
                "2a1c2e1cf567921b59ab902ebbdccc8d9855db2277d46c661a6e53355c58be9d",
                "f84c78eb1f346ff30a1910605a6c7d68147450657065de617c747cc2f84b3bee",
                "012e74c6bd4ca1caf2e127b2d51c69f102c63ed48eb1d52e646c05252927e1d8",
                "a2f61d7569930673e6f06f4ca0fb67d05ace4ba9bb930859e80ce7379f17462a",
                "e180d0c02bb76223eadbf495cac7d3a969b0f6d45fce8d43ded5b4768b008af7",
                "082e7622258c7bb9a96591d15fe2a466b6ee86f856aa9e0770a7f7ef4d65fb9a",
