{
    "domain": "44.212.189.233",
    "owner": {},
    "source": [
        "DuckDuckGo-US"
    ],
    "prevalence": 0.000819,
    "sites": 121,
    "subdomains": [],
    "cnames": [],
    "fingerprinting": 0,
    "resources": [
        {
            "rule": "44\\.212\\.189\\.233\\/is",
            "cookies": 0,
            "fingerprinting": 0,
            "subdomains": [],
            "apis": {},
            "sites": 112,
            "prevalence": 0.000759,
            "cnames": [],
            "responseHashes": [
                "58e8964b57873574a11839c549dd865299519019197e7ea355f043fd60a25a68",
                "ab50655dc4ecfa68451d70b9129c328d6bee2b45802474b608ed2db4ca446e08",
                "9460ebf81449ff3dba0cc3e65852090a3ea74a20d6340c1f109b639112d50b8b",
                "7c8af2c08e5ed89902aeefcae1efcf78574b8988b6bdf6f38b1030f103a77419",
                "991921c4ebcb0781b46e508690525fe9b54eb28f25f0da9cfa7f6c9f544792d0",
                "adc4736a7aed03162be72cb6e1933360ca19660da9be4c3ce7181af982f83f45",
                "7a7a3f377792dd486b691cc0ccdd8520a10253b4ba38b1d5a546238c58d3e3f1",
                "0113ea6a9f84c47c7e8b5b4c838cc40d553eb9334051dd99861aea91ccd6ac54",
                "f4cacde426d5bab4a1c099a8d8acf9c77801a6138963bd155fadf3a3859b55e0",
                "9f98bca42939de1bea752e1d0e9854b8cf65d90322f552f86d26c5263587878c",
                "640990dd36bac26c0fa0d5adae953254b1fca93d6f149cb987c8320768fcfcb1",
                "c77d23808ef493a383541570cd38c962b74597a591cbce9e287d82e4a03b4959",
                "6023a64fcf3ea1672e810cb9a7247b6ad507ba42795e472033441750ebea3b94",
                "8f4aef46114f51a27e10a7369de347e1d79d240d6ad519ac1d8fe7ab5e6f1d85",
                "54de1c333aa6222d02865c88b2651e8743b29245343693ce0cb957f85ff7c744",
                "554297290721bf75c10347e91f0c6addd87b4c1b02e6f1db34f08cda860bd3b5",
                "88b7b2d2601ec9f25151ff84b8f1e0e2b6c51e6e0b01fb45d64b6346fd871a3e",
                "5e865dfe3b927ec89692a3a1b23c0d46687650094b70f862b62b0dd012d64692",
                "e1da84dd307676e12bbb7a2a2f2a268fe495f443d2e4605b511ac29a672e2f9a",
                "e81692e4a6873d83d42c4fbaa36663f79ddeac6a00f93681c6fe951214079450",
                "731200b9401bd9b7a06fc6d9b02f3f2e24644010ac94bdfd070e44db5fbc48cf",
                "a08bcebbcb4bf8eefde36c999cbfec5903e42b1bda6d46b375b7d34e66189199",
                "e74fb3f702666c1964109c3417befa4777fcdfdee86fa0f947bb3c4124c18ddf",
                "d3a8a3c72d6c12d6cf1ffbccbb1ccd9f65c3e9966f7e7226e18cec398f45e372",
                "e10260ce8dcbc5ee1c91a1b053ec48a5082db4627b42c9b234a193d5e0eb798a",
                "8226b3ef049600dcc58cb35f3de4d48491e484aada258c7241bc9cd7872ef8ce",
                "081b0d5d39fc8d06a768f186f7789526c4a1917fc0e401c564c67c075bde6a7a",
                "1efe9b52a2cc2f63e1a6274715087da3c41038e3377074deaabf12ae876dcd01",
                "d3c5a2a12803bf4a5dfd01be365e6dc54491643fa859683e4952a17d28f29a68",
                "8eaefb2d20033bb11535f607a5b8c46065fd5f2b58a7feb5386e6eb214010b8d",
                "440a2359f4ac35807b22d4a7fa69fad6ae3f41027e2a2246515e40f6022770e9",
                "4eff9780371e70b36ad2d8bec0d258276e9cccfef94422e6e212b6a06393f95a",
                "ae8984dfd9aa7111c0332fdd4083e422f2e7b09f524b4e3227bc805ddc9137e5",
                "2e5e4d1fab0b0539b5db36480a7f773890618ebe229e2fb2245f13059c54efe9",
                "cbc1997a814bf6ebf32172b057903a6260937bf60458a13ea7d283bd003250fe",
                "6e394d756d823c9f69e76f766c5d09b3a1d28fdcd6cc8bd62b9c30c88e2e9901",
                "2a43094b98b9f31f3be162c5db7b9a4b4add01ae16b35ec5b13dff2229466a21",
                "1bfd1a12e09e5d012b54880f457d375c5322095df24b1dd9c664e743ba01341c",
                "5c3ada1a43759612a04a15573195c821bc4f4c788aaaec2e85f92d35497ce03f",
                "01cd6fab56cb44e70a42cfa45d108253de8956aadd5b0d58cc109eaa16397c46",
                "2f64b83c08b5eaa3fe0496733c517cd1fc927db3442fc9965b0e6988fab2f22f",
                "0f4ad4874c28e5d0f5156aade5314de50160f3a87e4d0ba76551f2fad047e118",
                "cd5fd5bb22bd7dca88c1d9f250550ed27bc74c52699baaa1f586f810510d7e20",
                "b0ec58c86c0b9dba3579406279101df530a64becc91499f4cb7604b4e5f1ade3",
                "a44dc26ce5e21631451774e6bf7a4e952a3fc244964ac53c14fe0cf39f71d564",
                "9f33505fe13d5a8198e0a85eb848772c069b4b500eabd4ee22ad969b05922baa",
                "fe82e3c65b052140c9078f2150498d8896ea26ad8cea32fe0ad3de8ce1391465",
                "ae1f706948091cf55618f52d906545fa2e8e94369793a0f62397164257041283",
                "65b479b7e78ae1875836cefc966ae43ecef8278a9a6994ae975956aff3e1bd9e",
                "387487bf0233b32239ae8a91f43bca3320e1441cddae0eae223989f240f2952e",
                "ccdda7b76e8fcb9d5acbe3e25a7b4e420ed6eca59dc55a3505a395a38a2e639d",
                "6ed8f5394fec3c195fcd5dc85ba1bc553bb65d2ca5aaa97bbfa5fe873ae8003d",
                "f7a226a88ea90b996a3a8a49c37d99a7e1aa7d6e079246b73058a71a9bf7fc1d",
                "d2cc9ba87f01cd8af07b6d418966d434b3f3ec619b2532cd3e977a861378cdd5",
                "2c2a8fa0d04f9b9ecbc28fc5f1dfad41694ad8ba3324928a36123e8d02421ae1",
                "3b79d7ce19d3684ced304362c1d769feecf035f02a0547594818b6bbd413f013",
                "03c8dcd1c4b4c4af3da527b87a330bc6a8d5569d99fe172e7fee2fd1fe348241",
                "cc324572ffc6f78d42a13676abf4a8748552daedb81700262fe08bb41cd6445b",
                "204a5710993cca7432db42aa55a640aa69c7441b0e99d05811da2107d1ef625c",
                "7ba66833463bb655dd95f9ad3260796fa25660c1ff08336084bd49aa4e87197e",
                "d9d88f7bc006edab11a1ecba83fdc013de422567fe36995a74b35b0f0df34bfd",
                "1de1bdc3a7186ff9183f2b5c8dee640b7780b9a8d1315ee1fe47d15fce2c2114",
                "6ad9823db52bd8245b887821634f4595e9910c2e4d98b601823f914fdcba16ba",
                "20ade3214b94a008eb6b064cc1ef95467371b76c8cc04ba388105e3510a091c8",
                "190ff339c1717b7ee56570635274631bdf2023ba2a4de5ddaf5fba73859d1422",
                "af92f845d42223b688e76871304d448a16b6a5b4c52a914a2729a153ed6e96e4",
                "f3b6879c906dc11d16089cb418eff8832bf4f2a03d103d49eba07d8d034c2ab2",
                "4e9b7fc1deaf0963e804d9b2df79f34ae0af3fe0cd4166edb36b109ae837c295",
                "b11b0c92d381b745916628bc726e96a5025bb2cdbe3813630641de2e438b8358",
                "c7030e3b181a9520ec020d319a914cc95a17b7d5ef5e6b7f6d1384e77fe6578d",
                "37cbbfdbe8398af86fffc3506fc2ae8594c0c5271327baed2bababac91e21ce6",
                "92b403d34f997bdc50189fe005b1c71a03c07577964df26e833af5876f6fd36e",
                "90d2c827c78a392d997dc50b8006bddac8dee34dda2031bb868e96fafbebd388",
                "73defbfeab1cdcacbdcb5dab3df91c28df1c07b01fcfda9ba253b7ce654a22ba",
                "5b4ebcaf0bf7a8d8749804876a9011fb289815e627f8dacb37da5e232bccef01",
                "f63963ef2ff1a9acaad504635115b47e10e8805690fc3875b97dcc216de64531",
                "5dc4ba45389f7d498d0e6da9af7760488fca5dbd769713dca5928317d6a45efb",
                "40d4d4b7ef0813e832ff2b720ba00248f321c16022ee49a5c1c1ef98b9bc81cc",
                "577318a32b66b14698c739ea656a1f8dead676adb38a3cbd2ddfbebd76030e15",
                "edb1e1ef5e36568e18d2fda51bb9ff1973782e6b13a9c6e2e2ebc11fab2a28fa",
                "dec2036382adf4563f855e655abc7e14635aad746616a0132d13fbfc49f7e0eb",
                "078e431a9cc7915b39adef0e94218310f689c8356d26f0c654f7003f094429d9",
                "aa11513e2f897aba1db70d78f49ecbf713d2fa62767c70c2e8647673d28b6936",
                "4a437a349e6653ea481fecb840a8a57e034318179d98569f869a4cdcbf386394",
                "786ec5ee8eddc09d55829ee49fbd0c3965c105b3e0a448d8888ba46ef694c0a4",
                "73d00f1be693b3015fd0c812bc8f431434bc7b936b276cbc156613fe2e0e755b",
                "b87463911e31e6eddff2f5e51935ca0f23da37f176425df8208443e199c8cd21",
                "11f66fa7e64cdac8075a2e9e0775be928c9274e9b59f5a296ce66fed9e794ef8",
                "bd4700edc91307864ab854e1ba984cfb2bee55c666bb77d251ec9c9c48af1456",
