{
    "domain": "52.22.50.55",
    "owner": {},
    "source": [
        "DuckDuckGo-US"
    ],
    "prevalence": 0.000746,
    "sites": 90,
    "subdomains": [],
    "cnames": [],
    "fingerprinting": 0,
    "resources": [
        {
            "rule": "52\\.22\\.50\\.55\\/is",
            "cookies": 0,
            "fingerprinting": 0,
            "subdomains": [],
            "apis": {},
            "sites": 82,
            "prevalence": 0.00068,
            "cnames": [],
            "responseHashes": [
                "d6e7ca39ff478910f6aef0fc43e6e91abbd17d1d12ea0b2a30ae1704b7a87dd5",
                "b563e877e2568b45f006bbd19eb0c115b7d1dc0d315a972335f2b4ed5464a4fc",
                "49572383ca3e574c561ea915a01f7330890be43fe1b526cf393f70aa3e581df6",
                "5f8007462ab5a408644d043dc83b5d2756de4ddee04ca2449f4f059b63d5ddde",
                "30fafe1d93a3eeab83d3ff757587c50056f33334674708217dca81c9ed7d31ee",
                "7ea8e9e1ef0e55564db00dfc151e7eb36edfa94424129b59448ff240a0610bac",
                "d0574219a37753f7afa873d26ffda0b713882277c6238888941f097d4c8ebbdf",
                "58723707dae594ebcff09f7b8dbd791be169f39e083ecb905a187db08f22a96a",
                "0effc1c2cfb2d2d48047602c3e5ed4d4719e82edc87bcc1a89f8411039208afd",
                "cff99df73e78c834ca07d38691300a69a10a45c1758a854a2a1ae6f745fe144c",
                "00c240d61d726e5ca43efba80991b37e2b9c214fadba97e0cb1be0fdebe0bcd9",
                "e9b45de0446c66d16ab172a8168954d946b042058cf80b524b03097c66859d0f",
                "accdf3e9e580b48f79b1dc83dd0c0da4d7ee550c18fdfa5e92e19460726fee5f",
                "ffc4f4bf8e62359a9d07e2d527c130fd29d77d26673007989ecba40094ff8667",
                "c4911e7ab42048a14a2a189840aca8e0467c5db6cfada477056464971eec1adb",
                "69cea093d1378317ba33fb3e13728de81908271681871ab049c4ff2778905834",
                "7316edaa505a958477ffed18398db9a22cde90c0d2843f09153b136a94410186",
                "eecd2c743afdf52d465dff96603c919430de0be7a2e79c8714c8534f5f5aa3f2",
                "aa1bc9ef8e38e3f2da76bf1a76256e08efa3182c754c8f74b588dacf37f7f135",
                "825a0daeda08bde4ec08096f3168d12d3964b5ec809e78cf1488b1a492d3e56e",
                "7fd1987f39a2b947b5c81ac3c1073a1820e1c2ee0488db734910b895b356ec31",
                "6abf568a81350d3d78995cd051fc92b3355dc80b91e832a015e0f0422e786845",
                "d71a6f1dc2d66db47e09547028864b17b62934c321485fd3a5cf0683f9219930",
                "eb2a1db6e143ec170ff8aef5a9b4df9d2c4a033faaabc86570795016a50e98a2",
                "6e76f37ee470809e2738adb4527d7053216df794930ed022e98b1f3dc6046e1f",
                "ad586522d4567b4768ab8f3793f9022f8a6d119328ac70b4040c14b7c71a596c",
                "629e5e93a9fa54400f6518f3162eeee48c70ed30982a7d532d08f8c7c048c442",
                "04b52a5a16a6b3e4e6c777cb067abb814c57e60673c1965e0dae2deca3cbcfe0",
                "e3de2484dee6d722435acfb92a08f93436237389a1f45595e8b273fcd20357b4",
                "5eb2a2aceef0e01dbef6860d86e46dc73ba98ad415c5ae3c89e81b2290030301",
                "a4971b7f13262cb33d8cf001f5137be2316c3260006717f9a1649a80def43a31",
                "def5ad7b0a637b7277a442b7ff0535c390950a59c7eea03d28a642e343667d29",
                "1eba3b37f3d8c13946407b3e0ef6dc7400d5d8e1764544421517ded07e0d5b9d",
                "977d63ed16dc7dddc23fd903a31de77bf3ce6b5d7d01c5eb34e351651b4065e2",
                "373987c34da0c3922b1144d8d7ff3bd37bbf6c33b641fac776faae6cfbca49c8",
                "1a961f45b19297bc0aa0920496475832779c329e4216aa71b500b0e753d071ed",
                "798e53464b06c48f1932f9d43c830d28781ed8a7d71e932948fbdbb8309c9316",
                "3fee196b5d6a7c981e7601cf2b67525b541c216d4b6016134c9589bf27f18296",
                "b32e22024fc2497fb26fa4478c676bbf52e62304ee82dd079f175c50931213f7",
                "5f6456f9f2199110359441442653d9efe67d021589b96aa915a3f09bab5d3628",
                "b448e8af683a7ef13de65899c8337c3fa29af8f9ce8fe81535e5e05ce39387af",
                "909c448967be39a435e377758c34c5f620049f8f81de9c84c868d22602432954",
                "62f91d80b270473a91bf6703cb7849521fed93adb2437fc3d4971c69e28a47d1",
                "853cd7f054e1ec1026cbf4f0a928e48f534af5ab0ab5d81b64c32781d08e79f6",
                "f5ac0c5a85916fae128d6838dccf4deb64fa3d8d8bc6611bd74b8ec5293c60b0",
                "d2c0ca38b6eee146dc9e6301bb82b00081133cb8ce6f17e7d606f75b726adf64",
                "f441ea61231c4d7e4c3e076ef29daeeb749b27ccad23c2c21fa44a46e1a72804",
                "80a0cc35ecd35036a607a4828444627bc6037e199480d10f2ac113e692b123ab",
                "c84da9e88a15c9168d0218b04457f6ca3caf392a13ff17cbfd712cd3d41ff7bf",
                "a9a5c7622470ad6c331e8bdbb60c30890b8b2b9c33c91bdd27302ee1e256e86e",
                "8ca5a4592e241d6b3d6e7ba6ca08b824ea56d9eac4f2ed320656dae7e79cf6a8",
                "586f699b2b641f2e1ff6e2ae3a0f8bb277d156073c7745b2efe1aebcd8ca2756",
                "0baeee0b9636e576ea81f64a526989a5244a92a907a0806b93b4ffe0da8a63e4",
                "96068f9120a73bd1c887789ad62492b641d02c77e56182f668d2afbd77e4906d",
                "56560cd74c0c4a28f7169a835fb0977332a4868c4ac6655eb5a880c4ad8fde07",
                "42681b1f20633f34cf8de29177a19313cd30506a7b9000ca5a448e623cfe6b01",
                "ddb2c1cc23f1b80a6a63f393c682ca31934bb32c69679ae351c3153348113028",
                "1e28157d697b2848341e0702c9f382309ae8e53a4bc52965204fc2f1fb5e4383",
                "e66b5471be4aed3d0414e1e91914607372014ff6ca766066881e48f867f76aa2",
                "e98340845f0e6850b195ba982be9327195e73c35f517b395699799ef5db131f2",
                "c0f13c8e3b1ad7f116bc3ab9b4df557c34be50106c06ab7f4bb9dbd6de8a5523",
                "adcd0afe2d23c59b286aa482061b16972411b0ed7f82616d4d30e3621d7c2d64",
                "a3063030083ee1e1e8da5af9a601ad299b33d61a5ecb19d450133fb5f3f5b6b2",
                "820a1e07d05a9e608b959466f95127b5c69a608d9ece4922a8ef06e5d4fe6f60",
                "806c01fb2a977a3cfe4a432ad1d0a4f8d6c5b86f32521ab8dded634747e2abff"
            ],
            "type": "Fetch",
            "firstPartyCookies": {},
            "firstPartyCookiesSent": {},
            "exampleSites": [
                "decked.com",
                "tello.com",
                "www.smartpakequine.com",
                "www.fanduel.com",
                "www.surlatable.com",
                "www.haggar.com",
                "www.orientaltrading.com",
                "www.nu.edu",
                "theayurvedaexperience.com",
                "mudwtr.com",
                "gabbwireless.com",
                "www.theproscloset.com",
                "www.guess.com",
                "www.gocollette.com",
                "theorg.com",
                "www.thrifty.com",
                "www.grandinroad.com",
                "www.travelwisconsin.com",
                "www.mrosupply.com",
                "milkbarstore.com"
            ]
        }
    ],
    "categories": [],
    "performance": {},
    "cookies": 0,
    "types": {
        "Fetch": 82
    },
    "nameservers": []
}