{
    "domain": "52.22.50.55",
    "owner": {},
    "source": [
        "DuckDuckGo-US"
    ],
    "prevalence": 0.00181,
    "sites": 18,
    "subdomains": [],
    "cnames": [],
    "fingerprinting": 0,
    "resources": [
        {
            "rule": "52\\.22\\.50\\.55\\/is",
            "cookies": 0,
            "fingerprinting": 0,
            "subdomains": [],
            "apis": {},
            "sites": 18,
            "prevalence": 0.00181,
            "cnames": [],
            "responseHashes": [
                "cf48ad586bff8a4961c4d0907f579f47ff3f4aa31f391211053df5b23d18277f",
                "f54bd8b685f66dfd72f13c8957b9b74fa7d7aa66e78a532f24116cf91aa89723",
                "fd6155c26bea7b3fe678ecd5af5eb4e434c6a7180bb9df06f43e986c6748563e",
                "6b26c3ec89fce9090a7e0a3dec042832aaf04a7d3a022c54746ebe6a77ff569d",
                "93ba1f985adf5769bf9393582cf1d9a1117a9441fbe7a5838ebd548252750339",
                "6fe43ecbfa35d9472e7c7e0066f6dad090c5742d12ca6e7126964b7af82d151c",
                "a0b69a4427206c6c8ff85e26d5007169edc6159cdfe7f7bc04c945cf6c9eb874",
                "d9c8e629d304566573c419d10bf479ef4d44cb4a558f75ffe519a308e681d91c",
                "39bf9c5a71e7137464d8420464b1eff385d36ec2026c6b76cf006eaa1d940347",
                "0b3228ac238be4858c9cd69c069aee2b119d2af33ed7de343ecbcbfb539b85b2",
                "5cd30ad51327bf2170ff37ab95e82346502206ac2cce1127c58eddb87dcdbf80",
                "7ef6d2201f3dec7db5389b87e40284ede914b4cb57422475ccedb5f2d18fc882",
                "1538be3b93d0202a2b720e35b7a33ff57427a20e146f2f09422599d7102bf235",
                "0c6411edd26275df864f6fa3faf9f7a9e44364dbe3048a1f2c0fd47345b1b439"
            ],
            "type": "Fetch",
            "firstPartyCookies": {},
            "firstPartyCookiesSent": {},
            "exampleSites": [
                "mckesson.com",
                "rv.campingworld.com",
                "seikousa.com",
                "www.adt.com",
                "www.americantrucks.com",
                "www.ariat.com",
                "www.britbox.com",
                "www.campingworld.com",
                "www.daytonabeach.com",
                "www.denniskirk.com",
                "www.hertz.com",
                "www.kachava.com",
                "www.landsend.com",
                "www.portillos.com",
                "www.proflowers.com",
                "www.stilt.com",
                "www.tcl.com",
                "www.trafalgar.com"
            ]
        }
    ],
    "categories": [],
    "performance": {},
    "cookies": 0,
    "types": {
        "Fetch": 18
    },
    "nameservers": []
}