{
    "domain": "52.71.121.170",
    "owner": {},
    "source": [
        "DuckDuckGo-US"
    ],
    "prevalence": 0.000945,
    "sites": 114,
    "subdomains": [],
    "cnames": [],
    "fingerprinting": 0,
    "resources": [
        {
            "rule": "52\\.71\\.121\\.170\\/is",
            "cookies": 0,
            "fingerprinting": 0,
            "subdomains": [],
            "apis": {},
            "sites": 102,
            "prevalence": 0.000846,
            "cnames": [],
            "responseHashes": [
                "c0fa2c2e07e66d3b56c1f1a507d50c4fb4cd318873561ff9091928e9c25da292",
                "c1d333727340bf4cfcc492548753d59761d69cf3c015f5fb55edd6ce8d35beb9",
                "7a844e386f4ab647bb715575cff15992440c7afc3c209e173249f0f5c8c70b99",
                "eac0e3a82265cdd1958d06fc5c6b1516da38f86af2cdda749807a316fb3fddcc",
                "7435ac417747fd9eb930f1afc347027655e7f07831c793b088165e5f7170c085",
                "6696554d5a5a2e31fe773f44ccc06f088d20335310d4c4bb42609f418ce1e26e",
                "1ec3d865695b4e2122d209002dd6ac7fe374c4a45caf96b39a555e2ec020aae4",
                "cd45d39d6e3196d61829eda7b9228d451cc9207515356c9e94072ecc5036cc5f",
                "e10fc2ee59c5e9a901378ac5dac6c3254daa9a4ae4e8b531402368d87770d881",
                "c3f921123977e4886cd27d8a9f4463ba7a9d51ff1a5f78b850334fc04deb9caa",
                "5d987b481c54db3ea2849130e58ccebba327120c7e84a61038e53dfd02872475",
                "865cf3777b8e0791ee2dd15a7447d927df3ac77960f5c18c6f359b7602809277",
                "d08793e7273910aef881ed476bf31d5d75614ceb9754cfec277a4413b56f51da",
                "a8e53a752c3547da5647db1d2192e6e2b53e19b4b5d07bf5439fb3f416cfa80c",
                "1f8f2891e084184765fe3c3ef2d3b37f773fdc12811a754540ac2b43562a0107",
                "9a5fb45998eb6803ba5c7b65351dc9cade6d9c67fd5d853a831335cc6c2b0d18",
                "e792032476cc34705caa7ef6cdfb97310a7ea5233e4e82b66e64bbf88ddece01",
                "8b52d608cf0bf9356453d32368974d492e82cfd5cddc09a7fa06e25ad98bd1b4",
                "cd1383d43bfa3c0af0b39aefec5040d2f5ecb34ffba6ef82fba1aea908fcff7a",
                "7a456a8fcba22511eeeb9c188d7ba5e8eb284fecfe33c3da803dbbfeebfa01e9",
                "9988bd0a359d134e32fd254d52d5a5122d7cdfa3201c72d121a7e2528f9e3379",
                "8022cd3538655c25a8bdf4c162b58997957c2cc72f1949597c8ddc5189e83345",
                "b816b35bf94cf9b36468087c540f1ee52a3a6fdc745dab8c1f1f8683a6b465db",
                "76daa880de52a9b0b22cc625bec0f303d3aaf9034b66249de308fe4594a48b9f",
                "a5c4bd4abb57ae35fcfbd1006763d1bf918dff313c0c74843f61d46f1deadb0c",
                "23ce095374bd085e99fb762adccf04304f6fa1290db3fbad3a2bb61a6cc828bb",
                "029d070acad6b4eb9ada9a9c7dd267cb7d36f3907623a44202c39aa79909932a",
                "a78b202284a2f7c55484c578531864dd1b6706eab84c7e85aebb868de54861ea",
                "843e1ae0bc38fd81b50a84b0321bb6fa1dedce5793d08485dc9c224c13d145a8",
                "e97eb24a0859557e10c09b15aab6a0cd3885a75aa708b3e8111c13476d5818f9",
                "c1a3ee7a116ffe44dcabe213e9a95d869dc6e32eee9fdee67281c2a610b89beb",
                "d244e2d97ab9810197cc8bbd5a0cae23bbff9a7489dd14312620e0653cdf301e",
                "3830e17cd3778fb1431859432b4e576b02f6b11731705dfb391a0e1c66b03f24",
                "ba544eddb54090fccf2eee0a3647caa26df9c991a5f32177e034091891c6f99b",
                "ec064773bc0b6f3c2c29f799f08d84a059368f7e395c88133d442f8fbff39dde",
                "b3454b24e0e87570f8f0ed2d49c55b01b67063d9eabe7e0737642262ad384c3b",
                "f263dd7596a0aba64e0b8801864f1d8c71c0baa454bca987012cbb65f7b0510f",
                "389e213870c83f534729be1b4bfc04b66c7691a57de87eca3be7b2a83989bee7",
                "40b4c523b46c84721e628f367791ee6349e8ebbf018760445915e80a1e04cfd0",
                "19e054bcee832ff90e7379d883292b6a02c52782cd5b5582d7dbbc43406424e0",
                "2d437bbed5dc91121ec90cf4dfacb7469307f6621dbdd0895e72ff9002db6557",
                "aea29efd55144e516c4353664beb7dcb25d66b8f315df8c549ec3423655cf2e2",
                "83cc1ba26ca85b29fac968382ed79e17533f0c33eb2f2b8ed5504b7a8f503dc9",
                "1620cd187d3e5888ba510c9188a0feeb4379efeef6d2800756fb36daa80523ae",
                "485858fa8a981dacc13242cf507d9ed80ae4b3c456a85ff7c62a92869582b34e",
                "acd2a0008583bf9e3cce6da70cd9ea2db4adb96e53831d1675dc74a1b171e92d",
                "f51eaa58d83999ca9fbfdf1734a008d8348c021349d3ac59c5a60055104a2a2d",
                "61d78fe6b19608de9db893b8b09aad3a0dd11d80e312289366d1ae9ba3500b9a",
                "0040b5b5c4a74b0d9d98439dc30414c51fd44ccd221c9824842b7d10dfa0618b",
                "82b9807cf77ebbaa3cc2f8b80f52b8a70c1635048aacddddf330df19a98d1375",
                "5f05af04c48d5f653a52b4587957b0fa9efab320e14dd523713d27fd978a5297",
                "8f24d7396157adf51290601e928c81b9d1356977c16d23cd6de23f8b07bf4342",
                "573d8b6e4290a93c4847bfd6f86893638835880f1dbf425e8195c9925578df74",
                "4d4b6bcb80429313f3484eb89cdd6b684fad511095898190a9cf164d943d07ef",
                "220151ed0e1275053e3af3378c98a8b3e0a7b89f23d9ee2ab568bdb2dc145918",
                "e02be79d00b1d0f2e14fcc86c251087893d11325ac758fc0e2e81fd25801d18e",
                "c1fc3af364c10770f35c0da5f9c31c903e6ed1259a89b9984a6f183cf558996d",
                "b0b605ea2832c16ca00335472df93705e27d1695961edd1febd73c1d04cc0fc3",
                "d47d3cd8a0789a7a3c5f66a909c349beaa857396c610021a0140edf80be30d62",
                "4fd841c6d92d9faa51bc9d00de7de7f246f78991fb3e2a5087d677056d9cd726",
                "90957ff32166e2b69736f70ecdfd7b4ea69eb841590197c8d958af3a046e3ccb",
                "978944d8417316fd384a76287439387101396879736244b132c2172e842c9aeb",
                "e372563fa56b4d7c2bf119f3bcbbe7e3c801367f503992f6862b1a44a1552a58",
                "55b8dcb01b072528da61bbfeab368906270a6bc1cf2550dcf09bf25d9a1ab273",
                "bddf822301e26cfe8223766b67bb231169d602bf4cdabfacbeee00e0589373a0",
                "9d028349e3ce97efdc437f15adb9df497d21d1f3c2d1d05c54501129350530c8",
                "6afec74e9de556ac3ad7c798ddbd3b9d971951c60e03ae9d3d20f2e4bc7c2345",
                "f550224216053179a7ffa8e64c80ce6fa983331d62f91ac1cc83d2a6b3cda6cf",
                "560c0a23dadd044aea342245d3da8b7b659acdaa378c4b1efb95a302cf1bbb73",
                "855e3c23478101ddbda98026acf705def41d8a3064bb5ab810bc2bb059dcf637",
                "376842bed3535fa2336c233c92d13a6926b93d72a9b6153632fda91b4a68831e",
                "66d7067dd2f051fab115f7d9b1d77817d089503997b238359457ff44e13dc61f",
                "70ddf5a6487e22486e4b02d698b63c7d6f40e77e9c27ca313c3f4c208317ce48",
                "3b1bf92f6a9dd91735e96373b2e2b1054c3ae20c416cb7a42c80d9953b990b7a",
                "a8f1e4bf75ef7c5abf429f9bc138a4c60f3b962aa9520a6cd3ece25ebb3fc4c1",
                "3ae55d6e3a0c67e6c17db2a3f0d904853dd0e4259d9f7ec05b4b5ee346385be7",
                "d00402e7b2d1efe624a3740176c4d2beaa5d64bffb65fdb11850b7658f2ee4ba",
                "c022e7a2afd84737dc2c0a61933576d9b00d3b440822c3ba6e25d6ee3c6a9b84",
                "aa2e694dc74a367d9fbc0fe24ace4a19a931934a6473c534a37e45e6079d5998",
                "70570faab971c88d02abeb4c2a4c76acbdbdff4bbda5d9730dd482952aedd50d",
                "a3d42f1c34ff3f02ffdadf49af0f900831055060d0635d1e6148346c0fe77fd0",
                "a4e9355010bbebb253339fdb67a42b53c6078489d6ae4ff399b9a93477560656",
                "cee59c9cdf2991f4bd5adc26d5778e19304aaaaeebeea3d3bd4010d76d8ff799",
                "a62bbce489937dcf12f88e40a19a3570f68b4ca5e4fd3d2a04949ad7c4c1194d",
                "f52bfa78f7f0404143dd356fa51b51b95fd841c463fb97ec69fe08e6edbdb49c",
                "c4cd667afef2126021e211e60d84623d556f62165783ad83b57e4a98bdbb86bb",
                "9f704ac9a1389817e2c596d4951b07392e6cd0e30673fdadcdbf77fccd7abeed"
            ],
            "type": "Fetch",
            "firstPartyCookies": {},
            "firstPartyCookiesSent": {},