{
    "domain": "52.71.121.170",
    "owner": {},
    "source": [
        "DuckDuckGo-US"
    ],
    "prevalence": 0.00171,
    "sites": 17,
    "subdomains": [],
    "cnames": [],
    "fingerprinting": 0,
    "resources": [
        {
            "rule": "52\\.71\\.121\\.170\\/is",
            "cookies": 0,
            "fingerprinting": 0,
            "subdomains": [],
            "apis": {},
            "sites": 17,
            "prevalence": 0.00171,
            "cnames": [],
            "responseHashes": [
                "ee0d7f94acc7caf9ba0ee1f07347605cdf41154729dd5314d9681702034e02b4",
                "06476433844ca33d9d02ed25340f3ae399e0f7e551f5b5c040a8012084b5e7fe",
                "4548965b331991e60dd1d3b1c1c70a227c4308648325fb5a654b387bc13f1072",
                "47a2e3b370bd5da686aefec8d15da7f2464da63db348f230f36cc4fe03d4486b",
                "33c089d06e5284a89f99af925f632dcc8222f916eace82de33b16e95ce3d0efa",
                "1fa7ccff27bdde5c536a56937bac07b87b477ee610ac9569d2e5b66931c51dee",
                "91d7d88916e469c11eb61410cffc5d2a7cf876d76d45c327c31b87c264361501",
                "8713c8f9ac31931af6f76e48a0873a7748e4786ac83865b6873907dc6b4fefe5",
                "4b1cfb6a58cba695a9a08e96b5632fbcf09e5adc658388090be5e88171edf571",
                "9dfc15460ce3a1122994b50df3e6a1c2e63037b4a10bd9939e23affdc81f45f6",
                "d1c761b73f490bb0e996bd77895cfa3289dbe769cdf0de458373bd23fbdb4493",
                "8b54368b843cf6449ca4e36e252de8048389d8ca2b4f4c6d9d4f9e89c0e6953a"
            ],
            "type": "Fetch",
            "firstPartyCookies": {},
            "firstPartyCookiesSent": {},
            "exampleSites": [
                "food52.com",
                "rv.campingworld.com",
                "stores.advanceautoparts.com",
                "www.americanmuscle.com",
                "www.ariat.com",
                "www.britbox.com",
                "www.denniskirk.com",
                "www.evite.com",
                "www.frontgate.com",
                "www.goodsam.com",
                "www.investors.com",
                "www.jtv.com",
                "www.land.com",
                "www.medicareadvantage.com",
                "www.mintmobile.com",
                "www.peoplefinders.com",
                "www.tirerack.com"
            ]
        }
    ],
    "categories": [],
    "performance": {},
    "cookies": 0,
    "types": {
        "Fetch": 17
    },
    "nameservers": []
}