{
    "domain": "53kf.com",
    "owner": {},
    "source": [
        "DuckDuckGo-US"
    ],
    "prevalence": 0.0000135,
    "sites": 2,
    "subdomains": [
        "accwww2",
        "www2"
    ],
    "cnames": [],
    "fingerprinting": 1,
    "resources": [
        {
            "rule": "53kf\\.com\\/sendacc\\.jsp",
            "cookies": 0,
            "fingerprinting": 0,
            "subdomains": [
                "accwww2"
            ],
            "apis": {},
            "sites": 2,
            "prevalence": 0.0000135,
            "cnames": [],
            "responseHashes": [
                "70c7cda673633bdfe6dc8c288d7bfa3152b2bb05b030bd2d13661b5ab8dedd15"
            ],
            "type": "Script",
            "firstPartyCookies": {},
            "firstPartyCookiesSent": {
                "53gid2": 0.000013544721283497789,
                "53gid0": 0.000013544721283497789,
                "53gid1": 0.000013544721283497789,
                "53kf_72351991_from_host": 0.000013544721283497789,
                "guest_id": 0.000013544721283497789
            },
            "exampleSites": [
                "clevguard.com",
                "www.imyfone.com"
            ]
        },
        {
            "rule": "53kf\\.com\\/kf_new\\.php",
            "cookies": 0.0000135,
            "fingerprinting": 1,
            "subdomains": [
                "www2"
            ],
            "apis": {
                "Document.cookie setter": 2
            },
            "sites": 2,
            "prevalence": 0.0000135,
            "cnames": [],
            "responseHashes": [
                "c7f7bcddabcc41ff5f7ab3f0ba575dd8fd423dd4edb5683dccf538bcb61959aa"
            ],
            "type": "Script",
            "firstPartyCookies": {
                "onliner_zdfq72351991": {
                    "ttl": null,
                    "length": 1,
                    "prevalence": 0.000013544721283497789,
                    "uniqueness": 0.5
                }
            },
            "firstPartyCookiesSent": {
                "53gid2": 0.000013544721283497789,
                "53gid0": 0.000013544721283497789,
                "53gid1": 0.000013544721283497789,
                "53kf_72351991_from_host": 0.000013544721283497789,
                "uuid_53kf_72351991": 0.000013544721283497789,
                "guest_id": 0.000013544721283497789
            },
            "exampleSites": [
                "clevguard.com",
                "www.imyfone.com"
            ]
        },
        {
            "rule": "53kf\\.com\\/kf_ivt_new\\.php",
            "cookies": 0.0000135,
            "fingerprinting": 1,
            "subdomains": [
                "www2"
            ],
            "apis": {
                "Document.cookie setter": 2
            },
            "sites": 2,
            "prevalence": 0.0000135,
            "cnames": [],
            "responseHashes": [
                "0bb0cc1fc6ad05c97100fb27081925aa33c3e384f2c7bd77fabe97c87c0bfb42"
            ],
            "type": "Script",
            "firstPartyCookies": {},
            "firstPartyCookiesSent": {
                "53gid2": 0.000013544721283497789,
                "53gid0": 0.000013544721283497789,
                "53gid1": 0.000013544721283497789,
                "53kf_72351991_from_host": 0.000013544721283497789,
                "uuid_53kf_72351991": 0.000013544721283497789,
                "guest_id": 0.000013544721283497789
            },
            "exampleSites": [
                "clevguard.com",
                "www.imyfone.com"
            ]
        },
        {
            "rule": "53kf\\.com\\/minkh\\/js\\/jquery-1\\.4\\.2\\.flp\\.js",
            "cookies": 0,
            "fingerprinting": 0,
            "subdomains": [
                "www2"
            ],
            "apis": {},
            "sites": 2,
            "prevalence": 0.0000135,
            "cnames": [],
            "responseHashes": [
                "ab7c6819c298fb73eb4c97eb4febccb234faaf83494280d64db41d9dfcdd9778"
            ],
            "type": "Script",
            "firstPartyCookies": {},
            "firstPartyCookiesSent": {},
            "exampleSites": [
                "clevguard.com",
                "www.imyfone.com"
            ]
        }
    ],
    "categories": [],
    "performance": {},
    "cookies": 0.0000135,
    "topInitiators": [
        {
            "domain": "first party",
            "prevalence": 1
        }
    ],
    "types": {
        "Script": 8
    },
    "nameservers": [
        "vip3.alidns.com",
        "vip4.alidns.com"
    ]
}