{
    "domain": "54.156.2.105",
    "owner": {},
    "source": [
        "DuckDuckGo-US"
    ],
    "prevalence": 0.000739,
    "sites": 109,
    "subdomains": [],
    "cnames": [],
    "fingerprinting": 0,
    "resources": [
        {
            "rule": "54\\.156\\.2\\.105\\/is",
            "cookies": 0,
            "fingerprinting": 0,
            "subdomains": [],
            "apis": {},
            "sites": 104,
            "prevalence": 0.000705,
            "cnames": [],
            "responseHashes": [
                "1c922db45b4261ec85ed249e4de21ade2cabf2c13cf68ae84a92fb2403fbd79c",
                "536cbce40a71fc2de4deef3c527904edfc8825be123c671ff5a7aebd195a0db0",
                "5391198fa8460268e1de72bac804a10b04ca9c130bf99e1141dc0a05a99d80d4",
                "550e5dc7479c52eca6bef50f88da76d6b154ec179ffae57a7fec4f317dc85c51",
                "b4175846f3e8694ceb10e1b017c367252a1fb0e41096e1a4323dbd9bfad5c00c",
                "8925f9b4b36859db7d4393712599e04f8ba612ba1fcbe90b65cca5508b70a5ef",
                "4c4688d3fcc7514b8ac6aca51d15c8f2e54c38e769eb136dcf42f7c4e20f1975",
                "deae1a59dafccfdb9df4530e566996f6cb4c41804e5237c0fcfc3514bcd2d3a9",
                "542e29cfef70fa4d659a60e49b853e88ec0aa077058921802d98d407f7d185c5",
                "0de12adab864760b2e33696ba9fbd6db223574ef9709ef9632fe2647e36bb777",
                "7321aa5d5c955792c7265cd78a25a67919d5a1bc7b987db6e3eb69159c594a3c",
                "a996806fae222bc049e506dc03a1d530149b8b4b5a72f611c664b9f4b86125b9",
                "9c587eb1a6f6c1949a75332b60afcd0d2dbf30f14e1ba3a4c674e8c739964ce1",
                "4de417cdc44a22f3413674c23cf8b5a8c4c47a8dffe6731516f52dcb7fe4795d",
                "554620d5085705c1190c72235bfa577d1a5e90cbff6a3195fd3e011dfed4c76c",
                "8cbc7e0f0b15d77dbf87fe23d479232ded2122e74dfb8e1a7441b69fcbd1c517",
                "253a8d297c5444c6e19cf369af32bb13ffef7e407e95a7e4bec59ffc72f2a9a3",
                "3719679f3a69d70239724b7828ba035aba6923fa1412105579b8a22ed46b3e59",
                "b53115ae240b422e63a35d04d10267ca11f0c6cf27f03f63becee3e73ef6bb14",
                "19233b42539e7abd532158c23a392ada343dd1446aee303aa5fbe1551d4f2c32",
                "3dcd80952b4b8229f3c459b0d9d9382d53f3db69e3178a595ea98d43967fbc0e",
                "7a8b8ecbfc995f7cd081622a137d3e304fbe42164988554d156b5000c3f419c6",
                "938b7e927710e515f21b809739a972ab7582ae71486f8d91754a7da8fe635120",
                "65ef4ff88f1b207b023409384e6785c8cf0c3195197bf02c13e8d928dbd7b280",
                "1e49e5865aea3c77486ea9c7cbbd924f206964c129c1c16cbba94314f4c6d0ab",
                "729b41ef315a0b2d235933f68df4dba4e9527538dde0eea8f23e3e8604e9af56",
                "68a312db59cd22ad5d9c2b8380bf1531fb804d99686c4db8c1d95469fcbfd51f",
                "70744a70e7e2b77a1b33edcbc698aeffee0fe7e3259058f9c2f9ec9560967601",
                "79ab3272e6b43501eb44a3acdeddf7f9d58ef23177b16c0a5b2ceef09cd5fd38",
                "f3bd046c8be6742e2be2c0f51b02687244005bdd437cc2e3dfcffa08e14c266b",
                "d45447097b1bf39f4c7b7226da211bf17d1571167e4efc35edea5279bff83c55",
                "9cb7fd92f20ba6eb6d84dab4797677f2a1c2cb34274b202634c30cf143d45993",
                "fb9d99c4170fb5b7c8a0c58ded7e1a96fd655524a9d7e64a0250ec8331117143",
                "88815e64c6864f53139f8d67b121698f380db9619d3b9a12fece8324e0ef7306",
                "0f709e998b832d22f51271db287520f0d2b82130de367ee236860ce451a3d2b1",
                "e8fd2a776f8218b1a912d0a6ebb46a35bfe60e27a6d97d32067d1afbfde40be6",
                "0610592ffa1de929bc6cd6a7ffa4addb1728958f35f71e2091faf4fc702ec9df",
                "cabdf6c7ea78223cd3dbed8bd3620c3cd5573896e127cb18202e4b7babc615a0",
                "48b5c6f7b0efee0b5f62d218f25dab2512fa26fe1d3d58ea3e4da61f415949d6",
                "342293cb6fedabe35862a3a0e8f567ea59ff7df9d451772237a9932aa6e0e25a",
                "fd038699a64ab808088e7ca1e7094034267635b0c97883629e28bd8c66faed29",
                "2dc8d367cf26febbe0fe33673c25b78ff616e27cd037ca665b6144d8d6a5f6d1",
                "a59f27bda1f6657626a943075673bd0aaf86980bcb237612542d26cd47bda012",
                "ad3381a5a4acfd30d159bbc05a669a1c55ac23d0c99748e3665b6d59b7158a7e",
                "da6723577e4834269985466ea604d93fccd9f5b7affe041712fd34923ea9088d",
                "3f45e33e751040d8ee9e0fa3494985934ccbd421d88fc89f7b0b6e33bce60546",
                "72ae7fc74ff3c2035f45b4d9d89bbe1642a2f496a315a449c8dcd159cd8e6ef9",
                "ad4d857eb1dbb3c2cf4140136030ee66230fd8350aa255c936f43cfc18eb5274",
                "726d69d63e24bce46ebc611f5528b7933205eaf2fddc9670f63e867f01c812fe",
                "fffd952b6e2896861ad0e74031523ec9feada40c2972bd54f4bd347cdeb53468",
                "ddd51043a63b43448011e85081c283501a59bbc580388a2ef5102ae66c57f719",
                "e3087db280f242c14d2a330c98ea2453986eaaa0dce17a1cd207eef54ee1d3f7",
                "ffb3c932eb51ae001135282e2db35a74fb6d79bd2e82c0d8b3a00e02747c2491",
                "b3c43787348876d308ff321f9413f15e1489bbf827933020f6468080799b15f1",
                "908a560ce0a18500b8a1b2f0ac0ffcaf32fa400b122207eefa79a206ce54ba3d",
                "00bf7c8bc756a0ecf000c67d9432d2bb6cb482bff7212c000a7ef6a097b8f3fe",
                "3643b6a3acf10e95ae0759dead25493df7056e2d07ad6317b279cb402ad05e25",
                "96d8d4c92286b8635e087719492f6221599539579f038cfc9f9a83f1d17deffc",
                "386ae77cb916bbe3d13a9d0f39e2de75db0b982720fb2f07e2fe5a7922094123",
                "35cd82a8e467bad029a333e37cac85c17824526663062753e1238d43f0392a8e",
                "65569e9a3cab55c7a10f3f71775222494fe138a07fdf8b5a78b2147f8aa9a27e",
                "05e50cde9021392595fc55d326ed4e82b782d8d2223bacfb7f08d4060252b618",
                "f8e764431a0de521795af4319712481054f7acd829dbe41c70e6efdbe3075090",
                "1b130b9fc3dda41ec5e3cf8cc43eb01f05020a550ce2aa24a75ccb670985f582",
                "64e50bc3af268321169d9d42157789b97da0ab5ea4f35148194a409144522f0b",
                "8b5b18c6cd1d99241764bc6e43ae37dafcd1587acc54d1db6fbb95957d0f45b2",
                "3f20a31bc94fb786278c75d791b159611caac424d31958e5f6a57c06296e68c9",
                "a43a7c4851258eeacfcdfc65c082082e600d735f3a73fbf955dbd3eb4187758d",
                "e199e710c356486db201506a8a6c9fed2bef58a1d0ac47d9d6fca99557f6d733",
                "87e032fb74569dceefcbb159670f7fef3d1c5198691d357fc5b0907bfa117f09",
                "5e207171ff0c8d88df5cc9dd78d5b23dc0f0733e4886c8c9f1ef53b521833204",
                "38359594c70c723017d1d52b1c48dd30d1d5b8c867927d483d838827ec1a6455",
                "d8fd0946710b7a4dbc8fb03aaafcb92a1a73d80de94428224cf9da449d019130",
                "07743c5633c14b19a7976907fcb7b5b594331bcef6034cbfd200a92b478cea51",
                "2a0097159c9bc38321e22a57afad04b830fe638f910ee194f99d6a418320491e",
                "741312a01a1d8e9d2372e36f7f92125753f382ca396069c91f859bacd8a4b664",
                "59270e95034c3026278babe00af2702681d2386a8ba73082091a3a425c54aeef",
                "717b661650fc54e2f80bf516cc6cea207e2470d645c1913daa4302be62e6c2c0",
                "8bf729cf1638f77a8e67f27a7cddb00db5e15c730271cd6e49489beef04a22b3",
                "586f94e8d0e034abccd3cc44a70bd0d514693736546a5673223cd78456eb5d94",
                "1e05c345f4d5e0b71a638e16a4d25f367769f501d7c9444fdd896eebbc14e424",
                "424bf945f5eb1781cf5f7dcebf57f9a061e5ade6e36f0a7f2645664dc46e61cd",
                "f23077a7325437e430cd465bfbfba3efb8a72b5707dc48b31edf7d551702c1a7"
            ],
            "type": "Fetch",
            "firstPartyCookies": {},
            "firstPartyCookiesSent": {},