{
    "domain": "54.156.2.105",
    "owner": {},
    "source": [
        "DuckDuckGo-US"
    ],
    "prevalence": 0.00121,
    "sites": 12,
    "subdomains": [],
    "cnames": [],
    "fingerprinting": 0,
    "resources": [
        {
            "rule": "54\\.156\\.2\\.105\\/is",
            "cookies": 0,
            "fingerprinting": 0,
            "subdomains": [],
            "apis": {},
            "sites": 12,
            "prevalence": 0.00121,
            "cnames": [],
            "responseHashes": [
                "dd3dbfeb42f363a14fbf16367813f3015d60811c53ae7102196b57f9648ef8f3",
                "8340185ae7ea5c77197fb5b73bf74710da04a6ab2b424d355eb8ed1b9e5cf4f6",
                "77560388c35f30c040b608414d4573cd83e1450a81dc0701187ca2b0fbe7b4d9",
                "372e4aa988337fb212c01151eb92067403ce19bdb3c1696905f8ebbe4bb085ec",
                "3c1f88444799090a4d9896167483408a86007443f885f3ee06651a95a04086e9",
                "e731e648439ab55fcf035972041caf42411157ef37e1af7f687e8c7936e02154",
                "4ed9dc16f2b4bb291275096ef7615c83e07a37eac76910a8c7b95e05302bc484",
                "8c60d382660999024529e84be3cddb9ffff106cd878060d7d54845906183af3f",
                "9844556d0ff2b03d8314cf48ad5f210fff5d979c8d474ce681797c8efdd5126a",
                "3f4cac53ecbcb9971f1e01920477a480d14e2d625974ee7a7b95e46a8d5a0d17"
            ],
            "type": "Fetch",
            "firstPartyCookies": {},
            "firstPartyCookiesSent": {},
            "exampleSites": [
                "seikousa.com",
                "www.adt.com",
                "www.beefitswhatsfordinner.com",
                "www.ferrari.com",
                "www.firstwatch.com",
                "www.focusonthefamily.com",
                "www.garnethill.com",
                "www.peta.org",
                "www.petsmart.com",
                "www.surlatable.com",
                "www.theproscloset.com",
                "www.visitarizona.com"
            ]
        }
    ],
    "categories": [],
    "performance": {},
    "cookies": 0,
    "types": {
        "Fetch": 12
    },
    "nameservers": []
}