{
    "domain": "8600794de3.com",
    "owner": {},
    "source": [
        "DuckDuckGo-US"
    ],
    "prevalence": 0.000136,
    "sites": 20,
    "subdomains": [
        "b063cf1e75"
    ],
    "cnames": [],
    "fingerprinting": 0,
    "resources": [
        {
            "rule": "8600794de3\\.com\\/get\\/",
            "cookies": 0,
            "fingerprinting": 0,
            "subdomains": [
                "b063cf1e75"
            ],
            "apis": {},
            "sites": 13,
            "prevalence": 0.0000882,
            "cnames": [],
            "responseHashes": [
                "e86eb07f66c34dd83ca297803098b8f8c9f2c461220a666c9655017a4d519f94",
                "9519798cf1bd820893edf9bb71ce7054f010152e37c96f6755da158e43156dd9",
                "10ed3f3b42d8cbb09265906dec174e4822ebd31e004a7021765b47291616ac69",
                "24c65e8f930a3a4ee4808f097516601fdd5cde5e5e9b72b569325eafae25362f",
                "b577706cdf2d99f6ce714f3b74cddd20beb9d5454a7233a4519f0cce2be5c67f",
                "45b7baeeeccde5728444d22b045ba2a5fb223512e78ff45382b64218eb556cf7",
                "6c35d3b42d5d29b8c2afb4136318b96590406eb137241647b4f253d9d2faefdc",
                "3ed45f9b731587b699203ca4949ea058f0d906aa785fe28bc379c02062ac36e4",
                "a31b687053ec566449be40c1a5123f69b75837c29b2a7befeca4b7909b0e61ab",
                "fa7ca9e1cf498955e26585fb5d5ae1961a448815130385cae4034094e21c5a57",
                "8bce97773fa7e957361ac575645327627beb57051be730b06ef8a1bd2ae03d8f"
            ],
            "type": "Fetch",
            "firstPartyCookies": {},
            "firstPartyCookiesSent": {},
            "exampleSites": [
                "anime-tube.space",
                "hdzog.com",
                "javrave.club",
                "tinyurl.com",
                "tubepornclassic.com",
                "txxx.com",
                "upornia.com",
                "vjav.com",
                "www.anime-tube.pw",
                "www.anime-tube.space",
                "www.pornhits.com"
            ]
        }
    ],
    "categories": [],
    "performance": {},
    "cookies": 0,
    "topInitiators": [
        {
            "domain": "first party",
            "prevalence": 0.55
        },
        {
            "domain": "598bbc60ff.com",
            "prevalence": 0.45
        }
    ],
    "types": {
        "Fetch": 13
    },
    "nameservers": [
        "dns2.infrapu.sh",
        "dns1.infrapu.sh"
    ]
}