{
    "domain": "8proof.com",
    "owner": {},
    "source": [
        "DuckDuckGo-US"
    ],
    "prevalence": 0.00019,
    "sites": 28,
    "subdomains": [
        "cdn"
    ],
    "cnames": [],
    "fingerprinting": 0,
    "resources": [
        {
            "rule": "8proof\\.com\\/app\\/rtbmarkup\\/5111",
            "cookies": 0,
            "fingerprinting": 0,
            "subdomains": [],
            "apis": {},
            "sites": 18,
            "prevalence": 0.000122,
            "cnames": [],
            "responseHashes": [
                "4cecc2d6c422e19fe2d3e68cc451a58331ffae911cbb083253eaa6e520ef5ed5",
                "68d3393ff6f10745136b1fc16505c85fc07bcdb4db7a0f176792fda1370d965d",
                "d2923b80eab788279f31cc252897fe2d15e8a89adcb1db2c3da3957bb9e2481b",
                "89fd9208857b9c7990bad05163d9557bcba187eae3be78521e91e396803342f5",
                "f0f4512671b382e2a3dbe0fd59a893627ab4eb2f3a04e6b517f52954f461160e",
                "39529d14f696b3f418c7c12ff4ca934744d3ae69a053a3b2a309701067e43aa7",
                "534e5289615abaabc04ba2686470b86b1296e99c268103b6b1cec8e12e96e8bb",
                "c9db237d2713726be04d4c5828630b6016b2bd92bd9aef2b86d00a1c139f417f",
                "c98040a9540f11f7341ecc8ef8c055dd1721f63c9a45c625c6f4d59b07af4a74",
                "d11a8ae6bc608665b50172ae68faa32e6fc65d20aa362257506a9aa844a8fd4a",
                "693a3d1c8bb03e9453dfb8e9dcb3f93d8e3d809cd77d967b1406943375b41de9",
                "cb5dd7c4a99f9ca1d15a5e5e660d94f313cf149e431a69502beac1194d1dd57a",
                "a1a01ae09acf10024ce20e9b4adf76e347593a35d8e73110e5978041e5b30391",
                "31a2401b8db39171c8dd2eff002d32df37fab4432d38927e028af85050c9110c",
                "657d42cdd442a5612faa305923971c03e28f7b79fd58aa7bdb46dc8b6cbb0182"
            ],
            "type": "Document",
            "firstPartyCookies": {},
            "firstPartyCookiesSent": {},
            "exampleSites": [
                "blitsy.com",
                "fontsgeek.com",
                "librarygenesis.net",
                "popcorncarnival.com",
                "returnofrock.com",
                "theblacksphere.net",
                "wordhurdle.co",
                "www.123cards.com",
                "www.brightestgames.com",
                "www.communityheritagemaps.com",
                "www.diytomake.com",
                "www.eclipseaviation.com",
                "www.june29.com",
                "www.killbillsbrowser.com",
                "www.knowyourmobile.com",
                "www.lasvegasadvisor.com",
                "www.systranbox.com",
                "www.windowslatest.com"
            ]
        },
        {
            "rule": "8proof\\.com\\/ads\\/assets\\/fonts\\/montserrat-v25-latin-800\\.woff2",
            "cookies": 0,
            "fingerprinting": 0,
            "subdomains": [
                "cdn"
            ],
            "apis": {},
            "sites": 18,
            "prevalence": 0.000122,
            "cnames": [],
            "responseHashes": [],
            "type": "Font",
            "firstPartyCookies": {},
            "firstPartyCookiesSent": {},
            "exampleSites": [
                "blitsy.com",
                "fontsgeek.com",
                "librarygenesis.net",
                "popcorncarnival.com",
                "returnofrock.com",
                "theblacksphere.net",
                "wordhurdle.co",
                "www.123cards.com",
                "www.brightestgames.com",
                "www.communityheritagemaps.com",
                "www.diytomake.com",
                "www.eclipseaviation.com",
                "www.june29.com",
                "www.killbillsbrowser.com",
                "www.knowyourmobile.com",
                "www.lasvegasadvisor.com",
                "www.systranbox.com",
                "www.windowslatest.com"
            ]
        },
        {
            "rule": "8proof\\.com\\/ads\\/assets\\/fonts\\/montserrat-v25-latin-600\\.woff2",
            "cookies": 0,
            "fingerprinting": 0,
            "subdomains": [
                "cdn"
            ],
            "apis": {},
            "sites": 18,
            "prevalence": 0.000122,
            "cnames": [],
            "responseHashes": [],
            "type": "Font",
            "firstPartyCookies": {},
            "firstPartyCookiesSent": {},
            "exampleSites": [
                "blitsy.com",
                "fontsgeek.com",
                "librarygenesis.net",
                "popcorncarnival.com",
                "returnofrock.com",
                "theblacksphere.net",
                "wordhurdle.co",
                "www.123cards.com",
                "www.brightestgames.com",
                "www.communityheritagemaps.com",
                "www.diytomake.com",
                "www.eclipseaviation.com",
                "www.june29.com",
                "www.killbillsbrowser.com",
                "www.knowyourmobile.com",
                "www.lasvegasadvisor.com",
                "www.systranbox.com",
                "www.windowslatest.com"
            ]
        },
        {
            "rule": "8proof\\.com\\/app\\/win",
            "cookies": 0,
            "fingerprinting": 0,
            "subdomains": [],
            "apis": {},
            "sites": 18,
            "prevalence": 0.000122,
            "cnames": [],
            "responseHashes": [],
            "type": "Fetch",
            "firstPartyCookies": {},
            "firstPartyCookiesSent": {},
            "exampleSites": [
                "blitsy.com",
                "fontsgeek.com",
                "librarygenesis.net",
                "popcorncarnival.com",
                "returnofrock.com",
                "theblacksphere.net",
                "wordhurdle.co",
                "www.123cards.com",
                "www.brightestgames.com",
                "www.communityheritagemaps.com",
                "www.diytomake.com",
                "www.eclipseaviation.com",
                "www.june29.com",
                "www.killbillsbrowser.com",
                "www.knowyourmobile.com",
                "www.lasvegasadvisor.com",
                "www.systranbox.com",
                "www.windowslatest.com"
            ]
        }
    ],
    "categories": [],
    "performance": {},
    "cookies": 0,
    "topInitiators": [
        {
            "domain": "googlesyndication.com",
            "prevalence": 0.9811320754716981
        },
        {
            "domain": "doubleclick.net",
            "prevalence": 0.018867924528301886
        }
    ],
    "types": {
        "Document": 18,
        "Font": 36,
        "Fetch": 18
    },
    "nameservers": [
        "ns2.dnsmadeeasy.com",
        "ns4.dnsmadeeasy.com",
        "ns3.dnsmadeeasy.com",
        "ns0.dnsmadeeasy.com",
        "ns1.dnsmadeeasy.com"
    ]
}