{
    "domain": "8proof.com",
    "owner": {},
    "source": [
        "DuckDuckGo-US"
    ],
    "prevalence": 0.00023,
    "sites": 34,
    "subdomains": [
        "cdn"
    ],
    "cnames": [],
    "fingerprinting": 0,
    "resources": [
        {
            "rule": "8proof\\.com\\/app\\/rtbmarkup\\/5111",
            "cookies": 0,
            "fingerprinting": 0,
            "subdomains": [],
            "apis": {},
            "sites": 23,
            "prevalence": 0.000156,
            "cnames": [],
            "responseHashes": [
                "f738c72ddf3473ea98d12864f6ce7ce2ce24727dc2359c05db30cf7a48cab11a",
                "a819b990e3c7f3f46b6cf027f522ce53f6df05b9c231bf5650165d8bdfbfb103",
                "0095067233bf3bc050477c1bf4886d13ba85308340f380cfa019743cb902de30",
                "c0ce8755842e5b77ba360bf6a54016ac27a2eba10542e94b133f32db8f6e937d",
                "c00f32f9591f7f258f5064b66f67a3a6a52f51a9a524758a7d7073a508fa4c24",
                "d519f4cc9273bccaae15109be4dbfee436644c0cc312cd422da5d7298687ff0e",
                "5178d0dd450d2d7610cd59a9f69e91b590b7767eb956828471e3d6c1925a16dd",
                "8515d5b443e5b2845f0d5243190b98510656cb21a09f18b96e7868ffae0584d9",
                "c7e9e72d5535c11d0864d41bd63b7b12bcb9efc3aaf0c276ff4bce3d20c914ba",
                "493c20b10afa40f18c9fb9951bc06bccbec446121911001209cf331433158966",
                "ef1029c5c6b2f5cb109065d34aec8ca5242aaeb3adb08a428ffe4cf5f29cfe14",
                "fbdd6ed502ea935218db88673ccf057112224a8144ed3a9b5f840099d4f62d03",
                "4e7361f9efb6fff857a943f5146bea8ee62260e60eeb70685b2c66ddf46b5d52",
                "d517279fe91ceba9dc2f148d066df87fcea22f64e6e3f7276872aeca93741bf5",
                "197c14431cdd7a6e7b152a920795cc024d32527e6ef06e26843af46fa6684ca2",
                "41f8a5fcd97f4c438ea29117d0aaf3b2ba92dac4f091d3b2bf17457f055f6c20",
                "270d6a7addeac074f55ee62aa8bc2dc5c1aa2bd7d282e3319141ca3e5dd57c5d",
                "c511080cd45d87565dca1f38df390994c6b144e7dbb54598ecf27d7fc269d957",
                "53494c3a7c53e429fe47d8bee8533ebeb79281b36dd6ee52cd66f237b6b83151"
            ],
            "type": "Document",
            "firstPartyCookies": {},
            "firstPartyCookiesSent": {},
            "exampleSites": [
                "www.satelliteguys.us",
                "fontsgeek.com",
                "emulatorgames.online",
                "www.diycraftsy.com",
                "returnofrock.com",
                "www.brightestgames.com",
                "www.lasvegasadvisor.com",
                "wordhurdle.co",
                "www.cotswold-homes.com",
                "heictojpg.com",
                "www.windows-commandline.com",
                "allthatsinteresting.com",
                "curatedtaste.com",
                "librarygenesis.net",
                "www.systranbox.com",
                "blitsy.com",
                "www.fuelrocks.com",
                "www.diyscraftsy.com",
                "www.eclipseaviation.com",
                "popcorncarnival.com"
            ]
        },
        {
            "rule": "8proof\\.com\\/app\\/win",
            "cookies": 0,
            "fingerprinting": 0,
            "subdomains": [],
            "apis": {},
            "sites": 20,
            "prevalence": 0.000136,
            "cnames": [],
            "responseHashes": [],
            "type": "Fetch",
            "firstPartyCookies": {},
            "firstPartyCookiesSent": {},
            "exampleSites": [
                "allthatsinteresting.com",
                "blitsy.com",
                "curatedtaste.com",
                "emulatorgames.online",
                "fontsgeek.com",
                "librarygenesis.net",
                "popcorncarnival.com",
                "precisionoutdoors.org",
                "returnofrock.com",
                "wordhurdle.co",
                "www.brightestgames.com",
                "www.cotswold-homes.com",
                "www.diycraftsy.com",
                "www.diyscraftsy.com",
                "www.excel-medical.com",
                "www.fuelrocks.com",
                "www.lasvegasadvisor.com",
                "www.satelliteguys.us",
                "www.schengenvisainfo.com",
                "www.windows-commandline.com"
            ]
        },
        {
            "rule": "8proof\\.com\\/ads\\/assets\\/fonts\\/montserrat-v25-latin-800\\.woff2",
            "cookies": 0,
            "fingerprinting": 0,
            "subdomains": [
                "cdn"
            ],
            "apis": {},
            "sites": 21,
            "prevalence": 0.000142,
            "cnames": [],
            "responseHashes": [],
            "type": "Font",
            "firstPartyCookies": {},
            "firstPartyCookiesSent": {},
            "exampleSites": [
                "www.excel-medical.com",
                "emulatorgames.online",
                "www.systranbox.com",
                "www.satelliteguys.us",
                "allthatsinteresting.com",
                "www.diycraftsy.com",
                "heictojpg.com",
                "precisionoutdoors.org",
                "wordhurdle.co",
                "www.lasvegasadvisor.com",
                "www.brightestgames.com",
                "www.fuelrocks.com",
                "returnofrock.com",
                "blitsy.com",
                "librarygenesis.net",
                "www.cotswold-homes.com",
                "curatedtaste.com",
                "www.windows-commandline.com",
                "www.eclipseaviation.com",
                "www.diyscraftsy.com"
            ]
        },
        {
            "rule": "8proof\\.com\\/ads\\/assets\\/fonts\\/montserrat-v25-latin-600\\.woff2",
            "cookies": 0,
            "fingerprinting": 0,
            "subdomains": [
                "cdn"
            ],
            "apis": {},
            "sites": 21,
            "prevalence": 0.000142,
            "cnames": [],
            "responseHashes": [],
            "type": "Font",
            "firstPartyCookies": {},
            "firstPartyCookiesSent": {},
            "exampleSites": [
                "www.satelliteguys.us",
                "returnofrock.com",
                "blitsy.com",
                "www.diycraftsy.com",
                "www.eclipseaviation.com",
                "www.fuelrocks.com",
                "www.excel-medical.com",
                "www.windows-commandline.com",
                "www.cotswold-homes.com",
                "curatedtaste.com",
                "www.diyscraftsy.com",
                "allthatsinteresting.com",
                "www.brightestgames.com",
                "heictojpg.com",
                "wordhurdle.co",
                "popcorncarnival.com",
                "www.systranbox.com",
                "emulatorgames.online",
                "precisionoutdoors.org",
                "librarygenesis.net"
            ]
        }
    ],
    "categories": [],
    "performance": {},
    "cookies": 0,
    "topInitiators": [
        {
            "domain": "googlesyndication.com",
            "prevalence": 0.9797979797979798
        },
        {
            "domain": "doubleclick.net",
            "prevalence": 0.020202020202020204
        }
    ],
    "types": {
        "Document": 23,
        "Fetch": 20,
        "Font": 42
    },
    "nameservers": [
        "ns1.dnsmadeeasy.com",
        "ns3.dnsmadeeasy.com",
        "ns2.dnsmadeeasy.com",
        "ns4.dnsmadeeasy.com",
        "ns0.dnsmadeeasy.com"
    ]
}