{
    "domain": "9072b44d3e.com",
    "owner": {},
    "source": [
        "DuckDuckGo-US"
    ],
    "prevalence": 0.00503,
    "sites": 50,
    "subdomains": [
        "196af26667"
    ],
    "cnames": [],
    "fingerprinting": 0,
    "resources": [
        {
            "rule": "9072b44d3e\\.com\\/in\\/multy",
            "cookies": 0,
            "fingerprinting": 0,
            "subdomains": [
                "196af26667"
            ],
            "apis": {},
            "sites": 50,
            "prevalence": 0.00503,
            "cnames": [],
            "responseHashes": [
                "4d7ac9e500696a44fa7928009393de7dbd66870f3cc7e1f3b48f9883c4a4f786",
                "b0f3c4ff60fa10062ce30a0f660c65e2902e016bc85f2590dc3171a4c3a3bd35",
                "f37dfbf52117c4add949edab7bd5fef7475c9da013f3759dc2e9b18fe1d8f5d7",
                "722445636d64e235165c6f8935ec655f680d838d9d8c1df12ebbe5588e7a7f1c",
                "42aee36728476adbe63625d324b629df1bc27f82f3c2aab0a32249846432b9a5",
                "748b01ec81e52de97714fdd0c4fa4dda067e824f372c22e1bd86a339974d59c7",
                "600d20e2987a0d6557edc665e1c7a6c13c9eb21d04054a42291d17496c17debe",
                "ad27cc9a2e1c3a4cafad0155382410ef3e9f40f5477f421dca703a3edc22ceee",
                "e27b11717faca91328e98eef1de2a85e2c3773eb2d571ae5613bb4b575a56bea",
                "a959b53aa31cd6253543ec1c7a23ef96be180983df5ddc4f87b15127bb7765f6",
                "8e0ab1866672894b308745555eba31ddbb9e386b9a85dc1867a7cdde199a1d96",
                "1e316c33b0be53bff4df2b915ffeee2f57293002a49a133654b4a7a9d35cc892",
                "11da7ff6f036a23659da5361011c52268d94184c92fb60de77960c5760752e44",
                "642f51431d72b5871a85c93d2dfcf6a58a46b89868ad63b37b0d0eba4ebd0552",
                "e1447ad2c74abbbfebf5e6da378bbc1f448598a5a61b1a9e09ac1138d05aaa4a",
                "9b730376873d749ccfafc84d15697d383778bc8f90cdca7d9dd7a04ea243f507",
                "a0d1702e49a04085e4e374e6eeee9548c7271637e952d2658375403a87fabafd",
                "9cd720f9541b3776c10e9b46e9c68312fd1c2681531872a197490312a151532e",
                "6df3a4745fe795c835a663c38c55f9df2ea215d1794542161731977a5aaa2138",
                "1e558cd4993b2e1737ad3e8ad33e02e30aa13615992752a359b7f876fc5b1ab9",
                "687d0e1fb8bf1268c83ff82af9e882cf64f22c4a131cc6563251de850d30ae2f",
                "f47ed7f7e83b5fdc256ba2bcbebb2bc53e4ec81f44769ae547fd0b4fb2f155a9",
                "68a89227445be98f6fab22df7f331e261566dc018803546f992e31404b5486fe",
                "62f2ace4d8e6d022480482633d3428e5cbde2b9c24edb744ce1e752b825a8d6b",
                "03f496f92cdf7e9e2973c096336568b679237d414573b8618a70c59ca1987b03",
                "eb04fc640192b9d3579202bc4cb658a794ff10594c4dba4cc58d20a0d66092a9",
                "4b53468562cd7c1fee61371cf40be2e83b34f1db0d1b0824cf4fb3b5a6d2d161",
                "d55f9cde105a228d59ef93d3dde8d9634123a9b548c6d6e5a0033ccc084cc841",
                "621d93cbb5550172f63380e8da0d9f2894e7ae2295b1fac1fc12ac9b51e72d23",
                "c356d66014589f57c0767af758d589229bb78a265d3fec5432a0e636668fc511",
                "37c98dfbb5c70f07af6bb02f0de1983cac54e45fa620be1435749326a611c94e",
                "87634345430c6b8d696fd5b4f11a0852bcc125130e2bbd3ea1fe0341f68e2858",
                "369da4644ce982542663e7573639c1420129e3213588d788295c6fe77f91fccd",
                "4bfb5dd32cf6003331e36e74cf1f18a121a2b1aa1427ef45db0440eb942ea4a4",
                "8dec01c913d667c35af67bf67c6f712d779e4b7071d31eb242e35e9b3b256def",
                "8c85dd0032aa0680cbc5619ca47ace9f987652ceba9878a0e9d14a7615b52a23",
                "85ffdcd94813a5813b34caaa964fdd0c9a93588a6eb4203d0870e36f5e638932",
                "c44e7b8f4e763990f7c7b901fc4359034e13e778f3311d0d4fc6c223bd9802a7",
                "2ee4cf41f9083846ec3335b085bb42cbfec39354c582f82c61bc882332add36c",
                "bc7bdcab41351d6c5c01215d1177f15f377a3785845ea9c5176b65d8eca5ed9c",
                "2fd678a286dd94c469cffdca01dfc30546a8b282530fa9a408b2df439ad16e0a",
                "4fa87d68738db0856c9e22010fd02165ed28d7020cea2f4d38b814d0f1b5c2e0",
                "fdc9698652e6cddb4f3eb6941d11900262095524f9347c51006cb1f511bd50a1",
                "985f5f5e983e6076ac2eceadc8ccee1c2003054a52cdb4c7e6c3c7f99246b99e",
                "40670ad17d1e1e95c1735e610b45d9b28c456a260896f1b6c7a1aae16f2f389e",
                "22ab11d46bf7d7ce034e9769004af72b532f300300d8b56b4235bf33712b1cbf",
                "c6756b00273c04b0eb81ecbe4b29c82052142c7a27409d48b3e7257c9edf27e3",
                "5acb56e94bf60de19ce8ac7c8afc2c913f11bb1dd09796cfe6ed204f58742e11",
                "5a6f09a74724c843bb3df4efe90e0ef109976cd066c632c4a518efa003cf3ad2"
            ],
            "type": "XHR",
            "firstPartyCookies": {},
            "firstPartyCookiesSent": {},
            "exampleSites": [
                "www.porntrex.com",
                "celebdeepfakes.net",
                "hentaiworld.tv",
                "www.hitprn.com",
                "thothub.to",
                "myscatporn.com",
                "www.camwhoresbay.com",
                "thothub.su",
                "sexleaks.fun",
                "bestgore.fun",
                "extremescatporn.com",
                "vintic.name",
                "javhub.net",
                "hdzog.com",
                "v.javhdo.net",
                "vjav.com",
                "fuskator.me",
                "mangaforfree.net",
                "fssquad.com",
                "chaturflix.cam"
            ]
        },
        {
            "rule": "9072b44d3e\\.com\\/in\\/multy",
            "cookies": 0,
            "fingerprinting": 0,
            "subdomains": [
                "196af26667"
            ],
            "apis": {},
            "sites": 50,
            "prevalence": 0.00503,
            "cnames": [],
            "responseHashes": [],
            "type": "Preflight",
            "firstPartyCookies": {},
            "firstPartyCookiesSent": {},
            "exampleSites": [
                "www.porntrex.com",
                "proleaked.com",
                "extremescatporn.com",
                "forced-porn.net",
                "www.xtremehard.net",
                "fuxporn.com",
                "www.hitprn.com",
                "mangaforfree.net",
                "xgore.net",
                "porn-leaks.net",
                "thothub.lol",
                "thothub.su",
                "chaturflix.cam",
                "www.pornhits.com",
                "sexleaks.fun",
                "titis.org",
                "familypornhd.com",
                "myscatporn.com",
                "hdzog.com",
                "www.pornachi.com"
            ]
        },
        {
            "rule": "9072b44d3e\\.com\\/in\\/show\\/",
            "cookies": 0,
            "fingerprinting": 0,
            "subdomains": [
                "196af26667"
            ],
            "apis": {},
            "sites": 50,
            "prevalence": 0.00503,
            "cnames": [],
            "responseHashes": [
                "e3b0c44298fc1c149afbf4c8996fb92427ae41e4649b934ca495991b7852b855"
            ],
            "type": "Image",
            "firstPartyCookies": {},
            "firstPartyCookiesSent": {
                "lotame_domain_check": 0.00010063399416322834
            },