{
    "domain": "aaaaaaadaa.com",
    "owner": {},
    "source": [
        "DuckDuckGo-US"
    ],
    "prevalence": 0.000169,
    "sites": 25,
    "subdomains": [
        "98418084c2"
    ],
    "cnames": [],
    "fingerprinting": 0,
    "resources": [
        {
            "rule": "aaaaaaadaa\\.com\\/in\\/multy",
            "cookies": 0,
            "fingerprinting": 0,
            "subdomains": [
                "98418084c2"
            ],
            "apis": {},
            "sites": 16,
            "prevalence": 0.000108,
            "cnames": [],
            "responseHashes": [
                "6b59d6ea3d8749271c037e077f7c9224a51c5a3a009f2b3b8a4adf58491ea3d0",
                "52ddfd672935af51cbf784adceaa4b87d18a7dc995e53ae786a9310e7c1be751",
                "72ef5ee5963fd77e1092afa129e2fa0d9dc96cab6ad77cf603389c2dff6e342a",
                "b24bcdfbeb3d7623bba854c4956a0b2b64b3ef9e17a471356758eba80753229b",
                "77d2c99e3cceb6afb85f231d0cbc2cb07d0fba21a397b86bc4a0b95c8c774649",
                "eb954865b32c23f7717d742786e899e4ee4c004d560e8c9f6c8b9e4cb4acd559",
                "506858165911506416e99617c8fa93b66813ef85781676851ea1e5afa81b77b5",
                "40ced949297a342989866bd5e1bb25c1be8ebaafa3f2329db47ed8a1c1d10978",
                "cd1cef9461155678443e533cc60e97bd73b546600619a2d07b0b8b0fdfcf4bb2",
                "7a7df31011f8e3c9da052e73683e373fe08378b1442f6d3c79cf2fd959aab79b",
                "3ddaa31802a1ca7e53c8d662a63ce5ad5c2257cd85a8ad68b0a1ae08ff2dbc97",
                "e52c3d0f9b86983d40b41c74513735522c5a205e89d6020490c6badd91276edf",
                "cc290a545faf7cf4a25a3a698483174f2fd08e4ae0fe60bc8219b497949f801a",
                "d5d5d1ce3f0ec5697b6e58f24427ee2be0656ce9d209c5b73f2fd6e11df5a689",
                "5c0ffb0999b82dcc94dbd564ecb6730615cc798da03dfea34fcc995d6b3c08aa"
            ],
            "type": "XHR",
            "firstPartyCookies": {},
            "firstPartyCookiesSent": {
                "lotame_domain_check": 0.000006777317673211296
            },
            "exampleSites": [
                "boombo.biz",
                "chaturflix.cam",
                "chiks.org",
                "eroticcore.xyz",
                "javporn.tv",
                "m.sss.xxx",
                "mult34.com",
                "pornotaran.com",
                "shemalez.com",
                "titis.org",
                "tubepornclassic.com",
                "txxx.com",
                "txxx.tube",
                "vintic.name",
                "www.xtremehard.net",
                "xporn.to"
            ]
        },
        {
            "rule": "aaaaaaadaa\\.com\\/in\\/show\\/",
            "cookies": 0,
            "fingerprinting": 0,
            "subdomains": [
                "98418084c2"
            ],
            "apis": {},
            "sites": 14,
            "prevalence": 0.0000949,
            "cnames": [],
            "responseHashes": [
                "602517f0f4ec8c909f60b886170cabd5e7fe6ac7a9f20ae966fe50b7e86e8ee9"
            ],
            "type": "Document",
            "firstPartyCookies": {},
            "firstPartyCookiesSent": {},
            "exampleSites": [
                "boombo.biz",
                "chaturflix.cam",
                "chiks.org",
                "eroticcore.xyz",
                "m.sss.xxx",
                "mult34.com",
                "pornotaran.com",
                "titis.org",
                "tubepornclassic.com",
                "txxx.com",
                "txxx.tube",
                "vintic.name",
                "www.xtremehard.net",
                "xporn.to"
            ]
        },
        {
            "rule": "aaaaaaadaa\\.com\\/in\\/viewtrack",
            "cookies": 0,
            "fingerprinting": 0,
            "subdomains": [
                "98418084c2"
            ],
            "apis": {},
            "sites": 7,
            "prevalence": 0.0000474,
            "cnames": [],
            "responseHashes": [
                "e3b0c44298fc1c149afbf4c8996fb92427ae41e4649b934ca495991b7852b855"
            ],
            "type": "XHR",
            "firstPartyCookies": {},
            "firstPartyCookiesSent": {
                "lotame_domain_check": 0.000006777317673211296
            },
            "exampleSites": [
                "boombo.biz",
                "chiks.org",
                "eroticcore.xyz",
                "mult34.com",
                "pornotaran.com",
                "vintic.name",
                "www.xtremehard.net"
            ]
        },
        {
            "rule": "aaaaaaadaa\\.com\\/in\\/show\\/",
            "cookies": 0,
            "fingerprinting": 0,
            "subdomains": [
                "98418084c2"
            ],
            "apis": {},
            "sites": 3,
            "prevalence": 0.0000203,
            "cnames": [],
            "responseHashes": [
                "e3b0c44298fc1c149afbf4c8996fb92427ae41e4649b934ca495991b7852b855"
            ],
            "type": "Image",
            "firstPartyCookies": {},
            "firstPartyCookiesSent": {},
            "exampleSites": [
                "javporn.tv",
                "shemalez.com",
                "txxx.com"
            ]
        }
    ],
    "categories": [],
    "performance": {},
    "cookies": 0,
    "topInitiators": [
        {
            "domain": "314d7d699d.com",
            "prevalence": 0.8038277511961722
        },
        {
            "domain": "first party",
            "prevalence": 0.19617224880382775
        }
    ],
    "types": {
        "XHR": 23,
        "Document": 14,
        "Image": 3
    },
    "nameservers": [
        "gerald.ns.cloudflare.com",
        "kimora.ns.cloudflare.com"
    ]
}