{
    "domain": "aaacompany.net",
    "owner": {},
    "source": [
        "DuckDuckGo-US"
    ],
    "prevalence": 0.000183,
    "sites": 27,
    "subdomains": [
        "srv1",
        "s-srv19",
        "s-srv25",
        "s-srv8",
        "s-srv63",
        "s-srv7",
        "srv28",
        "srv78",
        "srv45",
        "s-srv26",
        "s-srv6",
        "s-srv5",
        "s-srv50",
        "srv35"
    ],
    "cnames": [],
    "fingerprinting": 1,
    "resources": [
        {
            "rule": "aaacompany\\.net\\/om\\/mro\\/load\\.js",
            "cookies": 0,
            "fingerprinting": 0,
            "subdomains": [
                "srv1"
            ],
            "apis": {},
            "sites": 16,
            "prevalence": 0.000108,
            "cnames": [],
            "responseHashes": [
                "349b096c886cfef95b5b146e374289416389f9fde68661a78bf7efe8af19486b",
                "75ce76d54e1bf561b0dd9990bfad841976a8e704b0e929e680d10304e99668d8",
                "89010aa8670c9c4330946b3805ba30b46b7931a2724e8fafbd47c313b67b845c",
                "fe6fce50face8023ba8deac0225aa522b6433eada66d65fb753459d948370ea5",
                "96a5972074dbf8d07f5249a700564cd6df7f3dccabd63d2ae1578248924743b8",
                "4c41ac852e2fc54df261ad89627139f0c67481f6762f398ef37d65056bd9dfe8",
                "fb6ff8b3ebb5a4010c81a9e3dcbf831a3d85c3169005bfdc62d700b972b877aa",
                "4fb0280c92290f4d4b8cc2177acf5d57eec4e3493826094ebd28741ed3330285"
            ],
            "type": "Script",
            "firstPartyCookies": {},
            "firstPartyCookiesSent": {},
            "exampleSites": [
                "5ch.net",
                "egg.5ch.net",
                "greta.5ch.net",
                "krsw.5ch.net",
                "leia.5ch.net",
                "mao.5ch.net",
                "matsuri.5ch.net",
                "medaka.5ch.net",
                "nurumayu.net",
                "oreno3d.com",
                "rio2016.5ch.net",
                "syosetu.org",
                "www.elog-ch.net",
                "www.eropuru.com",
                "www.twidouga.net",
                "xvideo-jp.com"
            ]
        },
        {
            "rule": "aaacompany\\.net\\/om\\/mro\\/iframe\\.php",
            "cookies": 0,
            "fingerprinting": 1,
            "subdomains": [
                "srv1"
            ],
            "apis": {
                "Screen.prototype.height": 5,
                "Navigator.prototype.userAgent": 8,
                "Date.prototype.getTime": 10
            },
            "sites": 12,
            "prevalence": 0.0000813,
            "cnames": [],
            "responseHashes": [
                "77feaf1a41c91ae18e43cd54201c825a3dcfe68ccdd07d584c7ae91878b4bbd2",
                "272286aa385be10a2c41d0ac49502cabde223fa99f8ebe1d5fc3003e83eb44d3",
                "f217cfe47baebefc8866fc2189078c28ad1afabfb5504c3f8f919031978833a0",
                "4a7b32234447c2ab0dcc705bc7a89e657898aca906ac338a21c20b2b9ce06ac1",
                "40031b6bf34cb533725a1a3788418d6ad9b61f409e2595154c7624b96cadde90",
                "a2e3424dcc6461aa08fc70b34fd5e0395b253509073c02c01cd68c4b2ce306e4",
                "486bc13bc1c8951357d93486f9faad1504ebee59654646a0d5a9596b124da5d8",
                "b7e72159b559a68c4dda08e3545b5ec9597dc477336f1fd35aebf7f9775e09c6"
            ],
            "type": "Document",
            "firstPartyCookies": {},
            "firstPartyCookiesSent": {},
            "exampleSites": [
                "5ch.net",
                "greta.5ch.net",
                "leia.5ch.net",
                "mao.5ch.net",
                "matsuri.5ch.net",
                "nurumayu.net",
                "oreno3d.com",
                "syosetu.org",
                "www.elog-ch.net",
                "www.eropuru.com",
                "www.twidouga.net",
                "xvideo-jp.com"
            ]
        },
        {
            "rule": "aaacompany\\.net\\/om_res\\.php",
            "cookies": 0,
            "fingerprinting": 0,
            "subdomains": [
                "srv1"
            ],
            "apis": {},
            "sites": 12,
            "prevalence": 0.0000813,
            "cnames": [],
            "responseHashes": [
                "bbc8166ac2b6a1caff080697175ede0328ae00c9add2da9cbaf75a0d166b6a99",
                "4c9077c6e37499cf2e4eba33a64e1b304904a31efa804da8f1b4c3db58a0f6dc",
                "c394fa42718557aa696e3d35d096624cca80fa5c3d8f0c4af3f0a70094d42be9",
                "941c53227c11a54797f20f9de610dabd726ed66cfc3ff8e7458b0381a5dfec98",
                "5e970fcd09d8660324309532eac44228740d69cbc887c5258231d86defad77f4",
                "945b8e1bcbfbaa0ff163433421b528e5b31abb98169078642d30b02ba4634944",
                "3d28eab134534f8f51c8686248abba4441ff5ffb91d0105a31fe0150db8ceb46",
                "4d71d5e75d5ad22b3f06fabe18bc852d3ccd122ca51f7c4b84b0192a665aee01",
                "4c59f2a270ee83c6f29f50ce1588f4afe19944c9b96da41ff74fbce3b252359d",
                "9a7a01dacc6d7df87dd7c2ef85b21b2e3189ecd95acd6ad0cfbd77611645d4e7",
                "665b9094eab20236657c63006836b91f53a4d35bdcbe8f1a9a22ed2bcdac87e0"
            ],
            "type": "XHR",
            "firstPartyCookies": {},
            "firstPartyCookiesSent": {},
            "exampleSites": [
                "5ch.net",
                "jav.direct",
                "jp.xero.porn",
                "leia.5ch.net",
                "mao.5ch.net",
                "nurumayu.net",
                "oreno3d.com",
                "syosetu.org",
                "wav.tv",
                "www.twi-videos.net",
                "www.twidouga.net",
                "xvideo-jp.com"
            ]
        },
        {
            "rule": "aaacompany\\.net\\/om\\.php",
            "cookies": 0,
            "fingerprinting": 0,
            "subdomains": [
                "s-srv19",
                "s-srv25",
                "s-srv8",
                "s-srv63",
                "s-srv7",
                "srv28",
                "srv78",
                "srv45",
                "s-srv26"
            ],
            "apis": {},
            "sites": 9,
            "prevalence": 0.000061,
            "cnames": [],
            "responseHashes": [
                "e3b0c44298fc1c149afbf4c8996fb92427ae41e4649b934ca495991b7852b855"
            ],
            "type": "Image",
            "firstPartyCookies": {},
            "firstPartyCookiesSent": {},
            "exampleSites": [
                "5ch.net",
                "leia.5ch.net",
                "mao.5ch.net",
                "nurumayu.net",
                "oreno3d.com",
                "syosetu.org",
                "www.twi-videos.net",
                "www.twidouga.net",
                "xvideo-jp.com"
            ]
        },
        {
            "rule": "aaacompany\\.net\\/sd2\\/load_side_drawer\\.js",
            "cookies": 0,
            "fingerprinting": 1,
            "subdomains": [
                "srv1"
            ],
            "apis": {
                "Navigator.prototype.userAgent": 2,
                "Document.cookie getter": 2,
                "Screen.prototype.height": 2,
                "Date.prototype.getTime": 2
            },
            "sites": 2,
            "prevalence": 0.0000135,
            "cnames": [],
            "responseHashes": [],
            "type": "Script",
            "firstPartyCookies": {},
            "firstPartyCookiesSent": {},
            "exampleSites": [
                "5ch.net",
                "jump.5ch.net"
            ]
        },
        {
            "rule": "aaacompany\\.net\\/om\\/sd\\/load\\.js",
            "cookies": 0.00000677,
            "fingerprinting": 1,
            "subdomains": [
                "srv1"
            ],
            "apis": {
                "Navigator.prototype.userAgent": 1,
                "Document.cookie getter": 1,
                "Screen.prototype.height": 1,