{
    "domain": "aaafaabada.com",
    "owner": {},
    "source": [
        "DuckDuckGo-US"
    ],
    "prevalence": 0.0000948,
    "sites": 14,
    "subdomains": [
        "fd96129388"
    ],
    "cnames": [],
    "fingerprinting": 0,
    "resources": [
        {
            "rule": "aaafaabada\\.com\\/in\\/multy",
            "cookies": 0,
            "fingerprinting": 0,
            "subdomains": [
                "fd96129388"
            ],
            "apis": {},
            "sites": 9,
            "prevalence": 0.000061,
            "cnames": [],
            "responseHashes": [],
            "type": "Preflight",
            "firstPartyCookies": {},
            "firstPartyCookiesSent": {
                "lotame_domain_check": 0.0000067723606417488944
            },
            "exampleSites": [
                "chaturflix.cam",
                "eroticcore.xyz",
                "mult34.com",
                "pornotaran.com",
                "titis.org",
                "tubepornclassic.com",
                "txxx.com",
                "vintic.name",
                "www.xtremehard.net"
            ]
        },
        {
            "rule": "aaafaabada\\.com\\/in\\/multy",
            "cookies": 0,
            "fingerprinting": 0,
            "subdomains": [
                "fd96129388"
            ],
            "apis": {},
            "sites": 9,
            "prevalence": 0.000061,
            "cnames": [],
            "responseHashes": [
                "f04bd42d3e7f139c357356b753b818de3a181ef655d9c8ac611149fa610bdb66",
                "3828fbbe10a63b5e0947176724d0fc214623c3f03db0b2617cfb50145dfba72f",
                "eeca727de67b9e2a903b68653eebc30b4b142b96bfbed988c3ea819805c03516",
                "09c47684ea9513e4922a02f4b3f09472ba744427653f86f5a171e5aa946337fb",
                "27161e8a90e44216f6dab85ecc189ae1970463949103466453f9112f62697852",
                "ea67b4020f0f46fa7e252d432d97a58d2dbc5f88b99a902fda03cf4d39c289d9",
                "66809f2ee026bd1a7d2eacf7cc10ed8ee5b431b11cd16a5b92cf9f647743ac8a",
                "d8b972197e49df5dbc1c7e41cac4c80935279cf17cb02c67ccceeeffceadfc81"
            ],
            "type": "XHR",
            "firstPartyCookies": {},
            "firstPartyCookiesSent": {
                "lotame_domain_check": 0.0000067723606417488944
            },
            "exampleSites": [
                "chaturflix.cam",
                "eroticcore.xyz",
                "mult34.com",
                "pornotaran.com",
                "titis.org",
                "tubepornclassic.com",
                "txxx.com",
                "vintic.name",
                "www.xtremehard.net"
            ]
        },
        {
            "rule": "aaafaabada\\.com\\/in\\/show\\/",
            "cookies": 0,
            "fingerprinting": 0,
            "subdomains": [
                "fd96129388"
            ],
            "apis": {},
            "sites": 8,
            "prevalence": 0.0000542,
            "cnames": [],
            "responseHashes": [
                "940f1774ac534b4b974d567f945c208fe9cd68c8d5a50bbe5ff2d8436620eb7d"
            ],
            "type": "Document",
            "firstPartyCookies": {},
            "firstPartyCookiesSent": {},
            "exampleSites": [
                "chaturflix.cam",
                "eroticcore.xyz",
                "mult34.com",
                "pornotaran.com",
                "titis.org",
                "txxx.com",
                "vintic.name",
                "www.xtremehard.net"
            ]
        },
        {
            "rule": "aaafaabada\\.com\\/in\\/viewtrack",
            "cookies": 0,
            "fingerprinting": 0,
            "subdomains": [
                "fd96129388"
            ],
            "apis": {},
            "sites": 5,
            "prevalence": 0.0000339,
            "cnames": [],
            "responseHashes": [
                "e3b0c44298fc1c149afbf4c8996fb92427ae41e4649b934ca495991b7852b855"
            ],
            "type": "XHR",
            "firstPartyCookies": {},
            "firstPartyCookiesSent": {
                "lotame_domain_check": 0.0000067723606417488944
            },
            "exampleSites": [
                "eroticcore.xyz",
                "mult34.com",
                "pornotaran.com",
                "vintic.name",
                "www.xtremehard.net"
            ]
        },
        {
            "rule": "aaafaabada\\.com\\/in\\/show\\/",
            "cookies": 0,
            "fingerprinting": 0,
            "subdomains": [
                "fd96129388"
            ],
            "apis": {},
            "sites": 3,
            "prevalence": 0.0000203,
            "cnames": [],
            "responseHashes": [
                "e3b0c44298fc1c149afbf4c8996fb92427ae41e4649b934ca495991b7852b855"
            ],
            "type": "Image",
            "firstPartyCookies": {},
            "firstPartyCookiesSent": {},
            "exampleSites": [
                "mult34.com",
                "tubepornclassic.com",
                "txxx.com"
            ]
        }
    ],
    "categories": [],
    "performance": {},
    "cookies": 0,
    "topInitiators": [
        {
            "domain": "e695e3444e.com",
            "prevalence": 0.8893617021276595
        },
        {
            "domain": "first party",
            "prevalence": 0.11063829787234042
        }
    ],
    "types": {
        "Preflight": 9,
        "XHR": 14,
        "Document": 8,
        "Image": 3
    },
    "nameservers": [
        "gerald.ns.cloudflare.com",
        "kimora.ns.cloudflare.com"
    ]
}