{
    "domain": "aaxads.com",
    "owner": {
        "name": "Acceptable Ads Exchange",
        "displayName": "Acceptable Ads Exchange"
    },
    "source": [
        "DuckDuckGo-US"
    ],
    "prevalence": 0.00134,
    "sites": 197,
    "subdomains": [
        "c"
    ],
    "cnames": [],
    "fingerprinting": 1,
    "resources": [
        {
            "rule": "aaxads\\.com\\/aax\\.js",
            "cookies": 0,
            "fingerprinting": 1,
            "subdomains": [
                "c"
            ],
            "apis": {
                "window.sessionStorage": 67,
                "window.localStorage": 67,
                "window.innerWidth": 50,
                "window.innerHeight": 50
            },
            "sites": 112,
            "prevalence": 0.00076,
            "cnames": [],
            "responseHashes": [
                "e3b0c44298fc1c149afbf4c8996fb92427ae41e4649b934ca495991b7852b855",
                "01d7ea780968f151558a5680e9a0a39bcaa7614a3ac050b77df185e07f109af7",
                "cbbd1b118b809c1a3d04c41a893f5e369231576f089ffbf645670e96b602a391",
                "d45f220d43aab19eddc0021ee9a7413933ab30d948b818e52e7d24e1be041ee2",
                "75216402da94abf6367b527d27054c52121826eb69ec60ad7eede778c68ea3bb",
                "e318720d5c2f7ebf39aab200b7d9a2400d271a62c53587150184484a6bf7d6a1",
                "c5fda92d1d6ff4e6a4b30d7a757adaffe97b4879a16213809835146c6ce210b0",
                "3ec342bda249622a02f301b3d23168dfba2a0c2eb0f2e3cf640c01c0596d0cb0",
                "5f3422ad021ca4c286252e11ecac9aef89e7579c6790d525b11a19a5e201d7bc",
                "7f7dfdada379537dcc30f63688ed567a0e46a22cf93494d693767dae20abcdcb",
                "df6b9e4e8cff8c7bb18c007f2ac452747f72950e49c4d5caf9771ccad3a8991e",
                "7a295c3c6318d913a5e6105921a26b3613fe801afb31715f51dccf43ff657054",
                "8b2f3a53a1f700ee760133699ce5d35db81a0fee144823614488b771f2f410fd",
                "0f5e8505ef9e4d2812539b4ab448c939c4a462dac03b0ded97c3f69188312f53",
                "d91d913af6f425155433ac0459f64193cb82d837603fe7284dc81c247502b025",
                "eabb2c71dd516915ae2133429aff977f2b18da3247928c6877450dbd559905c7",
                "1b6fc3d1cd5904e0a14d98eca3f2f68f037d77e97b57834e57ec3f683296ef52"
            ],
            "type": "Script",
            "firstPartyCookies": {},
            "firstPartyCookiesSent": {
                "lotame_domain_check": 0.00004747146625795995,
                "_dor": 0.000033908190184257104,
                "_li_dcdm_c": 0.000040689828221108526
            },
            "exampleSites": [
                "cargurus.com",
                "cars.com",
                "www.answers.com",
                "www.cargurus.com",
                "www.dailymail.co.uk",
                "www.forbes.com",
                "www.mapquest.com",
                "www.pcworld.com",
                "www.quora.com",
                "www.timeanddate.com",
                "fem-fem.nl",
                "electronics.howstuffworks.com",
                "store.pcworld.com",
                "m.investorshangout.com",
                "www.libero.it",
                "sp.nicovideo.jp",
                "siviaggia.it",
                "www.timeanddate.no",
                "www.cargurus.ca",
                "www.discuss.com.hk"
            ]
        }
    ],
    "categories": [],
    "performance": {},
    "cookies": 0,
    "topInitiators": [
        {
            "domain": "amazon-adsystem.com",
            "prevalence": 0.3537117903930131
        },
        {
            "domain": "first party",
            "prevalence": 0.27510917030567683
        },
        {
            "domain": "iolam.it",
            "prevalence": 0.07860262008733625
        },
        {
            "domain": "refinery89.com",
            "prevalence": 0.05240174672489083
        },
        {
            "domain": "media.net",
            "prevalence": 0.048034934497816595
        },
        {
            "domain": "adobedtm.com",
            "prevalence": 0.048034934497816595
        },
        {
            "domain": "revampcdn.com",
            "prevalence": 0.03056768558951965
        },
        {
            "domain": "quoracdn.net",
            "prevalence": 0.03056768558951965
        },
        {
            "domain": "sftcdn.net",
            "prevalence": 0.026200873362445413
        },
        {
            "domain": "hilabel.nl",
            "prevalence": 0.008733624454148471
        }
    ],
    "types": {
        "Script": 112
    },
    "nameservers": [
        "anuj.ns.cloudflare.com",
        "anna.ns.cloudflare.com"
    ]
}