{
    "domain": "aaxads.com",
    "owner": {
        "name": "Acceptable Ads Exchange",
        "displayName": "Acceptable Ads Exchange"
    },
    "source": [
        "DuckDuckGo-US"
    ],
    "prevalence": 0.00137,
    "sites": 203,
    "subdomains": [
        "c"
    ],
    "cnames": [],
    "fingerprinting": 1,
    "resources": [
        {
            "rule": "aaxads\\.com\\/aax\\.js",
            "cookies": 0,
            "fingerprinting": 1,
            "subdomains": [
                "c"
            ],
            "apis": {
                "window.sessionStorage": 68,
                "window.localStorage": 68,
                "window.innerWidth": 49,
                "window.innerHeight": 49
            },
            "sites": 111,
            "prevalence": 0.000752,
            "cnames": [],
            "responseHashes": [
                "e3b0c44298fc1c149afbf4c8996fb92427ae41e4649b934ca495991b7852b855",
                "3082d1f50a89a5af9769eafc92368c10ef8b90b80fdcd8e72966b1920d52edad",
                "ba9cd4e699771704057d99adff08f550a86427f9fce5714825406be549cad7bf",
                "9921b6fbcaedfad78309dd543c509a2709cbfa730e2e538deb851d54e68506cd",
                "f97eba836666a007de27f987bd111ac51e49959658c34e9b75695d98d9523f17",
                "1b9c1b72af38c95baf0ba4b82221f11cd4be8aa0548abfeece3c4aae3b9e5c94",
                "49d73ede3a0d78d6cdce343e24efa01c524c61af4e3f0fb394c62399c16591cf",
                "bd83d640e42823acec34d78971de610bd83382c2b294830f93c074e1ed78eec1",
                "a3410cae436b8a5850ee7bf76d92426f5096e855651e94df3228999318ee8d54",
                "040493a445a895168755a3249b07e34a113a074a763f39762459f205800a26df",
                "419e80bb09e18cc2dafb3a6cd2dc33fc696fab6e2e593aa8c32d9b176d6aea01",
                "f6dfdd558a0e0eb6761a116b1af9ea097a023db7b77b505a3831872184d4efbd",
                "b793cb22c77918ff4019f79f84b4e24be93948582c69cdaeb8430d927c090e22",
                "0ab6167233f4f58b3fa559c13e3981418405fd33f580a1303fb7d8eeb310a787",
                "5ece9110df5a4c4f175c329cad6614378df1e3acbbf0e1851d0cf3dc60812c03",
                "49010a24a3ad37a03e3bd8180d2daf40ff4a65bb0fa87cf1380213342ba16cfb",
                "541d6b99060182b39cd804baa10ef11e287d1e032363ff9d9ddf8ba7e4e70821",
                "ae2a81085cf73e1cadaa13f7c266c90220c1e5d66c7a6b404fc01146edce01fb",
                "6b882b5af12c6a0625feb999269cd456d54713aac12f01761e69589f1dbf3aed",
                "cd1acf8dd0d8708e15149a6577b2d7f39fa4efd489f29bf0c9e30f57a962fc01",
                "2b6989f639fea7ae4dce62e92a15f9e57a1139e33eeed7f502697dd879e3402d"
            ],
            "type": "Script",
            "firstPartyCookies": {},
            "firstPartyCookiesSent": {
                "_dor": 0.00006772360641748894,
                "_li_dcdm_c": 0.00003386180320874447,
                "lotame_domain_check": 0.00006772360641748894
            },
            "exampleSites": [
                "cars.com",
                "www.answers.com",
                "www.forbes.com",
                "www.mapquest.com",
                "www.pcworld.com",
                "capcut.en.softonic.com",
                "computer.howstuffworks.com",
                "www.techhive.com",
                "kwejk.pl",
                "m.kwejk.pl",
                "www.ebony.com",
                "www.cars.com",
                "www.boredpanda.com",
                "www.motor1.com",
                "it.quora.com",
                "www.pcworld.pl",
                "electronics.howstuffworks.com",
                "www.timeanddate.de",
                "www.fox10phoenix.com",
                "fr.motor1.com"
            ]
        },
        {
            "rule": "aaxads\\.com\\/aacxc\\.php",
            "cookies": 0,
            "fingerprinting": 0,
            "subdomains": [
                "c"
            ],
            "apis": {},
            "sites": 2,
            "prevalence": 0.0000135,
            "cnames": [],
            "responseHashes": [
                "e3b0c44298fc1c149afbf4c8996fb92427ae41e4649b934ca495991b7852b855"
            ],
            "type": "Image",
            "firstPartyCookies": {},
            "firstPartyCookiesSent": {},
            "exampleSites": [
                "bioguia.com",
                "www.onsalus.com"
            ]
        }
    ],
    "categories": [],
    "performance": {},
    "cookies": 0,
    "topInitiators": [
        {
            "domain": "first party",
            "prevalence": 0.28431372549019607
        },
        {
            "domain": "fox.com",
            "prevalence": 0.1715686274509804
        },
        {
            "domain": "amazon-adsystem.com",
            "prevalence": 0.16176470588235295
        },
        {
            "domain": "iolam.it",
            "prevalence": 0.08333333333333333
        },
        {
            "domain": "refinery89.com",
            "prevalence": 0.06862745098039216
        },
        {
            "domain": "adobedtm.com",
            "prevalence": 0.0392156862745098
        },
        {
            "domain": "revampcdn.com",
            "prevalence": 0.03431372549019608
        },
        {
            "domain": "lovelydrum.com",
            "prevalence": 0.03431372549019608
        },
        {
            "domain": "quoracdn.net",
            "prevalence": 0.024509803921568627
        },
        {
            "domain": "sftcdn.net",
            "prevalence": 0.014705882352941176
        }
    ],
    "types": {
        "Script": 111,
        "Image": 2
    },
    "nameservers": [
        "anuj.ns.cloudflare.com",
        "anna.ns.cloudflare.com"
    ]
}