{
    "domain": "accessiblyapp.com",
    "owner": {},
    "source": [
        "DuckDuckGo-US"
    ],
    "prevalence": 0.000264,
    "sites": 34,
    "subdomains": [
        "shopify"
    ],
    "cnames": [],
    "fingerprinting": 0,
    "resources": [
        {
            "rule": "accessiblyapp\\.com\\/api\\/shop\\/options\\/",
            "cookies": 0.000147,
            "fingerprinting": 0,
            "subdomains": [
                "shopify"
            ],
            "apis": {},
            "sites": 19,
            "prevalence": 0.000147,
            "cnames": [],
            "responseHashes": [
                "c5a497e79c6001f9eb491b49155ca175a233ee369be310749534820ef174ca4a",
                "a09faeaebe604b1b0eb4c3e521efd0f823a903c936331cafc2248202c844c520",
                "b821bc125129446ad9dca64a1836f4a3cbdd11940a4db2b82b28954a70421aff",
                "7f09f2aa401a2e3685d7ff8532af2301917b9abaa4452cdc9324bf473e0744bd",
                "6d3a1d978b8799cb4cc160881b1b0a820078db956e41c59bfc3f966211876cb1",
                "572936cd2bd0b336d092004edbe4e052c96e9d1bfb3bbc324a467ccd8cb402ec",
                "31dd48ba7183143ed7912b84af71a5e0767e9d7c6804e30bb62313c4476f331b",
                "a286e206176805f7396f44954aebecc06d10dd3ef4f936cf05e90c3cdc47712e",
                "3d0a7302bad099bfb4f0cdc0c0935a2d11ca19548ddf08a7c5202b8c3a0a0839",
                "5dfca118a39c66c1042d37ca50d8b3fcaa24576f8e2cf36a639070ffe95e2dd1",
                "84a597687913bc89f372454a730dbdf36f22e9c33d6cf1e989c970720b8c5631",
                "2ca6fb7d8c97587b36b1a7b1dfb965c768e2bc1a473f0115f50829569d1e11f2",
                "fd80d90d1902220beed3c748f9e4c95e7fe7d8beb6e664b1eb80816b46fcd40c",
                "c38a940ea87014693e6ddff138da16dd6a1ee27443a36a6a6586307676e7cca6",
                "195586a1cfb2bd3f6f6b00e735eefa38da771c4806c562765ddb1e75bc7c38ba",
                "8c73500e8a93b029e30b1aa4960c42860d132ef64253cbce67ffb847f7c259d2",
                "d7321d33cbf8fd2cbdbd44516e0b3d85cebb0d8c8c490ec3fba66aa00f933afd",
                "c6cc5d7fcce1ace7c75855fd345db4e54a1314139e268474e56d908220955633"
            ],
            "type": "XHR",
            "firstPartyCookies": {},
            "firstPartyCookiesSent": {
                "IR_gbd": 0.000007754162046478447,
                "_schn": 0.000007754162046478447
            },
            "exampleSites": [
                "bicyclewarehouse.com",
                "culturesforhealth.com",
                "daisous.com",
                "demoniacult.com",
                "genucel.com",
                "oldworldchristmas.com",
                "rayconglobal.com",
                "rockabilia.com",
                "scandinaviandesigns.com",
                "thehappyplanner.com",
                "www.bulbamerica.com",
                "www.evenflo.com",
                "www.freshseafood.com",
                "www.gaiam.com",
                "www.grivetoutdoors.com",
                "www.jerky.com",
                "www.jins.com",
                "www.thehomesecuritysuperstore.com",
                "zacbrownband.com"
            ]
        },
        {
            "rule": "accessiblyapp\\.com\\/api\\/alt-tags",
            "cookies": 0.000062,
            "fingerprinting": 0,
            "subdomains": [
                "shopify"
            ],
            "apis": {},
            "sites": 8,
            "prevalence": 0.000062,
            "cnames": [],
            "responseHashes": [],
            "type": "Preflight",
            "firstPartyCookies": {},
            "firstPartyCookiesSent": {},
            "exampleSites": [
                "culturesforhealth.com",
                "demoniacult.com",
                "genucel.com",
                "oldworldchristmas.com",
                "rockabilia.com",
                "thehappyplanner.com",
                "www.evenflo.com",
                "zacbrownband.com"
            ]
        },
        {
            "rule": "accessiblyapp\\.com\\/api\\/alt-tags",
            "cookies": 0.000062,
            "fingerprinting": 0,
            "subdomains": [
                "shopify"
            ],
            "apis": {},
            "sites": 8,
            "prevalence": 0.000062,
            "cnames": [],
            "responseHashes": [
                "e2e197a84f1a1bfdf56f47dd9be18a8aeac5088a92b24fc822c79f29a5c6cb64",
                "3bb4e177621f71956ef4606be46d7de4d4c0f0d61b494da1069152756d5fc34a",
                "e2563d59893b9dcc5745016da5d843f17dbe3fb104eb7703a2e2a222dc4f9cdb",
                "2e15a5e4c50f9445323ec56a49e5aaabf314d3aef9880b24c23fad729852cfec",
                "5c746bcacffd8b0ed5c53d9645bba25ece43156a90c990d381c20f243a48b64f",
                "bce95c08c66edd058aaea0acf3335de37712c7631272329b7b68817d26cf097a"
            ],
            "type": "Fetch",
            "firstPartyCookies": {},
            "firstPartyCookiesSent": {},
            "exampleSites": [
                "culturesforhealth.com",
                "demoniacult.com",
                "genucel.com",
                "oldworldchristmas.com",
                "rockabilia.com",
                "thehappyplanner.com",
                "www.evenflo.com",
                "zacbrownband.com"
            ]
        }
    ],
    "categories": [],
    "performance": {},
    "cookies": 0.000264,
    "topInitiators": [
        {
            "domain": "shopify.com",
            "prevalence": 0.9591836734693877
        },
        {
            "domain": "shopifyorderlimits.s3.amazonaws.com",
            "prevalence": 0.04081632653061224
        }
    ],
    "types": {
        "XHR": 19,
        "Preflight": 8,
        "Fetch": 8
    },
    "nameservers": [
        "dora.ns.cloudflare.com",
        "dale.ns.cloudflare.com"
    ]
}