{
    "domain": "ad-nex.com",
    "owner": {},
    "source": [
        "DuckDuckGo-US"
    ],
    "prevalence": 0.000305,
    "sites": 45,
    "subdomains": [
        "img"
    ],
    "cnames": [],
    "fingerprinting": 1,
    "resources": [
        {
            "rule": "ad-nex\\.com\\/data\\.php",
            "cookies": 0,
            "fingerprinting": 0,
            "subdomains": [],
            "apis": {},
            "sites": 17,
            "prevalence": 0.000115,
            "cnames": [],
            "responseHashes": [
                "a54ea102e2314dc11ce2a211fb84bde955d3104e2b43c9f0dced95eaf7a5ab08",
                "e3b0c44298fc1c149afbf4c8996fb92427ae41e4649b934ca495991b7852b855",
                "ca2c038f81ac8a1c100dc3e1d1d8a9ccd9d46835234f39700b1b68c809238df2",
                "77d313b4e800d20388e00d172c5f0c8106a03d2f2d66a78459cf053c542a13cc",
                "0e3aabe43d12d583d54a7cb7487d28fc9b5e3a50527677084066e163d8be889f",
                "ab7e8ad86531083d99a9c2c2c0f183a8babe6a0214664cdbb65c8a2b40246f0e",
                "ebbd1ba7440093b90d3c6548a51f43d610f2aaf9e1a3bcecabe917f0d106311d",
                "66c2dcf0da0e75741b2bf33be10a20e6952cba9f83940ab700126bc30ee5a5c1",
                "e1ea81427728112fea8509e4c4df5556fdc387fd39ee76eda90754e8e5257766"
            ],
            "type": "Script",
            "firstPartyCookies": {},
            "firstPartyCookiesSent": {},
            "exampleSites": [
                "1000giribest.com",
                "erogazou-choice.com",
                "erogazooo.club",
                "erogazou-pinkline.com",
                "eromanga-school.com",
                "fightingirl.com",
                "gifruo.com",
                "hobonichielog.com",
                "ita-do.com",
                "jav.direct",
                "mankist.com",
                "masutabe.info",
                "oppaisan.com",
                "pashalism.com",
                "sugirl.info",
                "www.kanjukumania.com",
                "www.po-kaki-to.com"
            ]
        },
        {
            "rule": "ad-nex\\.com\\/file\\/universal_tag\\/mh9dkuap2vj4\\/uhahzfl2yt8q\\.js",
            "cookies": 0,
            "fingerprinting": 0,
            "subdomains": [
                "img"
            ],
            "apis": {},
            "sites": 2,
            "prevalence": 0.0000136,
            "cnames": [],
            "responseHashes": [
                "6385ed624f39ca40f7daf1ec603c701e3d8340903906e88258485fc93d290ea4"
            ],
            "type": "Script",
            "firstPartyCookies": {},
            "firstPartyCookiesSent": {},
            "exampleSites": [
                "eroterest.net",
                "anime.eroterest.net"
            ]
        },
        {
            "rule": "ad-nex\\.com\\/file\\/universal_tag\\/mg8dnwfoij24\\/ug8dyfkaqf2a\\.js",
            "cookies": 0,
            "fingerprinting": 0,
            "subdomains": [
                "img"
            ],
            "apis": {},
            "sites": 2,
            "prevalence": 0.0000136,
            "cnames": [],
            "responseHashes": [
                "d3e00d29d402b0809917adb6e3ed9521558db29df514c2d9153589559de9eb90"
            ],
            "type": "Script",
            "firstPartyCookies": {},
            "firstPartyCookiesSent": {},
            "exampleSites": [
                "kanjukumania.com",
                "www.kanjukumania.com"
            ]
        },
        {
            "rule": "ad-nex\\.com\\/file\\/universal_tag\\/mg8dnwfoij24\\/ug8dyfkaqf2a\\/sc_ug8dyfnwdzqe\\.js",
            "cookies": 0,
            "fingerprinting": 1,
            "subdomains": [
                "img"
            ],
            "apis": {
                "window.innerHeight": 2
            },
            "sites": 2,
            "prevalence": 0.0000136,
            "cnames": [],
            "responseHashes": [
                "f13a7d778a92b1da9f7ebba243b2eea771aad395894c9c77af916e17f984e038"
            ],
            "type": "Script",
            "firstPartyCookies": {},
            "firstPartyCookiesSent": {},
            "exampleSites": [
                "kanjukumania.com",
                "www.kanjukumania.com"
            ]
        },
        {
            "rule": "ad-nex\\.com\\/file\\/universal_tag\\/mgo0047yjpgw\\/ugyhuwomn7sc\\.js",
            "cookies": 0,
            "fingerprinting": 0,
            "subdomains": [
                "img"
            ],
            "apis": {},
            "sites": 2,
            "prevalence": 0.0000136,
            "cnames": [],
            "responseHashes": [
                "81ccf0dc9079fe864aec8a9f7d3ca961617746cfa3750c13f0eb2e5ecafbd4f8"
            ],
            "type": "Script",
            "firstPartyCookies": {},
            "firstPartyCookiesSent": {},
            "exampleSites": [
                "nukistream.com",
                "www.nukistream.com"
            ]
        },
        {
            "rule": "ad-nex\\.com\\/file\\/universal_tag\\/mgo0047yjpgw\\/ugyhuwomn7sc\\/sc_ugyhux9egh9a\\.js",
            "cookies": 0,
            "fingerprinting": 1,
            "subdomains": [
                "img"
            ],
            "apis": {
                "window.innerHeight": 2
            },
            "sites": 2,
            "prevalence": 0.0000136,
            "cnames": [],
            "responseHashes": [
                "09aec2ce6cea45bfe18d1f21401917e91d3444a02407f9a75c178e9ce737a96f"
            ],
            "type": "Script",
            "firstPartyCookies": {},
            "firstPartyCookiesSent": {},
            "exampleSites": [
                "nukistream.com",
                "www.nukistream.com"
            ]
        }
    ],
    "categories": [],
    "performance": {},
    "cookies": 0,
    "topInitiators": [
        {
            "domain": "ajax.googleapis.com",
            "prevalence": 0.4870689655172414
        },
        {
            "domain": "first party",
            "prevalence": 0.4396551724137931
        },
        {
            "domain": "livelog.biz",
            "prevalence": 0.034482758620689655
        },
        {
            "domain": "pokoran.com",
            "prevalence": 0.021551724137931036
        },
        {
            "domain": "okbp.xyz",
            "prevalence": 0.017241379310344827
        }
    ],
    "types": {
        "Script": 27
    },
    "nameservers": [
        "ns1.dns.ne.jp",
        "ns2.dns.ne.jp"
    ]
}