{
    "domain": "addoor.net",
    "owner": {},
    "source": [
        "DuckDuckGo-US"
    ],
    "prevalence": 0.0000814,
    "sites": 12,
    "subdomains": [
        "pubtags",
        "s"
    ],
    "cnames": [],
    "fingerprinting": 2,
    "resources": [
        {
            "rule": "addoor\\.net\\/lib\\/contags\\/contags\\.js",
            "cookies": 0,
            "fingerprinting": 1,
            "subdomains": [
                "pubtags"
            ],
            "apis": {
                "Date.prototype.getTime": 9
            },
            "sites": 10,
            "prevalence": 0.0000678,
            "cnames": [],
            "responseHashes": [
                "4c43d7781328d231c75d379a9456815bf65052729b79a70102a489d24959eb82"
            ],
            "type": "Script",
            "firstPartyCookies": {},
            "firstPartyCookiesSent": {},
            "exampleSites": [
                "elespanol.com",
                "www.bolsamania.com",
                "www.deia.eus",
                "www.divinacocina.es",
                "www.elcorreogallego.es",
                "www.eldiestro.es",
                "www.lagacetadesalamanca.es",
                "www.noticiasdenavarra.com",
                "www.noticiasdegipuzkoa.eus",
                "www.vilaweb.cat"
            ]
        },
        {
            "rule": "addoor\\.net\\/syn\\/",
            "cookies": 0.000061,
            "fingerprinting": 0,
            "subdomains": [
                "s"
            ],
            "apis": {},
            "sites": 9,
            "prevalence": 0.000061,
            "cnames": [],
            "responseHashes": [
                "2203cb61bac757f62d108d00a0d8b0ba76f361374697a6e102047697e2854e2b",
                "db432b0124297cc2bac723146818878f47b1de3ca732b3b1b4ce76676a23d1cd",
                "d1cec63f01f2f16834530a9dd054864074ca7ad22ac0a6b1164a15a49d767e1a",
                "950319916b7f7bdb68ac6d199c05a53363a1d5f485c8bec58a949234e54090c9",
                "f6b865dcb6113345fd6ce51749be92ab3c716300e9ff319f0dcfcc9d2706f535",
                "9811fb8aa605c408033160bc1878b4bf3d124df9291e23284350fbc972ef0f80",
                "b3bb7c1a7371b4a3d91703a2c84e2ee7dec2aaf16e6e3d1c4e1828f0c9e6fa8a",
                "dc4e00ecf26cc2bd469d565a6dd946bb1131baa2811b78412ce9c991b8d6e69d"
            ],
            "type": "Script",
            "firstPartyCookies": {},
            "firstPartyCookiesSent": {
                "lotame_domain_check": 0.000006781500067815
            },
            "exampleSites": [
                "bolsamania.com",
                "www.deia.eus",
                "www.divinacocina.es",
                "www.elcorreogallego.es",
                "www.eldiestro.es",
                "www.lagacetadesalamanca.es",
                "www.noticiasdenavarra.com",
                "www.noticiasdegipuzkoa.eus",
                "www.vilaweb.cat"
            ]
        },
        {
            "rule": "addoor\\.net\\/contag\\/js\\/addoor-widget-1868",
            "cookies": 0,
            "fingerprinting": 1,
            "subdomains": [
                "pubtags"
            ],
            "apis": {
                "PerformanceTiming.prototype.navigationStart": 2,
                "Screen.prototype.width": 2,
                "Navigator.prototype.userAgent": 2,
                "Navigator.prototype.platform": 2,
                "window.innerHeight": 2
            },
            "sites": 2,
            "prevalence": 0.0000136,
            "cnames": [],
            "responseHashes": [
                "87c65445c17987a278ce0468614f2faf1891515fa42b62b442308ff591124fb2"
            ],
            "type": "Script",
            "firstPartyCookies": {},
            "firstPartyCookiesSent": {},
            "exampleSites": [
                "divinacocina.es",
                "www.divinacocina.es"
            ]
        },
        {
            "rule": "addoor\\.net\\/contag\\/js\\/addoor-widget-1879",
            "cookies": 0,
            "fingerprinting": 1,
            "subdomains": [
                "pubtags"
            ],
            "apis": {
                "PerformanceTiming.prototype.navigationStart": 2
            },
            "sites": 2,
            "prevalence": 0.0000136,
            "cnames": [],
            "responseHashes": [
                "19c2c75d1e5d8e3f109639efd4d763ba67c61cff83c8a78832f213c9ef5605e7"
            ],
            "type": "Script",
            "firstPartyCookies": {},
            "firstPartyCookiesSent": {},
            "exampleSites": [
                "divinacocina.es",
                "www.divinacocina.es"
            ]
        },
        {
            "rule": "addoor\\.net\\/contag\\/js\\/addoor-widget-732",
            "cookies": 0,
            "fingerprinting": 1,
            "subdomains": [
                "pubtags"
            ],
            "apis": {
                "PerformanceTiming.prototype.navigationStart": 2,
                "Screen.prototype.width": 2,
                "Navigator.prototype.userAgent": 2,
                "Navigator.prototype.platform": 2,
                "window.innerHeight": 2
            },
            "sites": 2,
            "prevalence": 0.0000136,
            "cnames": [],
            "responseHashes": [
                "c75d4b299af8b227f637731c45e0996030a7d15b0413d326bd27c6a5254c32d3"
            ],
            "type": "Script",
            "firstPartyCookies": {},
            "firstPartyCookiesSent": {},
            "exampleSites": [
                "eldiestro.es",
                "www.eldiestro.es"
            ]
        },
        {
            "rule": "addoor\\.net\\/contag\\/js\\/addoor-widget-1992",
            "cookies": 0,
            "fingerprinting": 1,
            "subdomains": [
                "pubtags"
            ],
            "apis": {
                "PerformanceTiming.prototype.navigationStart": 2
            },
            "sites": 2,
            "prevalence": 0.0000136,
            "cnames": [],
            "responseHashes": [
                "16db6ccbdb1ac01a6bc210b55278ce479e739c35d992c0912e97be39cac87f70"
            ],
            "type": "Script",
            "firstPartyCookies": {},
            "firstPartyCookiesSent": {},
            "exampleSites": [
                "eldiestro.es",
                "www.eldiestro.es"
            ]
        },
        {
            "rule": "addoor\\.net\\/contag\\/js\\/addoor-widget-1148",
            "cookies": 0,
            "fingerprinting": 1,
            "subdomains": [
                "pubtags"
            ],
            "apis": {
                "PerformanceTiming.prototype.navigationStart": 2
            },
            "sites": 2,
            "prevalence": 0.0000136,
            "cnames": [],
            "responseHashes": [
                "61a6953d4d5141e477f72c988f4802d21a059e155366e3a348576b88737226b0"
            ],
            "type": "Script",
            "firstPartyCookies": {},
            "firstPartyCookiesSent": {},
            "exampleSites": [
                "eldiestro.es",
                "www.eldiestro.es"
            ]
        },
        {
            "rule": "addoor\\.net\\/contag\\/js\\/addoor-widget-1993",
            "cookies": 0,
            "fingerprinting": 0,
            "subdomains": [
                "pubtags"
            ],
            "apis": {},
            "sites": 2,
            "prevalence": 0.0000136,
            "cnames": [],
            "responseHashes": [
                "e3b0c44298fc1c149afbf4c8996fb92427ae41e4649b934ca495991b7852b855"
            ],
            "type": "Script",
            "firstPartyCookies": {},
            "firstPartyCookiesSent": {},
            "exampleSites": [
                "eldiestro.es",
                "www.eldiestro.es"
            ]
        }
    ],
    "categories": [],
    "performance": {},
    "cookies": 0.0000746,
    "topInitiators": [
        {
            "domain": "first party",