{
    "domain": "adnuntius.delivery",
    "owner": {},
    "source": [
        "DuckDuckGo-US"
    ],
    "prevalence": 0.000359,
    "sites": 53,
    "subdomains": [
        "ads"
    ],
    "cnames": [],
    "fingerprinting": 0,
    "resources": [
        {
            "rule": "adnuntius\\.delivery\\/i",
            "cookies": 0.000197,
            "fingerprinting": 0,
            "subdomains": [
                "ads"
            ],
            "apis": {},
            "sites": 29,
            "prevalence": 0.000197,
            "cnames": [],
            "responseHashes": [
                "cd5fe5d67e538a3c075d1a3e96086ca337b90bddc8851caa377eb889fd767095",
                "4543e23acc5b097b41f25226d9a8ad0cb05b900b72972d3f14fb1f0c3b828a63",
                "3ffbb75461488cf0c3b9bd1e46f939f4de48feca72464ad5da0b342c86f6e3f2",
                "f41a8074aa18da7c0c5f2d2d69523b8e2dd27e932dc3cc080d6b5c7c68b87a4e",
                "5808e43e80d9fad320ca929d697effd0d944d01f43b8b5d0920286d65da6515b",
                "efb6cdfa70237ffe138335ab6925ec29d4aa36a6fad73d14a9187bcb9dc4872c",
                "6897eeb876d3fabddb5b41acfa809c4f7a109a1c59eae9955b95018c87748c7b",
                "ae12e27d3798925580d0adb2dfa925479613fe6b04ebf959cd7ed426ae43dc39",
                "3234c9ba6bab6e4b53dd9aa106284bc393f80618b353a69470ef6d8c29152733",
                "b30fb09f2177fd974960a784efb0766c56d9b6a69715e9e8919e31d0c61e9e3d",
                "9e65b414df52868cfa09b5c66add49156be068b59a136df578c670298ef55689",
                "2b11943df8bc487b4c1c040f87060a6df4326f398d047e227194b6a39973a09e",
                "eec64d308cc26e45286468922d6a64248b2d5b87a85c0951487cf7b7171dde91",
                "3dfc0346ef359b2fbc6e90ca0000e61841bbecb7218902222c3b88361b04fce5",
                "a2f167366395f29c34d09fbb8fe89b17820c35d3f821e389b0963a851f982e75",
                "3292655b7ea66fbc9d89a3a2566e5b8269487cf6feb126ddfd6c505bff3d83b9",
                "cc93c189a3d7cf4933195c5736157a1b1122aecb46cc4aa4c728c780dfc90660",
                "ef3a27fa241c9cac0160fb92f61a001386b7b6387aef746a08ae38e3efffc7b1",
                "c0e03c855ed1c6ed2bc385475722607beddc6011ea68586056c037e41cbc20c1",
                "a5f43e87960051104ab533aaa8c99ffc7df15c91f0b876dca0015e70dfe67cdd",
                "34611a5fa01336b95707ce26be154fdaf3b9140e7dffda76c015f0d2a1d3898f",
                "e6306d1e43cc52143af30c6456de3d4e447a108f400595e2f7001cbcfd61c6f7",
                "bd72b23e8c4e8fc269aa65a41e6d787e3ca13641539b2c3edc28cf397fe071c7",
                "c2e2ce8f1f716db14d1e6b73a0fe4fa2398c17842f7d4aaef8429065750612ae",
                "4b4465d5090258ad90acbca08f62ee031618353483968863d3bcf560edc6ac77",
                "dcf200104e8f292f77168bbf07dad5c42f205db28c4b073435b0fd3bd4d0b847",
                "3c316f18557799476c343d53444fb1de80c1269b683ed6016643fdcc32729937",
                "8c79e07c90e4b20fb54a538d356fd1b491776d3db9b350765a99c0b46a4c015d"
            ],
            "type": "XHR",
            "firstPartyCookies": {},
            "firstPartyCookiesSent": {},
            "exampleSites": [
                "sport.detik.com",
                "www.haustec.de",
                "finance.detik.com",
                "food.detik.com",
                "www.1881.no",
                "www.deraktionaer.de",
                "travel.detik.com",
                "hot.detik.com",
                "nasional.tempo.co",
                "www.dagbladet.no",
                "inet.detik.com",
                "debeste.de",
                "www.seher.no",
                "www.kk.no",
                "www.tv2.no",
                "wolipop.detik.com",
                "www.thairath.co.th",
                "dinside.dagbladet.no",
                "www.nettavisen.no",
                "www.rimondo.com"
            ]
        }
    ],
    "categories": [],
    "performance": {},
    "cookies": 0.000353,
    "topInitiators": [
        {
            "domain": "pubmatic.com",
            "prevalence": 0.34782608695652173
        },
        {
            "domain": "medialaben.no",
            "prevalence": 0.17391304347826086
        },
        {
            "domain": "sentry-cdn.com",
            "prevalence": 0.11594202898550725
        },
        {
            "domain": "adnuntius.com",
            "prevalence": 0.10144927536231885
        },
        {
            "domain": "rubiconproject.com",
            "prevalence": 0.08695652173913043
        },
        {
            "domain": "yieldlove.com",
            "prevalence": 0.057971014492753624
        },
        {
            "domain": "netpoint-media.de",
            "prevalence": 0.043478260869565216
        },
        {
            "domain": "azure.com",
            "prevalence": 0.028985507246376812
        },
        {
            "domain": "first party",
            "prevalence": 0.028985507246376812
        },
        {
            "domain": "prisasd.com",
            "prevalence": 0.014492753623188406
        }
    ],
    "types": {
        "XHR": 29
    },
    "nameservers": [
        "emily.ns.cloudflare.com",
        "major.ns.cloudflare.com"
    ]
}