{
    "domain": "adnuntius.delivery",
    "owner": {},
    "source": [
        "DuckDuckGo-US"
    ],
    "prevalence": 0.000278,
    "sites": 41,
    "subdomains": [
        "ads"
    ],
    "cnames": [],
    "fingerprinting": 0,
    "resources": [
        {
            "rule": "adnuntius\\.delivery\\/i",
            "cookies": 0.000156,
            "fingerprinting": 0,
            "subdomains": [
                "ads"
            ],
            "apis": {},
            "sites": 23,
            "prevalence": 0.000156,
            "cnames": [],
            "responseHashes": [
                "399d7e69fe710517080d86254bc6125c0c4a8161be39dfe6114cf9713c971c3e",
                "7d5b48fe61ca708962f72bb81f0362db9eca6d88f68d072b8beba6a590dbe895",
                "4134f8b89b1cd86ad633b3094e7f6b3c3f31e4824c54c21f57d4891c5af80c33",
                "811d55f000d735ebbdfea7b445d6b125756b516ddb5642648c166564acce3c54",
                "8aaca35f422535c87689cf071c857e86cd69769eb58bb2cbadb045057f371218",
                "d533e6183f5a9b5dcdc67b8397e796a86908830a00d282e03dcb8be7ac60112c",
                "ad575343732f84142745b46a3d631bee287f22ebd88b198056c3c52e8be44c9f",
                "06d8dd58c4f74cbfa1d45a61fcd45b81be78846e0d52d4d98fd87d93b144d941",
                "07f4d143ce1ae1fed9ca2708ac766b6dd920eed067d4533064770562d0713b61",
                "3d860751dd18220cb4c8c40da2e724804868c9f08080b78ce55b7826fdbd6fcd",
                "3da970457abcf122d652dc0bcea7b5a041ba0f73cb1a6e4308e7b09300b7ec1a",
                "7a876d5a5c0ea97b50bae2548c415aa4ce1ed99655a37dca3e71f5aad0360585",
                "c4bb0cb36fac01f26e3e4ba818c546b2ffa7d407c6732325f7a4d7b5ca2bb6fc",
                "52e5ea2daa7f027618bdb10436ddda3e5862c7b5b9b12345417943035e785842",
                "372b7f8b8854de3382791bec38db886751cd78b9776dbb81a1c6d82167d69286",
                "b331ccaf6a4fe8f57338afac86e16d0ea5c2ed80902686c26dfbb7d6429ffdfc",
                "e13bb3e8289000afce89efa34d386aed8020e2bcffed54e44638c677ed484926",
                "f733b4882844bb396c924bbc4be0eda0a81603a603cba7ffd70a7f391ef65236",
                "2f3eff53ee644ab578d3077379853a410d03b95b438be2ad1899ba015ca46b3e",
                "4c29d1b6a01d7a548833f3eb79b3fa7e7a2eb0e7e883af0724e21f18d7a1421d"
            ],
            "type": "XHR",
            "firstPartyCookies": {},
            "firstPartyCookiesSent": {},
            "exampleSites": [
                "forskning.no",
                "www.abcnyheter.no",
                "dinside.dagbladet.no",
                "www.tv2.no",
                "nasional.tempo.co",
                "www.dagbladet.no",
                "www.lommelegen.no",
                "debeste.de",
                "www.rimondo.com",
                "dunia.tempo.co",
                "www.startsiden.no",
                "www.haustec.de",
                "sport.detik.com",
                "www.deraktionaer.de",
                "www.nettavisen.no",
                "www.detik.com",
                "metro.tempo.co",
                "www.seher.no",
                "www.kk.no",
                "news.detik.com"
            ]
        }
    ],
    "categories": [],
    "performance": {},
    "cookies": 0.000278,
    "topInitiators": [
        {
            "domain": "pubmatic.com",
            "prevalence": 0.25
        },
        {
            "domain": "sentry-cdn.com",
            "prevalence": 0.1875
        },
        {
            "domain": "medialaben.no",
            "prevalence": 0.125
        },
        {
            "domain": "rubiconproject.com",
            "prevalence": 0.125
        },
        {
            "domain": "netpoint-media.de",
            "prevalence": 0.078125
        },
        {
            "domain": "adnuntius.com",
            "prevalence": 0.078125
        },
        {
            "domain": "first party",
            "prevalence": 0.078125
        },
        {
            "domain": "yieldlove.com",
            "prevalence": 0.046875
        },
        {
            "domain": "azure.com",
            "prevalence": 0.03125
        }
    ],
    "types": {
        "XHR": 23
    },
    "nameservers": [
        "emily.ns.cloudflare.com",
        "major.ns.cloudflare.com"
    ]
}