{
    "domain": "adnuntius.delivery",
    "owner": {},
    "source": [
        "DuckDuckGo-US"
    ],
    "prevalence": 0.000325,
    "sites": 48,
    "subdomains": [
        "ads"
    ],
    "cnames": [],
    "fingerprinting": 0,
    "resources": [
        {
            "rule": "adnuntius\\.delivery\\/i",
            "cookies": 0.000176,
            "fingerprinting": 0,
            "subdomains": [
                "ads"
            ],
            "apis": {},
            "sites": 26,
            "prevalence": 0.000176,
            "cnames": [],
            "responseHashes": [
                "fa62206ead23bb026dd52f6fe0f2c0aaad8f20bd6ececf1cce9ad912c716c3a5",
                "5d18375f3f590420bb549bcbdc8d0ce1664a9abd5882cbd37910b0dac076d498",
                "1a39da597cafc52a2aec78722a0816603bb4fc881bcb2da6f2193bfd000ffa20",
                "68fbead2aa331ca2fad741fcbeb7399e97da5575dc1b2f7db381e95411f5dc3b",
                "9b8f8cf8096a143489b70dc2efc5e025ad4e03b164b9dc850bb301d974474361",
                "a5da5d0f6643c86cd19746f4c2ddf811b047221c147c164289c58a2afe65ff39",
                "d4213556c87e8dfc1ea5f18a5e1f06030adda2a422e37ad2e8aa644127690c0a",
                "b38f151550c089e6735872abaa0642692b183cbe30672a468c669370f072222a",
                "8f3a2213a3dd763da34164ecba3759f09fb0a4c8cc62eb2a0e5012ba3d5370ef",
                "7c619414c78faf338a95357f792b41abe85564a64e2ae1a68c72b4d6f942a695",
                "64715028b70f2c73bfdc261146f2976b2e703971b6e31a809209a82e7d1ed734",
                "805cc949d958dce0bcb11053094e0cf779e8381f417a0007954b8493851bec63",
                "8d04a6541722b29a6569944bde29ed74ef70e6fba152d6c8d7f80e5ccab0faf1",
                "5f48d1b407b96c98ac4c14db019b23bebcb731f81acc1f5b4ffe3096a284762a",
                "73862026feff628632a539715f039928d0604b4365e776617fb94bde12c6a93f",
                "aaf699c7a2fa73ef3999439555583c08aba26a0c6b2d8fbe9b6a201e26c31d3f",
                "1e3ec5ba35e5f643b29f9c594f3540f3e10e6a2ce490adf2755d8c0b9619c588",
                "0fdafae07b0b3bb97a08d424e608a6f5d728e481451f64bfb5e4776b9de90a15",
                "b0aa5ad5a50630c293b92eb29a98fb98a8ffd9e45df8fedc2eaab0ac238d9b1c",
                "5b47abfb39928ec0167d1aae2639a4cc30bf6ea8506af2d594ee7c1e5729bc4a",
                "977986bf7ab7f61308e391c0f66796066bbe24580e4e257ad84c1a28f3b833bc",
                "e31f8c393130e981c6f18064e8df09698599e0d9e07cd215a94d5b043a8b5ea2",
                "c162405c822ea1120828fb1780cc83261868da7e62bc0df19fae476f97e55996",
                "cbe5aeca6b94516513e048aa8f0b9e7c4c3baaabea7d6bce87b22d9527bf963a",
                "297e22b10886f650fbdb37d71cff60d9551c434ae30ff966cba224b3611604e2"
            ],
            "type": "XHR",
            "firstPartyCookies": {},
            "firstPartyCookiesSent": {},
            "exampleSites": [
                "www.kk.no",
                "www.abcnyheter.no",
                "www.deraktionaer.de",
                "inet.detik.com",
                "dunia.tempo.co",
                "finance.detik.com",
                "sport.detik.com",
                "www.dagbladet.no",
                "www.thairath.co.th",
                "hot.detik.com",
                "www.aperitif.no",
                "www.detik.com",
                "forskning.no",
                "dinside.dagbladet.no",
                "www.rimondo.com",
                "www.boerse-online.de",
                "www.haustec.de",
                "www.startsiden.no",
                "debeste.de",
                "nasional.tempo.co"
            ]
        }
    ],
    "categories": [],
    "performance": {},
    "cookies": 0.000312,
    "topInitiators": [
        {
            "domain": "pubmatic.com",
            "prevalence": 0.3055555555555556
        },
        {
            "domain": "sentry-cdn.com",
            "prevalence": 0.1388888888888889
        },
        {
            "domain": "medialaben.no",
            "prevalence": 0.1388888888888889
        },
        {
            "domain": "rubiconproject.com",
            "prevalence": 0.1111111111111111
        },
        {
            "domain": "first party",
            "prevalence": 0.09722222222222222
        },
        {
            "domain": "netpoint-media.de",
            "prevalence": 0.06944444444444445
        },
        {
            "domain": "adnuntius.com",
            "prevalence": 0.06944444444444445
        },
        {
            "domain": "azure.com",
            "prevalence": 0.027777777777777776
        },
        {
            "domain": "yieldlove.com",
            "prevalence": 0.027777777777777776
        },
        {
            "domain": "googlesyndication.com",
            "prevalence": 0.013888888888888888
        }
    ],
    "types": {
        "XHR": 26
    },
    "nameservers": [
        "emily.ns.cloudflare.com",
        "major.ns.cloudflare.com"
    ]
}