{
    "domain": "adnuntius.delivery",
    "owner": {},
    "source": [
        "DuckDuckGo-US"
    ],
    "prevalence": 0.000415,
    "sites": 50,
    "subdomains": [
        "ads"
    ],
    "cnames": [],
    "fingerprinting": 0,
    "resources": [
        {
            "rule": "adnuntius\\.delivery\\/i",
            "cookies": 0.000216,
            "fingerprinting": 0,
            "subdomains": [
                "ads"
            ],
            "apis": {},
            "sites": 27,
            "prevalence": 0.000224,
            "cnames": [],
            "responseHashes": [
                "8d7df9ed40439617d634f2fa14b308983d8508129abdebf49846cbbd6c8c7e61",
                "ff6ff6d128cb257cfb073abf8b5559f2cbd78ab3f9508a343778e14f0e24907a",
                "671150117c238a8afd0b76fe700716ff3e0af4d553a321dc80f5e79e4b5528a0",
                "d9f04de66c329766738af1351360e0bc7ee083f1ac276a2245deddc2aad3beb5",
                "cdfd961a123a19a52e32e12b7c9f93a2be75bb5f1eaf48e89a128cf8c9102cdb",
                "70870b692eb862abad17317b9af16733267aa476cac9d6bb8cbf391b0d52c48e",
                "54090242e30a554ba3edc6001ab47974a239be07d4eaa1589e25071249992063",
                "869ab01efbed029a81a8b7daa387a7827597544c7541fefb718d5017d7f5c5ed",
                "64e09ebc125740641425178c19ce1e0763a40501894c6421239b560fc329ce86",
                "e5b63072f9238e2ab3f754365cd545161db1ba0b6faec70707fc9b26b883e75e",
                "3776cd47c10c175843f97a8baac58d9f6e877256384eb2571570320add704cb3",
                "bd7f4491945d6095ea10aca8ae74e27ec2f02ca50fde18ff61b5ed46c3cf1ca2",
                "d111f89e44dcf587262ced51e60d6cc23c5fcddd896c4574bd9c5642176c6dcb",
                "e9afe475c10befcced0899f6d7ba25a5e3af2d33c13746e41f5eaf528abe415e",
                "fb1762580f19d1a831f7a599c42fbb2c8eef25368a041dd7a41559d98f62c484",
                "0c27ff27cb1cd1e2b0e53c00eb7ea785fa456a3ea6c99f7a30b5b81b064fcea3",
                "85e3915a57c9863266633b7a52494bc0c7951eb004759aee266122a2574ae024",
                "ad9886458691be241f0d6fd0f38ebb574c57db823ef4abded38c48f96ad333a2",
                "1a6add1eb4e61733a25784d56692c7b51887fbc97e5c8c177c47c3be9387b09b",
                "cca57152a77b94d2c4d28c216f28295ef5f4b13a6c063e9ce6abf5060f410d74",
                "d3deb1cf400c3cf13e6260a7d1621ea4df4b703f1a7d4a0dcf80bc9b2b7f3f63",
                "0bdbd861c7c4696d99b33a5a2737ed925d9854213bad57c4c02e84f5fbd5849b",
                "c4e1472a144202979c5723e7e517f5e2bbe966f2c3d5b3fbc57828df51d1e713",
                "23d1e55019a5c6132d333a9c219a30e38385478aff077f5279d6b6c0e5c9c895",
                "5cbcb544b8da808c1c3ac843cd094df79892522876501513a0fb3dfea1078813"
            ],
            "type": "XHR",
            "firstPartyCookies": {},
            "firstPartyCookiesSent": {},
            "exampleSites": [
                "nasional.tempo.co",
                "metro.tempo.co",
                "www.kk.no",
                "forskning.no",
                "www.rimondo.com",
                "en.as.com",
                "www.haustec.de",
                "www.abcnyheter.no",
                "www.tv2.no",
                "dinside.dagbladet.no",
                "finance.detik.com",
                "www.aperitif.no",
                "www.1881.no",
                "www.nettavisen.no",
                "dunia.tempo.co",
                "www.dagbladet.no",
                "www.lommelegen.no",
                "www.deraktionaer.de",
                "inet.detik.com",
                "sport.detik.com"
            ]
        }
    ],
    "categories": [],
    "performance": {},
    "cookies": 0.000406,
    "topInitiators": [
        {
            "domain": "pubmatic.com",
            "prevalence": 0.2638888888888889
        },
        {
            "domain": "medialaben.no",
            "prevalence": 0.19444444444444445
        },
        {
            "domain": "rubiconproject.com",
            "prevalence": 0.1111111111111111
        },
        {
            "domain": "adnuntius.com",
            "prevalence": 0.09722222222222222
        },
        {
            "domain": "netpoint-media.de",
            "prevalence": 0.08333333333333333
        },
        {
            "domain": "sentry-cdn.com",
            "prevalence": 0.08333333333333333
        },
        {
            "domain": "first party",
            "prevalence": 0.08333333333333333
        },
        {
            "domain": "azure.com",
            "prevalence": 0.027777777777777776
        },
        {
            "domain": "yieldlove.com",
            "prevalence": 0.027777777777777776
        },
        {
            "domain": "prisasd.com",
            "prevalence": 0.013888888888888888
        }
    ],
    "types": {
        "XHR": 27
    },
    "nameservers": [
        "major.ns.cloudflare.com",
        "emily.ns.cloudflare.com"
    ]
}