{
    "domain": "adnxs.net",
    "owner": {},
    "source": [
        "DuckDuckGo-US"
    ],
    "prevalence": 0.000116,
    "sites": 15,
    "subdomains": [
        "s.update.ib",
        "shftr"
    ],
    "cnames": [],
    "fingerprinting": 3,
    "resources": [
        {
            "rule": "adnxs\\.net\\/2\\/225545\\/analytics\\.js",
            "cookies": 0,
            "fingerprinting": 0,
            "subdomains": [
                "s.update.ib"
            ],
            "apis": {},
            "sites": 8,
            "prevalence": 0.000062,
            "cnames": [],
            "responseHashes": [
                "2cbaae7417cc1aaacdd8971f9bbe9c0c0393ca42844f6fd51378ab367b9e963f",
                "1839f1ac141cbbb9f6f9c0649a859327981296a0f7da1e19092ca8f710f73ce5",
                "54321fba33889d1e7f98fc665130693bda66fc677902cb5b054adc968c05a07c",
                "e690aa75ee1ce91ffdf1d3edc62e9cbd687692646cafbaa9e49c5778a66180cf",
                "b3d2329ce7b6e2ae7b71acb824f1ae4d0054b2af9c1739aef2fa520f73d654fe"
            ],
            "type": "Script",
            "firstPartyCookies": {},
            "firstPartyCookiesSent": {
                "lotame_domain_check": 0.000015508324092956893
            },
            "exampleSites": [
                "chevytrucks.org",
                "sewguide.com",
                "www.dallasobserver.com",
                "www.maxifoot.fr",
                "www.omnicalculator.com",
                "www.phoenixnewtimes.com",
                "www.practicalmachinist.com",
                "www.rpgsite.net"
            ]
        },
        {
            "rule": "adnxs\\.net\\/r",
            "cookies": 0,
            "fingerprinting": 0,
            "subdomains": [
                "shftr"
            ],
            "apis": {},
            "sites": 7,
            "prevalence": 0.0000543,
            "cnames": [],
            "responseHashes": [
                "993b44981e7facb01ee1c64f3ac4709ca02af8c161ac3b505e1b99e8437d983c",
                "eb2d1d2565274b39e7428e4aa3f85461dd9ede5d131fc2384927d3e1011cb59a",
                "fd80078886b20e140ad14c36c2f9389d909c9000581dfcf03ca8af13da98bdd8",
                "5bc3456b87ad94db92f1ee4b6f32c75df1ca6cadfecd5846e799632464341467",
                "6325f4aa043db960ff8c0ae233ec759d1d790e54d8e908c14acb6d328a46cab2"
            ],
            "type": "Image",
            "firstPartyCookies": {},
            "firstPartyCookiesSent": {},
            "exampleSites": [
                "dallasobserver.com",
                "www.houstonpress.com",
                "www.miaminewtimes.com",
                "www.oroscopissimi.it",
                "www.phoenixnewtimes.com",
                "www.smogon.com",
                "www.westword.com"
            ]
        },
        {
            "rule": "adnxs\\.net\\/2\\/2\\.88\\.0\\/225545\\/Acr5-5sJBAyzFOE6\\/postback",
            "cookies": 0,
            "fingerprinting": 0,
            "subdomains": [
                "s.update.ib"
            ],
            "apis": {},
            "sites": 2,
            "prevalence": 0.0000155,
            "cnames": [],
            "responseHashes": [
                "e3b0c44298fc1c149afbf4c8996fb92427ae41e4649b934ca495991b7852b855"
            ],
            "type": "XHR",
            "firstPartyCookies": {},
            "firstPartyCookiesSent": {},
            "exampleSites": [
                "dallasobserver.com",
                "www.dallasobserver.com"
            ]
        },
        {
            "rule": "adnxs\\.net\\/2\\/2\\.88\\.0\\/main\\.js",
            "cookies": 0,
            "fingerprinting": 3,
            "subdomains": [
                "s.update.ib"
            ],
            "apis": {
                "Navigator.prototype.vendor": 4,
                "Navigator.prototype.userAgent": 4,
                "Performance.prototype.memory": 3,
                "window.devicePixelRatio": 3,
                "window.name": 3,
                "console.memory": 3,
                "window.localStorage": 3,
                "Navigator.prototype.appCodeName": 3,
                "Navigator.prototype.languages": 3,
                "Navigator.prototype.onLine": 3,
                "Navigator.prototype.webdriver": 3,
                "Navigator.prototype.mediaDevices": 3,
                "Navigator.prototype.hardwareConcurrency": 3,
                "Navigator.prototype.deviceMemory": 3,
                "Navigator.prototype.plugins": 3,
                "window.innerWidth": 3,
                "window.innerHeight": 3,
                "Screen.prototype.availWidth": 3,
                "Screen.prototype.availHeight": 3,
                "Screen.prototype.width": 3,
                "Screen.prototype.height": 3,
                "Screen.prototype.colorDepth": 3,
                "Screen.prototype.pixelDepth": 3,
                "Screen.prototype.availLeft": 3,
                "Screen.prototype.availTop": 3,
                "Screen.prototype.orientation": 3,
                "window.screenX": 3,
                "window.screenY": 3,
                "window.screenLeft": 3,
                "window.screenTop": 3,
                "Navigator.prototype.platform": 3,
                "Navigator.prototype.maxTouchPoints": 3,
                "BarProp.prototype.visible": 3,
                "window.outerHeight": 3,
                "window.outerWidth": 3,
                "Navigator.prototype.connection": 3,
                "Date.prototype.getTime": 3,
                "Date.prototype.getTimezoneOffset": 3,
                "Intl.DateTimeFormat.prototype.resolvedOptions": 3,
                "Navigator.prototype.permissions": 2,
                "speechSynthesis.__proto__.getVoices": 2,
                "Notification.permission": 2,
                "OfflineAudioContext.prototype.constructor": 2,
                "Navigator.prototype.getBattery": 2,
                "AudioBuffer.prototype.getChannelData": 2,
                "URL.createObjectURL": 2,
                "NavigatorUAData.prototype.brands": 2,
                "NavigatorUAData.prototype.platform": 2,
                "NavigatorUAData.prototype.getHighEntropyValues": 2,
                "PerformanceTiming.prototype.navigationStart": 2
            },
            "sites": 6,
            "prevalence": 0.0000465,
            "cnames": [],
            "responseHashes": [
                "bf9f723c8119c017afec425fdbe058bd4404e0c5853ff4a72164449d8507a210"
            ],
            "type": "Script",
            "firstPartyCookies": {},
            "firstPartyCookiesSent": {},
            "exampleSites": [
                "dallasobserver.com",
                "www.maxifoot.fr",
                "www.omnicalculator.com",
                "www.phoenixnewtimes.com",
                "www.practicalmachinist.com",
                "www.rpgsite.net"
            ]
        },
        {
            "rule": "adnxs\\.net\\/2\\/2\\.88\\.0\\/225545\\/AcsAuo4CBAIHqeVv\\/postback",
            "cookies": 0,
            "fingerprinting": 0,
            "subdomains": [
                "s.update.ib"
            ],
            "apis": {},
            "sites": 2,
            "prevalence": 0.0000155,
            "cnames": [],
            "responseHashes": [
                "e3b0c44298fc1c149afbf4c8996fb92427ae41e4649b934ca495991b7852b855"
            ],
            "type": "XHR",
            "firstPartyCookies": {},
            "firstPartyCookiesSent": {},
            "exampleSites": [
                "maxifoot.fr",
                "www.maxifoot.fr"
            ]
        },
        {
            "rule": "adnxs\\.net\\/2\\/2\\.88\\.0\\/225545\\/AcrGX98CBar_7Ngt\\/postback",
            "cookies": 0,
            "fingerprinting": 0,
            "subdomains": [
                "s.update.ib"
            ],
            "apis": {},
            "sites": 2,
            "prevalence": 0.0000155,
            "cnames": [],
            "responseHashes": [],
            "type": "XHR",
            "firstPartyCookies": {},