{
    "domain": "adoric-om.com",
    "owner": {},
    "source": [
        "DuckDuckGo-US"
    ],
    "prevalence": 0.000176,
    "sites": 26,
    "subdomains": [
        "21975121",
        "12890047",
        "69581448",
        "78711431",
        "73224186",
        "51894884",
        "71615438",
        "90396851",
        "95662602",
        "33915380",
        "60421001",
        "app"
    ],
    "cnames": [],
    "fingerprinting": 2,
    "resources": [
        {
            "rule": "adoric-om\\.com\\/adoric\\.js",
            "cookies": 0.0000135,
            "fingerprinting": 2,
            "subdomains": [
                "21975121",
                "12890047",
                "69581448",
                "78711431",
                "73224186",
                "51894884",
                "71615438",
                "90396851",
                "95662602",
                "33915380",
                "60421001"
            ],
            "apis": {
                "Screen.prototype.width": 11,
                "window.localStorage": 12,
                "window.sessionStorage": 12,
                "Navigator.prototype.platform": 11,
                "Navigator.prototype.userAgent": 11,
                "Navigator.prototype.vendor": 11,
                "Navigator.prototype.appVersion": 11,
                "Navigator.prototype.languages": 11,
                "Date.prototype.getTimezoneOffset": 11,
                "Document.cookie setter": 2,
                "Document.cookie getter": 1,
                "Date.prototype.getTime": 1
            },
            "sites": 15,
            "prevalence": 0.000102,
            "cnames": [],
            "responseHashes": [
                "4f96b398220dc3e9bbebfe0d0adfc79f981b6a6663fd7f6426be599b36cd30fd"
            ],
            "type": "Script",
            "firstPartyCookies": {
                "adoric_popup": {
                    "ttl": null,
                    "length": 4,
                    "prevalence": 0.000013544721283497789,
                    "uniqueness": 0.5
                },
                "entrance_email_capture": {
                    "ttl": 43220,
                    "length": 6,
                    "prevalence": 0.0000067723606417488944,
                    "uniqueness": 1
                },
                "entrance_email_capture_counter": {
                    "ttl": 251723191360,
                    "length": 1,
                    "prevalence": 0.0000067723606417488944,
                    "uniqueness": 1
                }
            },
            "firstPartyCookiesSent": {},
            "exampleSites": [
                "maariv.co.il",
                "m.maariv.co.il",
                "news.walla.co.il",
                "nzxt.com",
                "sodastream.com",
                "spravochnick.ru",
                "www.d.co.il",
                "www.farmandhomesupply.com",
                "www.in.pampers.com",
                "www.jpost.com",
                "www.maariv.co.il",
                "www.pampers.com",
                "www.shouldiremoveit.com",
                "www.walla.co.il",
                "www.zap.co.il"
            ]
        },
        {
            "rule": "adoric-om\\.com\\/v1\\/campaigns\\/",
            "cookies": 0,
            "fingerprinting": 0,
            "subdomains": [
                "app"
            ],
            "apis": {},
            "sites": 16,
            "prevalence": 0.000108,
            "cnames": [],
            "responseHashes": [
                "8082bae53c23a768e7a2a6a56ab4329522a7c24a24b25d41a216933e14195359",
                "77fcb16f05d6e5933fdee580e544c4ab8f59438953c5f50831e6ad7a6d30acab",
                "0ca4b06aaa018a7c85dbb0355ee1a1ddb2c6b6288bd8c26753af44e78a964878",
                "f59e7bcc7e7db38ce3e0cdfb8d359168489ade1576bf831809680496f983fb2f",
                "8b73f17a4a53b528139247a03f74fc7f82f9183f871d0a2636cb9036d440b935",
                "14a672b040d0b79389a2c041c00e6995d06071a9d1f372f3a495e6157e1695a2",
                "d54e520125c0a9a5ddc036a27144a78a759896a095262b13038a466f69fa93c0",
                "d1ae0ba24335230b9be3ed09c13eb36a965ae31a36d51003b0af04fbaa9349f7",
                "314f1793f53d5f0b9bf02c1256891fea4b24c17384f52067d88231d150383bdb",
                "d1debb738332f20f6f9b32f76778932bd0cb0ed64ee9d1aa8dad94918c7ac4b5",
                "a2a50007e6aecd6c63c7244852e939d1529bdfab2b9e525766c60f8aaebdfc26",
                "4909d6ae3a3314e2f79ae962f1e496a1ed8b8715948baba9e30b1ea72a5ff93c",
                "43c9ac8aa6a713db18fce1d2f17440b40c41961e4041f768e2cc1edb55450102",
                "3228e1d6a577e59a19eb5a000025dfcbc679f634f3b39eb0d5b36afe9327ed5c",
                "2124d5de63deef2a1489b6a5e0866ad5d34302b50779a8ffba60d9721e37ec7e"
            ],
            "type": "XHR",
            "firstPartyCookies": {},
            "firstPartyCookiesSent": {
                "dy_fs_page": 0.0000067723606417488944
            },
            "exampleSites": [
                "maariv.co.il",
                "m.maariv.co.il",
                "news.walla.co.il",
                "nzxt.com",
                "sodastream.com",
                "spravochnick.ru",
                "www.d.co.il",
                "www.farmandhomesupply.com",
                "www.in.pampers.com",
                "www.israelhayom.co.il",
                "www.jpost.com",
                "www.maariv.co.il",
                "www.pampers.com",
                "www.shouldiremoveit.com",
                "www.walla.co.il",
                "www.zap.co.il"
            ]
        },
        {
            "rule": "adoric-om\\.com\\/v1\\/versions\\/html\\/",
            "cookies": 0,
            "fingerprinting": 0,
            "subdomains": [
                "app"
            ],
            "apis": {},
            "sites": 4,
            "prevalence": 0.0000271,
            "cnames": [],
            "responseHashes": [
                "445799fe0930856b5054e08dd4d28ee15181690705d403baecbc8b48e285ad77",
                "69409aab3da40c3bf505ca8b42f3549055161ed7d21e05f6b1155bd3ca635be7",
                "bd2154bbb067799fa57bd6e16cc15f0cf716f5578d0a1c2f7c0fa986cf43e737"
            ],
            "type": "XHR",
            "firstPartyCookies": {},
            "firstPartyCookiesSent": {},
            "exampleSites": [
                "sodastream.com",
                "www.in.pampers.com",
                "www.pampers.com",
                "www.zap.co.il"
            ]
        },
        {
            "rule": "adoric-om\\.com\\/brand\\/fonts",
            "cookies": 0,
            "fingerprinting": 0,
            "subdomains": [
                "app"
            ],
            "apis": {},
            "sites": 4,
            "prevalence": 0.0000271,
            "cnames": [],
            "responseHashes": [
                "cf1dec0dbc9b3c14a003e4668c94c3ccfc82f97ba8208dd466470480286c98d4",
                "b6060ed5de8dde9f7383dd8fafa9ee1bec861010a4cc574c039d545eeb773bfb"
            ],
            "type": "Stylesheet",
            "firstPartyCookies": {},
            "firstPartyCookiesSent": {},
            "exampleSites": [
                "sodastream.com",
                "www.in.pampers.com",
                "www.pampers.com",
                "www.zap.co.il"
            ]
        },
        {
            "rule": "adoric-om\\.com\\/v1\\/statistics\\/showed",
            "cookies": 0,
            "fingerprinting": 0,
            "subdomains": [
                "app"
            ],
            "apis": {},
            "sites": 2,
            "prevalence": 0.0000135,
            "cnames": [],
            "responseHashes": [
                "3bd9f553e8f79087126681b27db51ba3682b4d80854e8a5ec07a52f55ff76678"
            ],
            "type": "XHR",
            "firstPartyCookies": {},
            "firstPartyCookiesSent": {},
            "exampleSites": [
                "sodastream.com",
                "www.zap.co.il"
            ]
        }
    ],
    "categories": [],