{
    "domain": "adventive.com",
    "owner": {
        "name": "Adventive, Inc.",
        "displayName": "Adventive"
    },
    "source": [
        "DuckDuckGo-US"
    ],
    "prevalence": 0.000264,
    "sites": 39,
    "subdomains": [
        "ads"
    ],
    "cnames": [],
    "fingerprinting": 2,
    "resources": [
        {
            "rule": "adventive\\.com\\/ad",
            "cookies": 0.000176,
            "fingerprinting": 1,
            "subdomains": [
                "ads"
            ],
            "apis": {
                "Date.prototype.getTime": 19,
                "window.name": 13,
                "Screen.prototype.width": 13,
                "Screen.prototype.height": 13
            },
            "sites": 27,
            "prevalence": 0.000183,
            "cnames": [],
            "responseHashes": [
                "17918bb7f356b411b8b96d0fedadbed803ab7696a60268efd28f31b699125e89",
                "79ee0daa6cf754af266a013c6dd147838b825b1891127747f19bd1215302d18c",
                "41049bc9c91ae2a962e2b5a4d49860ae6eb359ced9dff259aa06ae2d0c99a06a",
                "7e4cbd5be4afd3732f5f3687744828a127b8f716203ce11af49b682b210dac0e",
                "ddb026f8e955f3627027561f6e2286530a57aa7010ee236534b1ee127b2816ce",
                "01fb9ee529a3bf4963ee731636d3c26de2bf0ae9afd7be00ab98a58450bcb4d1",
                "2571504f84966161cb3cb92e1dee367eac3244c344ce6bef30bfe2af9c0764f4",
                "8c8a09b03285648ed1020230e96c83705c47c7474d306f2cef9bce30bbd571bd",
                "4c584e23c2165121030635286ad4606bf5ae374309742688e555c1b0fa24d4ab",
                "ab10c90c696f99ece7d88357e0cf3d53c65b6d5c7f2527b3316d5a2970a38b05",
                "505280bbc0b0a45a0023dd5de878e9ae78a31e49c8da90979456197863dc82d9",
                "6c605c38bab740cd8cb64f3278728acfa5919e63c07f997274bbac4083678a46",
                "1d200597648f986300916b4b1b8c31da65f19f311ed60308e6c9e2b22c7ae07c",
                "38f678b425139fa0e87dee9982c8cf75b8b435e7ade34cf440a39192ad7ab406",
                "7bcf37971692590103e1062a996c61b836e8062ff6bc76a699c8defeabba222b",
                "89a7dc27ec6e4aa677c77663ac7cc7b51429e4ef1c1ab9601349adb4ec745a17",
                "36a5b3ce63403caf4cd914918a8c689939fb8a4e8afd9534b146b940b1d9eda7",
                "4d6506e33ed20c60ccdcb7d0e29f96d2c07e1cc1fb973bd93019d97fffb06d97",
                "c35aa22a2a1dc70f31e53dc60669df223f45969212f6120f741b748211a2b7d3",
                "f673252fd3c52e8f2b3fc1888404122e10d3c16292eea41f5b3b5a9f0ed5c601",
                "448d80bca6112a7292b067f84a5fef93b81ac748ef9807e0def401206ade3d35",
                "b4f8ac1ec3886859261342e757a25eb266683687d99969b8d3d78ab2e8fa9124",
                "12b3ce710dacf660a3ff13c217e3aea7451dcae308eea2a16a9116da54a22661",
                "47db0f5a96399a298f52aabe49690e1b00fc9cb60b7afb6671becab24f11a7ed",
                "ac483354aa851c1f4c0027bde1414d4c6798937957f04d0f81609193a121be31"
            ],
            "type": "Script",
            "firstPartyCookies": {},
            "firstPartyCookiesSent": {
                "lotame_domain_check": 0.000006781638036851421
            },
            "exampleSites": [
                "www.bdoutdoors.com",
                "www.sarasotamagazine.com",
                "www.inforum.com",
                "hypebae.com",
                "racer.com",
                "www.gpb.org",
                "www.grandforksherald.com",
                "www.winemag.com",
                "cen.acs.org",
                "www.wctrib.com",
                "curltalk.naturallycurly.com",
                "www.horseillustrated.com",
                "www.essence.com",
                "www.wday.com",
                "www.postbulletin.com",
                "www.pdxmonthly.com",
                "www.duluthnewstribune.com",
                "www.seattlemet.com",
                "acs.org",
                "www.bemidjipioneer.com"
            ]
        },
        {
            "rule": "adventive\\.com\\/api\\/stats",
            "cookies": 0.000176,
            "fingerprinting": 0,
            "subdomains": [
                "ads"
            ],
            "apis": {},
            "sites": 26,
            "prevalence": 0.000176,
            "cnames": [],
            "responseHashes": [
                "f4eef8263281c0b26486637831251059757bc3fdc4c3a48045a8ef8646b36e8f"
            ],
            "type": "Image",
            "firstPartyCookies": {},
            "firstPartyCookiesSent": {
                "lotame_domain_check": 0.000006781638036851421
            },
            "exampleSites": [
                "www.winemag.com",
                "www.wday.com",
                "www.horseillustrated.com",
                "www.mitchellrepublic.com",
                "curltalk.naturallycurly.com",
                "www.duluthnewstribune.com",
                "hypebae.com",
                "www.bdoutdoors.com",
                "www.sarasotamagazine.com",
                "www.brainerddispatch.com",
                "www.thefader.com",
                "www.bemidjipioneer.com",
                "www.furnituretoday.com",
                "acs.org",
                "www.padi.com",
                "www.gpb.org",
                "racer.com",
                "www.postbulletin.com",
                "www.grandforksherald.com",
                "www.essence.com"
            ]
        },
        {
            "rule": "adventive\\.com\\/ui\\/img\\/tracker\\.php",
            "cookies": 0,
            "fingerprinting": 0,
            "subdomains": [
                "ads"
            ],
            "apis": {},
            "sites": 3,
            "prevalence": 0.0000203,
            "cnames": [],
            "responseHashes": [
                "1866961a029c65376fefb7f2ba1e6187e09ff50ea58d97dedfd72c197947d002",
                "2fce2feb1cb59a8c53b5b46d1d758949090324d34b2a941a972240d6ccf63db6"
            ],
            "type": "Image",
            "firstPartyCookies": {},
            "firstPartyCookiesSent": {},
            "exampleSites": [
                "naturallycurly.com",
                "hypebae.com",
                "www.essence.com"
            ]
        }
    ],
    "categories": [],
    "performance": {},
    "cookies": 0.000264,
    "topInitiators": [
        {
            "domain": "doubleclick.net",
            "prevalence": 0.5925925925925926
        },
        {
            "domain": "confiant-integrations.net",
            "prevalence": 0.18518518518518517
        },
        {
            "domain": "adventivecdn.com",
            "prevalence": 0.14814814814814814
        },
        {
            "domain": "first party",
            "prevalence": 0.037037037037037035
        },
        {
            "domain": "sascdn.com",
            "prevalence": 0.037037037037037035
        }
    ],
    "types": {
        "Script": 27,
        "Image": 29
    },
    "nameservers": [
        "igor.ns.cloudflare.com",
        "may.ns.cloudflare.com"
    ]
}