{
    "domain": "adventive.com",
    "owner": {
        "name": "Adventive, Inc.",
        "displayName": "Adventive"
    },
    "source": [
        "DuckDuckGo-US"
    ],
    "prevalence": 0.000207,
    "sites": 25,
    "subdomains": [
        "ads"
    ],
    "cnames": [],
    "fingerprinting": 2,
    "resources": [
        {
            "rule": "adventive\\.com\\/ad",
            "cookies": 0.000141,
            "fingerprinting": 1,
            "subdomains": [
                "ads"
            ],
            "apis": {
                "window.name": 7,
                "Screen.prototype.width": 7,
                "Screen.prototype.height": 7,
                "Date.prototype.getTime": 11
            },
            "sites": 17,
            "prevalence": 0.000141,
            "cnames": [],
            "responseHashes": [
                "9c5b37e250ac5083b97651b76fa0a348d9f092ff1be48e44fd273c196267c712",
                "c0c0511a0f1e5a9f98c6302e8b0f1e2bb0d4c80f49c31daf81218e55c50cf647",
                "91b35303b44519737ddecfe03ed92fdcd853129058aa446957442ad038e8198e",
                "b4d920528be7dd3578ce83df92b1d7913a31da124e0682298ecb58c83b02f530",
                "f8e2d5920b0599707e641f7119ca38ecc2e41dd9c5d9203055433d643e647944",
                "e7dc11a2a3a45fdbbb408c9f03beb54c99b215158c194dfe78c2a77cb4037185",
                "5198b0698f453e9011ab0f4937e35e871bd80c9fbf193e3f82f807b820332092",
                "f9f10f44cc1159f1c2faac4c5d3bb6f4b24fb2f569cb6e630ede2fff4992d6ff",
                "47b05deb3ddd658d99c113ddc0b407d6002c3e8ac8035da1f7b2083d1cb938b3",
                "2634cefc1cdd8236e30a581c52506084a3d131a46a6407fd90811a4e01df164d",
                "6cb2497ecf9725c9a5612418b3005b60fd68f5829bb744a3e7b340647cf5052d",
                "7af0f4a8cad126eea5ab6b8794a72e00a71d89dddff84124479f051b93463b22",
                "03c739c27e2d912f59bc8d18c1ee2219c76227f6faa1b319b37f64d11a7a31f5",
                "69d5aa01e4b85c77047e2ebb2e8b2bf73f2dea343cec8cfce057ee8936a5a312",
                "f18efb30c7f2c86089659b8b0a3c24e36f9004a0f92a9a79323c03036d3a8891"
            ],
            "type": "Script",
            "firstPartyCookies": {},
            "firstPartyCookiesSent": {},
            "exampleSites": [
                "acs.org",
                "cen.acs.org",
                "racer.com",
                "wamu.org",
                "wusfnews.wusf.usf.edu",
                "www.bdoutdoors.com",
                "www.durangoherald.com",
                "www.furnituretoday.com",
                "www.gpb.org",
                "www.hobbyfarms.com",
                "www.houstonpublicmedia.org",
                "www.naturallycurly.com",
                "www.newbeauty.com",
                "www.padi.com",
                "www.seattlemet.com",
                "www.thefader.com",
                "www.whowhatwear.com"
            ]
        },
        {
            "rule": "adventive\\.com\\/api\\/stats",
            "cookies": 0.000124,
            "fingerprinting": 0,
            "subdomains": [
                "ads"
            ],
            "apis": {},
            "sites": 16,
            "prevalence": 0.000133,
            "cnames": [],
            "responseHashes": [
                "f4eef8263281c0b26486637831251059757bc3fdc4c3a48045a8ef8646b36e8f"
            ],
            "type": "Image",
            "firstPartyCookies": {},
            "firstPartyCookiesSent": {
                "_schn": 0.0000082917364554485
            },
            "exampleSites": [
                "acs.org",
                "cen.acs.org",
                "racer.com",
                "wamu.org",
                "wusfnews.wusf.usf.edu",
                "www.bdoutdoors.com",
                "www.durangoherald.com",
                "www.furnituretoday.com",
                "www.gpb.org",
                "www.hobbyfarms.com",
                "www.houstonpublicmedia.org",
                "www.naturallycurly.com",
                "www.newbeauty.com",
                "www.padi.com",
                "www.seattlemet.com",
                "www.thefader.com"
            ]
        },
        {
            "rule": "adventive\\.com\\/ui\\/img\\/tracker\\.php",
            "cookies": 0,
            "fingerprinting": 0,
            "subdomains": [
                "ads"
            ],
            "apis": {},
            "sites": 2,
            "prevalence": 0.0000166,
            "cnames": [],
            "responseHashes": [],
            "type": "Image",
            "firstPartyCookies": {},
            "firstPartyCookiesSent": {},
            "exampleSites": [
                "naturallycurly.com",
                "www.newbeauty.com"
            ]
        }
    ],
    "categories": [],
    "performance": {},
    "cookies": 0.000207,
    "topInitiators": [
        {
            "domain": "doubleclick.net",
            "prevalence": 0.7714285714285715
        },
        {
            "domain": "adventivecdn.com",
            "prevalence": 0.14285714285714285
        },
        {
            "domain": "d4el4parm0zb3.cloudfront.net",
            "prevalence": 0.05714285714285714
        },
        {
            "domain": "geoedge.be",
            "prevalence": 0.02857142857142857
        }
    ],
    "types": {
        "Script": 17,
        "Image": 18
    },
    "nameservers": [
        "igor.ns.cloudflare.com",
        "may.ns.cloudflare.com"
    ]
}