{
    "domain": "advertnative.com",
    "owner": {},
    "source": [
        "DuckDuckGo-US"
    ],
    "prevalence": 0.0000881,
    "sites": 13,
    "subdomains": [
        "click"
    ],
    "cnames": [],
    "fingerprinting": 0,
    "resources": [
        {
            "rule": "advertnative\\.com\\/loading\\/",
            "cookies": 0.0000813,
            "fingerprinting": 0,
            "subdomains": [
                "click"
            ],
            "apis": {},
            "sites": 13,
            "prevalence": 0.0000881,
            "cnames": [],
            "responseHashes": [
                "dcd384766e6ec5a208490f16cf36dcb03fe25562b352aaf216df5df2ad8ef599",
                "e0faab631df0c9c58d55bc165aaa17d28ffa24842e3afc04b425c8d5d81edc68",
                "a45d6d01a2d9dd21340e2a8560231d2cb6c702a0819bbf96972b17a9c2cd79b0",
                "468033f510ba133ef1b229ddc6a9fb39465f380526c1dada5a50e1fc88906bbc",
                "2e91c7c83d31e4aa7c351dd1b6e885fe1520070dc90ba2f9c8b49ab042151ddb",
                "608f24fd126c2b9f421d317fa771688161318c5414bbe81d6b7deec85a8a80a5",
                "e3b0c44298fc1c149afbf4c8996fb92427ae41e4649b934ca495991b7852b855",
                "be6f3822ca41b3b2a2f665c6f778fbe907b13476c58af5de22ea8995263fae6e",
                "0a979cd5708129acd4c86a26dd4e6a446c72695e73698706c211964cf418cad0",
                "46a2aa201b13fbeada60bafd5df93c87b2fbb54047173faaab2143a86f4a0630",
                "060f826cd415badeb959c9b073c152d56898ab44d11127ac73dbbf3db696eb70"
            ],
            "type": "Script",
            "firstPartyCookies": {},
            "firstPartyCookiesSent": {},
            "exampleSites": [
                "tempo.co",
                "fajar.co.id",
                "metro.tempo.co",
                "mojok.co",
                "nasional.tempo.co",
                "www.ayocirebon.com",
                "www.ayosemarang.com",
                "www.ayobandung.com",
                "www.hitekno.com",
                "www.idntimes.com",
                "www.matakita.id",
                "www.sewaktu.com",
                "www.tudepoin.com"
            ]
        },
        {
            "rule": "advertnative\\.com\\/storage\\/logo\\/all_an_white_4\\.png",
            "cookies": 0,
            "fingerprinting": 0,
            "subdomains": [],
            "apis": {},
            "sites": 12,
            "prevalence": 0.0000813,
            "cnames": [],
            "responseHashes": [
                "eb0d12d2937d2ddc431cae68c1b3133bf500a838940bf287acb620267e9c7d31"
            ],
            "type": "Image",
            "firstPartyCookies": {},
            "firstPartyCookiesSent": {},
            "exampleSites": [
                "tempo.co",
                "fajar.co.id",
                "metro.tempo.co",
                "mojok.co",
                "nasional.tempo.co",
                "www.ayocirebon.com",
                "www.ayosemarang.com",
                "www.ayobandung.com",
                "www.idntimes.com",
                "www.matakita.id",
                "www.sewaktu.com",
                "www.tudepoin.com"
            ]
        }
    ],
    "categories": [],
    "performance": {},
    "cookies": 0.0000813,
    "topInitiators": [
        {
            "domain": "first party",
            "prevalence": 0.96
        },
        {
            "domain": "doubleclick.net",
            "prevalence": 0.04
        }
    ],
    "types": {
        "Script": 13,
        "Image": 12
    },
    "nameservers": [
        "ns29.domaincontrol.com",
        "ns30.domaincontrol.com"
    ]
}