{
    "domain": "adxpremium.services",
    "owner": {},
    "source": [
        "DuckDuckGo-US"
    ],
    "prevalence": 0.00122,
    "sites": 180,
    "subdomains": [
        "rtb",
        "s333",
        "s2"
    ],
    "cnames": [],
    "fingerprinting": 0,
    "resources": [
        {
            "rule": "adxpremium\\.services\\/openrtb2\\/auction",
            "cookies": 0,
            "fingerprinting": 0,
            "subdomains": [
                "rtb"
            ],
            "apis": {},
            "sites": 102,
            "prevalence": 0.000689,
            "cnames": [],
            "responseHashes": [
                "61bf0cd574d27870f0aa405eb37d6c85896b58733f8b0023e0a2d5a935c23a6a",
                "b5ef7c2997841fbfa870065f9a0bed44b1c8609994c1483e2d354ea1c497b8fd",
                "c70f728edc527eb411c536676d1f52eeffe56007f8c199c94c5747a54c1b1900",
                "fe906ac5eb56067c47664a0bf5be9eaf5fbc18f483c9f676579d16377f573478",
                "0950fb031e5b98a62c5f77961b5d355af4e06e06e47ddf5245dd615f76a9e4a3",
                "c0ddc26ec9f9dc75562768c2076801ff2037702a48b2f82e02b014ce67e6200f",
                "30d4ec4cdbe12f22a643a3f29512e35930b921d203f85daa69fe1be7bd3db17f",
                "b5aa0e73d0c05710c61f843e19cccfe6c5696ee792b4555a15b174d899a841b9",
                "e9e599448ecc82b5c72991e7265ba29704ba75368181a10322fb1fada4c0da60",
                "b1fede98e3c9f8d6ec6a4fcb710be7425faf799012f8f85a2c26bfa0565a68ea",
                "014a79e80d17a8125677d2d8adb0fb55121462905495b5cc0bd7ddc55801d233",
                "1541ccf1f74f01d44d403a1761812d7c2aba066a1d202bafb4afee69c37c44ea",
                "5b158d2c85d9c22f70a99e99980b66e5cf41fd8ccf5351a3e43fe740589d872a",
                "654611f91dd62f36d0d035ef75ac194bcb03c640ed1ba24f77ddbca2b7cd3ee7",
                "1ce1a10857c74ed30e05b53129c12bc17a1be91edad54bc36f07537a816dd301",
                "f4376eabf5f58be4295bf9b120b216c126cb8a524f9d09c53de9b1218b8a4b44",
                "5ab0bec7ca4ce109190cf74504c65ad1503526d48b5271ad395a6426c4fdd7b3",
                "b033ff05c1aa57fc24f2c68d5284ae33b86eecb553a3373bc93f7b537edd75c6",
                "58ba2d214a63ac1ca005739d3048a019323254d9e82761c462c2f6ec39687e29",
                "b6d01ae6f94dbbf6725abb61fa75d7c5df39f470d21a467689f089377afe2cc1",
                "dbbfd9fc8f5646e299726c611ad17e0012947975aee045f6288f545c4d855f50",
                "df29a011eadf05c6da7a7e309da47541cb590b89fe769423f83280d1462ec22c",
                "07e9e4d7a4884e60b05766acafacdd8a16c7c4fc597e33346f17cf105643d4c7",
                "af356dba99b9bab4e7e55a46b43f450b76c6d4790540a88aef19af6ac61987d5",
                "fa0a4f747eb22c69dab41642ffdd447d1052f9f966271649d27638c0e431f444",
                "bed6bbe25cc4013cd1363cc9fec3f45293cefdfe73001bda12f9e0c8c39992e2",
                "4e4171a3c8e918d179907bcda1bcba82d893222dac6460faf92156d7b9d691eb",
                "1c6fae21a75c360d49d2b5132c6df673c7e1bb33bba66351104ac4b0e35983b5",
                "e3c5002aba61d44c2a8f2888b59de3f41d75c4d6f59f65fb8e11f1117a2a50b5",
                "4435a89c97521b357804146d7d466c6dce236fb8438804918cf2a7758f912f94",
                "7ca571d3fff642683a3fd2af0558f9d2ad49247924ccc54c757ed7f0c7f44227",
                "75250fe0fa030a584befc4531545c6c7a901b1c982918034c9576f14fbf2c06c",
                "f20e913c0318f59045e47bcbb6af94fd05801711ee224b4cc5745578401fa722",
                "0ebed77e870366d8a9c51659ff726ac61a0d09f7f4e769b6ead2e2c5404088c5",
                "d9692bcb0cef4bf3d640225a6409def857dc1c666fcba65c78abb8cd5404b70a",
                "17d0f61bfc16b8166aca2ff561359262c0c2e9340e7984a100671adb9b7dfc93",
                "8b2c372eb95c4ab8d1bd0ef8946f77ea82e526b2e1e5d58117457241bf096810",
                "29fd0ea764adac0fa45b8a40aa054102955a6ae324079e88901379661002fd16",
                "b19d733e26ad2a5bd0afad01c009f67a8cf43dee2f6ae8fdd784a6bbb9ad8308",
                "c1501cea771be5e3c6f79c4a92c8c220d4f56241dddd88cf205a5c253cb7417e",
                "d23b8e31d070e94ff0e3f085e3b0bd700cd472a45f0fa653ece892e6c080e1b3",
                "c1f0ac18f8ec132eec6279f5ba5f77a1d87eb89ff3e3c43c367a4fb98b25c88f",
                "078073865f25860f0af82474826c57972fe0dd1a4921878981960fb4fc32d79d",
                "639c3f6873e2d291f2aaf2907f08ef6b2425884e5efd017ef95727e661544827",
                "b33e14cf9b898e737f3dd7a4e6e2fe7a4020f7d800f12411ae234993f28595da",
                "dbd5f0a3bcf3eb688dff74d205ab3c59351555a27fa75331a9112f0b47c96f7e",
                "7d817f2437f3efca0ce11c749d96f787631a05099a4ff3eafefea37c460d128b",
                "a7beda55e6441a32865a8110db5c01c49207114e4907a73b1b378fb05c8ed8c7",
                "87042c9a7160634bc5cc1178caf70fb738d8701e4a82e6b1c24bf8eb35b85cc2",
                "946afe8425d5ca4f2b549d48ddc77415c35acd8aac95c8e48be11d1022e8db44",
                "9b3b484fae1042c1dedd983a0333d0dce2397d460d382cb223c43fae82f3d79c",
                "61d66ce2dd53edad5f389bdae5b665ad4701bb0d5d004ccabf0a1c885f236a90",
                "7955bbf729e1f44656a8a329e48ff61b3241e268f2e358d92c4248d4e7ac745c",
                "59d6bed81c3e84460e52abcc91c695f34a8e939a6b41dc7c4dabe11b54b5a3b3",
                "55114efdd36c60227aac82668eb17043a0c041af35fc0680101c7c98aa640f92",
                "88760ffdbf0bb1fee0c57d569f90c9cdf6799111c5cb764623f1f07e914e3cff",
                "2be71eb4ca444d4ae0d733ee62ff755b05164df9a0080bfb1ac2a9f3b1dbae92",
                "4ab43f844b50dd9bfb4dec33070f89603002747db7cdf205a78500e16c5a814f",
                "9359d42b20992e14c4de086314eb581e3c777d5bcfb427e5c3f57f6273440978",
                "38814e40c6b56446f38d1ff38b5c07be1a6abd094b3ead833f3022e9ac341c7e",
                "51f23fae29a400445e7588e0ac2137020d4d8adbf55a7c58e07f0e94078b52a6",
                "5053672ebcaa480e1e18f0d1c2209f28ceacd2c02ecdc7fdb1849f3aa1a405b6",
                "155cfa0568ff617883529333b930a8c88a2713c7213bb979ccf10f3935cc6658",
                "86be71ab7653773463b4ee59eb8c266b4ebeebf4c3ce990c8fe219a33ee07b23",
                "70e6a1d8b1eeb28ff61bbda63bfcabda84ad8192044170ea6adde69ea429d490",
                "a6cc5e7e035784977d54174a9d90a70a26f6a16549ba7bc640ebecc06e659c72",
                "8ccb5d3e9282cded58c8c219b4a444c35d63a27a0d8952699948fd4ce07ea2d2",
                "ad4d3373d3a61e77c6c6f87e179ff055a678964841d9ce086f65b8f28c56c9b7",
                "7fccba30481387085ebbe2a0c9219ad440da428f42d663f1ff7576b3bc6454a9",
                "bd772a0075d12e4fd75a6eb15edf3baf964c3ecff76dd4b7030ebcb9fc88b8b7",
                "bc20b47829aa3cca9feecf3f5a846e7c2c8eb54530472391b560f38c7cf8139a",
                "495b1cb4c9103a10c9d41ceded5db234ff6ba4b33faf76d939433b069afae177",
                "b17cf1f0a7cb86d20d667faf0c567b97e7403891419149efe862b0df42fe3560",
                "05b9e8d12b91a7ca8eb45358f4736d228fd79615eeca8e455440e9f187c7c2ab"
            ],
            "type": "XHR",
            "firstPartyCookies": {},
            "firstPartyCookiesSent": {},
            "exampleSites": [
                "www.thisisbarry.com",
                "www.baseballamerica.com",
                "www.toyota-4runner.org",
                "samequizy.pl",
                "www.picuki.com",
                "fr.nextews.com",
                "www.greatitalianchefs.com",
                "www.programmersought.com",
                "samfw.com",
                "m.meteo.pl",
                "designyoutrust.com",
                "www.hopculture.com",
                "goodcalculators.com",
                "ets2.lt",
                "balticlivecam.com",
                "lelum.pl",
                "dmcoffee.blog",
                "jadwalnonton.com",
                "wholefoodsmagazine.com",
                "www.polovniautomobili.com"
            ]
        },
        {
            "rule": "adxpremium\\.services\\/setuid",
            "cookies": 0.000554,
            "fingerprinting": 0,
            "subdomains": [
                "rtb"
            ],
            "apis": {},
            "sites": 83,