{
    "domain": "affiliatly.com",
    "owner": {},
    "source": [
        "DuckDuckGo-US"
    ],
    "prevalence": 0.00125,
    "sites": 184,
    "subdomains": [
        "static",
        "www"
    ],
    "cnames": [],
    "fingerprinting": 1,
    "resources": [
        {
            "rule": "affiliatly\\.com\\/bigcommerce\\/v3\\/bigcommerce\\.js",
            "cookies": 0,
            "fingerprinting": 1,
            "subdomains": [
                "static"
            ],
            "apis": {
                "Date.prototype.getTime": 19,
                "Document.cookie getter": 14
            },
            "sites": 20,
            "prevalence": 0.000136,
            "cnames": [],
            "responseHashes": [
                "de92a10dec417fe8d4de9da6a0c91d542eaf8f26a7fd857fbe614cc89f687698",
                "624b2c8410ebd21c22f8d1a6661e1bc766e4a262ce60a96ab053b99f8dd00647",
                "d30b3d7503fd6b33a65f682f919262c05341489647b66440f4df89e0da5880b3",
                "86dea65dc5575c818f8b78bbc12f26983809d2fa82ee6bf37f29ebab5e05c27e",
                "e06a2acc44a338b00516402ccea4217998364a1f4fcb61ed121e48906ef690f0",
                "56bcb2be2e924be8d0052fe3aa09532b448d1558415d33785ebc9796a7b3846b",
                "fa7860fda832992d6b7bace48c571297b446d865e70d722f0029f36e34f53ce4",
                "1ba5f47a116446d34758afe2ec2c3afa563af1b6f24876486b82d9669f62cb72",
                "2879131d452f54e6bcc4e00f603380bb4fc7de618582928ad3aded4cb176bb7b",
                "d567734f235b5634c6144af42dbb87a9be40ffa69d95eb8570d9b762236dc02c",
                "61625b94e7be3f017d8e76a98d86a3f63f1499df41568cd3d1dc2cb1a385dae1",
                "cd70ec5b782b25f623b2d47e6cf193c5b0ecd0aab36738a609f1985ee9859d83",
                "bec1c9aa97f3b97c56afae3f310cd17d3c522769ecef5be2c62b019891f11247",
                "562aa98b138e691c4a26f5c9b3cbe9cac973f28c89c3adf73f19f60f015c6989",
                "4e3e08c4e40fcce7c529554b648f67ee8f70272eb573e945ff3ca99dd54cf34e",
                "f800b15a580350f77f32c2c6d6f078f4b70c15e8aedcd9a424614c1eb89b4f80",
                "ddaf8c85b2c2ba4494cfb3a4f467e320a2ac13c862e5f098a466282a7e368bfb",
                "c75d5168e43d79b10fe711d1925a06288ed2c7f161b946da536c38550c62e775",
                "7c54a90219f7ce54da4847c37178baf020b5ffc06fa436ab2c0cc4f2e69e1dbb"
            ],
            "type": "Script",
            "firstPartyCookies": {},
            "firstPartyCookiesSent": {},
            "exampleSites": [
                "2awarehouse.com",
                "beardedbutchers.com",
                "bladeops.com",
                "eknives.com",
                "houseofknives.ca",
                "legacyfirearmsco.com",
                "lokgrips.com",
                "prima-coffee.com",
                "thompsontee.com",
                "woolery.com",
                "www.80percentarms.com",
                "www.bereli.com",
                "www.buckleguy.com",
                "www.dlttrading.com",
                "www.gopowersports.com",
                "www.homesciencetools.com",
                "www.qualityliquorstore.com",
                "www.simmonssportinggoods.com",
                "www.swampfoxoptics.com",
                "www.vermontflannel.com"
            ]
        },
        {
            "rule": "affiliatly\\.com\\/other_frameworks\\.js",
            "cookies": 0,
            "fingerprinting": 1,
            "subdomains": [
                "www",
                "static"
            ],
            "apis": {
                "Document.cookie getter": 3,
                "Date.prototype.getTime": 2
            },
            "sites": 3,
            "prevalence": 0.0000203,
            "cnames": [],
            "responseHashes": [
                "6ec20c802ff093080a9625e566ab5a31e5882daea53d5a43801092267f0b584f",
                "bcd453f037aba7278312003929e3e86043e4ff480ed7270233deb03d6655ada5"
            ],
            "type": "Script",
            "firstPartyCookies": {},
            "firstPartyCookiesSent": {},
            "exampleSites": [
                "americansexdolls.com",
                "www.botanyfarms.com",
                "www.realmushrooms.com"
            ]
        },
        {
            "rule": "affiliatly\\.com\\/shopify\\/v3\\/shopify\\.js",
            "cookies": 0,
            "fingerprinting": 1,
            "subdomains": [
                "static"
            ],
            "apis": {
                "Date.prototype.getTime": 53,
                "Document.cookie getter": 51
            },
            "sites": 53,
            "prevalence": 0.000359,
            "cnames": [],