{
    "domain": "aimbase.com",
    "owner": {
        "name": "Avala Marketing Group",
        "displayName": "Avala Marketing Group"
    },
    "source": [
        "DuckDuckGo-US"
    ],
    "prevalence": 0.000135,
    "sites": 20,
    "subdomains": [
        "ws"
    ],
    "cnames": [],
    "fingerprinting": 1,
    "resources": [
        {
            "rule": "aimbase\\.com\\/Scripts\\/awa\\.js",
            "cookies": 0.0000811,
            "fingerprinting": 1,
            "subdomains": [
                "ws"
            ],
            "apis": {
                "Document.cookie getter": 12,
                "Date.prototype.getTime": 12,
                "Document.cookie setter": 12
            },
            "sites": 12,
            "prevalence": 0.0000811,
            "cnames": [],
            "responseHashes": [
                "69273deeb9c4f0e843bb0c0b8274d4ece5542e1db5853d2ccf8b76c1c0c60ed4",
                "7fab0bfe7c3bd4b28b140c6d694d52d3cb56726f48ef8fe51472492218eea38e",
                "92e3b621f4e816d95db35c54c52ec0bb418929dfa9b3ad10bdf6e752e4f47089",
                "f10588a705e7721860693bd1b090705076b2dd26df9b7b78a448d72219754522",
                "6b15da1b67ea4bf0aa166fc65cb37fbc9f9230ba28f0b9f8e9ba6ada91c85d60",
                "1d3ee0947ede108881a35905a63294737a98c3c826bb7c4161b01f8b0294303c",
                "30add202aa9dfb47210ae68a62485fcc1adedb75fd25bfd9c6bca9eacf4e4aec",
                "abc499bda5989382ff0ee860f37b425cc3257ee3d41018db24e2b5282f04e5f1",
                "6c60ae285dfe3ba569becb8fb1376c162207e02c296e9e331fe15ef8a5dc530f",
                "fe97d27eb56968a8d1f3824ae1d3da0c849e07cf8aa29a13e6624b8527cd4cf0",
                "ccbf84231861b4a213fcf41958deb2608b3d6889fade5e16eff8fb9b0c40de53"
            ],
            "type": "Script",
            "firstPartyCookies": {
                "Aimbase.Analytics.Session": {
                    "ttl": 1204,
                    "length": 101,
                    "prevalence": 0.0000810953275575439,
                    "uniqueness": 1
                }
            },
            "firstPartyCookiesSent": {},
            "exampleSites": [
                "txtsv.com",
                "arcticcat.txtsv.com",
                "heartlandrvs.com",
                "tiffinmotorhomes.com",
                "www.dutchmen.com",
                "www.entegracoach.com",
                "www.granddesignrv.com",
                "www.keystonerv.com",
                "www.nadaguides.com",
                "www.thormotorcoach.com",
                "www.winnebago.com",
                "www.zeromotorcycles.com"
            ]
        },
        {
            "rule": "aimbase\\.com\\/api\\/pagevisit",
            "cookies": 0,
            "fingerprinting": 0,
            "subdomains": [
                "ws"
            ],
            "apis": {},
            "sites": 12,
            "prevalence": 0.0000811,
            "cnames": [],
            "responseHashes": [
                "07383c96980710a04144e5a39ae59e7f9f74bcfd6462a6932ded48efe6d73bce"
            ],
            "type": "Image",
            "firstPartyCookies": {},
            "firstPartyCookiesSent": {
                "lotame_domain_check": 0.000006757943963128658
            },
            "exampleSites": [
                "txtsv.com",
                "arcticcat.txtsv.com",
                "heartlandrvs.com",
                "tiffinmotorhomes.com",
                "www.dutchmen.com",
                "www.entegracoach.com",
                "www.granddesignrv.com",
                "www.keystonerv.com",
                "www.nadaguides.com",
                "www.thormotorcoach.com",
                "www.winnebago.com",
                "www.zeromotorcycles.com"
            ]
        },
        {
            "rule": "aimbase\\.com\\/api\\/pageaction",
            "cookies": 0,
            "fingerprinting": 0,
            "subdomains": [
                "ws"
            ],
            "apis": {},
            "sites": 3,
            "prevalence": 0.0000203,
            "cnames": [],
            "responseHashes": [
                "07383c96980710a04144e5a39ae59e7f9f74bcfd6462a6932ded48efe6d73bce"
            ],
            "type": "Image",
            "firstPartyCookies": {},
            "firstPartyCookiesSent": {},
            "exampleSites": [
                "txtsv.com",
                "arcticcat.txtsv.com",
                "www.keystonerv.com"
            ]
        }
    ],
    "categories": [],
    "performance": {},
    "cookies": 0.000135,
    "topInitiators": [
        {
            "domain": "first party",
            "prevalence": 0.68
        },
        {
            "domain": "rollick.io",
            "prevalence": 0.2
        },
        {
            "domain": "googletagmanager.com",
            "prevalence": 0.08
        },
        {
            "domain": "jdpower.com",
            "prevalence": 0.04
        }
    ],
    "types": {
        "Script": 12,
        "Image": 15
    },
    "nameservers": [
        "ns59.worldnic.com",
        "ns60.worldnic.com"
    ]
}