{
    "domain": "aimbase.com",
    "owner": {
        "name": "Avala Marketing Group",
        "displayName": "Avala Marketing Group"
    },
    "source": [
        "DuckDuckGo-US"
    ],
    "prevalence": 0.000183,
    "sites": 27,
    "subdomains": [
        "ws",
        "marinemaxfans"
    ],
    "cnames": [],
    "fingerprinting": 1,
    "resources": [
        {
            "rule": "aimbase\\.com\\/Scripts\\/awa\\.js",
            "cookies": 0.0000948,
            "fingerprinting": 1,
            "subdomains": [
                "ws"
            ],
            "apis": {
                "Document.cookie getter": 10,
                "Date.prototype.getTime": 9,
                "Document.cookie setter": 10
            },
            "sites": 14,
            "prevalence": 0.0000948,
            "cnames": [],
            "responseHashes": [
                "ed5847c89200d20cde2dfb55bc16a12b4a3f13ef8ac842ba0e036212370ab07b",
                "2c7042cbb55ddab6f1652b41eab58e6b0a368cc307728fb649fe309df267608a",
                "a6a683b5e0332ecfd6d7fca597537e8b612243c6fc93b3165b64a04aa76250d9",
                "84af0df2413b9c32afaff70b78157f8b2070cedbf37bcfe8400e7e2ced142904",
                "f93f196d57aed99f4d28d4de0d23d33720cdd01070abce9a5acb2958fd7141db",
                "d65cf675e3a570e3f855851f559af3e441ecce21fd28da7cd4330418083e1d6b",
                "ffc016323748b0ee07a4c77c0e3e4f6cc6c1c3bbe29d0ec97a27f8f4d71a5401",
                "3338c33e644cbca4f15470a1110598df5a54c3c2fa903b969d34416833a7bc23",
                "141309f6eaf6cc0a1e9d946cbccd73f089e4a05bf0a53136319df2e28ccce2e0",
                "3e6e771b06ee94e733e1fcfb3b6376048a2ef1ff45d7ee4bbf27290d5ee876e2",
                "42eaa7ea84773067f8f09ef05847318e9ea70266905a6598276e33c6cfa21545",
                "829a3d05ec7828b8074a108a6ba0644f2c844af662361c37e9cd674dc6c1857e",
                "ef001548d1ab7dd31be289d184cfa640597f3ec4b2eaad51b1e22cd76f30f275"
            ],
            "type": "Script",
            "firstPartyCookies": {
                "Aimbase.Analytics.Session": {
                    "ttl": 1202,
                    "length": 101,
                    "prevalence": 0.00006772360641748894,
                    "uniqueness": 1
                }
            },
            "firstPartyCookiesSent": {},
            "exampleSites": [
                "txtsv.com",
                "arcticcat.txtsv.com",
                "heartlandrvs.com",
                "tiffinmotorhomes.com",
                "www.campersinn.com",
                "www.dutchmen.com",
                "www.entegracoach.com",
                "www.exploreusa.com",
                "www.granddesignrv.com",
                "www.keystonerv.com",
                "www.pleasurelandrv.com",
                "www.thormotorcoach.com",
                "www.winnebago.com",
                "www.zeromotorcycles.com"
            ]
        },
        {
            "rule": "aimbase\\.com\\/api\\/pagevisit",
            "cookies": 0,
            "fingerprinting": 0,
            "subdomains": [
                "ws"
            ],
            "apis": {},
            "sites": 14,
            "prevalence": 0.0000948,
            "cnames": [],
            "responseHashes": [
                "07383c96980710a04144e5a39ae59e7f9f74bcfd6462a6932ded48efe6d73bce"
            ],
            "type": "Image",
            "firstPartyCookies": {},
            "firstPartyCookiesSent": {},
            "exampleSites": [
                "txtsv.com",
                "arcticcat.txtsv.com",
                "heartlandrvs.com",
                "tiffinmotorhomes.com",
                "www.campersinn.com",
                "www.dutchmen.com",
                "www.entegracoach.com",
                "www.exploreusa.com",
                "www.granddesignrv.com",
                "www.keystonerv.com",
                "www.pleasurelandrv.com",
                "www.thormotorcoach.com",
                "www.winnebago.com",
                "www.zeromotorcycles.com"
            ]
        },
        {
            "rule": "aimbase\\.com\\/api\\/pageaction",
            "cookies": 0,
            "fingerprinting": 0,
            "subdomains": [
                "ws"
            ],
            "apis": {},
            "sites": 6,
            "prevalence": 0.0000406,
            "cnames": [],
            "responseHashes": [
                "07383c96980710a04144e5a39ae59e7f9f74bcfd6462a6932ded48efe6d73bce"
            ],
            "type": "Image",
            "firstPartyCookies": {},
            "firstPartyCookiesSent": {},
            "exampleSites": [
                "txtsv.com",
                "arcticcat.txtsv.com",
                "www.exploreusa.com",
                "www.keystonerv.com",
                "www.winnebago.com",
                "www.zeromotorcycles.com"
            ]
        },
        {
            "rule": "aimbase\\.com\\/scripts\\/reviewwidget\\.js",
            "cookies": 0,
            "fingerprinting": 0,
            "subdomains": [
                "marinemaxfans"
            ],
            "apis": {},
            "sites": 2,
            "prevalence": 0.0000135,
            "cnames": [],
            "responseHashes": [
                "3fde71d652e0019af03dd82384622f12a6b969398233d970b95c25defe179d88"
            ],
            "type": "Script",
            "firstPartyCookies": {},
            "firstPartyCookiesSent": {},
            "exampleSites": [
                "marinemax.com",
                "www.marinemax.com"
            ]
        },
        {
            "rule": "aimbase\\.com\\/content\\/reviewwidget\\.css",
            "cookies": 0,
            "fingerprinting": 0,
            "subdomains": [
                "marinemaxfans"
            ],
            "apis": {},
            "sites": 2,
            "prevalence": 0.0000135,
            "cnames": [],
            "responseHashes": [
                "c057a2386c02eb12728b7542a2dae0af91212fa8e9a37d7618ce4e3097ab0a4f"
            ],
            "type": "Stylesheet",
            "firstPartyCookies": {},
            "firstPartyCookiesSent": {},
            "exampleSites": [
                "marinemax.com",
                "www.marinemax.com"
            ]
        },
        {
            "rule": "aimbase\\.com\\/CSI\\/API\\/ReviewSearch",
            "cookies": 0,
            "fingerprinting": 0,
            "subdomains": [
                "marinemaxfans"
            ],
            "apis": {},
            "sites": 2,
            "prevalence": 0.0000135,
            "cnames": [],
            "responseHashes": [
                "ed8179b0dbed0cf73060fc754764810ae14f7e684ff1e4bc2ce24c1ddce6145b"
            ],
            "type": "XHR",
            "firstPartyCookies": {},
            "firstPartyCookiesSent": {},
            "exampleSites": [
                "marinemax.com",
                "www.marinemax.com"
            ]
        },
        {
            "rule": "aimbase\\.com\\/CSI\\/API\\/ReviewSearch",
            "cookies": 0,
            "fingerprinting": 0,
            "subdomains": [
                "marinemaxfans"
            ],
            "apis": {},
            "sites": 2,
            "prevalence": 0.0000135,
            "cnames": [],
            "responseHashes": [],
            "type": "Preflight",
            "firstPartyCookies": {},
            "firstPartyCookiesSent": {},
            "exampleSites": [
                "marinemax.com",
                "www.marinemax.com"
            ]
        }
    ],
    "categories": [],
    "performance": {},
    "cookies": 0.000169,
    "topInitiators": [
        {
            "domain": "first party",
            "prevalence": 0.46296296296296297
        },
        {
            "domain": "rollick.io",
            "prevalence": 0.42592592592592593
        },
        {
            "domain": "storage.googleapis.com",
            "prevalence": 0.07407407407407407
        },
        {
            "domain": "googletagmanager.com",