{
    "domain": "air.tv",
    "owner": {},
    "source": [
        "DuckDuckGo-US"
    ],
    "prevalence": 0.000147,
    "sites": 19,
    "subdomains": [
        "embed",
        "cdn-sp-s3",
        "events",
        "counts",
        "event-listener"
    ],
    "cnames": [],
    "fingerprinting": 2,
    "resources": [
        {
            "rule": "air\\.tv\\/v1\\/twoview_bootstrap\\.js",
            "cookies": 0,
            "fingerprinting": 1,
            "subdomains": [
                "embed"
            ],
            "apis": {
                "Navigator.prototype.userAgent": 12
            },
            "sites": 12,
            "prevalence": 0.000093,
            "cnames": [],
            "responseHashes": [
                "a94ab61b382e0618c146aab50bd6e41b75a253d0e2faff34345d9db0abacaa8e",
                "4ad45ee3885cb1ce072e9c238b9e67eb759b2ab4515bdd30807309789d467fb8",
                "dee11c0c54933b0836a6aa42c56ab0fec9642542acda10abf7537edb1ac2fb08",
                "202da3abc0a5bccf2d1718f206d56b269a708d13e1d1e41f2d3f5fe41442ccbd",
                "226adf90944d83b2d92bff3c2724a5522e6ed4e432ca5a9089e5af2aabe0442d",
                "38209dbe422978a2bf7b2fbb96bc4935ac9c89de877999b54ba00c375b65a81e",
                "2fb4617bc1f9b79859fda3a3f6a5e77e466d3d0acb3d1229b63cb50f1e6f249f",
                "1d522f6ddaacb51f503061689846c99811f91edb4121066850404f45c4208f29",
                "6b9aa1151187710eafd28884e757d2aa107a4075d15bc2be12649026781b6fd8",
                "d95ef2740de3f60c8a08ddbb8ce60348c3421b828de9de4aa29dcd82bbcc3d2b",
                "e0ce7692c68e93dedf5c99465f6a0e842e9dffd8e2b78fceba68184d1a04533a"
            ],
            "type": "Script",
            "firstPartyCookies": {},
            "firstPartyCookiesSent": {},
            "exampleSites": [
                "didyouknowfacts.com",
                "hiphopdx.com",
                "homehacks.co",
                "meaww.com",
                "theclemsoninsider.com",
                "themindcircle.com",
                "www.americanthinker.com",
                "www.godtube.com",
                "www.godupdates.com",
                "www.goodnewsnetwork.org",
                "www.ranker.com",
                "www.weaselzippers.us"
            ]
        },
        {
            "rule": "air\\.tv\\/airtv\\.js\\/v\\/2022-07-07_07-15-41\\/twoview-1\\.0\\.js",
            "cookies": 0,
            "fingerprinting": 1,
            "subdomains": [
                "cdn-sp-s3"
            ],
            "apis": {
                "Navigator.prototype.userAgent": 12,
                "window.localStorage": 12
            },
            "sites": 12,
            "prevalence": 0.000093,
            "cnames": [],
            "responseHashes": [
                "eb579429c41817bd817305acdadb5e21ca7eca69c30584fb591a3a67066faec2"
            ],
            "type": "Script",
            "firstPartyCookies": {},
            "firstPartyCookiesSent": {},
            "exampleSites": [
                "didyouknowfacts.com",
                "hiphopdx.com",
                "homehacks.co",
                "meaww.com",
                "theclemsoninsider.com",
                "themindcircle.com",
                "www.americanthinker.com",
                "www.godtube.com",
                "www.godupdates.com",
                "www.goodnewsnetwork.org",
                "www.ranker.com",
                "www.weaselzippers.us"
            ]
        },
        {
            "rule": "air\\.tv\\/script-loads",
            "cookies": 0,
            "fingerprinting": 0,
            "subdomains": [
                "events"
            ],
            "apis": {},
            "sites": 12,
            "prevalence": 0.000093,
            "cnames": [],
            "responseHashes": [],
            "type": "Preflight",
            "firstPartyCookies": {},
            "firstPartyCookiesSent": {},
            "exampleSites": [
                "didyouknowfacts.com",
                "hiphopdx.com",
                "homehacks.co",
                "meaww.com",
                "theclemsoninsider.com",
                "themindcircle.com",
                "www.americanthinker.com",
                "www.godtube.com",
                "www.godupdates.com",
                "www.goodnewsnetwork.org",
                "www.ranker.com",
                "www.weaselzippers.us"
            ]
        },
        {
            "rule": "air\\.tv\\/script-loads",
            "cookies": 0,
            "fingerprinting": 0,
            "subdomains": [
                "events"
            ],
            "apis": {},
            "sites": 12,
            "prevalence": 0.000093,
            "cnames": [],
            "responseHashes": [
                "e3b0c44298fc1c149afbf4c8996fb92427ae41e4649b934ca495991b7852b855"
            ],
            "type": "XHR",
            "firstPartyCookies": {},
            "firstPartyCookiesSent": {},
            "exampleSites": [
                "didyouknowfacts.com",
                "hiphopdx.com",
                "homehacks.co",
                "meaww.com",
                "theclemsoninsider.com",
                "themindcircle.com",
                "www.americanthinker.com",
                "www.godtube.com",
                "www.godupdates.com",
                "www.goodnewsnetwork.org",
                "www.ranker.com",
                "www.weaselzippers.us"
            ]
        },
        {
            "rule": "air\\.tv\\/airtv\\.js\\/v\\/2022-07-07_07-15-41\\/airtv-2\\.0\\.js",
            "cookies": 0,
            "fingerprinting": 2,
            "subdomains": [
                "cdn-sp-s3"
            ],
            "apis": {
                "Navigator.prototype.userAgent": 2,
                "Navigator.prototype.maxTouchPoints": 2,
                "Navigator.prototype.languages": 2,
                "HTMLMediaElement.prototype.canPlayType": 2,
                "MediaSource.isTypeSupported": 2,
                "PerformanceTiming.prototype.navigationStart": 2,
                "Navigator.prototype.product": 2,
                "URL.createObjectURL": 2,
                "window.localStorage": 2,
                "Event.prototype.timeStamp": 2
            },
            "sites": 2,
            "prevalence": 0.0000155,
            "cnames": [],
            "responseHashes": [
                "a4bef2a84f7bde59969b89710bdfc3b08dba420e765d3d8f1c7f6747f63fe6c5"
            ],
            "type": "Script",
            "firstPartyCookies": {},
            "firstPartyCookiesSent": {},
            "exampleSites": [
                "bizpacreview.com",
                "www.godupdates.com"
            ]
        },
        {
            "rule": "air\\.tv\\/airtv\\.js\\/v\\/2022-07-07_07-15-41\\/atv4\\.min\\.css",
            "cookies": 0,
            "fingerprinting": 0,
            "subdomains": [
                "cdn-sp-s3"
            ],
            "apis": {},
            "sites": 2,
            "prevalence": 0.0000155,
            "cnames": [],
            "responseHashes": [
                "4d734727613732ac385c8829eeeda53e87b59d4248e440270f8ac5d8f9352c50"
            ],
            "type": "Stylesheet",
            "firstPartyCookies": {},
            "firstPartyCookiesSent": {},
            "exampleSites": [
                "bizpacreview.com",
                "www.godupdates.com"
            ]
        },
        {
            "rule": "air\\.tv\\/airtv\\.js\\/v\\/2022-07-07_07-15-41\\/prebid\\.js",
            "cookies": 0,
            "fingerprinting": 1,
            "subdomains": [
                "cdn-sp-s3"
            ],
            "apis": {
                "Navigator.prototype.userAgent": 2,
                "Navigator.prototype.cookieEnabled": 2,
                "window.sessionStorage": 2,
                "Date.prototype.getTime": 2,
                "window.localStorage": 2,
                "Document.cookie getter": 2
            },
            "sites": 2,
            "prevalence": 0.0000155,