{
    "domain": "air.tv",
    "owner": {},
    "source": [
        "DuckDuckGo-US"
    ],
    "prevalence": 0.000129,
    "sites": 19,
    "subdomains": [
        "embed",
        "cdn-sp-s3",
        "events",
        "event-listener",
        "counts"
    ],
    "cnames": [],
    "fingerprinting": 1,
    "resources": [
        {
            "rule": "air\\.tv\\/v1\\/twoview_bootstrap\\.js",
            "cookies": 0,
            "fingerprinting": 1,
            "subdomains": [
                "embed"
            ],
            "apis": {
                "Navigator.prototype.userAgent": 11
            },
            "sites": 12,
            "prevalence": 0.0000813,
            "cnames": [],
            "responseHashes": [
                "a94ab61b382e0618c146aab50bd6e41b75a253d0e2faff34345d9db0abacaa8e",
                "e2d08bff31974222d5e821837ae91e416077964431d381768b94c8eab42f7dc8",
                "3bef53e7e638dd5195593693c27e6b3bb515299862e29807a5dc380a8d73438b",
                "fe110a7c6f94244f1f29c4d217a394ddb9f3fe19966bead2ebe6f8975196a580",
                "226adf90944d83b2d92bff3c2724a5522e6ed4e432ca5a9089e5af2aabe0442d",
                "67b172f8e120a490085b3c524da4f3daca29566815175adf59ffd155e24b5a5f",
                "0fd3116a0854aa3de47a92ce49d4b30ccf087a00bd8f67e83d3a5288be390784",
                "41885eb0fc4cf17cb7be463dd8849be7f9000ad024aa6559f6af4e52092f138f",
                "6b9aa1151187710eafd28884e757d2aa107a4075d15bc2be12649026781b6fd8",
                "d95ef2740de3f60c8a08ddbb8ce60348c3421b828de9de4aa29dcd82bbcc3d2b",
                "45e3584989249072dc7f2d0009271bc0d4c7fb6d8ae45f239af5e8de9c2174c7"
            ],
            "type": "Script",
            "firstPartyCookies": {},
            "firstPartyCookiesSent": {},
            "exampleSites": [
                "didyouknowfacts.com",
                "hiphopdx.com",
                "homehacks.co",
                "meaww.com",
                "theclemsoninsider.com",
                "themindcircle.com",
                "www.americanthinker.com",
                "www.godtube.com",
                "www.godupdates.com",
                "www.goodnewsnetwork.org",
                "www.ranker.com",
                "www.weaselzippers.us"
            ]
        },
        {
            "rule": "air\\.tv\\/airtv\\.js\\/v\\/2022-07-07_07-15-41\\/twoview-1\\.0\\.js",
            "cookies": 0,
            "fingerprinting": 1,
            "subdomains": [
                "cdn-sp-s3"
            ],
            "apis": {
                "Navigator.prototype.userAgent": 12,
                "window.localStorage": 12
            },
            "sites": 12,
            "prevalence": 0.0000813,
            "cnames": [],
            "responseHashes": [
                "eb579429c41817bd817305acdadb5e21ca7eca69c30584fb591a3a67066faec2"
            ],
            "type": "Script",
            "firstPartyCookies": {},
            "firstPartyCookiesSent": {},
            "exampleSites": [
                "didyouknowfacts.com",
                "hiphopdx.com",
                "homehacks.co",
                "meaww.com",
                "theclemsoninsider.com",
                "themindcircle.com",
                "www.americanthinker.com",
                "www.godtube.com",
                "www.godupdates.com",
                "www.goodnewsnetwork.org",
                "www.ranker.com",
                "www.weaselzippers.us"
            ]
        },
        {
            "rule": "air\\.tv\\/script-loads",
            "cookies": 0,
            "fingerprinting": 0,
            "subdomains": [
                "events"
            ],
            "apis": {},
            "sites": 12,
            "prevalence": 0.0000813,
            "cnames": [],
            "responseHashes": [],
            "type": "Preflight",
            "firstPartyCookies": {},
            "firstPartyCookiesSent": {},
            "exampleSites": [
                "didyouknowfacts.com",
                "hiphopdx.com",
                "homehacks.co",
                "meaww.com",
                "theclemsoninsider.com",
                "themindcircle.com",
                "www.americanthinker.com",
                "www.godtube.com",
                "www.godupdates.com",
                "www.goodnewsnetwork.org",
                "www.ranker.com",
                "www.weaselzippers.us"
            ]
        },
        {
            "rule": "air\\.tv\\/script-loads",
            "cookies": 0,
            "fingerprinting": 0,
            "subdomains": [
                "events"
            ],
            "apis": {},
            "sites": 12,
            "prevalence": 0.0000813,
            "cnames": [],
            "responseHashes": [
                "e3b0c44298fc1c149afbf4c8996fb92427ae41e4649b934ca495991b7852b855"
            ],
            "type": "XHR",
            "firstPartyCookies": {},
            "firstPartyCookiesSent": {},
            "exampleSites": [
                "didyouknowfacts.com",
                "hiphopdx.com",
                "homehacks.co",
                "meaww.com",
                "theclemsoninsider.com",
                "themindcircle.com",
                "www.americanthinker.com",
                "www.godtube.com",
                "www.godupdates.com",
                "www.goodnewsnetwork.org",
                "www.ranker.com",
                "www.weaselzippers.us"
            ]
        },
        {
            "rule": "air\\.tv\\/social-embed-loads",
            "cookies": 0,
            "fingerprinting": 0,
            "subdomains": [
                "events"
            ],
            "apis": {},
            "sites": 5,
            "prevalence": 0.0000339,
            "cnames": [],
            "responseHashes": [],
            "type": "Preflight",
            "firstPartyCookies": {},
            "firstPartyCookiesSent": {},
            "exampleSites": [
                "hiphopdx.com",
                "meaww.com",
                "www.godtube.com",
                "www.godupdates.com",
                "www.weaselzippers.us"
            ]
        },
        {
            "rule": "air\\.tv\\/social-embed-loads",
            "cookies": 0,
            "fingerprinting": 0,
            "subdomains": [
                "events"
            ],
            "apis": {},
            "sites": 5,
            "prevalence": 0.0000339,
            "cnames": [],
            "responseHashes": [
                "e3b0c44298fc1c149afbf4c8996fb92427ae41e4649b934ca495991b7852b855"
            ],
            "type": "XHR",
            "firstPartyCookies": {},
            "firstPartyCookiesSent": {},
            "exampleSites": [
                "hiphopdx.com",
                "meaww.com",
                "www.godtube.com",
                "www.godupdates.com",
                "www.weaselzippers.us"
            ]
        },
        {
            "rule": "air\\.tv\\/v1\\/youtube_embed",
            "cookies": 0,
            "fingerprinting": 0,
            "subdomains": [
                "embed"
            ],
            "apis": {},
            "sites": 4,
            "prevalence": 0.0000271,
            "cnames": [],
            "responseHashes": [
                "e3b0c44298fc1c149afbf4c8996fb92427ae41e4649b934ca495991b7852b855",
                "089eb59bd441645a979a8ad85fae6eeed4bf85f2b9462ce73e512f512bce93f1"
            ],
            "type": "XHR",
            "firstPartyCookies": {},
            "firstPartyCookiesSent": {},
            "exampleSites": [
                "hiphopdx.com",
                "www.godtube.com",
                "www.godupdates.com",
                "www.weaselzippers.us"
            ]
        },
        {
            "rule": "air\\.tv\\/player-loads",
            "cookies": 0,
            "fingerprinting": 0,
            "subdomains": [
                "events"
            ],
            "apis": {},
            "sites": 3,
            "prevalence": 0.0000203,
            "cnames": [],