{
    "domain": "altmetric.com",
    "owner": {},
    "source": [
        "DuckDuckGo-US"
    ],
    "prevalence": 0.000292,
    "sites": 43,
    "subdomains": [
        "badges",
        "api"
    ],
    "cnames": [],
    "fingerprinting": 0,
    "resources": [
        {
            "rule": "altmetric\\.com\\/",
            "cookies": 0,
            "fingerprinting": 0,
            "subdomains": [
                "badges"
            ],
            "apis": {},
            "sites": 27,
            "prevalence": 0.000183,
            "cnames": [],
            "responseHashes": [
                "ad22c98e5965d7a34a375a2e4328f13ba3c4a3436cbea2b9f080301f5b81563b",
                "81cc56ee78e440396cd44702283f46bdce4b32183a05ab20bc280bb673b45938",
                "cd64291340eb879eaf2b8a68c37efdc232c90829f032f1af2cab2cbbadcb4b04",
                "618567cf15ccba0c784fed6502e0ec5e451f05946e945f9d73bb1a05247f739c",
                "cf28db45e51be06ca2322321cd34295e6cce96121e4a272edddccada80bd0fcc",
                "4138b956ae26c73bb095893db293710fc6a48c545645364dd4758f5281a5d170",
                "135bc394b8bc8a98d951d48399272b2bb19332db10dfbf01570dde7b7d01b8a9",
                "ca9b1a86f0a239c3299c8c2ac3fe3de456c43a3a0ce24feb9ed2d9ad8f6820df",
                "8282d3a0a986261ebbb5924750210a6db6e81e5721b06917a97c99a02e0519de",
                "946c31f2800e4205c27ecdfb8ee28a1df555f6291286857bc3939ac764c7ef1d",
                "b8230875abf34c363a71ff6c35f1edee0199011211108674702616014df90591",
                "7b28ff70e4f82f039cf1bdd2830912e5544245391d21f93f295e579e368acb92",
                "d2c44b1fee468309995270eadf2ff7a0dba1bcaba2f97ed5d9254dc75854e865",
                "979303d38dbee556472f21c848f5a7116410faa0fc91d4d0331248b40f6ef0e7",
                "bbc9aed5005171999edb06bd21bfc467d2aac766d6358f8fb5823f40dee1429d",
                "f2ab1e9adaa68cc98f3c496d2f86d9fcd6d0212492d111a5ca1902e52a9413ef",
                "0f2890108fe91333a0b036ea598c5fdfbc9823adb693a55f2b6168d1d219f788",
                "9ead338d2b86211efd3a0c12398578828d370d8d6753db76a7b4b27c51fee811",
                "377020e58b97b3f85645e7f22805d411c69157ce0e04a85cfa94c56b28e91ec7",
                "58572b92b8ab9016fac235f528eff5b03db181ba652f515e05f6c6e2410061b8",
                "4279ecc4cc9233d81c8283b1e0f3648e6bef7ba8e28986ff3ee4eee469976b22",
                "16d897b401427a204ae66b1b2104d4cd0fa8b659af8b17bd3eb939b6f987ed3a",
                "61404a1e5b8ca84de5d1507b82b82c1fb8b36c5c31c08a8e64f7958a2b1acceb",
                "a010807846044a1958201c5ce19508a00a5d4c28f08e8819d531621ba648fd6d",
                "2199d3792f01180e7a35f2d8e93fdb9727f8000b0d5f0c09fbe35ff9f439bb4f",
                "14ed315bc705ab2b9d34397c68a7f84d9371c5c60def9f4884210e41a4fcdbac"
            ],
            "type": "Image",
            "firstPartyCookies": {},
            "firstPartyCookiesSent": {},
            "exampleSites": [
                "research.vu.nl",
                "www.frontiersin.org",
                "www.pnas.org",
                "scholars.duke.edu",
                "www.science.org",
                "experts.umn.edu",
                "www.intechopen.com",
                "royalsocietypublishing.org",
                "meridian.allenpress.com",
                "www.tandfonline.com",
                "diabetesjournals.org",
                "physicstoday.scitation.org",
                "ashpublications.org",
                "www.mdpi.com",
                "www.nature.com",
                "pubs.rsna.org",
                "read.dukeupress.edu",
                "journals.physiology.org",
                "pubs.asahq.org",
                "ajp.psychiatryonline.org"
            ]
        },
        {
            "rule": "altmetric\\.com\\/v1\\/doi\\/10\\.1371\\/journal\\.pone\\.0225931",
            "cookies": 0,
            "fingerprinting": 0,
            "subdomains": [
                "api"
            ],
            "apis": {},
            "sites": 2,
            "prevalence": 0.0000136,
            "cnames": [],
            "responseHashes": [
                "47f003aa67c4c045276323f02368d91f261f1e62808a557348d9767e19fe3b0f"
            ],
            "type": "XHR",
            "firstPartyCookies": {},
            "firstPartyCookiesSent": {},
            "exampleSites": [
                "plos.org",
                "journals.plos.org"
            ]
        }
    ],
    "categories": [],
    "performance": {},
    "cookies": 0,
    "topInitiators": [
        {
            "domain": "d1bxh8uas1mnw7.cloudfront.net",
            "prevalence": 0.8564356435643564
        },
        {
            "domain": "first party",
            "prevalence": 0.12376237623762376
        },
        {
            "domain": "osano.com",
            "prevalence": 0.01485148514851485
        },
        {
            "domain": "cookielaw.org",
            "prevalence": 0.0049504950495049506
        }
    ],
    "types": {
        "Image": 27,
        "XHR": 2
    },
    "nameservers": [
        "elaine.ns.cloudflare.com",
        "ruben.ns.cloudflare.com"
    ]
}