{
    "domain": "amica.com",
    "owner": {
        "name": "Amica Mutual Insurance Company",
        "displayName": "Amica Mutual Insurance Company"
    },
    "source": [
        "DuckDuckGo-US"
    ],
    "prevalence": 0.0000465,
    "sites": 6,
    "subdomains": [
        "s.up"
    ],
    "cnames": [],
    "fingerprinting": 3,
    "resources": [
        {
            "rule": "amica\\.com\\/2\\/299135\\/clear\\.js",
            "cookies": 0,
            "fingerprinting": 0,
            "subdomains": [
                "s.up"
            ],
            "apis": {},
            "sites": 6,
            "prevalence": 0.0000465,
            "cnames": [],
            "responseHashes": [
                "11f8ad3ad7a815e6a07f075ef0e242fa9d5e1e6064b89debd2227afa61bd8fdb",
                "f32ff844c14372463b306f326d9b4b8ebaa5d5cab486ba8236ca364f171247e0",
                "842a1212b0cc95565b530f2485f6f4ae770d23df58b89058d7e51921c2ae0594",
                "52b6aaf1842159f229cfc1e918f21da4c004b0176f60e1a8880d8bf1ea773407",
                "07600409001d3e825b382adafdfa3611dbb6c5932af6aaca65ab9b3e7e4aad76"
            ],
            "type": "Script",
            "firstPartyCookies": {},
            "firstPartyCookiesSent": {
                "lotame_domain_check": 0.000031016648185913786,
                "_li_dcdm_c": 0.000046524972278870686,
                "_dor": 0.000015508324092956893,
                "muuid_origin": 0.000007754162046478447
            },
            "exampleSites": [
                "brides.com",
                "www.brides.com",
                "www.dailypaws.com",
                "www.eatingwell.com",
                "www.lifewire.com",
                "www.tripsavvy.com"
            ]
        },
        {
            "rule": "amica\\.com\\/2\\/2\\.88\\.0\\/299135\\/Acq3MpcXBMoN8kTc\\/postback",
            "cookies": 0,
            "fingerprinting": 0,
            "subdomains": [
                "s.up"
            ],
            "apis": {},
            "sites": 2,
            "prevalence": 0.0000155,
            "cnames": [],
            "responseHashes": [],
            "type": "XHR",
            "firstPartyCookies": {},
            "firstPartyCookiesSent": {
                "lotame_domain_check": 0.000015508324092956893,
                "_li_dcdm_c": 0.000015508324092956893
            },
            "exampleSites": [
                "brides.com",
                "www.brides.com"
            ]
        },
        {
            "rule": "amica\\.com\\/2\\/2\\.88\\.0\\/main\\.js",
            "cookies": 0,
            "fingerprinting": 3,
            "subdomains": [
                "s.up"
            ],
            "apis": {
                "Navigator.prototype.vendor": 6,
                "Navigator.prototype.userAgent": 6,
                "Performance.prototype.memory": 5,
                "window.devicePixelRatio": 5,
                "window.name": 5,
                "console.memory": 5,
                "window.localStorage": 5,
                "Navigator.prototype.appCodeName": 5,
                "Navigator.prototype.languages": 5,
                "Navigator.prototype.onLine": 5,
                "Navigator.prototype.webdriver": 4,
                "Navigator.prototype.mediaDevices": 5,
                "Navigator.prototype.hardwareConcurrency": 5,
                "Navigator.prototype.deviceMemory": 5,
                "Navigator.prototype.plugins": 5,
                "window.innerWidth": 5,
                "window.innerHeight": 5,
                "Screen.prototype.availWidth": 5,
                "Screen.prototype.availHeight": 5,
                "Screen.prototype.width": 5,
                "Screen.prototype.height": 5,
                "Screen.prototype.colorDepth": 5,
                "Screen.prototype.pixelDepth": 5,
                "Screen.prototype.availLeft": 5,
                "Screen.prototype.availTop": 5,
                "Screen.prototype.orientation": 5,
                "window.screenX": 5,
                "window.screenY": 5,
                "window.screenLeft": 5,
                "window.screenTop": 5,
                "Navigator.prototype.platform": 5,
                "Navigator.prototype.maxTouchPoints": 5,
                "BarProp.prototype.visible": 5,
                "window.outerHeight": 5,
                "window.outerWidth": 5,
                "Navigator.prototype.connection": 5,
                "Date.prototype.getTime": 5,
                "Date.prototype.getTimezoneOffset": 5,
                "Intl.DateTimeFormat.prototype.resolvedOptions": 5,
                "Navigator.prototype.permissions": 1
            },
            "sites": 6,
            "prevalence": 0.0000465,
            "cnames": [],
            "responseHashes": [
                "bf9f723c8119c017afec425fdbe058bd4404e0c5853ff4a72164449d8507a210"
            ],
            "type": "Script",
            "firstPartyCookies": {},
            "firstPartyCookiesSent": {},
            "exampleSites": [
                "brides.com",
                "www.brides.com",
                "www.dailypaws.com",
                "www.eatingwell.com",
                "www.lifewire.com",
                "www.tripsavvy.com"
            ]
        },
        {
            "rule": "amica\\.com\\/2\\/2\\.88\\.0\\/299135\\/Acq3MsUSBMpUFu5f\\/postback",
            "cookies": 0,
            "fingerprinting": 0,
            "subdomains": [
                "s.up"
            ],
            "apis": {},
            "sites": 2,
            "prevalence": 0.0000155,
            "cnames": [],
            "responseHashes": [],
            "type": "XHR",
            "firstPartyCookies": {},
            "firstPartyCookiesSent": {
                "lotame_domain_check": 0.000015508324092956893,
                "_li_dcdm_c": 0.000015508324092956893
            },
            "exampleSites": [
                "brides.com",
                "www.brides.com"
            ]
        },
        {
            "rule": "amica\\.com\\/2\\/2\\.88\\.0\\/299135\\/AcsR7KYDBZHFyyxW\\/postback",
            "cookies": 0,
            "fingerprinting": 0,
            "subdomains": [
                "s.up"
            ],
            "apis": {},
            "sites": 2,
            "prevalence": 0.0000155,
            "cnames": [],
            "responseHashes": [],
            "type": "XHR",
            "firstPartyCookies": {},
            "firstPartyCookiesSent": {
                "_li_dcdm_c": 0.000015508324092956893,
                "_dor": 0.000015508324092956893
            },
            "exampleSites": [
                "dailypaws.com",
                "www.dailypaws.com"
            ]
        },
        {
            "rule": "amica\\.com\\/2\\/2\\.88\\.0\\/299135\\/AcsR7AcRBAPhwq0X\\/postback",
            "cookies": 0,
            "fingerprinting": 0,
            "subdomains": [
                "s.up"
            ],
            "apis": {},
            "sites": 2,
            "prevalence": 0.0000155,
            "cnames": [],
            "responseHashes": [],
            "type": "XHR",
            "firstPartyCookies": {},
            "firstPartyCookiesSent": {
                "_li_dcdm_c": 0.000015508324092956893,
                "_dor": 0.000015508324092956893
            },
            "exampleSites": [
                "dailypaws.com",
                "www.dailypaws.com"
            ]
        },
        {
            "rule": "amica\\.com\\/2\\/2\\.88\\.0\\/299135\\/Acqx9FcIBZOj2TqN\\/postback",
            "cookies": 0,
            "fingerprinting": 0,
            "subdomains": [
                "s.up"
            ],
            "apis": {},
            "sites": 2,
            "prevalence": 0.0000155,
            "cnames": [],
            "responseHashes": [],
            "type": "XHR",
            "firstPartyCookies": {},
            "firstPartyCookiesSent": {
                "muuid_origin": 0.000015508324092956893,
                "_li_dcdm_c": 0.000015508324092956893,