{
    "domain": "amplifiedcdn.com",
    "owner": {},
    "source": [
        "DuckDuckGo-US"
    ],
    "prevalence": 0.000115,
    "sites": 17,
    "subdomains": [
        "cks3",
        "api.1"
    ],
    "cnames": [],
    "fingerprinting": 1,
    "resources": [
        {
            "rule": "amplifiedcdn\\.com\\/ckjs\\.production\\.min\\.js",
            "cookies": 0,
            "fingerprinting": 1,
            "subdomains": [
                "cks3"
            ],
            "apis": {
                "window.localStorage": 9,
                "Navigator.prototype.userAgent": 9,
                "Date.prototype.getTime": 9
            },
            "sites": 9,
            "prevalence": 0.000061,
            "cnames": [],
            "responseHashes": [
                "fc31338b2d78dcbc1da3ccc75f14a2786c9a6cd45cd51b767a4106d1f58ed430"
            ],
            "type": "Script",
            "firstPartyCookies": {},
            "firstPartyCookiesSent": {},
            "exampleSites": [
                "department56.com",
                "headphones.com",
                "jimshore.com",
                "pellet-stove-parts-4less.com",
                "wildwestliving.com",
                "www.allparts.com",
                "www.jeepworld.com",
                "www.maxpedition.com",
                "www.outerknown.com"
            ]
        },
        {
            "rule": "amplifiedcdn\\.com\\/micro\\/api\\/sites",
            "cookies": 0,
            "fingerprinting": 0,
            "subdomains": [
                "api.1"
            ],
            "apis": {},
            "sites": 9,
            "prevalence": 0.000061,
            "cnames": [],
            "responseHashes": [
                "69b8fc6754865dd3ca1f43b90385a65a401df07187bc84e99d48aaeae03a8fea",
                "0c3aa2ba18321c93372d5f120a730aae75f27e5914d22f2689c56e165d0fc0bf",
                "d4fe5eff13e9dfa326ae5178828f1f47006d48ac78e6a5ae49dd19563ff7d13c",
                "20dbcb74d9765e6821246a1dc7312c74e9ae401f55a7f1be55583da0c37199ab",
                "885c205ac72aa99be149736603fe139939cd61937fdc99d15acfbfb06be878f3",
                "c40488e5fc9db14ee91e5253f4c1184e96c4da0efa45a2d6d948d25625040c0d",
                "4ad07d1007999dec0cd9215ac096b6e95397cd295c0cbd7320e2de112fa4358d",
                "c154c8504b839b183d7bce7eaf9220c8babca5bb6556e71355a5fa772318a283"
            ],
            "type": "XHR",
            "firstPartyCookies": {},
            "firstPartyCookiesSent": {},
            "exampleSites": [
                "department56.com",
                "headphones.com",
                "jimshore.com",
                "pellet-stove-parts-4less.com",
                "wildwestliving.com",
                "www.allparts.com",
                "www.jeepworld.com",
                "www.maxpedition.com",
                "www.outerknown.com"
            ]
        }
    ],
    "categories": [],
    "performance": {},
    "cookies": 0,
    "topInitiators": [
        {
            "domain": "shopify.com",
            "prevalence": 0.5
        },
        {
            "domain": "first party",
            "prevalence": 0.4411764705882353
        },
        {
            "domain": "yottaa.com",
            "prevalence": 0.058823529411764705
        }
    ],
    "types": {
        "Script": 9,
        "XHR": 9
    },
    "nameservers": [
        "dns2.registrar-servers.com",
        "dns1.registrar-servers.com"
    ]
}