{
    "domain": "analytics-engine.com",
    "owner": {},
    "source": [
        "DuckDuckGo-US"
    ],
    "prevalence": 0.0000542,
    "sites": 8,
    "subdomains": [
        "server.fuse"
    ],
    "cnames": [],
    "fingerprinting": 0,
    "resources": [
        {
            "rule": "analytics-engine\\.com\\/public\\/lease",
            "cookies": 0,
            "fingerprinting": 0,
            "subdomains": [
                "server.fuse"
            ],
            "apis": {},
            "sites": 5,
            "prevalence": 0.0000339,
            "cnames": [],
            "responseHashes": [
                "c0ea1cf4d1106433dd8db8ea0f5b6b9790268da709281981cd52411e336363bc",
                "13f487abc37d8f94c0764e780370364127f46baf696dcc51d053832785d02291",
                "df4d1e26f137f1a552ee9bcb21d706cf287545f3e15ffd2bbcc1b41f4675ad2b",
                "6fa849915dad608f30147cdc406d558021fb4b90e4b7a16d907e9a72cbc9bd62"
            ],
            "type": "XHR",
            "firstPartyCookies": {},
            "firstPartyCookiesSent": {
                "tglr_anon_id": 0.000020317081925246682,
                "tglr_sess_id": 0.000020317081925246682,
                "tglr_tenant_id": 0.000020317081925246682,
                "fuseid": 0.000020317081925246682,
                "filo-alias": 0.0000067723606417488944
            },
            "exampleSites": [
                "frontier.com",
                "www.allconnect.com",
                "www.americanstandardair.com",
                "www.hvac.com",
                "www.trane.com"
            ]
        },
        {
            "rule": "analytics-engine\\.com\\/public\\/confirm",
            "cookies": 0,
            "fingerprinting": 0,
            "subdomains": [
                "server.fuse"
            ],
            "apis": {},
            "sites": 5,
            "prevalence": 0.0000339,
            "cnames": [],
            "responseHashes": [
                "e3b0c44298fc1c149afbf4c8996fb92427ae41e4649b934ca495991b7852b855"
            ],
            "type": "XHR",
            "firstPartyCookies": {},
            "firstPartyCookiesSent": {
                "tglr_anon_id": 0.000020317081925246682,
                "tglr_sess_id": 0.000020317081925246682,
                "tglr_tenant_id": 0.000020317081925246682,
                "fuseid": 0.000020317081925246682,
                "filo-alias": 0.0000067723606417488944
            },
            "exampleSites": [
                "frontier.com",
                "www.allconnect.com",
                "www.americanstandardair.com",
                "www.hvac.com",
                "www.trane.com"
            ]
        }
    ],
    "categories": [],
    "performance": {},
    "cookies": 0,
    "topInitiators": [
        {
            "domain": "first party",
            "prevalence": 0.9090909090909091
        },
        {
            "domain": "cohesionapps.com",
            "prevalence": 0.09090909090909091
        }
    ],
    "types": {
        "XHR": 10
    },
    "nameservers": [
        "ns2.brandsight-dns.com",
        "ns1.brandsight-dns.net",
        "ns1.brandsight-dns.com",
        "ns2.brandsight-dns.net"
    ]
}