{
    "domain": "ap3prod.com",
    "owner": {},
    "source": [
        "DuckDuckGo-US"
    ],
    "prevalence": 0.000132,
    "sites": 17,
    "subdomains": [
        "capture-api"
    ],
    "cnames": [],
    "fingerprinting": 0,
    "resources": [
        {
            "rule": "ap3prod\\.com\\/-\\/events\\/page-event",
            "cookies": 0.0000543,
            "fingerprinting": 0,
            "subdomains": [
                "capture-api"
            ],
            "apis": {},
            "sites": 9,
            "prevalence": 0.0000698,
            "cnames": [],
            "responseHashes": [
                "6b12d7251a563efcef46bc49a3dad78239688108f4f7f1f14d34b7220bf8132e",
                "17eb7393457fc338a0afeec820c0ea4a2e6caaee64f101e113ba913dffcc0f98",
                "318b01f4e3ad00ddeee627a14b8c0b3fd8ac5a9e3d0e37252c796e6695a45672",
                "170a8fd4317905320c5e8a0457446700531cf52be8e2a017f251f5e83cc58c4c",
                "44136fa355b3678a1146ad16f7e8649e94fb4fc21fe77e8310c060f61caaff8a",
                "c26704fdcf6a37acc3a004e9d2f6de51fe5024140c23de12af343e635897a977"
            ],
            "type": "XHR",
            "firstPartyCookies": {},
            "firstPartyCookiesSent": {},
            "exampleSites": [
                "gatewaypeople.com",
                "www.budgetdumpster.com",
                "www.dumpsters.com",
                "www.felineliving.net",
                "www.flyplay.com",
                "www.harrisfarm.com.au",
                "www.orgoneenergy.org",
                "www.slotstemple.com",
                "www.walcottradio.com"
            ]
        },
        {
            "rule": "ap3prod\\.com\\/-\\/widgets\\/get",
            "cookies": 0,
            "fingerprinting": 0,
            "subdomains": [
                "capture-api"
            ],
            "apis": {},
            "sites": 8,
            "prevalence": 0.000062,
            "cnames": [],
            "responseHashes": [
                "8ad0f5206606e6f4c7e7012b54b9e78c9687af3fb3b1609c57d50db515bbae13",
                "bdc4f9624aadb5fb7d775a18799ea60e3860424211cc07a8164b7a6af12fbd2c",
                "eb9c42b0cc2cc3a68ed84f0b40b4b4d11a4e6c3755ac899a0f7f4d8a901a4bdf",
                "44136fa355b3678a1146ad16f7e8649e94fb4fc21fe77e8310c060f61caaff8a"
            ],
            "type": "XHR",
            "firstPartyCookies": {},
            "firstPartyCookiesSent": {},
            "exampleSites": [
                "gatewaypeople.com",
                "www.budgetdumpster.com",
                "www.dumpsters.com",
                "www.felineliving.net",
                "www.flyplay.com",
                "www.harrisfarm.com.au",
                "www.orgoneenergy.org",
                "www.walcottradio.com"
            ]
        }
    ],
    "categories": [],
    "performance": {},
    "cookies": 0.000101,
    "topInitiators": [
        {
            "domain": "cdn3l.ink",
            "prevalence": 0.30303030303030304
        },
        {
            "domain": "cdn2l.ink",
            "prevalence": 0.2727272727272727
        },
        {
            "domain": "shopify.com",
            "prevalence": 0.24242424242424243
        },
        {
            "domain": "autopilotapp.com",
            "prevalence": 0.12121212121212122
        },
        {
            "domain": "first party",
            "prevalence": 0.06060606060606061
        }
    ],
    "types": {
        "XHR": 17
    },
    "nameservers": [
        "ns-508.awsdns-63.com",
        "ns-679.awsdns-20.net",
        "ns-1999.awsdns-57.co.uk",
        "ns-1365.awsdns-42.org"
    ]
}