{
    "domain": "aweprt.com",
    "owner": {
        "name": "DOCLER IP S.A R.L.",
        "displayName": "Docler IP"
    },
    "source": [
        "DuckDuckGo-US"
    ],
    "prevalence": 0.000169,
    "sites": 25,
    "subdomains": [],
    "cnames": [],
    "fingerprinting": 1,
    "resources": [
        {
            "rule": "aweprt\\.com\\/embed\\/natlf",
            "cookies": 0.000088,
            "fingerprinting": 1,
            "subdomains": [],
            "apis": {
                "window.localStorage": 13,
                "Navigator.prototype.userAgent": 13,
                "window.innerWidth": 13,
                "window.innerHeight": 13
            },
            "sites": 13,
            "prevalence": 0.000088,
            "cnames": [],
            "responseHashes": [
                "ec85a6ada222c4c9d19a31d2d9a5edcbb894a41e068bb4ac8ea2009db42554b5",
                "031b3fc8ace7dde1d0d97bde7071bef0b422599a24ebd291ecf7e3476f274f52",
                "05983a36e80e6fa6ea170df3739417b39c47950e994400a59077783ba790c587",
                "bf9244c86024af450659f3a324875366a2a4e3fa6f143a0e2e6777c69ebefabb",
                "aab0aa97929f806f13e9ae02e9ec5e25972841b43650fd9599b414b52f3980f4",
                "5871a1a53bc252b159a9a1ba1a52080085c4f8dc28f080631af0f175e5a37021",
                "02b95523a7ed74c4f2c8a41c070dc116b1f2221699953ac5ace7f28059a6a683",
                "9746b0f104657b9befa51e215719694f53e6a2705a2058bec9cfd7882e4d2dce",
                "48a58bb4ba306f9de023945b9428e6e9924b3d8b0ca0da2c9c476d59435ea523",
                "cd7694628b5090b7e1a6a090820cb893c840b69921f8f32f928fb37c69dc3261",
                "cce29f8560426cfc6e7b2ace8485626f90d64d483d1698670e5db684d8a02902",
                "bbd4826e3aa2a4e1c3230023db7df8b22b7fbffc93f19f862132ad1ab72d2160"
            ],
            "type": "Script",
            "firstPartyCookies": {},
            "firstPartyCookiesSent": {},
            "exampleSites": [
                "babeslove.pics",
                "bigo.video",
                "bondagevalley.cc",
                "camgirls.casa",
                "lovingsiren.com",
                "pornzara.com",
                "raiporno.it",
                "sexosintabues30.com",
                "starsessions.sbs",
                "tickzoo.com",
                "www.hornybutt.com",
                "www.lolteentube.com",
                "www.orgazmax.com"
            ]
        }
    ],
    "categories": [],
    "performance": {},
    "cookies": 0.000169,
    "topInitiators": [
        {
            "domain": "first party",
            "prevalence": 0.6
        },
        {
            "domain": "smopy.com",
            "prevalence": 0.4
        }
    ],
    "types": {
        "Script": 13
    },
    "nameservers": [
        "ns4.eurodns.com",
        "ns3.eurodns.com",
        "ns2.eurodns.com",
        "ns1.eurodns.com"
    ]
}