{
    "domain": "b1img.com",
    "owner": {},
    "source": [
        "DuckDuckGo-US"
    ],
    "prevalence": 0.000339,
    "sites": 50,
    "subdomains": [],
    "cnames": [],
    "fingerprinting": 0,
    "resources": [
        {
            "rule": "b1img\\.com\\/js_container",
            "cookies": 0.000176,
            "fingerprinting": 0,
            "subdomains": [],
            "apis": {},
            "sites": 26,
            "prevalence": 0.000176,
            "cnames": [],
            "responseHashes": [
                "31e74fe575fd906fe110a7e8e0bb6fa1fb248c317bec013ccb91b31829fe3994",
                "f1422aac490b282b8713e8adf1296c1302fa85cb6780883ad93efec56341ce9c",
                "1bf5f240bee49eadb5a32e8afd913e57a2762e4265ae7fa61994673668483ffd",
                "222cf49442d27769919649d74b5be69f4bdae5204d8cf8c3a10d619bb8721047",
                "f613e2d77e73e982d1e29fbca38d07e4e2ad0225febdee17cb4effe890299119",
                "9f1be272840388d1495da363a7706ff291b4acd10233d188fcc2a147a5358c67",
                "bbf52f58f0cb0b16606cde1afe944ce3ef87eb4fe73c4db8f9e5197907d98248",
                "cd41925f3aff447705824ad126a05b44941eabb97da1fbb70b16424b3c323afa",
                "5fec4069c07cb7160edf7ce5fa88c0abf40245c4e9be14877057d38cc91d73c4",
                "855adf85e37a0655fc5b1954c7cf7deaae48be26aa257faf190181305385a3bc",
                "3feaec813dbb01b5826d9e9959b26d89f464dfa5e773861ba8693279aa4aae2d",
                "3a10be43c8666cec71e546d944d4434945d149e9627126aa0ff136f3ccdb08f3",
                "f830be2806604b4af94ed731cf0bbe72d5dcea562e485bf58aba8e166fbc556f",
                "ec65ba6e5d6e2e46b99faa32e90a0c89a6e64a71fe36f1b835b1c3f3d2b637c3",
                "038045309be9717c8df01450610e65ff18a0f69431eac43551fe578a0f23b8b0",
                "2656ab37f99906e0141bf9c46dd5a42b2313d8b42640f22e0aa8709356b8e96b",
                "0369e146ac9a32a1aed40e84eaa818dde861402060cd469e15fe178d682547be",
                "7152c79bf46a9a7c30f1eae46554f0635ad8af0680cae1017b2f88ed9f4873b0",
                "cbfa8a0a54e61455566fc1835ae5099a4389d9caa1166cf7bbe13055b6643a80",
                "55f261307d9277d89792f0cfc29291e4b537b8e50d7cd7f0b153fa1e61d8a843",
                "4560eadd0461f8e5f2b27245529b1c08ceedbd7511df62165a959010bd86d11d",
                "aafa909b5bc5b187cadea5445e712fe4abcc46a33c1cc4a28294db126ed2e6cf",
                "a4e9ee0db13b80f9a39df53b9044ff5bdd6eebdfa58691ed8228dc182f26c5db",
                "5fe5354486619b4f8fe5eb005abd4a64f96cf9f0fa327f71c4cbc874e6d0b110",
                "0709ddd806a66db3a25f6d3670c9694ac0f2c00a543ee0493667088d4a3c138c"
            ],
            "type": "Script",
            "firstPartyCookies": {},
            "firstPartyCookiesSent": {},
            "exampleSites": [
                "solgaard.co",
                "www.bestcigarprices.com",
                "www.lovesac.com",
                "groovelife.com",
                "www.holistapet.com",
                "hellobonafide.com",
                "www.cigarpage.com",
                "skims.com",
                "www.airsoftstation.com",
                "www.holts.com",
                "www.jellybelly.com",
                "locations.vitaminshoppe.com",
                "mymedic.com",
                "xeroshoes.com",
                "www.alibris.com",
                "us.eufy.com",
                "www.scosche.com",
                "www.spoonfulofcomfort.com",
                "www.pooldawg.com",
                "www.eaglecreek.com"
            ]
        },
        {
            "rule": "b1img\\.com\\/5321c30e3e9a4008a813185b24684efe\\/cs_tag\\/",
            "cookies": 0.0000136,
            "fingerprinting": 0,
            "subdomains": [],
            "apis": {},
            "sites": 2,
            "prevalence": 0.0000136,
            "cnames": [],
            "responseHashes": [
                "e3b0c44298fc1c149afbf4c8996fb92427ae41e4649b934ca495991b7852b855"
            ],
            "type": "Image",
            "firstPartyCookies": {},
            "firstPartyCookiesSent": {},
            "exampleSites": [
                "vitaminshoppe.com",
                "locations.vitaminshoppe.com"
            ]
        },
        {
            "rule": "b1img\\.com\\/cf60ef3baff34cd8968c373e1e2a566d\\/cs_tag\\/",
            "cookies": 0.0000136,
            "fingerprinting": 0,
            "subdomains": [],
            "apis": {},
            "sites": 2,
            "prevalence": 0.0000136,
            "cnames": [],
            "responseHashes": [
                "e3b0c44298fc1c149afbf4c8996fb92427ae41e4649b934ca495991b7852b855"
            ],
            "type": "Image",
            "firstPartyCookies": {},
            "firstPartyCookiesSent": {},
            "exampleSites": [
                "eufy.com",
                "us.eufy.com"
            ]
        },
        {
            "rule": "b1img\\.com\\/14b32d153ea345caa44cc941a4ba56a6\\/cs_tag\\/",
            "cookies": 0.0000136,
            "fingerprinting": 0,
            "subdomains": [],
            "apis": {},
            "sites": 2,
            "prevalence": 0.0000136,
            "cnames": [],
            "responseHashes": [
                "e3b0c44298fc1c149afbf4c8996fb92427ae41e4649b934ca495991b7852b855"
            ],
            "type": "Image",
            "firstPartyCookies": {},
            "firstPartyCookiesSent": {},
            "exampleSites": [
                "airsoftstation.com",
                "www.airsoftstation.com"
            ]
        },
        {
            "rule": "b1img\\.com\\/9d8f53cd2b864fa8aa323144431bef11\\/cs_tag\\/",
            "cookies": 0.0000136,
            "fingerprinting": 0,
            "subdomains": [],
            "apis": {},
            "sites": 2,
            "prevalence": 0.0000136,
            "cnames": [],
            "responseHashes": [
                "e3b0c44298fc1c149afbf4c8996fb92427ae41e4649b934ca495991b7852b855"
            ],
            "type": "Image",
            "firstPartyCookies": {},
            "firstPartyCookiesSent": {},
            "exampleSites": [
                "alibris.com",
                "www.alibris.com"
            ]
        },
        {
            "rule": "b1img\\.com\\/146fd96e7ccd4ab98f480203d81bc117\\/cs_tag\\/",
            "cookies": 0.0000136,
            "fingerprinting": 0,
            "subdomains": [],
            "apis": {},
            "sites": 2,
            "prevalence": 0.0000136,
            "cnames": [],
            "responseHashes": [
                "e3b0c44298fc1c149afbf4c8996fb92427ae41e4649b934ca495991b7852b855"
            ],
            "type": "Image",
            "firstPartyCookies": {},
            "firstPartyCookiesSent": {},
            "exampleSites": [
                "bestcigarprices.com",
                "www.bestcigarprices.com"
            ]
        },
        {
            "rule": "b1img\\.com\\/fb2af067852e4173baed3f542240cc59\\/cs_tag\\/",
            "cookies": 0.0000136,
            "fingerprinting": 0,
            "subdomains": [],
            "apis": {},
            "sites": 2,
            "prevalence": 0.0000136,
            "cnames": [],
            "responseHashes": [
                "e3b0c44298fc1c149afbf4c8996fb92427ae41e4649b934ca495991b7852b855"
            ],
            "type": "Image",
            "firstPartyCookies": {},
            "firstPartyCookiesSent": {},
            "exampleSites": [
                "cigarpage.com",
                "www.cigarpage.com"
            ]
        },
        {
            "rule": "b1img\\.com\\/59aba17abde94e4482af103e6ab3957c\\/cs_tag\\/",
            "cookies": 0.0000136,
            "fingerprinting": 0,
            "subdomains": [],
            "apis": {},
            "sites": 2,
            "prevalence": 0.0000136,
            "cnames": [],
            "responseHashes": [
                "e3b0c44298fc1c149afbf4c8996fb92427ae41e4649b934ca495991b7852b855"
            ],
            "type": "Image",