{
    "domain": "bestcontentmarket.top",
    "owner": {},
    "source": [
        "DuckDuckGo-US"
    ],
    "prevalence": 0.000176,
    "sites": 26,
    "subdomains": [
        "b",
        "cdn3"
    ],
    "cnames": [],
    "fingerprinting": 0,
    "resources": [
        {
            "rule": "bestcontentmarket\\.top\\/loader",
            "cookies": 0,
            "fingerprinting": 0,
            "subdomains": [
                "b"
            ],
            "apis": {},
            "sites": 15,
            "prevalence": 0.000102,
            "cnames": [],
            "responseHashes": [
                "7f8669d4747e0eca594211be348d087d44b01a9ab9c76974b2f97ec3ed2676c0",
                "19d80ae15b77322e0eedd34ef57f59215b0fd2edc934fbfdba70dc396fe9f5a6",
                "00be849af46bcefebd42ff1891099990c9caaea27d5a4b92477817048051174b",
                "10d6a3096064827f0a8b917a5f7fa9db448a4e01a29f447880f76f25ab09c1cf",
                "df033929b35bb90e9433ee94417ac7334ef33b01d8ed9c0ead3fc4c737b93c42",
                "3eeb78795d917aa9db7cd03152fe0651f5183581611582027e94110c46882720",
                "273e38b1e56452eca7aed183d0141ae3868f81d731f021a6b2061b6999955b42",
                "db1bc952f15100166aba5bf9e60c62f26342af2ef8888fe5d4c86360fcc0b399",
                "fad8e89f65925b61c7a20023549ea9bc2486adeee3d15ee6a035c58141da1058",
                "8eeabd0fdbd13d97dcf41b0e9dfaae41f5270169c49cebc818ee7a423146e317",
                "c8410d05e707c01b508ae6c3a72dfd23011b992b5e0719a2dd0809f1d21086fc",
                "999a965f98c1c1f505938e02fa1456aaa5cd19096ad85c9d1b34938ab34a95d3",
                "17768ef35e3410838b68ead05d6bbc2585b406ac87ec2ab32d0a3055d94dc7ab",
                "a130913e5654a0c7304addfb60f2491ec53a79b8d82c2c360da36446618715bd"
            ],
            "type": "Document",
            "firstPartyCookies": {},
            "firstPartyCookiesSent": {},
            "exampleSites": [
                "girlspornpics.com",
                "grannypornpics.com",
                "hornymatureporn.com",
                "maturebigtits.com",
                "milfpussypictures.com",
                "nakedgirlstube.com",
                "nudematuremilf.com",
                "shemalephotos.com",
                "teensexporntube.com",
                "www.assdeluxe.com",
                "www.grannypornpics.com",
                "www.milfpornvideo.com",
                "www.mysexpics.com",
                "www.niceperfectass.com",
                "www.shemalephotos.com"
            ]
        },
        {
            "rule": "bestcontentmarket\\.top\\/i",
            "cookies": 0,
            "fingerprinting": 0,
            "subdomains": [
                "b"
            ],
            "apis": {},
            "sites": 15,
            "prevalence": 0.000102,
            "cnames": [],
            "responseHashes": [
                "e3b0c44298fc1c149afbf4c8996fb92427ae41e4649b934ca495991b7852b855"
            ],
            "type": "Image",
            "firstPartyCookies": {},
            "firstPartyCookiesSent": {},
            "exampleSites": [
                "girlspornpics.com",
                "grannypornpics.com",
                "hornymatureporn.com",
                "maturebigtits.com",
                "milfpussypictures.com",
                "nakedgirlstube.com",
                "nudematuremilf.com",
                "shemalephotos.com",
                "teensexporntube.com",
                "www.assdeluxe.com",
                "www.grannypornpics.com",
                "www.milfpornvideo.com",
                "www.mysexpics.com",
                "www.niceperfectass.com",
                "www.shemalephotos.com"
            ]
        },
        {
            "rule": "bestcontentmarket\\.top\\/90\\/9c\\/114493\\/1875329\\.gif",
            "cookies": 0,
            "fingerprinting": 0,
            "subdomains": [
                "cdn3"
            ],
            "apis": {},
            "sites": 4,
            "prevalence": 0.0000271,
            "cnames": [],
            "responseHashes": [],
            "type": "Image",
            "firstPartyCookies": {},
            "firstPartyCookiesSent": {},
            "exampleSites": [
                "girlspornpics.com",
                "milfpussypictures.com",
                "www.assdeluxe.com",
                "www.mysexpics.com"
            ]
        },
        {
            "rule": "bestcontentmarket\\.top\\/90\\/9c\\/114493\\/1875329\\.webp",
            "cookies": 0,
            "fingerprinting": 0,
            "subdomains": [
                "cdn3"
            ],
            "apis": {},
            "sites": 4,
            "prevalence": 0.0000271,
            "cnames": [],
            "responseHashes": [
                "0c76c9b5c7563c7ba1eb58e67cb6bc026eec500f13672c50dc5b308f8e76a36d"
            ],
            "type": "Image",
            "firstPartyCookies": {},
            "firstPartyCookiesSent": {},
            "exampleSites": [
                "girlspornpics.com",
                "milfpussypictures.com",
                "www.assdeluxe.com",
                "www.mysexpics.com"
            ]
        },
        {
            "rule": "bestcontentmarket\\.top\\/6a\\/07\\/69483\\/00000391241\\.gif",
            "cookies": 0,
            "fingerprinting": 0,
            "subdomains": [
                "cdn3"
            ],
            "apis": {},
            "sites": 2,
            "prevalence": 0.0000135,
            "cnames": [],
            "responseHashes": [
                "7362860c9a0a4ec4683dc685e526c3cdc32e6d6ea329d4d234478c995703b077"
            ],
            "type": "Image",
            "firstPartyCookies": {},
            "firstPartyCookiesSent": {},
            "exampleSites": [
                "girlspornpics.com",
                "milfpussypictures.com"
            ]
        },
        {
            "rule": "bestcontentmarket\\.top\\/r",
            "cookies": 0,
            "fingerprinting": 0,
            "subdomains": [
                "b"
            ],
            "apis": {},
            "sites": 11,
            "prevalence": 0.0000745,
            "cnames": [],
            "responseHashes": [
                "e3b0c44298fc1c149afbf4c8996fb92427ae41e4649b934ca495991b7852b855"
            ],
            "type": "Image",
            "firstPartyCookies": {},
            "firstPartyCookiesSent": {},
            "exampleSites": [
                "girlspornpics.com",
                "grannypornpics.com",
                "hornymatureporn.com",
                "maturebigtits.com",
                "milfpussypictures.com",
                "nakedgirlstube.com",
                "teensexporntube.com",
                "www.assdeluxe.com",
                "www.mysexpics.com",
                "www.niceperfectass.com",
                "www.shemalephotos.com"
            ]
        },
        {
            "rule": "bestcontentmarket\\.top\\/90\\/9c\\/114493\\/1875332\\.gif",
            "cookies": 0,
            "fingerprinting": 0,
            "subdomains": [
                "cdn3"
            ],
            "apis": {},
            "sites": 4,
            "prevalence": 0.0000271,
            "cnames": [],
            "responseHashes": [],
            "type": "Image",
            "firstPartyCookies": {},
            "firstPartyCookiesSent": {},
            "exampleSites": [
                "grannypornpics.com",
                "milfpussypictures.com",
                "www.assdeluxe.com",
                "www.shemalephotos.com"
            ]
        },
        {
            "rule": "bestcontentmarket\\.top\\/90\\/9c\\/114493\\/1875332\\.webp",
            "cookies": 0,
            "fingerprinting": 0,
            "subdomains": [
                "cdn3"
            ],
            "apis": {},
            "sites": 4,
            "prevalence": 0.0000271,
            "cnames": [],