{
    "domain": "bidgear.com",
    "owner": {},
    "source": [
        "DuckDuckGo-US"
    ],
    "prevalence": 0.000251,
    "sites": 37,
    "subdomains": [
        "platform",
        "imp9",
        "demand"
    ],
    "cnames": [],
    "fingerprinting": 1,
    "resources": [
        {
            "rule": "bidgear\\.com\\/ads\\.php",
            "cookies": 0,
            "fingerprinting": 1,
            "subdomains": [
                "platform"
            ],
            "apis": {
                "window.innerWidth": 1
            },
            "sites": 20,
            "prevalence": 0.000135,
            "cnames": [],
            "responseHashes": [
                "a2f16d1bd24f41a81a0b5dca000efb44b29576517a70235352e8f004b6ab3c41",
                "380475261e294c84ceba2616cff733165619b727b6045aa1a66b5f74d3405f81",
                "91d97ff520aa5e2f7877775bec5fdd44efb371688abf641772c36d9144551969",
                "09e918c4dcbdc1c336798f897099e49ebfeb991f921c2dc4da3daa095e074e07",
                "5bf4d0855dc8e69d43adc1f946468061af6b36aefcb341001cda45d989592964",
                "1fefc100ba945006c8ce7ff67f8bcf35c6d18705cc3494aa3528603e9e9b9e58",
                "801231f239b542b1e9270a7f7f5ab1f72e8c9204c45ecfdae3975c0e2d2f3d6c",
                "dad651450b4089eeb480958f74548bcf0936424553916a6a66ed0c1ae4befccd",
                "f2e7079af5150de28ffd56d80bb047387fe844dd071f026ece3514cb0d50e789",
                "59b791b756f7473b3b51b822ca09befedefe004be0e0c75e0b26f24016b8f404",
                "7a35cd252cbf299686d0700d412913ed10ea1e3f5f2fc3ea71aa71be7735d17c",
                "dce76f01de2bf7fd28bab401f915e83b5ced347bc876a3c6e9943687db6ad9f5",
                "28f4046602835ecd315c8eac7fdac550c020d47a358fa8625a09ae7cc4de4dc2",
                "369bfb1c8e3c00f4cc2f088d729c8709654173653078ef926f9b398e39e22fa4",
                "45ce71ec3d69b14dfcc20dd6a586692e53bf93201176e4772871b271226a9001",
                "a959fc25490a3786711057dba126cd914fac5aa1c518d46ebc628dd5f5305a83",
                "71931253dd95d5b1afb0f1ae299f4936b63ad9e60d950904ff422e3ba96c8df4",
                "013291770ee6ee289b9b5a40bb05d0c10820f8b292d8d08f4d1d217d32c0178d"
            ],
            "type": "Script",
            "firstPartyCookies": {},
            "firstPartyCookiesSent": {},
            "exampleSites": [
                "androidadult.com",
                "chapmanganato.com",
                "flamescans.org",
                "fmovies.pub",
                "kissasian.land",
                "mangapill.com",
                "manhuaplus.com",
                "manhwa18.net",
                "readberserk.com",
                "readcomiconline.li",
                "toonily.com",
                "ww2.readchainsawman.com",
                "ww2.readjujutsukaisen.com",
                "ww3.readkingdom.com",
                "ww9.readonepiece.com",
                "www.angelfire.com",
                "www.mreader.co",
                "www.survivinginfidelity.com",
                "www.tamilyogi.im",
                "www.whatreallyhappened.com"
            ]
        },
        {
            "rule": "bidgear\\.com\\/rec",
            "cookies": 0,
            "fingerprinting": 0,
            "subdomains": [
                "imp9"
            ],
            "apis": {},
            "sites": 23,
            "prevalence": 0.000156,
            "cnames": [],
            "responseHashes": [
                "cbd4fc27d8d80c381d827912340b6d7b2337adbf4c9b2ff5300a09707a2c1c6e"
            ],
            "type": "Image",
            "firstPartyCookies": {},
            "firstPartyCookiesSent": {},
            "exampleSites": [
                "fmovies.pub",
                "manhuaplus.com",
                "ww2.readchainsawman.com",
                "toonily.com",
                "flamescans.org",
                "www.hentaisaturn.tv",
                "readcomiconline.li",
                "www.angelfire.com",
                "androidadult.com",
                "gogoanime.tel",
                "readberserk.com",
                "www.whatreallyhappened.com",
                "www.hentaiworld.me",
                "kissasian.land",
                "ww2.readjujutsukaisen.com",
                "manhwa18.net",
                "ww3.readkingdom.com",
                "www.survivinginfidelity.com",
                "samnytt.se",
                "ww9.readonepiece.com"
            ]
        },
        {
            "rule": "bidgear\\.com\\/tag",
            "cookies": 0.0000135,
            "fingerprinting": 0,
            "subdomains": [
                "demand"
            ],
            "apis": {},
            "sites": 2,
            "prevalence": 0.0000135,
            "cnames": [],
            "responseHashes": [
                "93b895f6aafe52aabd50c0c2ec54fa8d6930ead6903abb305fb11d102c8ab5e3"
            ],
            "type": "Script",
            "firstPartyCookies": {},
            "firstPartyCookiesSent": {},
            "exampleSites": [
                "chapmanganato.com",
                "gogoanime.tel"
            ]
        },
        {
            "rule": "bidgear\\.com\\/passback_partner\\.php",
            "cookies": 0,
            "fingerprinting": 0,
            "subdomains": [
                "platform"
            ],
            "apis": {},
            "sites": 8,
            "prevalence": 0.0000542,
            "cnames": [],
            "responseHashes": [
                "b4b24f9c40912c1d9fcf38d68ff37dfd9729f9b7cbe7d5d358d8165857b420b1",
                "747eb39d959d59d5ed9915a27ad34c234b1a273bd8611113ec33068a38246f77",
                "85bdb60a03bd0cad1162b3c30686d2ea7d90b4b421199ed24af3cd3a463c0aeb",
                "9467e761ba125bc3fc348064a35e1f58086d4a4a63abdfb6e2da26e2bce05b1f",
                "d31f13fa49ad84ae99454df9a5f943fc57080280e17280ce22331fc708c64617"
            ],
            "type": "Script",
            "firstPartyCookies": {},
            "firstPartyCookiesSent": {},
            "exampleSites": [
                "chapmanganato.com",
                "flamescans.org",
                "gogoanime.tel",
                "readberserk.com",
                "ww2.readchainsawman.com",
                "ww2.readjujutsukaisen.com",
                "ww3.readkingdom.com",
                "ww9.readonepiece.com"
            ]
        },
        {
            "rule": "bidgear\\.com\\/async\\.php",
            "cookies": 0,
            "fingerprinting": 0,
            "subdomains": [
                "platform"
            ],
            "apis": {},
            "sites": 7,
            "prevalence": 0.0000474,
            "cnames": [],
            "responseHashes": [
                "adf0a25e4224b2537c534b4a33e6c1c12bda24052ac2ba4f053cdd67f44c009a",
                "40b44e7c451a9ad4452ab285634638900d8e9df506c768703c3b3fedc5ef274c",
                "a2c24c65ccb9d95fd1272581ad956fdafcf9b508dcba3300392e5317519e6db4",
                "7f4ddd879f848076142c9a70a0a492a84cc861d6196bc13c5c67b9b039cc9a3d",
                "7e14cf39de8a6262ac26d2666b22fb683f339f4fa6828e7051711fca78694d03",
                "1c6d2666bb93429b95da955a2f2f3090a74db2a646a4a9f11d42701f2c234938"
            ],
            "type": "Script",
            "firstPartyCookies": {},
            "firstPartyCookiesSent": {},
            "exampleSites": [
                "gogoanime.tel",
                "readberserk.com",
                "samnytt.se",
                "www.hentaisaturn.tv",
                "www.hentaiworld.me",
                "www.mreader.co",
                "www.survivinginfidelity.com"
            ]
        },
        {
            "rule": "bidgear\\.com\\/media\\/img\\/b15\\.png",
            "cookies": 0,
            "fingerprinting": 0,
            "subdomains": [
                "platform"
            ],
            "apis": {},
            "sites": 3,
            "prevalence": 0.0000203,
            "cnames": [],