{
    "domain": "bidgear.com",
    "owner": {},
    "source": [
        "DuckDuckGo-US"
    ],
    "prevalence": 0.000257,
    "sites": 38,
    "subdomains": [
        "platform",
        "imp9"
    ],
    "cnames": [],
    "fingerprinting": 0,
    "resources": [
        {
            "rule": "bidgear\\.com\\/ads\\.php",
            "cookies": 0,
            "fingerprinting": 0,
            "subdomains": [
                "platform"
            ],
            "apis": {},
            "sites": 22,
            "prevalence": 0.000149,
            "cnames": [],
            "responseHashes": [
                "580724d294a756d00591148c72e61ca0a88947d5c5bf89828d93b4a5e0ca3915",
                "f59d939ad8760fa0fb0da8f5b03bb2b79453e31a7084859c96d638ae9942d50e",
                "7be5806fc71b7599c3750cb9b3da44bc08063fcdae7a364c570a9571456c3bee",
                "fa1ce3300d9cc0f0c64deec235ec000ae4e2cd398fc843644d4e20a62468989c",
                "15381bc7c1e5465ff9cff505ceb552cf588dd3ee1e1ea66ecb86c1eac4073d99",
                "e8c0f2eccc7de41df5c913c69ed73bdf75682ac8828075efd76df7926c7a6299",
                "7053660c364ecaf6b9c905b15f6d5f78bf8a7f762cca0ce45c65b2483d45c064",
                "9c831598e4fdd66b0225a2c99f064c61016c633ad2c74023beeb8d02ab2ff9c8",
                "8b75668f0bb9203215def20fad728d590884ff143a118e73c95531ca88356e63",
                "cc57d068b20416a8bf87bec113b2461ce1c591a620d225ab914ce0c1a6308ddb",
                "1f38d6e80b54eebe2a7c8eb180e0d3487ba334d643d5b20a1586bd4008ac0646",
                "12fee465a0f749964ab895e01266744d7b81322c3a2c1bae7758d151d30b171a",
                "fe55523439f1bbab9eb447737580d80c556e5a61dcb8208b7e50031d7c05cc99",
                "74465e275691267717408c1cc02b8d07c8a40bf6464820902e1d8a19d33498e7",
                "57c88cf986c3ddfbba825e682e72f09d0b552f4120680a6758a29dede1e1b676",
                "eb971ca79f2fd1cded3e75218d09e63e341472c8265565ad02e2def63ba1291c",
                "14253c8ed0d434c02db008ee8acccd02224c49c7771ed9924a617cd9a00f8995",
                "903322f02f56e461bf20f42085e4b636dd2dd78320be60e19462089874efa639",
                "1dadd375639196489b2b49377aa0ffb658db550a54ea82b17ce7dcba585b82ba",
                "71931253dd95d5b1afb0f1ae299f4936b63ad9e60d950904ff422e3ba96c8df4",
                "81be551339437045dfb8442e659a3f53cc8fd1641ac563e9ac12addc992174f3"
            ],
            "type": "Script",
            "firstPartyCookies": {},
            "firstPartyCookiesSent": {},
            "exampleSites": [
                "manhwa18.net",
                "www.mreader.co",
                "kissasian.land",
                "ww2.readchainsawman.com",
                "9anime.to",
                "dramanice.ac",
                "www.survivinginfidelity.com",
                "m.manganelo.com",
                "ww3.readkingdom.com",
                "readcomiconline.li",
                "gogoanime.tel",
                "mangakatana.com",
                "flamescans.org",
                "manhwa18.com",
                "www.hentaiworld.me",
                "ww7.readmha.com",
                "www.allfreenovel.com",
                "ww9.readonepiece.com",
                "mangakakalot.com",
                "www.whatreallyhappened.com"
            ]
        },
        {
            "rule": "bidgear\\.com\\/async\\.php",
            "cookies": 0,
            "fingerprinting": 0,
            "subdomains": [
                "platform"
            ],
            "apis": {},
            "sites": 7,
            "prevalence": 0.0000473,
            "cnames": [],
            "responseHashes": [
                "c68e0757f02d5479e63e721ac42149e4ecac1832017541ff213a83cd00a853a3",
                "c3476c804a67247c047d2db45f293d5ed97f864834eac080e7dc93d2a967aff1",
                "a2c24c65ccb9d95fd1272581ad956fdafcf9b508dcba3300392e5317519e6db4",
                "d8dfcfb3a8ced499bf9bb3867bf7558709f14347b7995607f840824ad1e5530d",
                "d37345c0edea2893eea52adc1e43ef88e529270149ba875a9a09078098e45018"
            ],
            "type": "Script",
            "firstPartyCookies": {},
            "firstPartyCookiesSent": {},
            "exampleSites": [
                "chapmanganato.com",
                "mangabuddy.com",
                "readberserk.com",
                "www.hentaiworld.me",
                "www.hentaisaturn.tv",
                "www.survivinginfidelity.com",
                "www3.animeflv.to"
            ]
        },
        {
            "rule": "bidgear\\.com\\/rec",
            "cookies": 0,
            "fingerprinting": 0,
            "subdomains": [
                "imp9"
            ],
            "apis": {},
            "sites": 24,
            "prevalence": 0.000162,
            "cnames": [],
            "responseHashes": [
                "cbd4fc27d8d80c381d827912340b6d7b2337adbf4c9b2ff5300a09707a2c1c6e"
            ],
            "type": "Image",
            "firstPartyCookies": {},
            "firstPartyCookiesSent": {},
            "exampleSites": [
                "readberserk.com",
                "readcomiconline.li",
                "mangakatana.com",
                "chapmanganato.com",
                "www.survivinginfidelity.com",
                "ww9.readonepiece.com",
                "kissasian.land",
                "www.allfreenovel.com",
                "ww2.readchainsawman.com",
                "gogoanime.tel",
                "mangakakalot.com",
                "www3.animeflv.to",
                "www.hentaiworld.me",
                "m.manganelo.com",
                "flamescans.org",
                "ww3.readkingdom.com",
                "www.mreader.co",
                "manhwa18.net",
                "manhwa18.com",
                "ww7.readmha.com"
            ]
        },
        {
            "rule": "bidgear\\.com\\/media\\/img\\/b15\\.png",
            "cookies": 0,
            "fingerprinting": 0,
            "subdomains": [
                "platform"
            ],
            "apis": {},
            "sites": 4,
            "prevalence": 0.000027,
            "cnames": [],
            "responseHashes": [
                "2a100001eca93899a76f18e142c22ba6ab8c5edd1859f2bfb60497c054fd1547"
            ],
            "type": "Image",
            "firstPartyCookies": {},
            "firstPartyCookiesSent": {},
            "exampleSites": [
                "manganelo.com",
                "manhwa18.com",
                "www.hentaiworld.me",
                "www3.animeflv.to"
            ]
        },
        {
            "rule": "bidgear\\.com\\/html",
            "cookies": 0,
            "fingerprinting": 0,
            "subdomains": [
                "platform"
            ],
            "apis": {},
            "sites": 4,
            "prevalence": 0.000027,
            "cnames": [],
            "responseHashes": [
                "851d131b15f869d10a584b10d21d86fae67419c42a1ad84300c66553bfc95d8f",
                "c82b8376a935fa62ff4728d98df13fdbd7e07476948567c3dc132ceb414520f8",
                "11fd13948a1373f57e72ff1d5dda493c0b2cbb04d9292589b68accb443d38fc5"
            ],
            "type": "Script",
            "firstPartyCookies": {},
            "firstPartyCookiesSent": {},
            "exampleSites": [
                "hentaiworld.me",
                "www.hentaisaturn.tv",
                "www.hentaiworld.me",
                "www3.animeflv.to"
            ]
        }
    ],
    "categories": [],
    "performance": {},
    "cookies": 0,
    "topInitiators": [
        {
            "domain": "first party",
            "prevalence": 0.9041095890410958
        },
        {
            "domain": "vlitag.com",
            "prevalence": 0.0547945205479452
        },
        {
            "domain": "disploot.com",
            "prevalence": 0.0273972602739726
        },
        {
            "domain": "runwaff.com",
            "prevalence": 0.0136986301369863
        }
    ],
    "types": {
        "Script": 33,
        "Image": 28
    },