{
    "domain": "bidvol.com",
    "owner": {},
    "source": [
        "DuckDuckGo-US"
    ],
    "prevalence": 0.000983,
    "sites": 145,
    "subdomains": [
        "ssp"
    ],
    "cnames": [],
    "fingerprinting": 1,
    "resources": [
        {
            "rule": "bidvol\\.com\\/rtb\\/pl999",
            "cookies": 0.000264,
            "fingerprinting": 0,
            "subdomains": [
                "ssp"
            ],
            "apis": {},
            "sites": 40,
            "prevalence": 0.000271,
            "cnames": [],
            "responseHashes": [
                "68ea9312a979370e5651779683ab0c319272794f2a8d00ee33f93dded76342a5",
                "846949c5a40e3ffbb702473e54dfac0646541aa624a844369b6e24e51ddaf96b",
                "4e73573c2649e7571345222b03ca243cbbaba3d913fcaf90614b9f78c0b4cf63",
                "d5f335a0aad755e3ba4684eabb6e80872f167fcdbe9f206f24246a91414bf285",
                "2fb8537049dbcfc2cf9ba3ea1ccf1a42e25615efdf4081abdcb89ddd02266218",
                "819aa9975da0e330f05a754dd0d9e7b4392cbc915c6795d0d3767c120197744b",
                "38f9f2fa279e7ed9d95015d012b5ababa60f53a4756ecf0781b76b726558b21b",
                "1e51fa1068c081333b44d22e78dfbad2861c12cf554f5ed19a64dfbb273c920f",
                "6ade2d00c67f8ef7b8db76c06e9f614ec5dc7e7b54c79d171d14a708bb06a0d1",
                "8899e7ace86a5ad1d47581faec42e9cd88884d9358640a0e0113a31f632ca8d5",
                "e3b0c44298fc1c149afbf4c8996fb92427ae41e4649b934ca495991b7852b855",
                "0972fa3ebee68ce48f6f264b4c44585cc9c8b7e189ed246cda4b35300fb642b5",
                "99beae39fc3b3663f3520e6b9bb84229224a760d16398b2a6ebe429e76bfa922",
                "e23b3d6ce5c35cdc967b9c53bde5610954471ed602e0111ad6200d99c895c06a"
            ],
            "type": "XHR",
            "firstPartyCookies": {},
            "firstPartyCookiesSent": {},
            "exampleSites": [
                "101.ru",
                "iz.ru",
                "www.sport-express.ru",
                "www.calc.ru",
                "www.eg.ru",
                "3dnews.ru",
                "letsplayers.ru",
                "kslift.ru",
                "podborkino.com",
                "www.sunhome.ru",
                "union-z.ru",
                "lafoy.ru",
                "www.starhit.ru",
                "domashniy.ru",
                "memepedia.ru",
                "hd01.ru",
                "losst.pro",
                "www.maximonline.ru",
                "ogrom.ru",
                "www.wday.ru"
            ]
        },
        {
            "rule": "bidvol\\.com\\/usersync",
            "cookies": 0.000359,
            "fingerprinting": 0,
            "subdomains": [
                "ssp"
            ],
            "apis": {},
            "sites": 54,
            "prevalence": 0.000366,
            "cnames": [],
            "responseHashes": [
                "e3b0c44298fc1c149afbf4c8996fb92427ae41e4649b934ca495991b7852b855",
                "77b1d2c0857d4e95d4c2ae7aa0abc5aaafa6bd4581b31203d1592759c26f5c44",
                "1ed70d02696722505ec82915a7dd9fbf2c512366d009b74bdbe37c9869c250a4"
            ],
            "type": "Image",
            "firstPartyCookies": {},
            "firstPartyCookiesSent": {},
            "exampleSites": [
                "www.psychologies.ru",
                "studopedia.org",
                "www.inpearls.ru",
                "studopedia.su",
                "www.cdek.ru",
                "hh.ru",
                "weather.rambler.ru",
                "stolichki.ru",
                "www.detmir.ru",
                "www.e1.ru",
                "www.maximonline.ru",
                "www.passion.ru",
                "www.mk.ru",
                "bstudy.net",
                "football.kulichki.net",
                "www.championat.com",
                "www.cyberforum.ru",
                "blog.eldorado.ru",
                "kino.firenews.video",
                "news.rambler.ru"
            ]
        },
        {
            "rule": "bidvol\\.com\\/usersync",
            "cookies": 0.0000203,
            "fingerprinting": 0,
            "subdomains": [
                "ssp"
            ],
            "apis": {},
            "sites": 3,
            "prevalence": 0.0000203,
            "cnames": [],
            "responseHashes": [],
            "type": "Fetch",
            "firstPartyCookies": {},
            "firstPartyCookiesSent": {},
            "exampleSites": [
                "rbc.ru",
                "www.rbc.ru",
                "www.tinkoff.ru"
            ]
        },
        {
            "rule": "bidvol\\.com\\/images\\/bidvol-cr02\\.png",
            "cookies": 0.0000203,
            "fingerprinting": 0,
            "subdomains": [
                "ssp"
            ],
            "apis": {},
            "sites": 3,
            "prevalence": 0.0000203,
            "cnames": [],
            "responseHashes": [
                "885dc4a9add9aecd15dbbcf82a93a0aff47d036a6f34ff53a5358a8f56999227"
            ],
            "type": "Image",
            "firstPartyCookies": {},
            "firstPartyCookiesSent": {},
            "exampleSites": [
                "rbc.ru",
                "www.starhit.ru",
                "www.wday.ru"
            ]
        }
    ],
    "categories": [],
    "performance": {},
    "cookies": 0.000963,
    "topInitiators": [
        {
            "domain": "yandex.ru",
            "prevalence": 0.6889460154241646
        },
        {
            "domain": "acint.net",
            "prevalence": 0.06940874035989718
        },
        {
            "domain": "yastatic.net",
            "prevalence": 0.05912596401028278
        },
        {
            "domain": "first party",
            "prevalence": 0.04113110539845758
        },
        {
            "domain": "rambler.ru",
            "prevalence": 0.033419023136246784
        },
        {
            "domain": "videotoday.site",
            "prevalence": 0.02313624678663239
        },
        {
            "domain": "alfasense.com",
            "prevalence": 0.02056555269922879
        },
        {
            "domain": "hsmedia.ru",
            "prevalence": 0.015424164524421594
        },
        {
            "domain": "adhigh.net",
            "prevalence": 0.012853470437017995
        },
        {
            "domain": "serieslife.online",
            "prevalence": 0.012853470437017995
        }
    ],
    "types": {
        "XHR": 40,
        "Image": 57,
        "Fetch": 3
    },
    "nameservers": [
        "oxygen.ns.hetzner.com",
        "hydrogen.ns.hetzner.com",
        "helium.ns.hetzner.de"
    ]
}