{
    "domain": "bricks-co.com",
    "owner": {},
    "source": [
        "DuckDuckGo-US"
    ],
    "prevalence": 0.0000881,
    "sites": 13,
    "subdomains": [
        "pbsj"
    ],
    "cnames": [],
    "fingerprinting": 0,
    "resources": [
        {
            "rule": "bricks-co\\.com\\/cookie_sync",
            "cookies": 0,
            "fingerprinting": 0,
            "subdomains": [
                "pbsj"
            ],
            "apis": {},
            "sites": 9,
            "prevalence": 0.000061,
            "cnames": [],
            "responseHashes": [
                "85082469ed33641de3e44f6eee5082c891906406d3b1c5c9560c0802b77a20a4",
                "b8cfce12c1c097c42f7d8036c47cde68536b81d4d966015afa41663c26adb284",
                "08189aaf6e49b2149418b72def01a77f6f758a5c64f789ce229f7568f78fe4c1",
                "e263048ef6558ea647b630a3c9f738cd823b922f30bd2070a7d5e22b0bf077fc",
                "9ef9dfa10cda894d3a658b69fd683ef58878a1d2ad8370476b39ca2432eeabc0",
                "d1621570fbe123538d668b90645150b0e0cafcf336ec0add81313301d692b87a",
                "cefab7d34e28e5075a6724d67b2413958e6ff0f3124def81b06d43df2d16d0a9"
            ],
            "type": "XHR",
            "firstPartyCookies": {},
            "firstPartyCookiesSent": {},
            "exampleSites": [
                "positivr.fr",
                "www.breakflip.com",
                "www.demotivateur.fr",
                "www.hockeyfeed.com",
                "www.kingmods.net",
                "www.laculturegenerale.com",
                "www.mesrecettesfaciles.fr",
                "www.rustica.fr",
                "www.systemed.fr"
            ]
        },
        {
            "rule": "bricks-co\\.com\\/openrtb2\\/auction",
            "cookies": 0,
            "fingerprinting": 0,
            "subdomains": [
                "pbsj"
            ],
            "apis": {},
            "sites": 9,
            "prevalence": 0.000061,
            "cnames": [],
            "responseHashes": [
                "dca606cba8bba118bc7752180b1426a1b390956bc30c4250f47f25b3d2ca8dd9",
                "f03d02fa3624d1ff6e3f7795ad97f34735f6ea627962efe0d0b3dac9c00cbbb0",
                "f535138bc6ec1264892d42ab00ca97d9dfc2ee595b73a628df2cc45afacbd6a5",
                "a2840d067c10fce409968fb26f55b9e45e2697e3507ecde5715a71261eabb5dc",
                "5cc60c9edb8b283fec83c43da2c565fed1c160285db8702c0d3b21e0d7e199b9",
                "28fa5510064ac0b74cc79a4241776730249bfd8ac6897fcb5c85b7c3cf7c695f",
                "460f7ef49993627115ebb5db49bee50c807d4b936eb566f9194f7c1a47de5123"
            ],
            "type": "XHR",
            "firstPartyCookies": {},
            "firstPartyCookiesSent": {},
            "exampleSites": [
                "positivr.fr",
                "www.breakflip.com",
                "www.demotivateur.fr",
                "www.hockeyfeed.com",
                "www.kingmods.net",
                "www.laculturegenerale.com",
                "www.mesrecettesfaciles.fr",
                "www.rustica.fr",
                "www.systemed.fr"
            ]
        },
        {
            "rule": "bricks-co\\.com\\/setuid",
            "cookies": 0.0000474,
            "fingerprinting": 0,
            "subdomains": [
                "pbsj"
            ],
            "apis": {},
            "sites": 7,
            "prevalence": 0.0000474,
            "cnames": [],
            "responseHashes": [
                "c956a8bbf43bb56f60d1beefcc5a70f2cb0725083a00e8a0daf423176509fd18"
            ],
            "type": "Image",
            "firstPartyCookies": {},
            "firstPartyCookiesSent": {},
            "exampleSites": [
                "positivr.fr",
                "www.breakflip.com",
                "www.demotivateur.fr",
                "www.hockeyfeed.com",
                "www.kingmods.net",
                "www.laculturegenerale.com",
                "www.mesrecettesfaciles.fr"
            ]
        },
        {
            "rule": "bricks-co\\.com\\/setuid",
            "cookies": 0.0000474,
            "fingerprinting": 0,
            "subdomains": [
                "pbsj"
            ],
            "apis": {},
            "sites": 7,
            "prevalence": 0.0000474,
            "cnames": [],
            "responseHashes": [
                "e3b0c44298fc1c149afbf4c8996fb92427ae41e4649b934ca495991b7852b855"
            ],
            "type": "Document",
            "firstPartyCookies": {},
            "firstPartyCookiesSent": {},
            "exampleSites": [
                "positivr.fr",
                "www.breakflip.com",
                "www.demotivateur.fr",
                "www.hockeyfeed.com",
                "www.kingmods.net",
                "www.laculturegenerale.com",
                "www.mesrecettesfaciles.fr"
            ]
        }
    ],
    "categories": [],
    "performance": {},
    "cookies": 0.0000746,
    "topInitiators": [
        {
            "domain": "flashb.id",
            "prevalence": 0.6625766871165644
        },
        {
            "domain": "onetag-sys.com",
            "prevalence": 0.06134969325153374
        },
        {
            "domain": "viously.com",
            "prevalence": 0.06134969325153374
        },
        {
            "domain": "omnitagjs.com",
            "prevalence": 0.05521472392638037
        },
        {
            "domain": "casalemedia.com",
            "prevalence": 0.05521472392638037
        },
        {
            "domain": "stickyadstv.com",
            "prevalence": 0.05521472392638037
        },
        {
            "domain": "pubmatic.com",
            "prevalence": 0.049079754601226995
        }
    ],
    "types": {
        "XHR": 18,
        "Image": 7,
        "Document": 7
    },
    "nameservers": [
        "alan.ns.cloudflare.com",
        "veronica.ns.cloudflare.com"
    ]
}