{
    "domain": "bulrev.com",
    "owner": {},
    "source": [
        "DuckDuckGo-US"
    ],
    "prevalence": 0.000264,
    "sites": 39,
    "subdomains": [],
    "cnames": [],
    "fingerprinting": 2,
    "resources": [
        {
            "rule": "bulrev\\.com\\/show\\/std",
            "cookies": 0.0000407,
            "fingerprinting": 0,
            "subdomains": [],
            "apis": {},
            "sites": 20,
            "prevalence": 0.000136,
            "cnames": [],
            "responseHashes": [
                "f222630643086fc17f433a96cb494ebb9d04cbd68a5b6a1b07947d7920f78e42",
                "d965d7e889f78ae1cb01d87927298b68c8500ae7bb84a7d02ee2cb45a49e77be",
                "b8ce6d757cf81574c231af09ee92fad87e978e1fbfd0682b9fabb058de5d24f0",
                "809d6310a15b57cdf5ee630e41fad3dd8a278c385662b2a4e0b5946cb15792ab",
                "028a99ad97a61631c1375dacf717d64d90a47f7ad2e86e853af1342276181e99",
                "27f13f8a35aaf9639bcb0bf93b814afd552248e00ab553f7360608bc9edaeae0",
                "9ec739edb59126a82d008bf7533836eca3d0c501aae48120255db94ebb0d28c5",
                "5751da38fb7dde66a66a7fa9dd88c59f510ddce0449f7b79d10117603e8f6f41",
                "1f1bf44ee801eb36084f32f8dae96073f53a693cea1cf466184c11f46e596ea6",
                "99f8466a20bf71f6bdf86530b92b8d76620e8c3f01ac308828b32bc529bce2e9",
                "9264681f6c06d7e9559b17850fcdd647e514d02e9de3923a2ac098cd06155d19",
                "9553218a1c89ebf88811e11bab8bd2817f31eb5dcec02f212a4c2a7869cf3b82",
                "d4999fc57fbeb4dc7c6fa15b847c7c602b87958afe90b2264aa679fc57e56bbb",
                "1f56195947e58e2bd145f4c86a95106a1f4be442c0009e9cd6d2f37c3bbbcb68",
                "663d0ab4fc4d7209a01cdcb0b32b030a028bc6d0799b63b3e56c350cd5ffd3a2",
                "9d7470f85a5aad06ec488fedc6e9029564c8e571cdcaba7bf8c4dbfe87adba5f",
                "c6f082ed0799b1a857bcd6dac1a4a1752394db00406c0c802906883bd607566d",
                "d08153e1eda0da9398395a08551f99923eb706bb1aba15948ac336878620b6a8",
                "4d56447dffed98b1a5bf96966768d51ba90b37ffec33e293b2916b1890811e60"
            ],
            "type": "Fetch",
            "firstPartyCookies": {},
            "firstPartyCookiesSent": {},
            "exampleSites": [
                "bokepindonesiaviral.link",
                "bokepindonesiaviral.online",
                "dirtyship.com",
                "fansteek.com",
                "javmovs.com",
                "justpicsplease.com",
                "lewdstars.com",
                "megapornx.com",
                "onlyleaks.me",
                "pornxnow.me",
                "prothots.com",
                "sexythots.com",
                "thotslife.com",
                "tokthots.com",
                "www.heavy-r.com",
                "www.homemoviestube.com",
                "www.mypornhere.com",
                "www.totallynsfw.com",
                "www.vintagepornfun.com",
                "xxxpicz.com"
            ]
        },
        {
            "rule": "bulrev\\.com\\/resources\\/slider\\.min\\.js",
            "cookies": 0,
            "fingerprinting": 2,
            "subdomains": [],
            "apis": {
                "Navigator.prototype.userAgent": 14,
                "Navigator.prototype.maxTouchPoints": 14,
                "Navigator.prototype.languages": 14,
                "HTMLMediaElement.prototype.canPlayType": 13,
                "MediaSource.isTypeSupported": 13,
                "Navigator.prototype.platform": 14,
                "window.localStorage": 14,
                "window.innerWidth": 11,
                "window.innerHeight": 11
            },
            "sites": 15,
            "prevalence": 0.000102,
            "cnames": [],
            "responseHashes": [
                "cc7ee3512c2aef2d7cb5320d4df593467aee8e48a5a20d1ad536281772ea24ea"
            ],
            "type": "Script",
            "firstPartyCookies": {},
            "firstPartyCookiesSent": {},
            "exampleSites": [
                "dirtyship.com",
                "fansteek.com",
                "justpicsplease.com",
                "lewdstars.com",
                "megapornx.com",
                "milfzr.com",
                "prothots.com",
                "sexythots.com",
                "thotslife.com",
                "www.heavy-r.com",
                "www.homemoviestube.com",
                "www.mypornhere.com",
                "www.totallynsfw.com",
                "www.vintagepornfun.com",
                "xxxpicz.com"
            ]
        },
        {
            "rule": "bulrev\\.com\\/resources\\/slider\\.min\\.css",
            "cookies": 0,
            "fingerprinting": 0,
            "subdomains": [],
            "apis": {},
            "sites": 15,
            "prevalence": 0.000102,
            "cnames": [],
            "responseHashes": [
                "a5c42ba2eb70db0db2c4b090d0b6bdaa48faa82d5acc900ec255671d54fa45b7"
            ],
            "type": "Stylesheet",
            "firstPartyCookies": {},
            "firstPartyCookiesSent": {},
            "exampleSites": [
                "dirtyship.com",
                "fansteek.com",
                "justpicsplease.com",
                "lewdstars.com",
                "megapornx.com",
                "milfzr.com",
                "prothots.com",
                "sexythots.com",
                "thotslife.com",
                "www.heavy-r.com",
                "www.homemoviestube.com",
                "www.mypornhere.com",
                "www.totallynsfw.com",
                "www.vintagepornfun.com",
                "xxxpicz.com"
            ]
        },
        {
            "rule": "bulrev\\.com\\/placements\\/settings",
            "cookies": 0.0000949,
            "fingerprinting": 0,
            "subdomains": [],
            "apis": {},
            "sites": 14,
            "prevalence": 0.0000949,
            "cnames": [],
            "responseHashes": [
                "10f0fa8d1ac0f3f45b4abfc4159929de74d9122821037c0a7975ad43b08dc9d7",
                "a24ab1b3371e4b967de155a7e1932a99c4a1ffe38a0171759ca0ffd4a499538a",
                "409649e1f8e7bd5c5696f569cbf7271f8392b701b1e34a5b7fca9a77552ecbc6",
                "9048a1af7031a1317c215f9cd2468b3c4a1b2286f265d85b36e210cece39f712",
                "959c29eac2ebf3695be541245b4914d7f9dd809e6828a7df7ed8e19f4a53165b",
                "4dc04e88d2a0c1615e3e5742c79385815a161810956c2f1d15ba3d1dee82dca2",
                "edb9869ace09b88fddf6653f0907aff4068030afe4f82cd33c9bee5f88b0236b",
                "cfa3f5b0176de48fd2913aefb200db2f7350b935900beaf9d42dbfe42cf5ffb2",
                "ceb03c2dbd64125f42d41ebf822e0058742095931d0362075438296853dc2ab2",
                "40b4f0de3cdd46cc163038424eb855193fd38766761429fe28dfbc8dc847fa7f"
            ],
            "type": "Fetch",
            "firstPartyCookies": {},
            "firstPartyCookiesSent": {},
            "exampleSites": [
                "dirtyship.com",
                "fansteek.com",
                "justpicsplease.com",
                "lewdstars.com",
                "megapornx.com",
                "prothots.com",
                "sexythots.com",
                "thotslife.com",
                "www.heavy-r.com",
                "www.homemoviestube.com",
                "www.mypornhere.com",
                "www.totallynsfw.com",
                "www.vintagepornfun.com",
                "xxxpicz.com"
            ]
        }
    ],
    "categories": [],
    "performance": {},
    "cookies": 0.000251,
    "topInitiators": [
        {
            "domain": "first party",
            "prevalence": 0.9274193548387096
        },
        {
            "domain": "canstrm.com",
            "prevalence": 0.07258064516129033
        }
    ],
    "types": {
        "Fetch": 34,
        "Script": 15,
        "Stylesheet": 15
    },
    "nameservers": [
        "ns05.domaincontrol.com",
        "ns06.domaincontrol.com"
    ]
}