{
    "domain": "caroda.io",
    "owner": {},
    "source": [
        "DuckDuckGo-US"
    ],
    "prevalence": 0.000271,
    "sites": 40,
    "subdomains": [
        "publisher",
        "api",
        "ads",
        "data",
        "cdn5",
        "prebid"
    ],
    "cnames": [],
    "fingerprinting": 3,
    "resources": [
        {
            "rule": "caroda\\.io\\/videoPlayer\\/caroda\\.min\\.js",
            "cookies": 0,
            "fingerprinting": 0,
            "subdomains": [
                "publisher"
            ],
            "apis": {},
            "sites": 27,
            "prevalence": 0.000183,
            "cnames": [],
            "responseHashes": [
                "5d1b2b7ef470bd586d93656b813e6aa07237524eaee4037b5da948f23a8ee636",
                "5b470c96455b0d2c84d5de889cc9ae0b88ddd21ee218cc5725b912a150a07e39",
                "7e5a6edd1bc74199a4768b38aa3a56b107576c41c6e428a36803eab4d39b9a61",
                "4d8dd660d9d8b5bdbce6e9eac614ce35ccfda1033bc1d56be7dccf6eff11aaa4",
                "972bf663c49dc0ffae1a4a58dcdf591cec4b33ab9381bee5be6141315510ed64",
                "c092b6d7a1e0bead21f3ff59350d8781c6fbb9e69a61f94c298182edee98fe47",
                "27860ffa896c71dc2bb172199e2bb44bfeddbf7253f955a0a865715d6c810166",
                "8c5cf7c62861535c8bad427b0cf762f31aef3ec7bedfeab319478db7463eba7f",
                "debb63c3234eb28599dcf9a4bb71a2435ab3c8687b057971023c0e2a0228a67a",
                "5a197d088abfd09905949a175424aeeaec0a26d380710647e451182a80451953",
                "d53a831472c3873160ceb298686cb3af995f7559d149ab8343f31da4a77ddcb9",
                "475ed7cab1fe14a9edca6790824b55499acb0c030b3da559f3b51d0f2e99674e",
                "325616fa8f76aec54bad2ed7c1b027ed9968805afe8acb5b1687c9aa83db832e",
                "609719de6be315baef3b369b5f445e04312f1c379c038398fb12c4f55b46f8aa",
                "067ba120f4f326fa2de21fe50283386b3607c17d8804ca11b6a1b006a88db286"
            ],
            "type": "Script",
            "firstPartyCookies": {},
            "firstPartyCookiesSent": {},
            "exampleSites": [
                "www.centrum.cz",
                "www.ahaonline.cz",
                "www.csfd.cz",
                "www.vitalia.cz",
                "www.vareni.cz",
                "www.meteocentrum.cz",
                "www.voice.fi",
                "www.wirtualnemedia.pl",
                "www.planeta.pl",
                "zpravy.aktualne.cz",
                "fresh.iprima.cz",
                "iprima.cz",
                "cnn.iprima.cz",
                "www.auto.cz",
                "www.apetitonline.cz",
                "www.reflex.cz",
                "www.cas.sk",
                "www.primerahora.com",
                "www.zive.cz",
                "www.parlamentnilisty.cz"
            ]
        },
        {
            "rule": "caroda\\.io\\/targetingProfile\\.json",
            "cookies": 0,
            "fingerprinting": 0,
            "subdomains": [
                "api"
            ],
            "apis": {},
            "sites": 27,
            "prevalence": 0.000183,
            "cnames": [],
            "responseHashes": [
                "64e1c64e04ccc89ca50d0f83eb070a84bce5abd1afc5bc7a02c777cc695ff08b"
            ],
            "type": "Fetch",
            "firstPartyCookies": {},
            "firstPartyCookiesSent": {},
            "exampleSites": [
                "www.lrytas.lt",
                "www.reflex.cz",
                "www.csfd.sk",
                "www.vareni.cz",
                "www.zive.cz",
                "www.recepty.cz",
                "www.meteocentrum.cz",
                "fresh.iprima.cz",
                "www.apetitonline.cz",
                "www.cas.sk",
                "www.primerahora.com",
                "www.aktualne.cz",
                "www.vitalia.cz",
                "www.csfd.cz",
                "www.centrum.cz",
                "www.planeta.pl",
                "iprima.cz",
                "zpravy.aktualne.cz",
                "www.e15.cz",
                "www.auto.cz"
            ]
        },
        {
            "rule": "caroda\\.io\\/videoPlayer\\/v\\/be35ea22c1cca545118cc35c8fd069ef6361726f64612d323032332d30332d31375431303a33323a30322e3136315a\\/s\\/2\\/static\\.min\\.js",
            "cookies": 0,
            "fingerprinting": 2,
            "subdomains": [
                "ads"
            ],
            "apis": {
                "window.localStorage": 20,
                "window.indexedDB": 20,
                "Navigator.prototype.userAgent": 21,
                "Navigator.prototype.webdriver": 20,
                "Navigator.prototype.languages": 20,
                "window.innerHeight": 12,
                "Date.prototype.getTime": 11,
                "URL.createObjectURL": 3
            },
            "sites": 21,
            "prevalence": 0.000142,
            "cnames": [],
            "responseHashes": [
                "9168fbd75e37dbed257f24c2e8e0ab1d038086dc23e90a16caf7f493794ea1b4"
            ],
            "type": "Script",
            "firstPartyCookies": {},
            "firstPartyCookiesSent": {},
            "exampleSites": [
                "www.primerahora.com",
                "www.apetitonline.cz",
                "www.wirtualnemedia.pl",
                "www.aktualne.cz",
                "www.auto.cz",
                "www.finance.cz",
                "iprima.cz",
                "www.recepty.cz",
                "www.e15.cz",
                "www.vitalia.cz",
                "www.csfd.cz",
                "www.parlamentnilisty.cz",
                "www.csfd.sk",
                "www.cas.sk",
                "tv.nova.cz",
                "zpravy.aktualne.cz",
                "cnn.iprima.cz",
                "fresh.iprima.cz",
                "www.zive.cz",
                "www.meteocentrum.cz"
            ]
        },
        {
            "rule": "caroda\\.io\\/api\\/hit\\.gif",
            "cookies": 0,
            "fingerprinting": 0,
            "subdomains": [
                "data"
            ],
            "apis": {},
            "sites": 19,
            "prevalence": 0.000129,
            "cnames": [],
            "responseHashes": [
                "cbd100d7cdab80ff21d2b11415e4d289beb2560bf07960915286afbeb5460c12"
            ],
            "type": "Image",
            "firstPartyCookies": {},
            "firstPartyCookiesSent": {},
            "exampleSites": [
                "iprima.cz",
                "cnn.iprima.cz",
                "www.aktualne.cz",
                "www.apetitonline.cz",
                "www.auto.cz",
                "www.cas.sk",
                "www.centrum.cz",
                "www.e15.cz",
                "www.finance.cz",
                "www.meteocentrum.cz",
                "www.parlamentnilisty.cz",
                "www.planeta.pl",
                "www.primerahora.com",
                "www.recepty.cz",
                "www.reflex.cz",
                "www.vareni.cz",
                "www.vitalia.cz",
                "www.wirtualnemedia.pl",
                "zpravy.aktualne.cz"
            ]
        },
        {
            "rule": "caroda\\.io\\/videoPlayer\\/v\\/be35ea22c1cca545118cc35c8fd069ef6361726f64612d323032332d30332d31375431303a33323a30322e3136315a\\/s\\/default\\/prebid\\.min\\.js",
            "cookies": 0.0000271,
            "fingerprinting": 3,
            "subdomains": [
                "ads"
            ],
            "apis": {
                "Navigator.prototype.appName": 7,
                "Date.prototype.getTime": 7,
                "Navigator.prototype.cookieEnabled": 7,
                "window.localStorage": 7,
                "Document.cookie getter": 6,
                "Screen.prototype.width": 4,
                "Screen.prototype.height": 4,
                "Navigator.prototype.userAgent": 6,
                "Navigator.prototype.doNotTrack": 4,
                "Navigator.prototype.language": 4,
                "window.innerWidth": 3,