{
    "domain": "cazamba.com",
    "owner": {},
    "source": [
        "DuckDuckGo-US"
    ],
    "prevalence": 0.000115,
    "sites": 17,
    "subdomains": [
        "api",
        "as",
        "cdn"
    ],
    "cnames": [],
    "fingerprinting": 1,
    "resources": [
        {
            "rule": "cazamba\\.com\\/common\\/czmb\\.min\\.js",
            "cookies": 0,
            "fingerprinting": 1,
            "subdomains": [
                "api"
            ],
            "apis": {
                "Date.prototype.getTime": 8,
                "Navigator.prototype.doNotTrack": 7,
                "Document.cookie getter": 7,
                "Navigator.prototype.userAgent": 7
            },
            "sites": 9,
            "prevalence": 0.000061,
            "cnames": [],
            "responseHashes": [
                "320d8033b4dc2535005db35ed05a86cb63b0df0526f9f6dfa259abc071211c2f"
            ],
            "type": "Script",
            "firstPartyCookies": {},
            "firstPartyCookiesSent": {},
            "exampleSites": [
                "globo.com",
                "duvidas.dicio.com.br",
                "www.band.uol.com.br",
                "www.calendarr.com",
                "www.dicio.com.br",
                "www.ebiografia.com",
                "www.maioresemelhores.com",
                "www.sinonimos.com.br",
                "www.vagalume.com.br"
            ]
        },
        {
            "rule": "cazamba\\.com\\/rm",
            "cookies": 0.000061,
            "fingerprinting": 0,
            "subdomains": [
                "as"
            ],
            "apis": {},
            "sites": 9,
            "prevalence": 0.000061,
            "cnames": [],
            "responseHashes": [
                "2de95f32116bd4958d01573334e42258009aaae56d487638d1f032d702dc2159",
                "f1d71f6f78787346864445b8f233b54e79c129c7ba7b1a48ba0477ff9d101a7a",
                "b6778ebda76963d298f3bdaa3dbe1258ad98e025086322426a149d486f79132a",
                "7e8cc4efb3df722995df967ee1e1d40b3ec1b02134c053f7ddf524ef8312a027",
                "384ecb0c8d21c0d54f9497729b3243e0a5e6e23e5129594ec0c8b6a07799462d",
                "6008100c96a8f669d9b396eb885af3bbb86ae5cdd127fafa57e7177172411602",
                "c2ffc9c7dae3a8044f1ebfb553046079868e2bda93bbf24332ce0da4be3fb964",
                "7a0e1507d10adea5ecd2a524b7867c9779acd0f99095d50865bd0b8549678860"
            ],
            "type": "Script",
            "firstPartyCookies": {},
            "firstPartyCookiesSent": {},
            "exampleSites": [
                "globo.com",
                "duvidas.dicio.com.br",
                "www.band.uol.com.br",
                "www.calendarr.com",
                "www.dicio.com.br",
                "www.ebiografia.com",
                "www.maioresemelhores.com",
                "www.sinonimos.com.br",
                "www.vagalume.com.br"
            ]
        },
        {
            "rule": "cazamba\\.com\\/cs",
            "cookies": 0,
            "fingerprinting": 0,
            "subdomains": [
                "as"
            ],
            "apis": {},
            "sites": 9,
            "prevalence": 0.000061,
            "cnames": [],
            "responseHashes": [
                "ff104537022f5253ee0932f58f6eb70884fb5adfaf9b172aae1eebd3183cd2ea",
                "7bca4e2d6e7ec7d6015efd4f48c036b0bbe6ffb5d22490c6a4c04870d8f8f044",
                "c4eae3b55f2b1d5bfc54c61cbcfe80661642458750ba103c37fa0462e284664f",
                "c705ec5eae429cfabc6517f57a0cb88db96c0682acc36221d5b3a84577097228",
                "689a9c03a301800c06e8e8da2393a2a1632cdf67bb57c875aba761655ef41d9e",
                "029cbce59ff86291a801d0ff7eb6516967272a6f41c8cf8ae0d7eab48d1e07d1",
                "ce3bd7290677b181dce7737a46db9e0a7a177ee7329f9b19eb23fc9705ac9e07"
            ],
            "type": "Document",
            "firstPartyCookies": {},
            "firstPartyCookiesSent": {},
            "exampleSites": [
                "globo.com",
                "duvidas.dicio.com.br",
                "www.band.uol.com.br",
                "www.calendarr.com",
                "www.dicio.com.br",
                "www.ebiografia.com",
                "www.maioresemelhores.com",
                "www.sinonimos.com.br",
                "www.vagalume.com.br"
            ]
        },
        {
            "rule": "cazamba\\.com\\/cs",
            "cookies": 0.000061,
            "fingerprinting": 0,
            "subdomains": [
                "as"
            ],
            "apis": {},
            "sites": 9,
            "prevalence": 0.000061,
            "cnames": [],
            "responseHashes": [
                "e3b0c44298fc1c149afbf4c8996fb92427ae41e4649b934ca495991b7852b855"
            ],
            "type": "XHR",
            "firstPartyCookies": {},
            "firstPartyCookiesSent": {},
            "exampleSites": [
                "globo.com",
                "duvidas.dicio.com.br",
                "www.band.uol.com.br",
                "www.calendarr.com",
                "www.dicio.com.br",
                "www.ebiografia.com",
                "www.maioresemelhores.com",
                "www.sinonimos.com.br",
                "www.vagalume.com.br"
            ]
        },
        {
            "rule": "cazamba\\.com\\/b6ca9ae18f4b8a16dd32154bfb16a158\\.js",
            "cookies": 0,
            "fingerprinting": 0,
            "subdomains": [
                "api"
            ],
            "apis": {},
            "sites": 3,
            "prevalence": 0.0000203,
            "cnames": [],
            "responseHashes": [
                "36c87477804e12bebeaf6f7e079d246274d8a43467c15f564f9159e51f70dc16"
            ],
            "type": "Script",
            "firstPartyCookies": {},
            "firstPartyCookiesSent": {},
            "exampleSites": [
                "dicio.com.br",
                "duvidas.dicio.com.br",
                "www.dicio.com.br"
            ]
        },
        {
            "rule": "cazamba\\.com\\/46aa3228dda4bdd8a1bb393f132073cd\\.js",
            "cookies": 0,
            "fingerprinting": 0,
            "subdomains": [
                "api"
            ],
            "apis": {},
            "sites": 2,
            "prevalence": 0.0000135,
            "cnames": [],
            "responseHashes": [
                "e4f688b0da81360677c6a6dc620761a4bdf4237f9c652001bea33d1d0c587710"
            ],
            "type": "Script",
            "firstPartyCookies": {},
            "firstPartyCookiesSent": {},
            "exampleSites": [
                "uol.com.br",
                "www.band.uol.com.br"
            ]
        },
        {
            "rule": "cazamba\\.com\\/94d3a6fc7701bc2fdd394791ecf895f2\\.js",
            "cookies": 0,
            "fingerprinting": 0,
            "subdomains": [
                "api"
            ],
            "apis": {},
            "sites": 2,
            "prevalence": 0.0000135,
            "cnames": [],
            "responseHashes": [
                "4e87f8b0e3bf89fb61ae34356ff950e9744aa4743d381ecff5ae3059411370d4"
            ],
            "type": "Script",
            "firstPartyCookies": {},
            "firstPartyCookiesSent": {},
            "exampleSites": [
                "calendarr.com",
                "www.calendarr.com"
            ]
        },
        {
            "rule": "cazamba\\.com\\/ebca09747f10d201514bf03bd403f557\\.js",
            "cookies": 0,
            "fingerprinting": 0,
            "subdomains": [
                "api"
            ],
            "apis": {},
            "sites": 2,
            "prevalence": 0.0000135,
            "cnames": [],
            "responseHashes": [
                "98c2a816e4a0ab96857b0fa66f8eb2c4430e51e1802b1e5c848e0efcd66d5eef"
            ],
            "type": "Script",
            "firstPartyCookies": {},
            "firstPartyCookiesSent": {},