{
    "domain": "cazamba.com",
    "owner": {},
    "source": [
        "DuckDuckGo-US"
    ],
    "prevalence": 0.000115,
    "sites": 17,
    "subdomains": [
        "api",
        "as",
        "cdn"
    ],
    "cnames": [],
    "fingerprinting": 1,
    "resources": [
        {
            "rule": "cazamba\\.com\\/common\\/czmb\\.min\\.js",
            "cookies": 0,
            "fingerprinting": 1,
            "subdomains": [
                "api"
            ],
            "apis": {
                "Date.prototype.getTime": 10,
                "Navigator.prototype.doNotTrack": 10,
                "Document.cookie getter": 10,
                "Navigator.prototype.userAgent": 10
            },
            "sites": 10,
            "prevalence": 0.0000676,
            "cnames": [],
            "responseHashes": [
                "320d8033b4dc2535005db35ed05a86cb63b0df0526f9f6dfa259abc071211c2f"
            ],
            "type": "Script",
            "firstPartyCookies": {},
            "firstPartyCookiesSent": {},
            "exampleSites": [
                "globo.com",
                "www.band.uol.com.br",
                "www.calendarr.com",
                "www.climatempo.com.br",
                "www.dicio.com.br",
                "www.maioresemelhores.com",
                "www.mensagenscomamor.com",
                "www.significados.com.br",
                "www.sinonimos.com.br",
                "www.vagalume.com.br"
            ]
        },
        {
            "rule": "cazamba\\.com\\/rm",
            "cookies": 0.0000676,
            "fingerprinting": 0,
            "subdomains": [
                "as"
            ],
            "apis": {},
            "sites": 10,
            "prevalence": 0.0000676,
            "cnames": [],
            "responseHashes": [
                "36729a07a763dbd0764186639ecc470307c4998b9c18464d668be93976d720b6",
                "8db3c40c4dbe6163927f74d7e27645e896ca5997ad2a7bd96fa8c8cf6d4866c0",
                "07e5cb8375c1b646e2550738137ee6bd088a7f895fbb43e16f4a33e4376537bd",
                "5b7b86e12833c6ffee8ba55a730ea93448c135b202bda0a2d5afc7a0b673e355",
                "954fbf160cae74ff6ccbb29b2c91832681334bb50b0ffa66aa79d284758e568d",
                "a469c433ba0979ba2333effce9a89f55f419cacf404efe92eae59a3d067f341f",
                "d8be93997c16eb41e6de2ae030e445d42753c48832c556ccb6b24145d065e502",
                "8118c3b2b6c50cb91009853502297112da5a6a4b08f25e5b6940f28a3beec1bd",
                "a6c8f4f98bc4995f4e5bea36ebd9c025141e465e4bb292bb6b02fd3d88f941ed"
            ],
            "type": "Script",
            "firstPartyCookies": {},
            "firstPartyCookiesSent": {},
            "exampleSites": [
                "globo.com",
                "www.band.uol.com.br",
                "www.calendarr.com",
                "www.climatempo.com.br",
                "www.dicio.com.br",
                "www.maioresemelhores.com",
                "www.mensagenscomamor.com",
                "www.significados.com.br",
                "www.sinonimos.com.br",
                "www.vagalume.com.br"
            ]
        },
        {
            "rule": "cazamba\\.com\\/cs",
            "cookies": 0,
            "fingerprinting": 0,
            "subdomains": [
                "as"
            ],
            "apis": {},
            "sites": 10,
            "prevalence": 0.0000676,
            "cnames": [],
            "responseHashes": [],
            "type": "Document",
            "firstPartyCookies": {},
            "firstPartyCookiesSent": {},
            "exampleSites": [
                "globo.com",
                "www.band.uol.com.br",
                "www.calendarr.com",
                "www.climatempo.com.br",
                "www.dicio.com.br",
                "www.maioresemelhores.com",
                "www.mensagenscomamor.com",
                "www.significados.com.br",
                "www.sinonimos.com.br",
                "www.vagalume.com.br"
            ]
        },
        {
            "rule": "cazamba\\.com\\/common\\/vec\\.js",
            "cookies": 0,
            "fingerprinting": 0,
            "subdomains": [
                "cdn"
            ],
            "apis": {},
            "sites": 10,
            "prevalence": 0.0000676,
            "cnames": [],
            "responseHashes": [
                "6cdd22e067545f77d4168806ab785103e5702b8976e5f77c5e811e4118f817a6"
            ],
            "type": "Script",
            "firstPartyCookies": {},
            "firstPartyCookiesSent": {},
            "exampleSites": [
                "globo.com",
                "www.band.uol.com.br",
                "www.calendarr.com",
                "www.climatempo.com.br",
                "www.dicio.com.br",
                "www.maioresemelhores.com",
                "www.mensagenscomamor.com",
                "www.significados.com.br",
                "www.sinonimos.com.br",
                "www.vagalume.com.br"
            ]
        },
        {
            "rule": "cazamba\\.com\\/46aa3228dda4bdd8a1bb393f132073cd\\.js",
            "cookies": 0,
            "fingerprinting": 0,
            "subdomains": [
                "api"
            ],
            "apis": {},
            "sites": 2,
            "prevalence": 0.0000135,
            "cnames": [],
            "responseHashes": [
                "e4f688b0da81360677c6a6dc620761a4bdf4237f9c652001bea33d1d0c587710"
            ],
            "type": "Script",
            "firstPartyCookies": {},
            "firstPartyCookiesSent": {},
            "exampleSites": [
                "uol.com.br",
                "www.band.uol.com.br"
            ]
        },
        {
            "rule": "cazamba\\.com\\/94d3a6fc7701bc2fdd394791ecf895f2\\.js",
            "cookies": 0,
            "fingerprinting": 0,
            "subdomains": [
                "api"
            ],
            "apis": {},
            "sites": 2,
            "prevalence": 0.0000135,
            "cnames": [],
            "responseHashes": [
                "4e87f8b0e3bf89fb61ae34356ff950e9744aa4743d381ecff5ae3059411370d4"
            ],
            "type": "Script",
            "firstPartyCookies": {},
            "firstPartyCookiesSent": {},
            "exampleSites": [
                "calendarr.com",
                "www.calendarr.com"
            ]
        },
        {
            "rule": "cazamba\\.com\\/b6ca9ae18f4b8a16dd32154bfb16a158\\.js",
            "cookies": 0,
            "fingerprinting": 0,
            "subdomains": [
                "api"
            ],
            "apis": {},
            "sites": 2,
            "prevalence": 0.0000135,
            "cnames": [],
            "responseHashes": [
                "36c87477804e12bebeaf6f7e079d246274d8a43467c15f564f9159e51f70dc16"
            ],
            "type": "Script",
            "firstPartyCookies": {},
            "firstPartyCookiesSent": {},
            "exampleSites": [
                "dicio.com.br",
                "www.dicio.com.br"
            ]
        },
        {
            "rule": "cazamba\\.com\\/396c59aa2d1e639e64afcb21b6e53470\\.js",
            "cookies": 0,
            "fingerprinting": 0,
            "subdomains": [
                "api"
            ],
            "apis": {},
            "sites": 2,
            "prevalence": 0.0000135,
            "cnames": [],
            "responseHashes": [
                "df8904ebae5d1ebb6ff7c3e8f23fee68397c8b55c1b8453d49ac4bf2f5bee8ee"
            ],
            "type": "Script",
            "firstPartyCookies": {},
            "firstPartyCookiesSent": {},
            "exampleSites": [
                "maioresemelhores.com",
                "www.maioresemelhores.com"
            ]
        },
        {
            "rule": "cazamba\\.com\\/adx\\/desktopFooter\\.min\\.js",
            "cookies": 0,
            "fingerprinting": 0,
            "subdomains": [
                "cdn"
            ],
            "apis": {},
            "sites": 2,