{
    "domain": "ccmiocw.com",
    "owner": {},
    "source": [
        "DuckDuckGo-US"
    ],
    "prevalence": 0.000178,
    "sites": 23,
    "subdomains": [
        "www"
    ],
    "cnames": [],
    "fingerprinting": 1,
    "resources": [
        {
            "rule": "ccmiocw\\.com\\/im_jerky",
            "cookies": 0,
            "fingerprinting": 0,
            "subdomains": [
                "www"
            ],
            "apis": {},
            "sites": 7,
            "prevalence": 0.0000543,
            "cnames": [],
            "responseHashes": [
                "15b664dc54e4689aed2dd97312283a62ff7f16c7576a9a2389e794f5ca49adef",
                "6453e65f69bafaed316202db0a8b4bea2878224bfe1be05501a9115097630f47",
                "16290a018efd83a86bdb741fe0bfe7627913f3bf089e7d61ea4c79ccabe2ad08",
                "2bc9158dd0c1c7ff271973ce11bfefa0d9753658ce08cb5de7c7a56f34bce483",
                "b571146e0c74d44f61146d11285dc79df06d7d7adb7cf53515fd4fc7a7493cab",
                "abba909fb06daaefc02a21152989ca3524cf27bf5dbc4caede5d2dbf2ed5458c"
            ],
            "type": "Script",
            "firstPartyCookies": {},
            "firstPartyCookiesSent": {},
            "exampleSites": [
                "baddiehub.com",
                "gaybodyblog.com",
                "hardgif.com",
                "nichepornsites.com",
                "nsfwmonster.com",
                "www.steamygamer.com",
                "xxxbios.com"
            ]
        },
        {
            "rule": "ccmiocw\\.com\\/",
            "cookies": 0,
            "fingerprinting": 1,
            "subdomains": [
                "www"
            ],
            "apis": {
                "window.innerWidth": 11,
                "window.innerHeight": 11
            },
            "sites": 12,
            "prevalence": 0.000093,
            "cnames": [],
            "responseHashes": [
                "87e7376bbdc26bc6c8c7051943a6fcd57c0b7e476096c033ffa41a0ece012539",
                "4e8526b8124203000865539aad1125bfa209e4a2921b63db24c8021c7bda6138",
                "ac062f03d512b561aa145d4288171ca02bceec92cd70995f3d2e83d0d6793b1a",
                "45db8e9b2a15e09b162981fe6a9d005e6b7e7ea481d82928f3cc5e63c21cdb10",
                "594411f760aff92f98987b4b383729aa0f584dc69e39eb9a789686bf5f731eae",
                "7694ab483a123baf7fdfb928b798de385ef6308f4af561c82e33dd2e76d2630e",
                "fb9fb04a6913ea6e91376527c65bcf2dbb5b1d1337c8ec9eb498f8a754283422"
            ],
            "type": "Document",
            "firstPartyCookies": {},
            "firstPartyCookiesSent": {},
            "exampleSites": [
                "baddiehub.com",
                "gaybodyblog.com",
                "hardgif.com",
                "hiddenmassagesex.com",
                "nichepornsites.com",
                "nsfwmonster.com",
                "pornstargold.com",
                "www.cutscenes.net",
                "www.familyporn.icu",
                "www.steamygamer.com",
                "www.tube8.com",
                "xxxbios.com"
            ]
        },
        {
            "rule": "ccmiocw\\.com\\/cams_widget_css\\.css",
            "cookies": 0,
            "fingerprinting": 0,
            "subdomains": [
                "www"
            ],
            "apis": {},
            "sites": 12,
            "prevalence": 0.000093,
            "cnames": [],
            "responseHashes": [
                "41dc6b57dd252a94fcc1d660bb12c68837d74c0c4637388bd2a0206305f1fa1c",
                "69f59d197b0fe84235972afd0dcb8daee9d43a9bd5c9cd469ee501fcc2019def",
                "3a4311ab4c638f0bc8467ae52e1deef93342724b6a21acd04716ec0196e563e9",
                "e06a79b3ba7461ddf919712db236d6c0ec91633655edc5971516e71399e6e0a3"
            ],
            "type": "Stylesheet",
            "firstPartyCookies": {},
            "firstPartyCookiesSent": {},
            "exampleSites": [
                "baddiehub.com",
                "gaybodyblog.com",
                "hardgif.com",
                "hiddenmassagesex.com",
                "nichepornsites.com",
                "nsfwmonster.com",
                "pornstargold.com",
                "www.cutscenes.net",
                "www.familyporn.icu",
                "www.steamygamer.com",
                "www.tube8.com",
                "xxxbios.com"
            ]
        },
        {
            "rule": "ccmiocw\\.com\\/script",
            "cookies": 0,
            "fingerprinting": 0,
            "subdomains": [
                "www"
            ],
            "apis": {},
            "sites": 4,
            "prevalence": 0.000031,
            "cnames": [],
            "responseHashes": [
                "b456ac1d41ae7d4bc052c1b7c8524291700d054006e3c926ccb723827ba089b5",
                "b4c68d6ded1844227e8acee335b9bab3a237c7b5871d1fbef16a505b44d6ff99",
                "e3fb3dc9e7bf220dda01affc6036cf4cca24ac8ff9a8061b90b0cbbe0d2ddbf5"
            ],
            "type": "Script",
            "firstPartyCookies": {},
            "firstPartyCookiesSent": {},
            "exampleSites": [
                "cutscenes.net",
                "www.cutscenes.net",
                "www.familyporn.icu",
                "www.tube8.com"
            ]
        }
    ],
    "categories": [],
    "performance": {},
    "cookies": 0,
    "topInitiators": [
        {
            "domain": "first party",
            "prevalence": 0.7878787878787878
        },
        {
            "domain": "camschat.net",
            "prevalence": 0.15151515151515152
        },
        {
            "domain": "cfgr3.com",
            "prevalence": 0.06060606060606061
        }
    ],
    "types": {
        "Script": 11,
        "Document": 12,
        "Stylesheet": 12
    },
    "nameservers": [
        "ns-1788.awsdns-31.co.uk",
        "ns-1205.awsdns-22.org",
        "ns-801.awsdns-36.net",
        "ns-337.awsdns-42.com"
    ]
}