{
    "domain": "ccmiocw.com",
    "owner": {},
    "source": [
        "DuckDuckGo-US"
    ],
    "prevalence": 0.000237,
    "sites": 35,
    "subdomains": [
        "www"
    ],
    "cnames": [],
    "fingerprinting": 1,
    "resources": [
        {
            "rule": "ccmiocw\\.com\\/im_jerky",
            "cookies": 0,
            "fingerprinting": 1,
            "subdomains": [
                "www"
            ],
            "apis": {
                "window.innerHeight": 11
            },
            "sites": 11,
            "prevalence": 0.0000745,
            "cnames": [],
            "responseHashes": [
                "acc076641968a7c8abfc0ea91f8cf518dd0d7de9560f3a2fb48ea6ae0600a2d0",
                "a5d9f705db07c6b8857ebc2050b0e0e1f1e0e6b95e150972e597d165608e7ed8",
                "d21bf3b7c811d69877fb3f90926cf3ad1614c7c22310625f72aecaf59aaeb469",
                "9f5e97fc9d65e5724fbaecd34851180b912813c8f5f7ec6a748f0a56c5346ab2",
                "0d30510de464634659a8bbbc6ab68b4cdcc30799335b8932121a03cda340c854",
                "eee36a44683fa13c9eb512a0a10d1401cb872f859e46632bd7ca792a14f2f8f0",
                "0b559e045a730cc5f9f4a0d388c620eaebce1cad21a0e16ca6204b06658af7de",
                "4f8227edfeaab91ae798c89a8e7626d1d833adbb87cfb6593ac4ddb1865c500e",
                "39ca51514560cc997efd19b1328200443d3649e60cb4a9d00c6d188d5a2c31dd",
                "3616f422854585e85e46e60ddc6a2af8c5312e2d704377fa88d27f5b193bf3f7"
            ],
            "type": "Script",
            "firstPartyCookies": {},
            "firstPartyCookiesSent": {},
            "exampleSites": [
                "baddiehub.com",
                "gaybodyblog.com",
                "www.cambabe.me",
                "www.cambabe.video",
                "www.camgoddess.tv",
                "www.caminspector.net",
                "www.camporn.tube",
                "www.camwhoreshd.com",
                "www.camwhoria.com",
                "www.makemoneyadultcontent.com",
                "xxxbios.com"
            ]
        },
        {
            "rule": "ccmiocw\\.com\\/",
            "cookies": 0,
            "fingerprinting": 1,
            "subdomains": [
                "www"
            ],
            "apis": {
                "window.innerWidth": 6,
                "window.innerHeight": 6
            },
            "sites": 21,
            "prevalence": 0.000142,
            "cnames": [],
            "responseHashes": [
                "e1ecc388619c3bc2900bcafe32b24a25be466f774c91dc05984e31c2de2e5cd0",
                "639df23dab202e98788616e9f7bccfe0add55e259c36b554900fa613ab881592",
                "f47e4dcb7e95e71aae95d730627271edc8d588c12d7978853c73cd7edc2a5ee5",
                "d64a62120dad5b21a3da57b58a4fbf1bf650d622c0204a1a2153aedd1d2dc332",
                "dc23d7e0bac5f7345d699f3f61a76593e2fd6baaf7a9a4badb92b748becb9671",
                "8326b3648dfe770e86d728ce3eca3ad4c27ec2ea6ac26f2107e757574455b415",
                "27456158392dbe4654bc0221f9530caa737d03a38c53376929e34e230a5f6b47",
                "98ebcf0e09d8e8d26bb22f896de9b103ed558ae347f881b28bfd270812f8eab4",
                "6ce76ce81445eba11c873e27b1ef318def764a35dd6ae7d86db39b510b82b62c",
                "5808642a8aa40bc84fa242c7678911f991af5814f03794bb842bec453dba0fb2",
                "333ca5f374784fbec213b661b07f6d3b8fff01f40a35e9b4fa50ada52645da41"
            ],
            "type": "Document",
            "firstPartyCookies": {},
            "firstPartyCookiesSent": {},
            "exampleSites": [
                "gaybodyblog.com",
                "www.familyporn.icu",
                "www.camporn.tube",
                "www.viralmaal.com",
                "www.camwhoreshd.com",
                "www.cambabe.me",
                "hiddenmassagesex.com",
                "bigo.video",
                "pornstargold.com",
                "baddiehub.com",
                "xvid.cam",
                "www.cambabe.video",
                "xxxbios.com",
                "pornchimp.com",
                "www.camgoddess.tv",
                "www.makemoneyadultcontent.com",
                "www.cutscenes.net",
                "www.caminspector.net",
                "www.camwhoria.com",
                "sxyprn.com"
            ]
        },
        {
            "rule": "ccmiocw\\.com\\/cams_widget_css\\.css",
            "cookies": 0,
            "fingerprinting": 0,
            "subdomains": [
                "www"
            ],
            "apis": {},
            "sites": 21,
            "prevalence": 0.000142,
            "cnames": [],
            "responseHashes": [
                "93f44f45edc3089aba27fb88ef010340608f77e551bbca092b872b4fe19e89fe",
                "41dc6b57dd252a94fcc1d660bb12c68837d74c0c4637388bd2a0206305f1fa1c",
                "69f59d197b0fe84235972afd0dcb8daee9d43a9bd5c9cd469ee501fcc2019def",
                "19a5be8d9833447a4e17e6ca52a0b8469b0708bc914e4683cac849bce04e7518",
                "d6e0520dc09ca21cad64eb1d6588ab2160e53179d4f30df9a8dbf0982638bef4",
                "3a4311ab4c638f0bc8467ae52e1deef93342724b6a21acd04716ec0196e563e9",
                "e06a79b3ba7461ddf919712db236d6c0ec91633655edc5971516e71399e6e0a3",
                "bc6a703329bdfecc5dc34a13c71126650cee450881825b621cfcddef0b4bdde4",
                "751e25e78adacabb62d493adfcba128d8bf496b5956d6dd064d27dba7b65c26e"
            ],
            "type": "Stylesheet",
            "firstPartyCookies": {},
            "firstPartyCookiesSent": {},
            "exampleSites": [
                "baddiehub.com",
                "hiddenmassagesex.com",
                "www.cambabe.me",
                "www.viralmaal.com",
                "www.camwhoria.com",
                "www.shesfreaky.com",
                "gaybodyblog.com",
                "www.familyporn.icu",
                "www.camporn.tube",
                "www.cambabe.video",
                "xxxbios.com",
                "sxyprn.com",
                "www.caminspector.net",
                "www.makemoneyadultcontent.com",
                "pornstargold.com",
                "xvid.cam",
                "www.camgoddess.tv",
                "www.camwhoreshd.com",
                "www.cutscenes.net",
                "pornchimp.com"
            ]
        },
        {
            "rule": "ccmiocw\\.com\\/script",
            "cookies": 0,
            "fingerprinting": 0,
            "subdomains": [
                "www"
            ],
            "apis": {},
            "sites": 7,
            "prevalence": 0.0000474,
            "cnames": [],
            "responseHashes": [
                "6c80ab90c85e192972d3fdf344f4b4275b89ac82a33e15883050a701b002ab13",
                "b456ac1d41ae7d4bc052c1b7c8524291700d054006e3c926ccb723827ba089b5",
                "b4c68d6ded1844227e8acee335b9bab3a237c7b5871d1fbef16a505b44d6ff99",
                "ddaa83bd310a380789edc9dbee110ea13b4b797f316eeb5ec2f151a8b70da010",
                "c0e0716a026150d2b2ae5c8d993b9c03de3e1175d6f1082210e67efcef05f75f",
                "a61b10469338da71167f257756808a55056b917f2a706ea9c8ad7f7fdeddefe9"
            ],
            "type": "Script",
            "firstPartyCookies": {},
            "firstPartyCookiesSent": {},
            "exampleSites": [
                "bigo.video",
                "sxyprn.com",
                "www.cutscenes.net",
                "www.familyporn.icu",
                "www.shesfreaky.com",
                "www.viralmaal.com",
                "xvid.cam"
            ]
        }
    ],
    "categories": [],
    "performance": {},
    "cookies": 0,
    "topInitiators": [
        {
            "domain": "first party",
            "prevalence": 0.875
        },
        {
            "domain": "camschat.net",
            "prevalence": 0.075
        },
        {
            "domain": "cfgr3.com",
            "prevalence": 0.05
        }
    ],
    "types": {
        "Script": 18,
        "Document": 21,
        "Stylesheet": 21
    },