{
    "domain": "cctm.xyz",
    "owner": {},
    "source": [
        "DuckDuckGo-US"
    ],
    "prevalence": 0.000231,
    "sites": 34,
    "subdomains": [
        "53665",
        "395537",
        "379706",
        "392204",
        "366635",
        "395177",
        "398672",
        "379043",
        "246128",
        "402218",
        "386834"
    ],
    "cnames": [],
    "fingerprinting": 1,
    "resources": [
        {
            "rule": "cctm\\.xyz\\/t\\.js",
            "cookies": 0.0000882,
            "fingerprinting": 1,
            "subdomains": [
                "53665",
                "395537",
                "379706",
                "392204",
                "366635",
                "395177",
                "398672",
                "379043",
                "246128",
                "402218"
            ],
            "apis": {
                "Document.cookie getter": 10,
                "Navigator.prototype.userAgent": 10,
                "window.localStorage": 10,
                "Date.prototype.getTime": 10,
                "Document.cookie setter": 10,
                "window.innerWidth": 2,
                "window.innerHeight": 2
            },
            "sites": 13,
            "prevalence": 0.0000882,
            "cnames": [],
            "responseHashes": [
                "42c27f55694beb872e1a98cac38aa19631c7c3dfb83c20deadb7cf5ae09bf887",
                "01ba4719c80b6fe911b091a7c05124b64eeece964e09c058ef8f9805daca546b",
                "62c75d52c650de02f1ccea737fe9813746bcece2b375106d922ffce0a93b9a1e",
                "957ac11a64e095840635a06589abcbf0e4092fe44554aa14773b5ee664a290b8",
                "62dd7e91bf80654faadb698fb757a136230e6e3bb6ba0bb0c7ac4a66791d63d0",
                "6247e2e8f23d054e2d3af08006656bb5cafc6a1c32debc3b4646e438be2a4b11",
                "b82c4eb794fa9d11dc65d17a805b41ef6cf8eff2f08ed5e587cb5b4309fe5764",
                "231b9855762b95a324f6ffcd54931eb349db076b1e800dbb5e15621a8e9fa5d1",
                "5caf498d9cc793e285b150c2e28086886a405ff181bbff121e5f32ee40318be1",
                "9f67ff41df747af767fcccc7b7e306e0014dda9d4a43cb3c1acd3e15d9a4030c",
                "c5e10f288517fbacbce566fe9bc1935305f3f0c7796faa7b266fb46a764919cd",
                "cdbf5aae832b7b6690cc4fc1319e9bc23320165001e99ee11aa3d680cf877428"
            ],
            "type": "Script",
            "firstPartyCookies": {
                "__ctmid": {
                    "ttl": 2592002,
                    "length": 24,
                    "prevalence": 0.00006781638036851421,
                    "uniqueness": 1
                }
            },
            "firstPartyCookiesSent": {},
            "exampleSites": [
                "banyantreatmentcenter.com",
                "fherehab.com",
                "greenhealthdocs.com",
                "store.lci1.com",
                "www.bostonmedicalgroup.com",
                "www.crystalmountain.com",
                "www.homeserve.com",
                "www.mattressadvisor.com",
                "www.mattressclarity.com",
                "www.mattressnerd.com",
                "www.sleepadvisor.org",
                "www.smarty.com",
                "www.streetsideclassics.com"
            ]
        },
        {
            "rule": "cctm\\.xyz\\/e\\.js",
            "cookies": 0.0000271,
            "fingerprinting": 1,
            "subdomains": [
                "386834"
            ],
            "apis": {
                "Document.cookie getter": 4,
                "Navigator.prototype.userAgent": 4,
                "window.localStorage": 4,
                "Date.prototype.getTime": 4,
                "Document.cookie setter": 4,
                "window.innerWidth": 3,
                "window.innerHeight": 3
            },
            "sites": 4,
            "prevalence": 0.0000271,
            "cnames": [],
            "responseHashes": [
                "96e0e667bc1942a18a3af78d84a449365670abcb3989b90215ed72e576c073bd",
                "453b1c66f44d75b8d9f311f18b334a13bec5af3469adef21c47f3328c8f88fe2",
                "df3222ef89cc52596e78872b12c157b46e1ae0a1b4c02239b7de0cacc95d7b7e"
            ],
            "type": "Script",
            "firstPartyCookies": {
                "__ctmid": {
                    "ttl": 2592000,
                    "length": 24,
                    "prevalence": 0.000027126552147405685,
                    "uniqueness": 1
                }
            },
            "firstPartyCookiesSent": {},
            "exampleSites": [
                "bedrockrecoverycenter.com",
                "springhillrecovery.com",
                "www.addictionresource.net",
                "www.arkbh.com"
            ]
        },
        {
            "rule": "cctm\\.xyz\\/p\\.js",
            "cookies": 0.0000678,
            "fingerprinting": 0,
            "subdomains": [
                "386834",
                "395537",
                "366635",
                "379043"
            ],
            "apis": {},
            "sites": 10,
            "prevalence": 0.0000678,
            "cnames": [],
            "responseHashes": [
                "63723d3418bdfe611f10233f7b7cd7017e94a3f0f969d26622e4a1ddefacbf08",
                "917bd8fceb41197be31a4307701609d5c91e360d53e305f98b2b7863e68d1267",
                "2a9b79737981d27810d88447fc1fa17de5a25d9038191c5cd1aa9e9ece648723",
                "9ef5564c416a988dd2e5302eb33152e8c20acfaee34273589804d73bd9cd88cb",
                "675584785f98e1b1266d5fed4e6dcef5121cc9ce8965148d588db0fb296d497e",
                "29af451ea4199cb67f2e9c0d017c58494792ecd9aaf67520c512c63d34a0396c",
                "a723808bbf1e9b6878b0c5df9b46d734ca3607a91519978fc6448b6e2938527f",
                "5c527fcc2b1356d6aa57dcf685737db18b6e8fa947d462234ee7ce581c7ce1a7"
            ],
            "type": "Script",
            "firstPartyCookies": {},
            "firstPartyCookiesSent": {
                "__ctmid": 0.00006781638036851421
            },
            "exampleSites": [
                "bedrockrecoverycenter.com",
                "fherehab.com",
                "springhillrecovery.com",
                "www.addictionresource.net",
                "www.arkbh.com",
                "www.bostonmedicalgroup.com",
                "www.mattressadvisor.com",
                "www.mattressclarity.com",
                "www.mattressnerd.com",
                "www.sleepadvisor.org"
            ]
        },
        {
            "rule": "cctm\\.xyz\\/x\\.json",
            "cookies": 0,
            "fingerprinting": 0,
            "subdomains": [
                "386834",
                "395537",
                "366635"
            ],
            "apis": {},
            "sites": 5,
            "prevalence": 0.0000339,
            "cnames": [],
            "responseHashes": [
                "e3b0c44298fc1c149afbf4c8996fb92427ae41e4649b934ca495991b7852b855"
            ],
            "type": "XHR",
            "firstPartyCookies": {},
            "firstPartyCookiesSent": {},
            "exampleSites": [
                "bedrockrecoverycenter.com",
                "fherehab.com",
                "springhillrecovery.com",
                "www.addictionresource.net",
                "www.bostonmedicalgroup.com"
            ]
        },
        {
            "rule": "cctm\\.xyz\\/x\\.json",
            "cookies": 0,
            "fingerprinting": 0,
            "subdomains": [
                "386834",
                "395537",
                "366635"
            ],
            "apis": {},
            "sites": 5,
            "prevalence": 0.0000339,
            "cnames": [],
            "responseHashes": [],
            "type": "Preflight",
            "firstPartyCookies": {},
            "firstPartyCookiesSent": {},