{
    "domain": "cdngcloud.com",
    "owner": {},
    "source": [
        "DuckDuckGo-US"
    ],
    "prevalence": 0.000199,
    "sites": 24,
    "subdomains": [
        "us-west1"
    ],
    "cnames": [],
    "fingerprinting": 2,
    "resources": [
        {
            "rule": "cdngcloud\\.com\\/api\\/spots\\/41050",
            "cookies": 0.0000995,
            "fingerprinting": 0,
            "subdomains": [
                "us-west1"
            ],
            "apis": {},
            "sites": 12,
            "prevalence": 0.0000995,
            "cnames": [],
            "responseHashes": [
                "b33bc6948e79c33958646b42ed3e9bdce65c5ba518c6b9039dfe4298d8bb9b7f",
                "7d36e414a542af15c9048714f115ec4f7ca1569aa8e8f0db4d2e5bc46ae1e47a",
                "cc772893e4704f3044d452eb27b35e4360d068c9dfb444d993ec22ddb748ec2d",
                "619c3ae694b19a6f5f64891dded83abf40e667b72c1165b8c6fc32e43b336232",
                "e7af35e62776d1b22c36a12bbeb7d1cfda674f123b3bc19758aa82c2df39687c",
                "ff7c6f2ff9f663e939f972d0a1c3b6894b655ad4489ff6c0e84b1fc964f5c7cf",
                "7e405cc64ff25b6a2d68e686065bdebaf95b6a29e9dc6c72110a811c6103ca45",
                "d06a3d4d13babec7110ff277e2806c3c8ca5203f1f1cdc288fbbf4cad9b3e5ad",
                "5de25a58764aeedbadd41cd17db229f3f846a7ef398a87e93ab30c5842a8b10e",
                "a457e387e83aa1cf5a7e409cbdd1474ad677697ab100dbabc9d835861319ad27",
                "10229b06b3e1214fe76dd30198f069d5b93abae8d60d1c21be3e85f8f1157063"
            ],
            "type": "Document",
            "firstPartyCookies": {},
            "firstPartyCookiesSent": {},
            "exampleSites": [
                "japxtube.com",
                "lesbianclick.com",
                "lesbiancloud.com",
                "topchineseporn.com",
                "turboindian.com",
                "www.japxtube.com",
                "www.mylesbianfuck.com",
                "www.xtubebdsm.com",
                "www.yhprn.com",
                "xtubeindian.com",
                "xxxfilm.pro",
                "xzxxtube.com"
            ]
        },
        {
            "rule": "cdngcloud\\.com\\/api\\/spots\\/41051",
            "cookies": 0.0000166,
            "fingerprinting": 0,
            "subdomains": [
                "us-west1"
            ],
            "apis": {},
            "sites": 2,
            "prevalence": 0.0000166,
            "cnames": [],
            "responseHashes": [
                "4d12b80ab6c1adb2c2ec944b55f1038784301bbb2de848168cd1a316181feb2f"
            ],
            "type": "Document",
            "firstPartyCookies": {},
            "firstPartyCookiesSent": {},
            "exampleSites": [
                "lesbiancloud.com",
                "xtubeindian.com"
            ]
        },
        {
            "rule": "cdngcloud\\.com\\/api\\/spots\\/41052",
            "cookies": 0.0000166,
            "fingerprinting": 0,
            "subdomains": [
                "us-west1"
            ],
            "apis": {},
            "sites": 2,
            "prevalence": 0.0000166,
            "cnames": [],
            "responseHashes": [
                "9d391fc57528a3f67a4577dc0a9b5fba7c65ac2cd3f096961aed98b26ea37015"
            ],
            "type": "Document",
            "firstPartyCookies": {},
            "firstPartyCookiesSent": {},
            "exampleSites": [
                "lesbiancloud.com",
                "xtubeindian.com"
            ]
        },
        {
            "rule": "cdngcloud\\.com\\/api\\/spots\\/41053",
            "cookies": 0.0000166,
            "fingerprinting": 0,
            "subdomains": [
                "us-west1"
            ],
            "apis": {},
            "sites": 2,
            "prevalence": 0.0000166,
            "cnames": [],
            "responseHashes": [
                "5699ae32659381053c260ff1a8f16fcd1fff97b06e7b5480d8157510abc7f59b"
            ],
            "type": "Document",
            "firstPartyCookies": {},
            "firstPartyCookiesSent": {},
            "exampleSites": [
                "lesbiancloud.com",
                "xtubeindian.com"
            ]
        },
        {
            "rule": "cdngcloud\\.com\\/api\\/spots\\/77669",
            "cookies": 0.0000166,
            "fingerprinting": 0,
            "subdomains": [
                "us-west1"
            ],
            "apis": {},
            "sites": 3,
            "prevalence": 0.0000249,
            "cnames": [],
            "responseHashes": [
                "be6a88f6eaadcef11d5eecf7294fe8664b7bb90072ddf61676e87959dc502ae4",
                "45d1596b7f0cec6d84891ad1e69d0c2c1f49febca4df48caed7a4a5b77e7c170"
            ],
            "type": "Fetch",
            "firstPartyCookies": {},
            "firstPartyCookiesSent": {},
            "exampleSites": [
                "turboindian.com",
                "www.mylesbianfuck.com",
                "www.yhprn.com"
            ]
        },
        {
            "rule": "cdngcloud\\.com\\/api\\/settings\\/39709",
            "cookies": 0,
            "fingerprinting": 0,
            "subdomains": [
                "us-west1"
            ],
            "apis": {},
            "sites": 2,
            "prevalence": 0.0000166,
            "cnames": [],
            "responseHashes": [
                "72d79d0ad9a70ef53c1bab65c588d44bffb1a1b5aba0eb2f9f6a886c4c3aec4f"
            ],
            "type": "Fetch",
            "firstPartyCookies": {},
            "firstPartyCookiesSent": {},
            "exampleSites": [
                "turboindian.com",
                "www.mylesbianfuck.com"
            ]
        },
        {
            "rule": "cdngcloud\\.com\\/api\\/spots\\/39709",
            "cookies": 0,
            "fingerprinting": 0,
            "subdomains": [
                "us-west1"
            ],
            "apis": {},
            "sites": 2,
            "prevalence": 0.0000166,
            "cnames": [],
            "responseHashes": [
                "eb0f03c3373eceac09289ee28b6ff8ce090e6e71034aad081e90ea8aec7619a8"
            ],
            "type": "Script",
            "firstPartyCookies": {},
            "firstPartyCookiesSent": {},
            "exampleSites": [
                "turboindian.com",
                "www.mylesbianfuck.com"
            ]
        }
    ],
    "categories": [],
    "performance": {},
    "cookies": 0.000199,
    "topInitiators": [
        {
            "domain": "first party",
            "prevalence": 1
        }
    ],
    "types": {
        "Document": 18,
        "Fetch": 5,
        "Script": 2
    },
    "nameservers": [
        "fiona.ns.cloudflare.com",
        "cleo.ns.cloudflare.com"
    ]
}