{
    "domain": "celtraidentity.com",
    "owner": {},
    "source": [
        "DuckDuckGo-US"
    ],
    "prevalence": 0.000156,
    "sites": 23,
    "subdomains": [],
    "cnames": [],
    "fingerprinting": 0,
    "resources": [
        {
            "rule": "celtraidentity\\.com\\/fbbdf2d8",
            "cookies": 0.0000814,
            "fingerprinting": 0,
            "subdomains": [],
            "apis": {},
            "sites": 12,
            "prevalence": 0.0000814,
            "cnames": [],
            "responseHashes": [
                "dfea720cf7baf89b3e3a7d49edcc63318b21ed35890eb1e538c181e02879cb0a",
                "1fe85be72244edbd98535020a0677c25e76db8932dc79189fca8fce3a3657d9f",
                "e2c2160d42ec76e232f3cc19fedf39eb2f7aab24d0130197a59a4d6158e651eb",
                "1ed0dc3063fecb8ab310a454d54a365da5d6eaba7d393512745a0474b880a1dc",
                "191ad6baa9eac7c1898f67251d1a351122e65d380652e9b493a3d3906fb21046",
                "9ac3c886a3a78aee5dba62a25feda1d3adc650ba25b172ed6288bb5fd2c3f28a",
                "91e287bf601fa96bc402fe817fd687faa4c9f0962c4f0acfbf8017dcde722eae",
                "cc0719143f1142d1ef6759f478872cde8630ae48cad79277f19f66255024c307",
                "9a847744100755ae3a66ddbe37dbbc33405f78c6b552ab3e036c94324df54ffa",
                "6141f6ccde7b6e1faae5bc81dbb3ee91fd71006a861d004ca9a61ecfda0b2f84",
                "2febf45dab1f2b608da564248e77b968aa3026dcfabf230cb54ba8e2533ec58b"
            ],
            "type": "Script",
            "firstPartyCookies": {},
            "firstPartyCookiesSent": {},
            "exampleSites": [
                "adidas.com",
                "shop.adidas.jp",
                "www.adidas.ca",
                "www.adidas.co.uk",
                "www.adidas.com.au",
                "www.adidas.com",
                "www.adidas.de",
                "www.adidas.es",
                "www.adidas.fr",
                "www.adidas.it",
                "www.adidas.mx",
                "www.adidas.nl"
            ]
        }
    ],
    "categories": [],
    "performance": {},
    "cookies": 0.000156,
    "topInitiators": [
        {
            "domain": "celtra.com",
            "prevalence": 0.9130434782608695
        },
        {
            "domain": "first party",
            "prevalence": 0.08695652173913043
        }
    ],
    "types": {
        "Script": 12
    },
    "nameservers": [
        "ns-271.awsdns-33.com",
        "ns-1793.awsdns-32.co.uk",
        "ns-1113.awsdns-11.org",
        "ns-994.awsdns-60.net"
    ]
}