{
    "domain": "chatbro.com",
    "owner": {},
    "source": [
        "DuckDuckGo-US"
    ],
    "prevalence": 0.000237,
    "sites": 35,
    "subdomains": [
        "www",
        "lpgs",
        "ws"
    ],
    "cnames": [],
    "fingerprinting": 0,
    "resources": [
        {
            "rule": "chatbro\\.com\\/embed\\.js",
            "cookies": 0,
            "fingerprinting": 0,
            "subdomains": [
                "www"
            ],
            "apis": {},
            "sites": 20,
            "prevalence": 0.000135,
            "cnames": [],
            "responseHashes": [
                "a5d538ee20c1e41be23094c618e7ddd94b5a1853d0ca76101a93f367c0b584bf",
                "28c6f46ca9ac145ee1f8a1606d10d46c1e2d77d332d8ecd086513c79c38573aa",
                "b5b9809def295788f2a403da9f91afbff203a86a8dc263915311a9bbf7409ff3",
                "26b4c852b81303967611a93114c9df005563ef5b66803fe3ee366d7ec9580a80",
                "e1ab8946ff18025ab7ec369e3dd270e1cd7490fa54895075c743a0cb5498710e",
                "ddec0f863f5e49108189113cfa57fc40cc346af4b8d71ba7ea5bca2156ac71b0",
                "868e931be0218caa228a42937187561f199eafcdc923d19fa146a1c21bd683a0",
                "0eb01c05aee37ec3baba49fc0ffe029f0a777f6625d40e2a35fefa1621eb12a5",
                "02d9de4c50ad4f801506d7e9ddb14081d4627f3ffb0f68aa49dbd34e0982ecf9",
                "4ded3e1036ae5c2cc4d1304bc330817f428d788c079a6cbd0c951cd900e57cfe",
                "dedf12e84d76cfb716c15435467f303f186cf48a464c11b96be3d3b6a3947771",
                "51e4dff419afe301bd79969cb372704d7dd6b652a68a96b8d0dee25da2a54fb6",
                "0fb4925f7f52a643dfbf41c773083ee8c870e0fd5cdf910c7166b2454b3e0c02",
                "755bd2fef4102048d57c7a67d9bae2157e06a4c5eb0b98dfc4e1ac7f8ac07990"
            ],
            "type": "XHR",
            "firstPartyCookies": {},
            "firstPartyCookiesSent": {},
            "exampleSites": [
                "adultdeepfakes.com",
                "alqanime.net",
                "camwhores.video",
                "gaycinema.xyz",
                "hentaila.tv",
                "jabol.tv",
                "jav-desu.com",
                "nimedesu.com",
                "pmh.li",
                "slut.wtf",
                "www.camlovers.tv",
                "www.camwhores.porn",
                "www.camwhores.tube",
                "www.camwhores.video",
                "www.camwhores.tv",
                "www.javbangers.com",
                "www.xxbrits.com",
                "x-x-x.tube"
            ]
        },
        {
            "rule": "chatbro\\.com\\/g",
            "cookies": 0,
            "fingerprinting": 0,
            "subdomains": [
                "lpgs"
            ],
            "apis": {},
            "sites": 18,
            "prevalence": 0.000122,
            "cnames": [],
            "responseHashes": [
                "fceaf1ef0a9421541451f2abc717b8b47b0359d0cf9166fbdc64d14e0f2160e3",
                "10c885773f878f3efb7af0164704d24e3c6ead94f65a34484d30cb95883a319c",
                "a6358daeb622ba2e2c1d078a60d504dd3134627aed5fa99d10c184124dfa4899",
                "abbdb5186c77c7348c41f730ab9f944a4bb4eb02ba1436cf271e1ea6e6ce7368",
                "fdfacd9fa7726eca1146d6820a5dae603cea7558fbaba55bd361a3abaa42f848",
                "0199113a2ae63c0ca4464fc97db35d0248635dbe4a89aff362d0a21dbcc3cf99",
                "2dcd7dc62c8ab8350420a6956788cb1e1f273abe724bdaaeaea9d7540689be56",
                "55312528c2e326db8eb934fd0a4e4f2badfbe645cedaae88ba407bfa63a16b43",
                "077ef76fae1abf80b13f5b6395cbc53cb018ecafd5fd233d016b8e748dfa8b99",
                "852ac2ffdad55b29c39bbb7d270efc03919c6db3cae6433bccb01ad1e5160f33"
            ],
            "type": "XHR",
            "firstPartyCookies": {},
            "firstPartyCookiesSent": {},
            "exampleSites": [
                "adultdeepfakes.com",
                "alqanime.net",
                "camwhores.video",
                "gaycinema.xyz",
                "jabol.tv",
                "nimedesu.com",
                "pmh.li",
                "slut.wtf",
                "www.camlovers.tv",
                "www.camwhores.porn",
                "www.camwhores.tube",
                "www.camwhores.video",
                "www.camwhores.tv",
                "www.javbangers.com",
                "www.xxbrits.com",
                "x-x-x.tube"
            ]
        },
        {
            "rule": "chatbro\\.com\\/fonts\\/chatbro\\.woff",
            "cookies": 0,
            "fingerprinting": 0,
            "subdomains": [
                "www"
            ],
            "apis": {},
            "sites": 17,
            "prevalence": 0.000115,
            "cnames": [],
            "responseHashes": [
                "96cee7901e687c0b7d86c71440208edb52a8db5617317a6ab506334a2a94f3df"
            ],
            "type": "Font",
            "firstPartyCookies": {},
            "firstPartyCookiesSent": {},
            "exampleSites": [
                "adultdeepfakes.com",
                "alqanime.net",
                "camwhores.video",
                "gaycinema.xyz",
                "jabol.tv",
                "nimedesu.com",
                "pmh.li",
                "slut.wtf",
                "www.camlovers.tv",
                "www.camwhores.porn",
                "www.camwhores.tube",
                "www.camwhores.video",
                "www.camwhores.tv",
                "www.xxbrits.com",
                "x-x-x.tube"
            ]
        },
        {
            "rule": "chatbro\\.com\\/images\\/chat_vk_logo\\.png",
            "cookies": 0,
            "fingerprinting": 0,
            "subdomains": [
                "www"
            ],
            "apis": {},
            "sites": 18,
            "prevalence": 0.000122,
            "cnames": [],
            "responseHashes": [
                "16d7e1641d3e93a5613784d643a7c86357391cb068f69c5c4aa56915025eaf1d"
            ],
            "type": "Image",
            "firstPartyCookies": {},
            "firstPartyCookiesSent": {},
            "exampleSites": [
                "adultdeepfakes.com",
                "alqanime.net",
                "camwhores.video",
                "gaycinema.xyz",
                "jabol.tv",
                "nimedesu.com",
                "pmh.li",
                "slut.wtf",
                "www.camlovers.tv",
                "www.camwhores.porn",
                "www.camwhores.tube",
                "www.camwhores.video",
                "www.camwhores.tv",
                "www.javbangers.com",
                "www.xxbrits.com",
                "x-x-x.tube"
            ]
        },
        {
            "rule": "chatbro\\.com\\/images\\/chat_telegram_logo\\.png",
            "cookies": 0,
            "fingerprinting": 0,
            "subdomains": [
                "www"
            ],
            "apis": {},
            "sites": 18,
            "prevalence": 0.000122,
            "cnames": [],
            "responseHashes": [
                "f9f57841bee3e2c545c1bc7b747b04e3a3adbce0ba667218b548577f9ea17912"
            ],
            "type": "Image",
            "firstPartyCookies": {},
            "firstPartyCookiesSent": {},
            "exampleSites": [
                "adultdeepfakes.com",
                "alqanime.net",
                "camwhores.video",
                "gaycinema.xyz",
                "jabol.tv",
                "nimedesu.com",
                "pmh.li",
                "slut.wtf",
                "www.camlovers.tv",
                "www.camwhores.porn",
                "www.camwhores.tube",
                "www.camwhores.video",
                "www.camwhores.tv",
                "www.javbangers.com",
                "www.xxbrits.com",
                "x-x-x.tube"
            ]
        },
        {
            "rule": "chatbro\\.com\\/images\\/chat_facebook_logo\\.png",
            "cookies": 0,
            "fingerprinting": 0,