{
    "domain": "chatntr.com",
    "owner": {},
    "source": [
        "DuckDuckGo-US"
    ],
    "prevalence": 0.000326,
    "sites": 42,
    "subdomains": [],
    "cnames": [],
    "fingerprinting": 1,
    "resources": [
        {
            "rule": "chatntr\\.com\\/script\\.js",
            "cookies": 0,
            "fingerprinting": 1,
            "subdomains": [],
            "apis": {
                "Document.cookie getter": 5,
                "window.innerWidth": 5,
                "window.innerHeight": 4
            },
            "sites": 5,
            "prevalence": 0.0000388,
            "cnames": [],
            "responseHashes": [
                "6b0d7cd75574f7579c3012d7e24864cd5d66f796da0fbdca790f13b3d17a940c"
            ],
            "type": "Script",
            "firstPartyCookies": {},
            "firstPartyCookiesSent": {},
            "exampleSites": [
                "pornohutdeutsch.net",
                "www.omasexpornos.com",
                "www.pornohutdeutsch.com",
                "www.sexfilme24.org",
                "youporndeutsch.xyz"
            ]
        },
        {
            "rule": "chatntr\\.com\\/widget",
            "cookies": 0,
            "fingerprinting": 1,
            "subdomains": [],
            "apis": {
                "Document.cookie getter": 13
            },
            "sites": 21,
            "prevalence": 0.000163,
            "cnames": [],
            "responseHashes": [
                "1dee171abae71607d1cedc19c902824bc00ac66ddb7ad700ef9d526afda6908a",
                "e9e5687afad2123a5327e18d8df930773548f0f198fe13bab8a892a43d15beac",
                "692bbfdc8bb1275999dded33ce791699614ad2b57ca10473a23fbb5b88c726dc",
                "15ea1a31795a2390c76f8c63cdf86a8ebf43c21cc8033317524681f75df7e4fc",
                "4ad7347ef49f071f4184bba8ff2a85c0191c588054c82449bbdddd4024e6dfc9",
                "a2f79bce785daa112eb64b14a22402d5fb745ea36ee28570074ca1e9d1beddfd",
                "82c88903e1c82acccefe93d4d6eecb7d767d3cdc5d0ccce75e4161e46e2fa970",
                "0c16a78da50875b78fe8c31490ddfc243bb5891f316d9e66431bf216ae48551a",
                "0eb8a14174a495f94c2c7ee0ec16e4f72f85287549665d6e408f1ded4d10ca8c",
                "b348cfc7b7b6abc1788a9c2e059e14d0e45ce5a8ca7b685957987585a243083d",
                "b44d07a01544650e1c8a295602f3dd882f282238d8d2c1fee2ee0dd3ea5981ef",
                "923be39ea94319b88cc6736fa1e96c329b14cf071f347d168fb5a57192f3ddab",
                "c7e230ce15949120039faff756b38c7b6bc2765ded67e06fe258abbc7a7e0d52",
                "eaaaadab696d46ec7ae45a3d1dd503190b884fcdfea898881f39d4dd508333ec",
                "0a107feacc7b1bdf534ef346b9a8ba66b3c97746e06835dd876054d40e086772"
            ],
            "type": "Document",
            "firstPartyCookies": {},
            "firstPartyCookiesSent": {},
            "exampleSites": [
                "www.pornhub-sexfilme.net",
                "www.sexvideos-hd.com",
                "www.sexfilme24.org",
                "www.pornohirsch.net",
                "pornohutdeutsch.net",
                "www.pornoente.tv",
                "www.pornohutdeutsch.com",
                "www.halloporno.net",
                "www.pornotom.com",
                "www.gutesexfilme.com",
                "www.pornohammer.com",
                "www.omasexpornos.com",
                "youporndeutsch.xyz",
                "www.pornoklinge.com",
                "www.xnxx-pornos.xxx",
                "www.pornoaffe.net",
                "www.nursexfilme.com",
                "www.deinesexfilme.com",
                "www.pornojenny.com",
                "www.hd-sexfilme.com"
            ]
        }
    ],
    "categories": [],
    "performance": {},
    "cookies": 0,
    "topInitiators": [
        {
            "domain": "first party",
            "prevalence": 1
        }
    ],
    "types": {
        "Script": 5,
        "Document": 21
    },
    "nameservers": [
        "tim.ns.cloudflare.com",
        "mona.ns.cloudflare.com"
    ]
}