{
    "domain": "citiservi.es",
    "owner": {},
    "source": [
        "DuckDuckGo-US"
    ],
    "prevalence": 0.000194,
    "sites": 25,
    "subdomains": [
        "a",
        "ctx",
        "dmp",
        "cdp",
        "csm"
    ],
    "cnames": [],
    "fingerprinting": 1,
    "resources": [
        {
            "rule": "citiservi\\.es\\/clocal\\.js",
            "cookies": 0.0000698,
            "fingerprinting": 1,
            "subdomains": [
                "a"
            ],
            "apis": {
                "Date.prototype.getTime": 9,
                "Document.cookie getter": 9,
                "Document.cookie setter": 9,
                "Navigator.prototype.userAgent": 3
            },
            "sites": 9,
            "prevalence": 0.0000698,
            "cnames": [],
            "responseHashes": [
                "d1181c7dcf4e1ce86e65eb97fc6313437f4eccd2bcaff0ce95864601d4c3678c",
                "bf7e37af39e34ea67d956e29b29059853299f4c2477c8bcfe8602e1aef6a3492",
                "52a7656ef9c0f3cd3176edb709d1ad80e743b46d1f4f0d2b3f157c85a5a1e77d",
                "a02e11e767cda40179ce2aee27eadd8bb2b91f0c93839298b7689897be021593",
                "4a5140c59023c075eaa0498d49f33014bcaa4a67aab5f8f50805e3ab1e2d1bd5",
                "cdf132b81556a2b139253d063afbae377b34fd6ad60141a2905087857a4e898f",
                "86d7734bf5daf0df4b5532f4c8249bdb05c5a27d57e15de6b8b07ccd5381358e",
                "efa415cb5bf3dd4a794a8db1df8f24fd1786bc2733adb1ce07aade2e3d58fe5a"
            ],
            "type": "Script",
            "firstPartyCookies": {
                "_btrid": {
                    "ttl": 31536001,
                    "length": 36,
                    "prevalence": 0.00006978745841830603,
                    "uniqueness": 1
                }
            },
            "firstPartyCookiesSent": {},
            "exampleSites": [
                "elespanol.com",
                "www.bebesymas.com",
                "www.diariodecadiz.es",
                "www.diariodesevilla.es",
                "www.eleconomista.es",
                "www.elespanol.com",
                "www.elplural.com",
                "www.granadahoy.com",
                "www.heraldo.es"
            ]
        },
        {
            "rule": "citiservi\\.es\\/adstrack",
            "cookies": 0,
            "fingerprinting": 0,
            "subdomains": [
                "a"
            ],
            "apis": {},
            "sites": 9,
            "prevalence": 0.0000698,
            "cnames": [],
            "responseHashes": [
                "1866961a029c65376fefb7f2ba1e6187e09ff50ea58d97dedfd72c197947d002"
            ],
            "type": "Image",
            "firstPartyCookies": {},
            "firstPartyCookiesSent": {},
            "exampleSites": [
                "elespanol.com",
                "www.bebesymas.com",
                "www.diariodecadiz.es",
                "www.diariodesevilla.es",
                "www.eleconomista.es",
                "www.elespanol.com",
                "www.elplural.com",
                "www.granadahoy.com",
                "www.heraldo.es"
            ]
        },
        {
            "rule": "citiservi\\.es\\/cxt\\/ctxt\\.php",
            "cookies": 0,
            "fingerprinting": 0,
            "subdomains": [
                "ctx"
            ],
            "apis": {},
            "sites": 3,
            "prevalence": 0.0000233,
            "cnames": [],
            "responseHashes": [
                "b7639bab88ccd2ce5f8a673b2e98cb37c85348f014834f5b0194a699eaa37958",
                "d2536f22e4dde3efddf2125a96bdba4a7e60eb497963f53a279c03223dda0651"
            ],
            "type": "Script",
            "firstPartyCookies": {},
            "firstPartyCookiesSent": {},
            "exampleSites": [
                "eleconomista.es",
                "informalia.eleconomista.es",
                "www.eleconomista.es"
            ]
        },
        {
            "rule": "citiservi\\.es\\/pxtrack\\.js",
            "cookies": 0.000109,
            "fingerprinting": 1,
            "subdomains": [
                "dmp"
            ],
            "apis": {
                "Date.prototype.getTime": 14,
                "Document.cookie setter": 14,
                "Document.cookie getter": 14,
                "window.localStorage": 14
            },
            "sites": 14,
            "prevalence": 0.000109,
            "cnames": [],
            "responseHashes": [
                "eeb7d3e608cba559c25d0c01a36321b1e5ccabff9c326a364ffda81c96cdd752",
                "3007758f8112e7caeb05568cc00a39257b821d2c2d39b01f1718f178c147ff5b",
                "9f916c774658b6f93b1e52dde375417fdd8392ecb2a98c351e2eb32fe6992465",
                "890fce7c72ed6780f7107c2b46dc5a57248e9f4f3c152fbf000583a4af4fd242",
                "7fe67d930e505423726774b799285ace8b6adfc004945dd9cab0b40c7e879a0c",
                "3c44fd9c6f4f62efee44cb008f5aacefa2f712172663a8e13a445577cc0ac2f5",
                "f74a81feb0c3c5c6d327a913c8d46c64e0050e47317c3f97311066c6c987d113",
                "cf882e9fbfe584d4451fa019b33527b75c009b3de0b7efd591ac1d5c490fe007",
                "19db20f53b41e507880336ceecd6d4e1961f263e21c8e841c0617f28cbcff795",
                "a40f747695ede368e2ce779d53efcd601bc273b4fb180530831e688a5f65d7cf",
                "6bc927ee0319fbe14e09be71ed57bdb1f7d82b278b8ce65fb051c5705c8f0d16",
                "e56a587d31574e79a9fb6566ab3fd5e875f670d5b9b7cd8c37a5f3d91eac85fd",
                "8189bfb07c0bfb9fd531e1d0bfaa4894b2d694b98ab513496455da0adf891662"
            ],
            "type": "Script",
            "firstPartyCookies": {
                "_btrid": {
                    "ttl": 31536003,
                    "length": 36,
                    "prevalence": 0.00010855826865069826,
                    "uniqueness": 1
                }
            },
            "firstPartyCookiesSent": {
                "_btrid": 0.00009304994455774137
            },
            "exampleSites": [
                "eleconomista.es",
                "informalia.eleconomista.es",
                "www.bebesymas.com",
                "www.deia.eus",
                "www.diariodecadiz.es",
                "www.diariodesevilla.es",
                "www.eleconomista.es",
                "www.elespanol.com",
                "www.elnacional.cat",
                "www.elplural.com",
                "www.espinof.com",
                "www.granadahoy.com",
                "www.noticiasdegipuzkoa.eus",
                "www.noticiasdenavarra.com"
            ]
        },
        {
            "rule": "citiservi\\.es\\/uscheck\\.js",
            "cookies": 0,
            "fingerprinting": 0,
            "subdomains": [
                "cdp"
            ],
            "apis": {},
            "sites": 8,
            "prevalence": 0.000062,
            "cnames": [],
            "responseHashes": [
                "9e619c84556989e71028ae6620a9a5ff930b6af1ac283feac9dfc8ca9fac61ce"
            ],
            "type": "XHR",
            "firstPartyCookies": {},
            "firstPartyCookiesSent": {
                "_btrid": 0.00006978745841830603
            },
            "exampleSites": [
                "eleconomista.es",
                "informalia.eleconomista.es",
                "www.deia.eus",
                "www.eleconomista.es",
                "www.elnacional.cat",
                "www.elplural.com",
                "www.noticiasdegipuzkoa.eus",
                "www.noticiasdenavarra.com"
            ]
        },
        {
            "rule": "citiservi\\.es\\/pns\\.gif",
            "cookies": 0,
            "fingerprinting": 0,
            "subdomains": [
                "dmp",
                "a"
            ],
            "apis": {},
            "sites": 6,
            "prevalence": 0.0000465,
            "cnames": [],