{
    "domain": "cleanmediaads.com",
    "owner": {},
    "source": [
        "DuckDuckGo-US"
    ],
    "prevalence": 0.000285,
    "sites": 42,
    "subdomains": [],
    "cnames": [],
    "fingerprinting": 0,
    "resources": [
        {
            "rule": "cleanmediaads\\.com\\/bmd\\/bids\\/",
            "cookies": 0,
            "fingerprinting": 0,
            "subdomains": [],
            "apis": {},
            "sites": 15,
            "prevalence": 0.000102,
            "cnames": [],
            "responseHashes": [
                "3cd136643791c7f8151bfcc0fb5aeb60e539c63e313328aeb3c83dcedd2ec773",
                "b5dc9305fc0479e79b296ecfa37f964ff2ade2b519c6e447aa36a40843708ac9",
                "40bedb45cba8c92ad5ba2d54b20f06ecafb3b7d5681037616f4009eb83fe2394",
                "96a9c8aea03ef954121798ba3ab789e430f56bcfbb185a575e7ea4d58db3fe88",
                "f5e4b10c57731281e66b2f9e02c8e67515c060b9901ea4021ac41f666e0eac6b",
                "2d9716efcbad0ec78fb6fba324cfa46e4bc9654d54db3864b18660ada70180e6",
                "946c585def0de9c5d2e70f2e5c9ea675962a8ec9cdcaf45ad18bff92713a91d0",
                "3d1c39bd61af99cf18cb8b43b944d1b5ef9f56e4e498c255c31650aa1f138cf3",
                "41f04f24a8d8f31d7cb86f6025e145038f393500d583f2d436f40a30b0420bb5",
                "2593fb230494a0e0067722eb9a652c94ad45851e7eb50e39d0a5bd2883452612",
                "70cbc26c1deb9230f85193426e1f4d28fd5489a97ab4d32dae129b0de290b1a5",
                "be2ed05bb2cdb9caac4968ad147e845306f7fef59c10372acb761300eb66929f",
                "3fbef97996dea607ef30fed3b5a13eb561e4d28479cd33dd65bedf68f71ada0e",
                "123a97ad99cb0e374fc9844b25e832ea48f0b7efde27c5e7477353efe3dbf1d3"
            ],
            "type": "Script",
            "firstPartyCookies": {},
            "firstPartyCookiesSent": {
                "__pid": 0.000006777271741487746
            },
            "exampleSites": [
                "aleteia.org",
                "bible.org",
                "catholicexchange.com",
                "catholicstand.com",
                "disntr.com",
                "es.aleteia.org",
                "onepeterfive.com",
                "www.americamagazine.org",
                "www.catholic365.com",
                "www.catholicworldreport.com",
                "www.crisismagazine.com",
                "www.deeranddeerhunting.com",
                "www.newadvent.org",
                "www.ourcatholicprayers.com",
                "www.spiritdaily.com"
            ]
        },
        {
            "rule": "cleanmediaads\\.com\\/cksync\\/set\\/",
            "cookies": 0.0000745,
            "fingerprinting": 0,
            "subdomains": [],
            "apis": {},
            "sites": 11,
            "prevalence": 0.0000745,
            "cnames": [],
            "responseHashes": [
                "9a4b42b80cf2fd8e1b4db99de93d6d8fff320c4df4f15e9295d31b4002baa47f",
                "640dc033e62ae6d53eb766b2c514008dcbd9856eba675a7ee3bf1d100f9f9d69",
                "046dc6c6f33b2279a54a8f93359eaaf5aab0aa320038728983d9fdf04c8c51b5",
                "e7022bbbfba059e9c8599f3fb09635017c45507776884ecea4e71d559667104a",
                "799bea8d792d736f67c6ab92a8c515a0784a02f961ac3868171de444ad131890",
                "91fe4c901ec56829de189e8e4eabb086d9e6226a600438bdeda0b53d348a1d9a",
                "14d4a5e995c20fce89c130f7c1c3cd7a47128bccf96b899487383760a98f4f13",
                "892690bab5d1ab8a1f7a847cf79760a2e87bc47663c3409c9b8760ff4f575e0c",
                "3a459b1abb707233c2297c31a41e9f6e7175145b2164cea943955a3c252247b5",
                "4588d7a4cd6bc60daa846b8868779381018a3d82125403d1b7690f40eb13c892"
            ],
            "type": "Script",
            "firstPartyCookies": {},
            "firstPartyCookiesSent": {},
            "exampleSites": [
                "canon212.com",
                "catholicstand.com",
                "disntr.com",
                "epicpew.com",
                "mycatholic.life",
                "pulpitandpen.org",
                "www.aciprensa.com",
                "www.catholicworldreport.com",
                "www.churchpop.com",
                "www.ourcatholicprayers.com",
                "www.thecatholiccrusade.com"
            ]
        }
    ],
    "categories": [],
    "performance": {},
    "cookies": 0.000129,
    "topInitiators": [
        {
            "domain": "dtyry4ejybx0.cloudfront.net",
            "prevalence": 0.898989898989899
        },
        {
            "domain": "jsdelivr.net",
            "prevalence": 0.10101010101010101
        }
    ],
    "types": {
        "Script": 26
    },
    "nameservers": [
        "ns25.domaincontrol.com",
        "ns26.domaincontrol.com"
    ]
}