{
    "domain": "cleanmediaads.com",
    "owner": {},
    "source": [
        "DuckDuckGo-US"
    ],
    "prevalence": 0.000319,
    "sites": 47,
    "subdomains": [],
    "cnames": [],
    "fingerprinting": 0,
    "resources": [
        {
            "rule": "cleanmediaads\\.com\\/bmd\\/bids\\/",
            "cookies": 0,
            "fingerprinting": 0,
            "subdomains": [],
            "apis": {},
            "sites": 16,
            "prevalence": 0.000109,
            "cnames": [],
            "responseHashes": [
                "44e6ca129b7cbf25637a73d2acbb53712ccf594c17f7e0c59495fb4bb4d87fab",
                "642c4142997671766d62ed649d458088d82abf3bbbec24c42e3574a29e7ccf83",
                "f7125c86bd1c0c606d4cdc6b4ce316cd0cef3b56779eb03625a14e5b883e5d53",
                "5d85ba1e3ebd2330eb5628ce274cd659e2bb6fae446d87e6b0a18987530c855a",
                "8ae0067847144a4e4a028f5e6b7ac7a52a46f27f71337f0de4fb51984256392f",
                "d3b1dd04768316db9fb1f8f87eb971a3e7563300847da68b6084f570e6887897",
                "4d53c06a69ab777ad99168f1578c3c48d1b9ea45e5cd91927a27489e7441a9a7",
                "0ba8d2be1f97730de114683e7a3909883e928f2384a52adc87f9f22e68174455",
                "abf4127be0de7f8bd43dd2afbe2ee2424992df67e88cc8af8090bb28feda6902",
                "9d1c412e46c9e4bd68ecceec64bcd901cc069dbbb2153c9cc6250062f8e46749",
                "1eb9e620fc5e31a58f4d9f59fa6f5f0ebe19deb2be3852ace4ec51ac50be54de",
                "f1becd0024592a741fc52785873c361b70dc93741d2d4d79c09d2fc9ee8eff09",
                "be92220a74039d95bc12287726b7b83dc82dbaacc8a1788b006ad18204ef7446",
                "a81b2f1cb84527e2d6a3b53c51b6dc34997a546d2c271b5ab6e27554f30bfb24",
                "4d8b6adf29706499c8ef61a35e276925cd2d3249e58a9ce7091c7dedb4dc8ce6"
            ],
            "type": "Script",
            "firstPartyCookies": {},
            "firstPartyCookiesSent": {
                "__pid": 0.000006781500067815
            },
            "exampleSites": [
                "aleteia.org",
                "catholicexchange.com",
                "catholicstand.com",
                "es.aleteia.org",
                "ipwithease.com",
                "onepeterfive.com",
                "the-american-catholic.com",
                "www.americamagazine.org",
                "www.beautysoancient.com",
                "www.catholic365.com",
                "www.catholicworldreport.com",
                "www.deeranddeerhunting.com",
                "www.ncregister.com",
                "www.newadvent.org",
                "www.ourcatholicprayers.com",
                "www.spiritdaily.com"
            ]
        },
        {
            "rule": "cleanmediaads\\.com\\/cksync\\/set\\/",
            "cookies": 0.0000949,
            "fingerprinting": 0,
            "subdomains": [],
            "apis": {},
            "sites": 14,
            "prevalence": 0.0000949,
            "cnames": [],
            "responseHashes": [
                "3931d99337d1aee573795c12022b1f3aa2588ad610f666907dc2624d03f19676",
                "ae27e8dd8d6f5264e771965fe43f3230f92216daa497ccaa22a5af2a56d7ea8a",
                "e1e9d1d0dfd0ed57b0954a9c60ee669f42b8225963fe041751e813a284fb059c",
                "d41b17234dad2c397e842d3fc1ed3b09aafb1bf5564fbb9156ca7e74b9246f2b",
                "fb75c46703b9225eb4b83049a97df66d572dac4b25d1c47850f6e13867adbe7d",
                "17d7f3e84538d85fe59b783dd4387c488ac88c01d982154f4010ab12dd639549",
                "6a9f26dc99d71139c743866b392b23780af44650d6c154ed6919ddf36bd82d99",
                "e8437bb4af1b4f7f886948e13965cfd256e251a225cc39c9e75561b9be0e8e7d",
                "7e64ea686d258d7a90afbe6f3c8f10c3d31b1347c6682ee6588ff9d9a5942ce4",
                "379f3b9d7cc4212fe43be0453db3bb69dab1d21aebf70d9ec742e3203ec78b12",
                "d3233a37eccb086e090015471c5c8ae94b611eea5abebd518549ae3bfe869639",
                "30557c5e5ab14512ddd398b4ac2c014f54bfaa16f2e6bd401984ef9c1f20e98d",
                "b32b99f9b05063270840fc570f9096a67344a359d36babae03131dd909ddbac2"
            ],
            "type": "Script",
            "firstPartyCookies": {},
            "firstPartyCookiesSent": {},
            "exampleSites": [
                "catholicstand.com",
                "epicpew.com",
                "mycatholic.life",
                "pulpitandpen.org",
                "the-american-catholic.com",
                "uscatholic.org",
                "www.aciprensa.com",
                "www.beautysoancient.com",
                "www.catholicnewsagency.com",
                "www.catholicworldreport.com",
                "www.churchpop.com",
                "www.ourcatholicprayers.com",
                "www.simplycatholic.com",
                "www.thecatholiccrusade.com"
            ]
        }
    ],
    "categories": [],
    "performance": {},
    "cookies": 0.000156,
    "topInitiators": [
        {
            "domain": "dtyry4ejybx0.cloudfront.net",
            "prevalence": 0.954954954954955
        },
        {
            "domain": "jsdelivr.net",
            "prevalence": 0.04504504504504504
        }
    ],
    "types": {
        "Script": 30
    },
    "nameservers": [
        "ns26.domaincontrol.com",
        "ns25.domaincontrol.com"
    ]
}