{
    "domain": "cnnx.link",
    "owner": {},
    "source": [
        "DuckDuckGo-US"
    ],
    "prevalence": 0.00443,
    "sites": 44,
    "subdomains": [
        "js"
    ],
    "cnames": [],
    "fingerprinting": 1,
    "resources": [
        {
            "rule": "cnnx\\.link\\/roi\\/cnxtag-min\\.js",
            "cookies": 0,
            "fingerprinting": 1,
            "subdomains": [
                "js"
            ],
            "apis": {
                "Document.cookie getter": 36
            },
            "sites": 44,
            "prevalence": 0.00443,
            "cnames": [],
            "responseHashes": [
                "b87bc350959cae62964452117aee88481c7162ae4a994257e09d19fb3d0d285a",
                "db18e904040204a989e99459342b3e19932c761a6ba2a17df240924699de178e",
                "d30617b516a30062ca314c2c5f7fe5b9b37b6cc76b1a965b5199862197301608",
                "66494babf9129afe96a262aaac2f83a55dc10672ef27f306923b780698821201",
                "aa8dbe0821cdac327f5598b9f5532229b6d9bf8c7932ad95e2c7b4c53d53ed50",
                "3482bff349bb437b5adbab3fba393fca5fb5ea8f644b42a64760b8997023f8ed",
                "6bd4eb1db39514d8fc5cf55ca26623b47c84dd63e9c5f0cdf7c288f6da397f26",
                "2b475324bfec077d673d54c894b9924dde1cba2c60b116a41fbe1b456b17ced7",
                "f7175ebdcac3720b5fb487079541aace970550bf6c2edee8c41140c9e3778931",
                "7e8cf11544cc12095263d55ad993a94bccadd94174c10ff4a5f275de4d0c94f6",
                "560673d01b3f4e9aac7ada68b6b1a0ee6f37d5ec634624822a3556b8f45748c4",
                "bc598125bce49c52b9a654a2045e8a8a0e1c4db3b32eeb763b81f5a8c8f6b39e",
                "ada9f576358ead5b122154b1340dce2ee7222d69eeb9d7f408e08231595d1b8c",
                "fdb7d6b7255f2c4349e8ef48bf404a6671b7a15f1353d5757dd328ebf11f0c1d",
                "4aa915f30a7a1aeee5ada4ec5f6e3f5321aac296b4f631610d254406e45b5d30",
                "d26bbc0307245fd9ee307794aa4fd87ca1f45a364d082f8acb86f9efe580f6c0",
                "ee09798e2750f1c1b7dbc302601bda898635eaebabc01ca2298a557f36585de3",
                "bd8d85c92f262d608039b60359d893c7e7180c2d5095446c34d6d77bd78919c9",
                "bbb3a3aecc5684e2e8f7e40f6c9e14a8b28c6a222f4f0a27c29c5b2f11851700",
                "f9247fbb80abcdc3160f66956367266f88316eb3afa074df81676b0638631392",
                "3eebf3767089b865de98e09e72216c990fd5b46fae3814d9d6cd62959e3f92f0",
                "8f6d7371edfe55047016eb7f058331653fdb55e65792f829826007b4fba31fa6"
            ],
            "type": "Script",
            "firstPartyCookies": {},
            "firstPartyCookiesSent": {},
            "exampleSites": [
                "www.macys.com",
                "www.midwayusa.com",
                "www.omahasteaks.com",
                "www.thredup.com",
                "www.brownells.com",
                "www.1800flowers.com",
                "www.uniqlo.com",
                "www.brooksbrothers.com",
                "www.ballarddesigns.com",
                "madeincookware.com",
                "www.wine.com",
                "poshmark.com",
                "cricut.com",
                "www.build.com",
                "www.lampsplus.com",
                "www.minted.com",
                "www.eyebuydirect.com",
                "www.keurig.com",
                "www.uncommongoods.com",
                "www.merrell.com"
            ]
        }
    ],
    "categories": [],
    "performance": {},
    "cookies": 0,
    "topInitiators": [
        {
            "domain": "googletagmanager.com",
            "prevalence": 0.4444444444444444
        },
        {
            "domain": "first party",
            "prevalence": 0.3111111111111111
        },
        {
            "domain": "tiqcdn.com",
            "prevalence": 0.13333333333333333
        },
        {
            "domain": "yottaa.com",
            "prevalence": 0.044444444444444446
        },
        {
            "domain": "btstatic.com",
            "prevalence": 0.044444444444444446
        },
        {
            "domain": "adobedtm.com",
            "prevalence": 0.022222222222222223
        }
    ],
    "types": {
        "Script": 44
    },
    "nameservers": [
        "ns-119.awsdns-14.com",
        "ns-1498.awsdns-59.org",
        "ns-1899.awsdns-45.co.uk",
        "ns-867.awsdns-44.net"
    ]
}