{
    "domain": "config-security.com",
    "owner": {},
    "source": [
        "DuckDuckGo-US"
    ],
    "prevalence": 0.000804,
    "sites": 97,
    "subdomains": [
        "conf",
        "api"
    ],
    "cnames": [],
    "fingerprinting": 0,
    "resources": [
        {
            "rule": "config-security\\.com\\/model",
            "cookies": 0,
            "fingerprinting": 0,
            "subdomains": [
                "conf"
            ],
            "apis": {},
            "sites": 51,
            "prevalence": 0.000423,
            "cnames": [],
            "responseHashes": [
                "007e90befd0e16461c2e02a15b58178533120800e97a23c73b5ec3164c52ee9e",
                "ef2dd4b77f0e42606a4c23af611830d04903d9e0fef199f394f6224b4e8d1f98",
                "52898c2881b3eb080ad1c0917d7042ba59c1a06c93c2018e44e5503dec0166f7",
                "fa7e4e4dfbd3206675bc2dac4b2bcfe2e06af3bbe1d00dcb77db443fa3251da6",
                "3705ca968c6d9a9313cee736a35ed8a4558fbe8cf60c8e8a45828907e7d9be0e",
                "cbad2dd67d74c0e50b3a007a329f4dbe4be9d87aed0cda0fe23c0452094af307",
                "1642e07ea8620ebcd036e9a1bd078613e6c3dca22c608f074418332c2e149032",
                "c4f2ef18087905f3748f32f83d39bb34ee39dee40d28984a585614db40c92c4a",
                "962748b7f13e00cf990d6ab9308c1e014608c7cbf083898fe44629afdf1591af",
                "e3536a881a714fd594918fc1ae07414e7efdec3a5670a83c9f3e09be89e87ab8",
                "277bd59fdeb9dd2a22939e80e88207d2da993713a18c6bcddb5d86095d2c73be",
                "10c0c55e704b4f4fb808529ce4017677ce6bc5872af25c6be5dc33d10159d4e7",
                "2b20273406a82ea07ae76d3be9005c3f02ee58aad19af991764210eff60d5960",
                "d2a07651f956e9aee0ce15d1032fe9b1be42d6a604527a65133c3d9b54de3a6a",
                "0ea0ba980bcb84159365d0e75563feeda45857ad748b881cd0ba59769dd01ff5",
                "09ab5d7b3842731639e78533902359c7f14a8317dfc43535e1a36d5576769299",
                "480113a123a53b0f32be874f44425f391aa8f161b3b88097023588e825ac5cc4",
                "a4c94393176eb01c71dac29646ccec9b58ce7d814a227750c4468a8ec33ea1a0",
                "4a26d0b8f297b703e0b5d91142da21c51bffe6175c8706bc661a404d158d0b87",
                "54ddfd61522e2358bbf8a37646ea3b91e33280fb722957ef532294fbcbaf58a8",
                "862be8c55d92a21976ee1aca29fadaa2be08e85c92cb45c5e051d8704cdc58a4",
                "254f5b766b26e2b5247b2fb3789b1acd1c2de2827de6dd92dee52ea855186c29",
                "e6073ba153fef0f7ecaa5fd146ae5c56f34698da95b8c40b7a35c70c23ee67bf",
                "6ae3e43d30b82619ae06aae729797722ac2544ed1679f460c9c0f102557c0ca6",
                "5f0f6ced56927ccb366f94de0e7f0948cad85f72de1013422110833a2200efd2",
                "7160016e5e645fb105b0eed30df654f9d939d796349b519198374041b555737d",
                "b71daa9774fbe4afe2b662d196d0e019adf0dec549a4bccbebf352e95e58ed7c",
                "677485e5affd30bc88ad8d9b36b1ac3cbfd772550883e47e6beb7fa64a4397d7",
                "a5e76f042db6bfaef07f847b6a5d6b7938125ab8d395c03f7da5494dc3a24d50",
                "132d78d7788fbd9a76943d0c0898fefa5663a5aa85ef0fecf9da215d3b3e017e",
                "62a1949602ac160ed25b196836efedd907cc89f3a73bf719e3f30641fb5c52a0",
                "34c478f0e56eb8a2db2a423d6e777a41f47d9ecb85067492fc267f9c217a1bae",
                "830c683ad919a4b4603b9e4963cd5c2603526b881ca96426163b9874ee80b29f",
                "81ac3518c4114f7496949eda8406744e5a82a2da7d7cc4b9ab8c5b8a059023a0",
                "c81f90dba61aa618938c63ee19a3f763254f9c11ac5a6a19695ca5cca0353bec",
                "97c9df6a2224bc64da644dc44698fb95b48388b5c44b633c6219f01bbed44e3a",
                "f15b44647d1de0bf193d6b3468380e350e93532d393c0cadf32e6a5910442206",
                "dc985ffc547744f546763591f9a7a58f64d9c4496c36e03cdb91669a7ae8424b",
                "1fa0410c3f172386d6bcf2badbb2ed57d9ca61fd68f706e0a466add6cc4fbbf7",
                "23095aa40b9a65509d39e383df222164a64743cedf77d7aeec99a8547648c7dc",
                "54b784c629aa49eea6ac399e2eadb7ad9788cdca4c0c0588303ee2221a70a5cd",
                "a004e52227d6c5243c6d48d9a1d30b8ebf08df180fd9406ff75664f7260a03cb",
                "5acde57c6d37ae9bd79f475d25f26a5535912d25beb45634d7ffb4c4c3be1f2b",
                "a09599b7a5cc70b07b477b1922f17038a8122ee7ea1d55033f4ceb9f39d22201",
                "dc7c4ee17b0cdd670342d2c09136c78d468b512022913f48f8da3b4e59a4464b",
                "02739b1cf17d58150db10e7046f3cc147e2f06090079cf326aea9ccd9c3d5bcd",
                "6d9807dd9dae010ca2e782ad57730209904d6b61a47ed187c025b941b38d5d90",
                "180d82b86dc0b5e40026dbcb847c80b04311b5d9085c9efb484d691915d32266",
                "4281f4d62f388d091dccdfc750b00279bbb7f63ec2b4bf66218651998339969e",
                "76930c4e7238812f54f211779876952eb37cd608e8f3c7dadf72b38b04c0baa2"
            ],
            "type": "XHR",
            "firstPartyCookies": {},
            "firstPartyCookiesSent": {},
            "exampleSites": [
                "anolon.com",
                "blackbuffalo.com",
                "theayurvedaexperience.com",
                "www.maryruthorganics.com",
                "bjjfanatics.com",
                "simplelooseleaf.com",
                "www.gaiaherbs.com",
                "www.bodycandy.com",
                "grip6.com",
                "drinkolipop.com",
                "pelacase.com",
                "1stphorm.com",
                "www.torquedetail.com",
                "satechi.net",
                "www.mossyoak.com",
                "www.berkeyfilters.com",
                "www.wearpepper.com",
                "www.fairment.de",
                "drinklmnt.com",
                "www.miracare.com"
            ]
        },
        {
            "rule": "config-security\\.com\\/",
            "cookies": 0,
            "fingerprinting": 0,
            "subdomains": [
                "api"
            ],
            "apis": {},
            "sites": 50,
            "prevalence": 0.000415,
            "cnames": [],