{
    "domain": "connects.ch",
    "owner": {},
    "source": [
        "DuckDuckGo-US"
    ],
    "prevalence": 0.000109,
    "sites": 16,
    "subdomains": [
        "tc",
        "cct"
    ],
    "cnames": [],
    "fingerprinting": 1,
    "resources": [
        {
            "rule": "connects\\.ch\\/lila\\.js",
            "cookies": 0,
            "fingerprinting": 1,
            "subdomains": [
                "tc"
            ],
            "apis": {
                "Document.cookie getter": 3,
                "window.localStorage": 3,
                "Navigator.prototype.userAgent": 3
            },
            "sites": 9,
            "prevalence": 0.000061,
            "cnames": [],
            "responseHashes": [
                "88a21e0a28000162b4432d39187040d7fe279d2db742743f26ae3fd53d95f4e2"
            ],
            "type": "Script",
            "firstPartyCookies": {},
            "firstPartyCookiesSent": {},
            "exampleSites": [
                "doitgarden.ch",
                "www.doitgarden.ch",
                "www.geschenkidee.ch",
                "www.manor.ch",
                "www.melectronics.ch",
                "www.micasa.ch",
                "www.moevenpick-wein.com",
                "www.ochsnersport.ch",
                "www.sportxx.ch"
            ]
        },
        {
            "rule": "connects\\.ch\\/lila\\.php",
            "cookies": 0,
            "fingerprinting": 0,
            "subdomains": [
                "tc"
            ],
            "apis": {},
            "sites": 9,
            "prevalence": 0.000061,
            "cnames": [],
            "responseHashes": [
                "208ebd790053c6c922083693425798a4f2f467a49aec9e3c123ae74bab995ced",
                "dcbd72eb898ddd0f6fa4ecd7e296391e673125f848582c14606c0f27d1561283",
                "f9a586b27c9e2ade91c2aadbc5edc5e709d3704716addccb513167e8bb55b564",
                "65bcb16875a81f79f26c697a257cfb75c5b1dc1e4de1bb8d5bb8e5b6028630c8",
                "3676de846d04468c7b9186663b29c1d0c9a5bce2a384933775a003ec46d3e36c",
                "59d9a65ae3bcb22c7ab864e986e7d4cf987226dbab815a4219bf1b46f55b2038",
                "3962cb785127d16d6c66a483490d8680dc8305ac010db7af1ddfd769534b1ab4"
            ],
            "type": "XHR",
            "firstPartyCookies": {},
            "firstPartyCookiesSent": {
                "_gb_lh": 0.00005425200054252,
                "_schn": 0.00001356300013563,
                "dy_fs_page": 0.000006781500067815
            },
            "exampleSites": [
                "doitgarden.ch",
                "www.doitgarden.ch",
                "www.geschenkidee.ch",
                "www.manor.ch",
                "www.melectronics.ch",
                "www.micasa.ch",
                "www.moevenpick-wein.com",
                "www.ochsnersport.ch",
                "www.sportxx.ch"
            ]
        },
        {
            "rule": "connects\\.ch\\/javascript\\/engagement\\.js",
            "cookies": 0,
            "fingerprinting": 1,
            "subdomains": [
                "cct"
            ],
            "apis": {
                "window.sessionStorage": 2
            },
            "sites": 2,
            "prevalence": 0.0000136,
            "cnames": [],
            "responseHashes": [
                "70b96c9a4a56a7dfd268ed4b2b510fe51e5d62292fc3b13903e5ddfc7ba8324e"
            ],
            "type": "Script",
            "firstPartyCookies": {},
            "firstPartyCookiesSent": {},
            "exampleSites": [
                "manor.ch",
                "www.manor.ch"
            ]
        }
    ],
    "categories": [],
    "performance": {},
    "cookies": 0,
    "topInitiators": [
        {
            "domain": "googletagmanager.com",
            "prevalence": 0.6666666666666666
        },
        {
            "domain": "first party",
            "prevalence": 0.3333333333333333
        }
    ],
    "types": {
        "Script": 11,
        "XHR": 9
    },
    "nameservers": [
        "ns-88.awsdns-11.com",
        "ns-947.awsdns-54.net",
        "ns-1789.awsdns-31.co.uk",
        "ns-1309.awsdns-35.org"
    ]
}