{
    "domain": "contextly.com",
    "owner": {},
    "source": [
        "DuckDuckGo-US"
    ],
    "prevalence": 0.0000813,
    "sites": 12,
    "subdomains": [
        "rest",
        "experience"
    ],
    "cnames": [],
    "fingerprinting": 0,
    "resources": [
        {
            "rule": "contextly\\.com\\/pagewidgets\\/get\\/",
            "cookies": 0,
            "fingerprinting": 0,
            "subdomains": [
                "rest"
            ],
            "apis": {},
            "sites": 9,
            "prevalence": 0.000061,
            "cnames": [],
            "responseHashes": [
                "c767f83276390f43f167c565f05105f6b38a0dc543f0dffe0cff7b4641cfe302",
                "ef30b492d24a20dda8a6bcc56e91a0e10ef65470e9b9d8442d6be578a74f6be9",
                "40f422e3a64d7b5925b8b220c3e8ecdc5de1b45518347e9bd682f03041b0a313",
                "632d082273f22352032228b59a71fee8a89e0ff166ccd5590a838f588a8ea252",
                "26af69f99ec92ffce2f1e5f6b9a0ff85ef301a741a4117286b7c78ce968acb03",
                "dd9fec0fd7b66db04e09e945b186004bc5d6fe8cd124ec5e440c3677b8579f2b",
                "d61daf0075a6802390fc38be9b1b7c02a45544633e6d03f868a9e5aed7dfc74d",
                "15c06427ee3222459684b5579bd30d1c723ad3e2f3ead9145ccbae5edc4f3375"
            ],
            "type": "XHR",
            "firstPartyCookies": {},
            "firstPartyCookiesSent": {},
            "exampleSites": [
                "adafruit.com",
                "utopia.org",
                "www.apartmentguide.com",
                "www.footankleinstitute.com",
                "www.levernews.com",
                "www.pewpewtactical.com",
                "www.revolt.tv",
                "www.stitchfix.com",
                "www.weareteachers.com"
            ]
        },
        {
            "rule": "contextly\\.com\\/events\\/put\\/",
            "cookies": 0,
            "fingerprinting": 0,
            "subdomains": [
                "experience"
            ],
            "apis": {},
            "sites": 8,
            "prevalence": 0.0000542,
            "cnames": [],
            "responseHashes": [
                "f29af6191bf737b5961ffc6e8ed630e09c5a8d673b54812a3c6de0d471a560e3",
                "f3ea960b1b674d96fa1b561054b562c090e61944ddaec0fb7f760a8a186df6a5",
                "ef0006e9998d5512528f5d3ae0e0766a627c549ebe72914ad74e3c3d5842b3c6",
                "f23f023e84604d6f729e5491354fd927d4edec8126e7cf73769954216a158ef5"
            ],
            "type": "XHR",
            "firstPartyCookies": {},
            "firstPartyCookiesSent": {},
            "exampleSites": [
                "adafruit.com",
                "utopia.org",
                "www.apartmentguide.com",
                "www.footankleinstitute.com",
                "www.levernews.com",
                "www.pewpewtactical.com",
                "www.stitchfix.com",
                "www.weareteachers.com"
            ]
        },
        {
            "rule": "contextly\\.com\\/postsimport\\/put\\/",
            "cookies": 0,
            "fingerprinting": 0,
            "subdomains": [
                "rest"
            ],
            "apis": {},
            "sites": 2,
            "prevalence": 0.0000136,
            "cnames": [],
            "responseHashes": [
                "ddfc45654279e0e268af11ccc4c27d8f2822aa294d16a4fbb00e38ec9b773195"
            ],
            "type": "XHR",
            "firstPartyCookies": {},
            "firstPartyCookiesSent": {},
            "exampleSites": [
                "levernews.com",
                "www.levernews.com"
            ]
        }
    ],
    "categories": [],
    "performance": {},
    "cookies": 0,
    "topInitiators": [
        {
            "domain": "context.ly",
            "prevalence": 0.9032258064516129
        },
        {
            "domain": "browsee.io",
            "prevalence": 0.0967741935483871
        }
    ],
    "types": {
        "XHR": 19
    },
    "nameservers": [
        "ns-1334.awsdns-38.org",
        "ns-1613.awsdns-09.co.uk",
        "ns-234.awsdns-29.com",
        "ns-916.awsdns-50.net"
    ]
}