{
    "domain": "conversionbear.com",
    "owner": {},
    "source": [
        "DuckDuckGo-US"
    ],
    "prevalence": 0.000232,
    "sites": 28,
    "subdomains": [
        "upsell",
        "countdown",
        "trust",
        "bundle",
        "cookie-bar"
    ],
    "cnames": [],
    "fingerprinting": 1,
    "resources": [
        {
            "rule": "conversionbear\\.com\\/script",
            "cookies": 0,
            "fingerprinting": 1,
            "subdomains": [
                "upsell",
                "countdown",
                "trust",
                "bundle",
                "cookie-bar"
            ],
            "apis": {
                "Document.cookie getter": 7,
                "Navigator.prototype.userAgent": 8,
                "window.localStorage": 8,
                "window.innerWidth": 6
            },
            "sites": 14,
            "prevalence": 0.000116,
            "cnames": [],
            "responseHashes": [
                "b8caa70bfc6d27c70c14f78da6a34c2da002a9d1bd7596ce9188d3e048d7825e",
                "39fa8cbe9a3e9da54e07eb8a2019b264634113794e2aa40e50699d897578ccb4",
                "2ed54b829b103bc2af6fb6fb0b70d59fabb18f71340275153079b7217b333073",
                "bbdc2b018976d853b5ca0286534bb8d4c68cb3a0f9d04150eb78203e6c5d3c14",
                "82e0c283efad0c86480b74cafbb96dbee122221b7e017e81c653d318e6b19f69",
                "f925cbc41f5e8ad556221a28f67dda89239199c19531fdfaae6a213514bc159f",
                "4d9e0c2bdf07092d940a4de52a0c002d1c568f070fd6151439af772ea9d87acc",
                "01bef3bc2d2d9fcec039a1e5728f84ec1168c2f82a4a83746db95fab91fca375",
                "5bdcf439ca5e8d9f5a9246c07353647548a67799515c2ae2c9982a784f387a6a",
                "24edf570e0d9c9fde6bf76b74af71cf8a8d98dfeb97698b27015c22373b2af5a",
                "200405ce575e26be8f3e9a8a60d8b1215270758e66bb5337917fbafa69de41c7",
                "93baccf75664f2bb176244d9b02cc387199cf5577130023113048641ebe5d69d"
            ],
            "type": "Script",
            "firstPartyCookies": {},
            "firstPartyCookiesSent": {
                "_ju_dm": 0.0000082917364554485
            },
            "exampleSites": [
                "anolon.com",
                "chastitybox.com",
                "kamerastore.com",
                "mantisx.com",
                "nightcafe.studio",
                "rachaelray.com",
                "smokea.com",
                "www.childrens-ministry-deals.com",
                "www.chubbiesshorts.com",
                "www.loungefly.com",
                "www.maryruthorganics.com",
                "www.motionrc.com",
                "www.usamm.com",
                "www.watches.com"
            ]
        },
        {
            "rule": "conversionbear\\.com\\/settings",
            "cookies": 0,
            "fingerprinting": 0,
            "subdomains": [
                "bundle",
                "countdown",
                "upsell",
                "cookie-bar"
            ],
            "apis": {},
            "sites": 10,
            "prevalence": 0.0000829,
            "cnames": [],
            "responseHashes": [
                "a2b15dc0a996be11068a2d3d430017580266c9fcf8a2c607421298f058f11202",
                "e710b79cf1e54f8d05bf0894b8199ab113b306785460786c48e4b7b013755771",
                "49fdebc8bab729efecb2619922d7fa8f9472b9e62a625945fd77481ae91f280c",
                "39048467d908f5867e2fcd052bd6f16da5021e749e451314bf1c00d17df1cb14",
                "2f518aca55528c73bfb828c4709e2cfea11f1767c948f4c8fcdf2a59cf72e249",
                "f9d7a0747e36af25f72f50fba20cbed041b0585420ca83f30aea76637ba5be6f",
                "3e5626295de074c46ea12a851fbb0359978989925d4287b9f97e1aeb4911edfb",
                "c6826afb06f5509416e040ca36015e0145a79b969e1442aa5b5baeb9c6f71f4b",
                "3d1f55b73bef744226fe6dba1d839d54337e20c2a7ad8438499f9175ca760e6a"
            ],
            "type": "Fetch",
            "firstPartyCookies": {},
            "firstPartyCookiesSent": {},
            "exampleSites": [
                "anolon.com",
                "chastitybox.com",
                "rachaelray.com",
                "smokea.com",
                "www.childrens-ministry-deals.com",
                "www.chubbiesshorts.com",
                "www.loungefly.com",
                "www.maryruthorganics.com",
                "www.usamm.com",
                "www.watches.com"
            ]
        },
        {
            "rule": "conversionbear\\.com\\/location",
            "cookies": 0,
            "fingerprinting": 0,
            "subdomains": [
                "cookie-bar"
            ],
            "apis": {},
            "sites": 2,
            "prevalence": 0.0000166,
            "cnames": [],
            "responseHashes": [
                "2d543ab4274f7c956cc7ca1e387beaa2fdceccae4cce839ce9847af5ae913f7c"
            ],
            "type": "Fetch",
            "firstPartyCookies": {},
            "firstPartyCookiesSent": {},
            "exampleSites": [
                "usamm.com",
                "www.usamm.com"
            ]
        }
    ],
    "categories": [],
    "performance": {},
    "cookies": 0,
    "topInitiators": [
        {
            "domain": "first party",
            "prevalence": 0.45901639344262296
        },
        {
            "domain": "shopify.com",
            "prevalence": 0.4098360655737705
        },
        {
            "domain": "transcend.io",
            "prevalence": 0.06557377049180328
        },
        {
            "domain": "reamaze.com",
            "prevalence": 0.03278688524590164
        },
        {
            "domain": "shopifyorderlimits.s3.amazonaws.com",
            "prevalence": 0.03278688524590164
        }
    ],
    "types": {
        "Script": 14,
        "Fetch": 12
    },
    "nameservers": [
        "coby.ns.cloudflare.com",
        "brianna.ns.cloudflare.com"
    ]
}