{
    "domain": "countoon.com",
    "owner": {},
    "source": [
        "DuckDuckGo-US"
    ],
    "prevalence": 0.00014,
    "sites": 18,
    "subdomains": [
        "twitter"
    ],
    "cnames": [],
    "fingerprinting": 1,
    "resources": [
        {
            "rule": "countoon\\.com\\/count\\.json",
            "cookies": 0,
            "fingerprinting": 0,
            "subdomains": [
                "twitter"
            ],
            "apis": {},
            "sites": 7,
            "prevalence": 0.0000543,
            "cnames": [],
            "responseHashes": [
                "4413f717cfce2fa39f785dbe02aec46ba93fb45aeb6f4db0e3e03ec3999b3537",
                "815ae1f8f0ec2d2279837851e9b299d5c07eb3fa5840749241ee3bf292d03d3d",
                "782f8b5116e176b7a090b9018f14ea650d6bdd5b6df0b703a77eae3fa7ccbe0a",
                "4cafded0fc7ac3527f0d272cb9d6a81cd927903bf65db39efeef8fabc7c5a14e",
                "211674c3e18b81e2a2dcd9e929d15b1e38f45bf5c5619221f976d0054527ac9e",
                "b2dedae56a37557403c0645ed9975431daf5413e4ad4263b4345f31bb8b63733"
            ],
            "type": "Script",
            "firstPartyCookies": {},
            "firstPartyCookiesSent": {},
            "exampleSites": [
                "itmedia.co.jp",
                "furunavi.jp",
                "macrobiotic-daisuki.jp",
                "nlab.itmedia.co.jp",
                "www.irisplaza.co.jp",
                "www.irisohyama.co.jp",
                "www.itmedia.co.jp"
            ]
        },
        {
            "rule": "countoon\\.com\\/count\\.json",
            "cookies": 0,
            "fingerprinting": 0,
            "subdomains": [
                "twitter"
            ],
            "apis": {},
            "sites": 5,
            "prevalence": 0.0000388,
            "cnames": [],
            "responseHashes": [
                "0d4738bc3a7998ecf9a425809daad9c466856e412ad38f86a6f899d74b43061a",
                "b33f2b857de48ef14c1f74e17729cf2d3184d576bf00b59c02ba1e93862c2601",
                "db492fe4c9c51cc9f00d906bcf28bea65c3a98c19b293d040b42256cd7b0cf81",
                "2d633c7c53bf793a66752f0c300c6ca50f91c075990a4c9de2d35c6dd04788e4"
            ],
            "type": "XHR",
            "firstPartyCookies": {},
            "firstPartyCookiesSent": {},
            "exampleSites": [
                "bunshun.jp",
                "crystalmark.info",
                "getnavi.jp",
                "myoji-yurai.net",
                "www.cyzo.com"
            ]
        },
        {
            "rule": "countoon\\.com\\/js\\/widgetoon\\.js",
            "cookies": 0,
            "fingerprinting": 0,
            "subdomains": [
                "twitter"
            ],
            "apis": {},
            "sites": 4,
            "prevalence": 0.000031,
            "cnames": [],
            "responseHashes": [
                "b7335b55b51f3ee271b0d6c734a680741382b67a6bd53fb47d8d89f26555b48a"
            ],
            "type": "Script",
            "firstPartyCookies": {},
            "firstPartyCookiesSent": {},
            "exampleSites": [
                "getnavi.jp",
                "mobareco.jp",
                "myoji-yurai.net",
                "www.cyzo.com"
            ]
        },
        {
            "rule": "countoon\\.com\\/tweet_button\\.html",
            "cookies": 0,
            "fingerprinting": 0,
            "subdomains": [
                "twitter"
            ],
            "apis": {},
            "sites": 3,
            "prevalence": 0.0000233,
            "cnames": [],
            "responseHashes": [
                "0a7a0e4c6885070e93152d3f875cde2a02a3548febb451ba060e4baa7b3d0ee2",
                "adad36b7c179e7fcd720b8ff2a64e6e850efc60edc6d45f31d7f06dd5620bcd4"
            ],
            "type": "Document",
            "firstPartyCookies": {},
            "firstPartyCookiesSent": {},
            "exampleSites": [
                "getnavi.jp",
                "myoji-yurai.net",
                "www.cyzo.com"
            ]
        },
        {
            "rule": "countoon\\.com\\/cdn-cgi\\/scripts\\/7d0fa10a\\/cloudflare-static\\/rocket-loader\\.min\\.js",
            "cookies": 0,
            "fingerprinting": 1,
            "subdomains": [
                "twitter"
            ],
            "apis": {
                "Navigator.prototype.userAgent": 3,
                "Navigator.prototype.vendor": 3
            },
            "sites": 3,
            "prevalence": 0.0000233,
            "cnames": [],
            "responseHashes": [
                "ccf00d1923b0131a10e0c6d26f95e5dee6ebf8621a27e83c5a2f68a2e0093142"
            ],
            "type": "Script",
            "firstPartyCookies": {},
            "firstPartyCookiesSent": {},
            "exampleSites": [
                "getnavi.jp",
                "myoji-yurai.net",
                "www.cyzo.com"
            ]
        },
        {
            "rule": "countoon\\.com\\/img\\/l\\.png",
            "cookies": 0,
            "fingerprinting": 0,
            "subdomains": [
                "twitter"
            ],
            "apis": {},
            "sites": 3,
            "prevalence": 0.0000233,
            "cnames": [],
            "responseHashes": [
                "31fa3262226064882cf621d65a0dc699654fb8e39e34e87abb6d6ab0ab4b2c14"
            ],
            "type": "Image",
            "firstPartyCookies": {},
            "firstPartyCookiesSent": {},
            "exampleSites": [
                "getnavi.jp",
                "myoji-yurai.net",
                "www.cyzo.com"
            ]
        }
    ],
    "categories": [],
    "performance": {},
    "cookies": 0,
    "topInitiators": [
        {
            "domain": "digitiminimi.com",
            "prevalence": 0.4166666666666667
        },
        {
            "domain": "first party",
            "prevalence": 0.2222222222222222
        },
        {
            "domain": "ajax.googleapis.com",
            "prevalence": 0.16666666666666666
        },
        {
            "domain": "flux-cdn.com",
            "prevalence": 0.1388888888888889
        },
        {
            "domain": "ismcdn.jp",
            "prevalence": 0.05555555555555555
        }
    ],
    "types": {
        "Script": 14,
        "XHR": 5,
        "Document": 3,
        "Image": 3
    },
    "nameservers": [
        "naomi.ns.cloudflare.com",
        "adam.ns.cloudflare.com"
    ]
}