{
    "domain": "crjpgate.com",
    "owner": {},
    "source": [
        "DuckDuckGo-US"
    ],
    "prevalence": 0.000489,
    "sites": 63,
    "subdomains": [],
    "cnames": [],
    "fingerprinting": 0,
    "resources": [
        {
            "rule": "crjpgate\\.com\\/pu\\/",
            "cookies": 0.000287,
            "fingerprinting": 0,
            "subdomains": [],
            "apis": {},
            "sites": 38,
            "prevalence": 0.000295,
            "cnames": [],
            "responseHashes": [
                "a184b230a9f59b4a2f8783d6dcff8e942a4d757baa330ed664f5b4aed4f767b1",
                "8586269c33fac8d4a8834a0865deef861eb42648a194dfbc3f10520e0d5d709d",
                "ab7eb7507aea70a96380f803332539d579c93d7bca1f986f16d1d65ff374ddce",
                "3dd30fddc972973aaeb1bc41c466545ba4fb9bb57b01f6a07a92b38b92281021",
                "1ea0eec75213c104fbb9425265df0f0b12addc03e2d0b265b09b7f949e8839ad",
                "dbd5046d4387efbf28135eee55be90b44833e891139e7b16c3b910a1720b84ef",
                "64a4e81bd96543e5e68a17e207c33dceec8f627678dd83b0c5eb0b5a05e0cea1",
                "ff133c9bf177810fbda47b8676389cfec61a7c6c2299d034fcec1b1824cbf0fd",
                "168ea640b125ce570b9bc60f2655adbef1fd1a60e96e6be949b4833d97c73756",
                "1b40aee352781bd899ca17136f50b5f1161ac6019849048e28d32478253585e2",
                "ba134878c64e24223c5fdec5a3f0f5fb7e92241c8702b4ad29a49f6c3f57817d",
                "47926893edb2ae527100e32702d60cd68b14d470ac7ee1b2c8f082ccb1489958",
                "571e75c02cbee72e9b3d89faa2013a337232252f1e4708760d9021ea3e6e7677",
                "11f471cc65557dd79b6fd0e5a4570520551cab31d0b4727f9de3f3adf1531b2f",
                "c376633b15b04d72ccb437a2f00ae8cb21373624e7e4eb7205b6b4bed11d3daa",
                "4ca9d093e5145ed2b21e98dd7ece90038530e6d025f5469ec8df80369f555b04",
                "1068e0c4ef9dd86b3e5d013b4659206b75329e4ee82b09a40f5c463064f19b91",
                "78aef25903787fc2ea67656978f06505d8097da05a11d6c9952a493215e7a935",
                "14da143f573272c6476c05ab5d259667508c557e626bd1137ff2bbf0f9607b08",
                "f654e3041b2237692a88bbe320433f54b146066a9ac1b5db08265ece2e399573",
                "cf6a46a38af2063bf55f2147120afa3b29c349fd30836cd77d57f8d496a2eeca",
                "39ad097ac61baac67ac190a80d3ec2c17735d279716f2d5c6c55c7d3eba91c2c",
                "8cf6f007d162ea7509e595f0c6d6a68d0fe60012e649a9972e671fdfa8fe52c1",
                "7dd8b96a6d94ef0477fa7ac67007e2cd8048b27a64962bd6874e7f07d9cb387a",
                "8c92a755ffdf881aa5499a47d095b1766b1621adbb22b532754aadf4713962ca",
                "a35f0e24cb0010c90f2f94289c5668e5c35dd92aadb59d60c869c7aa9a4da4c5",
                "7025dd747f05fc5949cf04b11eb04595c520c0933e0874a6915bc51caca38578",
                "91a02f106b2cdcd1690797e64358bcfe2aee6c6339f95d8a3c0f618d20f9a3f7",
                "edde5c0f955c41df6cc12cc402086278de66974bf39cbc2c6ea86d653dda7046",
                "34cd6cc85311a967dc4c64ac54d947f68e98cb13f3020289b13571f83a9f0092",
                "6b18ba8602b1da2006eb1dca77aa423112790b52836aeed8a89756d5aab0edde",
                "c0742573514d951db0ccf26d5d105ceb4bb0ceff8a4e8a52d6ff2c93f217c0f4",
                "3d0b68be512d05793b0b34fccc79b8c8f2f51df36b09aec3253ac5c46e08413d",
                "599f67889b09f7ad29da665903efbe42c703178761169ccdfeec9eaab2e2f582",
                "c1930887433092a6bc07b2d85147ae516d6bc930a4535792406e36f7d243714e",
                "892f8bd2f27477b3594137e62aa93d47f880bfa9d6330c870d45cad4ce0a2319"
            ],
            "type": "Document",
            "firstPartyCookies": {},
            "firstPartyCookiesSent": {},
            "exampleSites": [
                "m.tnaflix.com",
                "sexanimalvideos.com",
                "m.perfectgirls.net",
                "max.porn",
                "fr.perfectgirls.net",
                "www.pornhat.one",
                "www.3movs.com",
                "ms.spankbang.com",
                "es.spankbang.com",
                "cumfacegenerator.com",
                "la.spankbang.com",
                "www.spankingtube.com",
                "nudostar.art",
                "hdzog.com",
                "softcoretube.org",
                "www.tnaflix.com",
                "ok.xxx",
                "www.porngo.com",
                "pornstars.tube",
                "www.empflix.com"
            ]
        }
    ],
    "categories": [],
    "performance": {},
    "cookies": 0.000481,
    "topInitiators": [
        {
            "domain": "twinrdack.com",
            "prevalence": 0.29850746268656714
        },
        {
            "domain": "twinrdsrv.com",
            "prevalence": 0.23880597014925373
        },
        {
            "domain": "twinrdsyn.com",
            "prevalence": 0.19402985074626866
        },
        {
            "domain": "doublepimp.com",
            "prevalence": 0.14925373134328357
        },
        {
            "domain": "impactserving.com",
            "prevalence": 0.11940298507462686
        }
    ],
    "types": {
        "Document": 38
    },
    "nameservers": [
        "ns1.eurodns.com",
        "ns4.eurodns.com",
        "ns3.eurodns.com",
        "ns2.eurodns.com"
    ]
}