{
    "domain": "ctsdwm.com",
    "owner": {},
    "source": [
        "DuckDuckGo-US"
    ],
    "prevalence": 0.000349,
    "sites": 45,
    "subdomains": [
        "pt"
    ],
    "cnames": [],
    "fingerprinting": 1,
    "resources": [
        {
            "rule": "ctsdwm\\.com\\/natlf\\/lf\\/ch\\/",
            "cookies": 0.0000698,
            "fingerprinting": 1,
            "subdomains": [
                "pt"
            ],
            "apis": {
                "window.innerHeight": 7,
                "window.innerWidth": 7,
                "Date.prototype.getTime": 1
            },
            "sites": 9,
            "prevalence": 0.0000698,
            "cnames": [],
            "responseHashes": [
                "80fd3411b68448e5d2f9a58ac57a3dc24c4e17cf26a32c1fbbf2c544bc2a844b",
                "9ffb5a21b1fd90ab2e07b4fbc5e7b4d43ae386b7bf3584c96f3b9a1e85ddc1ca",
                "916c309eec3503fc572245812dadaf8bea5750b92b403f82e4fa627b608cf8ee",
                "44882ec0e8dda8f375bb45c3ef4e668a23ce83407a1808ed0c70504837a49ed8",
                "41feb4000095047d0b261b76d1f6dddf20f17ab93529caf1e1b06c5bb9bc6345",
                "aabee666f7e7434e2ced1807b81f8cbba7acbbef4a018a051a220ac10ca3a4f2",
                "32150ab45dfa875f0794439307e5d5f41a014c5701ef3d372f91c6af17ec9a4a",
                "e3ec76672bd3ea9129c34404f3babd65885bc0a01b2ab5795f5f854771d299f5"
            ],
            "type": "Document",
            "firstPartyCookies": {},
            "firstPartyCookiesSent": {},
            "exampleSites": [
                "camgirls.casa",
                "nude-leaks.com",
                "pornzara.com",
                "sexosintabues30.com",
                "tickzoo.com",
                "www.lolteentube.com",
                "www.redtub.xxx",
                "www.seemyporn.com",
                "xpanty.cc"
            ]
        },
        {
            "rule": "ctsdwm\\.com\\/live-stream\\/",
            "cookies": 0.0000543,
            "fingerprinting": 1,
            "subdomains": [
                "pt"
            ],
            "apis": {
                "Date.prototype.getTime": 8,
                "window.innerHeight": 7,
                "window.innerWidth": 7
            },
            "sites": 8,
            "prevalence": 0.000062,
            "cnames": [],
            "responseHashes": [
                "20917a97b0f61b9985acefe3ebfb580d657cf878715d4c76beca2adf787278ee",
                "d29474d566315f42927f6ea81567543cf3be8cc318b07f769e5cb19650d79a7b",
                "3fcca72fd0d9eff24b62a80ca0a9a047162d404ea4e43adfd3b9988ab8d9c934",
                "45c399fbc157b9e0b9730cf0ca844651c1a8afb9d85d555e4e4afa6d31398c4b",
                "8f000d3d1834632362039ade9fd9ce21dc38d959367fdc060ab64e2453f49fbc",
                "98a080b4651c4dbfc3a03b69aab2f8fbc6b39de18e213c509dd5e16be62743cc"
            ],
            "type": "Document",
            "firstPartyCookies": {},
            "firstPartyCookiesSent": {},
            "exampleSites": [
                "celeb-stalker.com",
                "hiddenmassagesex.com",
                "jezebelcams.com",
                "mobile.odir.org",
                "pornstarbyface.com",
                "www.boundhub.com",
                "www.famousboard.com",
                "www.shemalewiki.com"
            ]
        },
        {
            "rule": "ctsdwm\\.com\\/image-scroller\\/",
            "cookies": 0.0000155,
            "fingerprinting": 1,
            "subdomains": [
                "pt"
            ],
            "apis": {
                "Date.prototype.getTime": 2,
                "window.innerHeight": 2,
                "window.innerWidth": 2
            },
            "sites": 3,
            "prevalence": 0.0000233,
            "cnames": [],
            "responseHashes": [
                "98fa280bacd47a8d2277ce858b17abc7e7d0ffe84a85eb418e3777a3fc2d9aa8"
            ],
            "type": "Document",
            "firstPartyCookies": {},
            "firstPartyCookiesSent": {},
            "exampleSites": [
                "escortnear.me",
                "oncamchat.com",
                "xmissy.nl"
            ]
        },
        {
            "rule": "ctsdwm\\.com\\/video-banner\\/",
            "cookies": 0.0000233,
            "fingerprinting": 1,
            "subdomains": [
                "pt"
            ],
            "apis": {
                "Date.prototype.getTime": 3,
                "window.innerHeight": 3,
                "window.innerWidth": 3
            },
            "sites": 3,
            "prevalence": 0.0000233,
            "cnames": [],
            "responseHashes": [
                "56edf139bd0a9032c915a02016fb2e083d7b72d51343bf3be177286b5c44a858",
                "1596aba3215d8cbf92b9f7aceacf1897bc6fef7ca5c3da8dbf54a173c50e3fd2"
            ],
            "type": "Document",
            "firstPartyCookies": {},
            "firstPartyCookiesSent": {},
            "exampleSites": [
                "hotnudemen.net",
                "www.boundhub.com",
                "www.youcrazyx.com"
            ]
        },
        {
            "rule": "ctsdwm\\.com\\/live-feed\\/fk\\/",
            "cookies": 0.0000465,
            "fingerprinting": 1,
            "subdomains": [
                "pt"
            ],
            "apis": {
                "Date.prototype.getTime": 6,
                "window.innerHeight": 5,
                "window.innerWidth": 5
            },
            "sites": 6,
            "prevalence": 0.0000465,
            "cnames": [],
            "responseHashes": [
                "35fa8578232e25a24fb9539b25d88e927c6abf45c6fb2f5ac6895a894de98f6c",
                "c4ec405c0d2447545d47cce954ac618a60f9cb1e267600ca87e50edbc8e118b7",
                "bed545f6af9eac5ff3819b7b3853f9bc1d7115a5171131968dd45c8f82149861",
                "d65e8fde550f6b9cea7d1f68bfda55e5b3258535df7dd969a80229bb816a49f6",
                "8c748d3fe2e63b59e06da0e658e2b2e59a2619c17ab93b4e0ab77d272a6c56a7"
            ],
            "type": "Document",
            "firstPartyCookies": {},
            "firstPartyCookiesSent": {},
            "exampleSites": [
                "shooshtime.com",
                "sissyhypno.org",
                "www.camsexvideo.net",
                "www.faproulette.co",
                "www.newzealandgirls.co.nz",
                "youngtube.myqip.ru"
            ]
        },
        {
            "rule": "ctsdwm\\.com\\/live-feed",
            "cookies": 0.000031,
            "fingerprinting": 1,
            "subdomains": [
                "pt"
            ],
            "apis": {
                "Date.prototype.getTime": 6,
                "window.innerHeight": 5,
                "window.innerWidth": 5
            },
            "sites": 6,
            "prevalence": 0.0000465,
            "cnames": [],
            "responseHashes": [
                "9b186bcf704458c115cfde4a6e5ac624d3ccad04e0c75b7a4550a03713ab4f5b",
                "2ec15c04a9b80b78d7734aad50f68f26a3d9ab49d414bd3de14955e9d248be00",
                "532a92bce9b69940406558a0368cd258d1ab78949a435f335fe7ee1063092d36"
            ],
            "type": "Document",
            "firstPartyCookies": {},
            "firstPartyCookiesSent": {},
            "exampleSites": [
                "shooshtime.com",
                "sissyhypno.org",
                "www.camsexvideo.net",
                "www.faproulette.co",
                "www.newzealandgirls.co.nz",
                "youngtube.myqip.ru"
            ]
        }
    ],
    "categories": [],
    "performance": {},
    "cookies": 0.000341,
    "topInitiators": [
        {
            "domain": "ptwmstcnt.com",
            "prevalence": 0.2602739726027397
        },
        {
            "domain": "aweprt.com",
            "prevalence": 0.2191780821917808
        },
        {
            "domain": "awecre.com",
            "prevalence": 0.1232876712328767
        },
        {
            "domain": "awempt.com",