{
    "domain": "ctsdwm.com",
    "owner": {},
    "source": [
        "DuckDuckGo-US"
    ],
    "prevalence": 0.000406,
    "sites": 49,
    "subdomains": [
        "pt"
    ],
    "cnames": [],
    "fingerprinting": 2,
    "resources": [
        {
            "rule": "ctsdwm\\.com\\/natlf\\/lf\\/ch\\/",
            "cookies": 0.0000829,
            "fingerprinting": 1,
            "subdomains": [
                "pt"
            ],
            "apis": {
                "window.innerHeight": 9,
                "window.innerWidth": 9,
                "Date.prototype.getTime": 1
            },
            "sites": 10,
            "prevalence": 0.0000829,
            "cnames": [],
            "responseHashes": [
                "4404df0474485f7712053ee1ae71ca7bb2481d2d7d3f9868c18b747a149016a1",
                "b0a76969744dfa5c61f0c54fa22d2df46a9cb38749aa34bdf6e8df9d5d6a77a2",
                "1526aa2a6ec422f5545e4bd8166b1794ba76525263b4d7f6004742bf8d2e2ba1",
                "b0bbbb29932e48ea473878863eb45a4bb8e3f892b5b3b62fa9bf42a1f4a9618e",
                "4246bd4dca146c27b0b53fb46be4a8d4a6e662afd07ac1200d16d8546f5028c2",
                "0d83d81e82c20dd4c1d00b325fedcccd643cc796cc031eba6eacc552db5fe1e6",
                "7436f09df111898f1cc70efdf85809625cf204095f100b4ec7604ef3038604bd",
                "38004600b3fc62e31d722d48ec4a1eccec99fb33808b0ade743e74ac0a618e6c",
                "a2f5fe53b7c2624a96999851598c01fad1fd421ad2fdba958f1ac5a43d1f10bf"
            ],
            "type": "Document",
            "firstPartyCookies": {},
            "firstPartyCookiesSent": {},
            "exampleSites": [
                "bigo.video",
                "camgirls.casa",
                "lovingsiren.com",
                "pornzara.com",
                "thesimpcity.com",
                "tickzoo.com",
                "www.bigo.video",
                "www.lolteentube.com",
                "www.orgazmax.com",
                "xpanty.cc"
            ]
        },
        {
            "rule": "ctsdwm\\.com\\/live-stream\\/",
            "cookies": 0.0000498,
            "fingerprinting": 1,
            "subdomains": [
                "pt"
            ],
            "apis": {
                "Date.prototype.getTime": 6,
                "window.innerHeight": 6,
                "window.innerWidth": 6
            },
            "sites": 7,
            "prevalence": 0.000058,
            "cnames": [],
            "responseHashes": [
                "61a51585ac5a631a7b9b2839057ba3edb68cc9c2e450986718e57a9985fdf2b3",
                "ec37af2794b75e053c4bc4a2c177d14c27982a39e744c3692b5a02bd38f89f44",
                "0b12396de16c09af4294208ebec9b7cd4452a8709ade33c13352396c8d79bf7d",
                "d43cdd022505143179621a83e693337e5f520852881bc91ba26aed8fe81c12c6"
            ],
            "type": "Document",
            "firstPartyCookies": {},
            "firstPartyCookiesSent": {},
            "exampleSites": [
                "celeb-stalker.com",
                "jezebelcams.com",
                "pornstarbyface.com",
                "www.boundhub.com",
                "www.famousboard.com",
                "www.mansurfer.com",
                "www.shemalewiki.com"
            ]
        },
        {
            "rule": "ctsdwm\\.com\\/image-scroller\\/",
            "cookies": 0.0000249,
            "fingerprinting": 1,
            "subdomains": [
                "pt"
            ],
            "apis": {
                "Date.prototype.getTime": 3,
                "window.innerHeight": 3,
                "window.innerWidth": 3
            },
            "sites": 3,
            "prevalence": 0.0000249,
            "cnames": [],
            "responseHashes": [
                "a605510c38137116702cd3038af78f487d9f3b45e61a1db97cdf0e28f689bdb5",
                "c32652f805ddb9a69646fa4087cbffcc470c1b17204b8b9eb15ba837dfa09d0a"
            ],
            "type": "Document",
            "firstPartyCookies": {},
            "firstPartyCookiesSent": {},
            "exampleSites": [
                "escortnear.me",
                "oncamchat.com",
                "xmissy.nl"
            ]
        },
        {
            "rule": "ctsdwm\\.com\\/video-banner\\/",
            "cookies": 0.0000249,
            "fingerprinting": 1,
            "subdomains": [
                "pt"
            ],
            "apis": {
                "Date.prototype.getTime": 3,
                "window.innerHeight": 3,
                "window.innerWidth": 3
            },
            "sites": 3,
            "prevalence": 0.0000249,
            "cnames": [],
            "responseHashes": [
                "06d97860021998b17780040639070b8cdcfbbe5dcd2deac864ce5f2bfb995aaf",
                "776cf93cdf6b3cd2dc86d782ace6d23e2c79363d6399655f49295595a787ae8e"
            ],
            "type": "Document",
            "firstPartyCookies": {},
            "firstPartyCookiesSent": {},
            "exampleSites": [
                "hotnudemen.net",
                "www.boundhub.com",
                "xlamma.com"
            ]
        },
        {
            "rule": "ctsdwm\\.com\\/live-feed\\/fk\\/",
            "cookies": 0.000058,
            "fingerprinting": 1,
            "subdomains": [
                "pt"
            ],
            "apis": {
                "Date.prototype.getTime": 7,
                "window.innerHeight": 7,
                "window.innerWidth": 7
            },
            "sites": 7,
            "prevalence": 0.000058,
            "cnames": [],
            "responseHashes": [
                "8df0143b683cafe65598aaf2c0215014197da67b1de2e446dba95327c5289cd1",
                "12d39f799ffd4f296ac66be137b539467c2fcedfa26471d059f8038280be3442",
                "09edea16221c337bb35da52418a0f45d5704ee9c19f9996dd6b5550918090ac5",
                "1553dcb22ba87a28960d4f3769c8b1d47ae7d7dbfb0c125abc8312f52573a77e",
                "74c4a1d685e3bdc7352e02252a3f483fd65885ede02942d7fb05973a1a6c3e74",
                "7ec025b61ef249962ea3f7bdfcd6f5b5b8630204b169cb86815eefbb7d5f6bbd"
            ],
            "type": "Document",
            "firstPartyCookies": {},
            "firstPartyCookiesSent": {},
            "exampleSites": [
                "shooshtime.com",
                "taboosex.club",
                "www.camsexvideo.net",
                "www.faproulette.co",
                "www.incestflix.org",
                "www.newzealandgirls.co.nz",
                "xfantazy.com"
            ]
        },
        {
            "rule": "ctsdwm\\.com\\/live-feed",
            "cookies": 0.0000498,
            "fingerprinting": 1,
            "subdomains": [
                "pt"
            ],
            "apis": {
                "Date.prototype.getTime": 6,
                "window.innerHeight": 6,
                "window.innerWidth": 6
            },
            "sites": 7,
            "prevalence": 0.000058,
            "cnames": [],
            "responseHashes": [
                "ecb6099dc19bcea90091329ffee0af2309c233d47087822242a9c33e6de6ae9c",
                "e9792c173dfb7a2442c11eac9f054f9b5f7ded41c515e7bdaec8b9bbe697bc1b",
                "3b413d57b97e05449133e28634e761f841e308d669b67f0e17e5a21d9ee79e82"
            ],
            "type": "Document",
            "firstPartyCookies": {},
            "firstPartyCookiesSent": {},
            "exampleSites": [
                "shooshtime.com",
                "taboosex.club",
                "www.camsexvideo.net",
                "www.faproulette.co",
                "www.incestflix.org",
                "www.newzealandgirls.co.nz",
                "xfantazy.com"
            ]
        }
    ],
    "categories": [],
    "performance": {},
    "cookies": 0.000406,
    "topInitiators": [
        {
            "domain": "ptwmstcnt.com",
            "prevalence": 0.2289156626506024
        },
        {
            "domain": "aweprt.com",