{
    "domain": "ctsdwm.com",
    "owner": {},
    "source": [
        "DuckDuckGo-US"
    ],
    "prevalence": 0.000332,
    "sites": 49,
    "subdomains": [
        "pt"
    ],
    "cnames": [],
    "fingerprinting": 1,
    "resources": [
        {
            "rule": "ctsdwm\\.com\\/natlf\\/lf\\/ch\\/",
            "cookies": 0.0000542,
            "fingerprinting": 1,
            "subdomains": [
                "pt"
            ],
            "apis": {
                "window.innerHeight": 5,
                "window.innerWidth": 5,
                "Date.prototype.getTime": 2
            },
            "sites": 8,
            "prevalence": 0.0000542,
            "cnames": [],
            "responseHashes": [
                "c4f4d33c081544a1360dcced37e130386684d42b9803ab332c9e5292a621b471",
                "8324d8add4a5c94d1d192ee268a3145e54ec84224d9a88883f91d3647437c6b2",
                "9732ba3446eb1795fc15f64fbea4160e249b77432263f9fd54357e57f9e2151f",
                "524ad58be58838b1c53199ebca8a770eebb724f0f1e7553f26617c063912ce6c",
                "d412e8318a74fff3610327acfaf7b68f01de6abb00d31f706b07814012bad178",
                "0aa89d5a0c02b786fe9d18924dfdc813e76e1b49bbe1bdc2ce520b6af36de1e9",
                "42c02843e1d4f9c306d8987c9872f25a724d69651b2b0007f66a8890d8463daf"
            ],
            "type": "Document",
            "firstPartyCookies": {},
            "firstPartyCookiesSent": {},
            "exampleSites": [
                "bigo.video",
                "celebfeet.wiki",
                "pornzara.com",
                "sexosintabues30.com",
                "starsessions.sbs",
                "tickzoo.com",
                "www.lolteentube.com",
                "www.orgazmax.com"
            ]
        },
        {
            "rule": "ctsdwm\\.com\\/live-stream\\/",
            "cookies": 0.0000474,
            "fingerprinting": 1,
            "subdomains": [
                "pt"
            ],
            "apis": {
                "Date.prototype.getTime": 8,
                "window.innerHeight": 4,
                "window.innerWidth": 4
            },
            "sites": 8,
            "prevalence": 0.0000542,
            "cnames": [],
            "responseHashes": [
                "893406ad30df64a40ed99e44c2997f67e2677ec77afabecdd925de6e8d7d1779",
                "a37ded183c9043250ed2918c3257b27353cd14eda270ee71641b0f004d6d5eb8",
                "72d40ea21dc02092fed7f63b690a168b0db66fa4c7e8d8559d5f97a5c4af02b8",
                "fe76ad437b87f04942d413dd08fcee72bda5e44fe0cf6ad049105a3fda3103d2",
                "75e7434832cc94c37d58109fc6f5b50634b04e41814caf16c6450ef934316ff6",
                "c0264a1870077582db455bf73af37541c8b4732a3f16ff0e2c33d87c6b2d8576"
            ],
            "type": "Document",
            "firstPartyCookies": {},
            "firstPartyCookiesSent": {},
            "exampleSites": [
                "celeb-stalker.com",
                "hiddenmassagesex.com",
                "jezebelcams.com",
                "pornstarbyface.com",
                "www.famousboard.com",
                "www.mansurfer.com",
                "www.shemalewiki.com",
                "www.specialteensx.com"
            ]
        },
        {
            "rule": "ctsdwm\\.com\\/image-scroller\\/",
            "cookies": 0.0000203,
            "fingerprinting": 1,
            "subdomains": [
                "pt"
            ],
            "apis": {
                "Date.prototype.getTime": 3,
                "window.innerHeight": 3,
                "window.innerWidth": 3
            },
            "sites": 3,
            "prevalence": 0.0000203,
            "cnames": [],
            "responseHashes": [
                "a64d48725e2443515a364bd3e075d05aa6f3e9cda7e149f562b38ec2f86bce2c",
                "c3086f4cff39f6e6206e484bb3b58e75e6b745e79e9afb77e9d6e9b22ceebc38"
            ],
            "type": "Document",
            "firstPartyCookies": {},
            "firstPartyCookiesSent": {},
            "exampleSites": [
                "escortnear.me",
                "oncamchat.com",
                "xmissy.nl"
            ]
        },
        {
            "rule": "ctsdwm\\.com\\/video-banner\\/",
            "cookies": 0.0000203,
            "fingerprinting": 1,
            "subdomains": [
                "pt"
            ],
            "apis": {
                "Date.prototype.getTime": 3,
                "window.innerHeight": 2,
                "window.innerWidth": 2
            },
            "sites": 3,
            "prevalence": 0.0000203,
            "cnames": [],
            "responseHashes": [
                "743882b127263e4543a4ee18d2fd1f91eb4b1739f6ee92c561c15c4849c48ffa",
                "dfe9aa6daa15d9feb6d85e31409b9ab9d729c031fb500f5850c9a658edf45c04"
            ],
            "type": "Document",
            "firstPartyCookies": {},
            "firstPartyCookiesSent": {},
            "exampleSites": [
                "hotnudemen.net",
                "www.boundhub.com",
                "xlamma.com"
            ]
        },
        {
            "rule": "ctsdwm\\.com\\/live-feed\\/fk\\/",
            "cookies": 0.0000542,
            "fingerprinting": 1,
            "subdomains": [
                "pt"
            ],
            "apis": {
                "Date.prototype.getTime": 8,
                "window.innerHeight": 7,
                "window.innerWidth": 7
            },
            "sites": 8,
            "prevalence": 0.0000542,
            "cnames": [],
            "responseHashes": [
                "312e96768b091c54c214fca187258fcc9d704d0281d6b4d2427ed32ebd04c857",
                "cbc5009ca44c6238de326d5a56734131b33d98a5fd08ccf1ba661be966ff2d60",
                "be895ac28ea84c2d244276554e393b6708a322b8eb5ee99c0d135998d82b4b49",
                "abb75569ed57d1659fe2865ff4a41595b9a8ffeb020c3ec5275df62e323f91fd",
                "da99ecd5ac1dfdb13b8d50ffaadc5f30746ccdf8904d90bf67058b8956dc2297",
                "241be412ba1a0b46b13fb80281d0f5700480bfe6fe5c0b3038621a14d9a0f2c2",
                "2a32abd27d6894e394e20685c39a8958bfd90721cd172fe42b0d5632fb9b20a4"
            ],
            "type": "Document",
            "firstPartyCookies": {},
            "firstPartyCookiesSent": {},
            "exampleSites": [
                "shooshtime.com",
                "taboosex.club",
                "www.camsexvideo.net",
                "www.faproulette.co",
                "www.incestflix.com",
                "www.incestflix.org",
                "www.newzealandgirls.co.nz",
                "youngtube.mobie.in"
            ]
        },
        {
            "rule": "ctsdwm\\.com\\/live-feed",
            "cookies": 0.0000407,
            "fingerprinting": 1,
            "subdomains": [
                "pt"
            ],
            "apis": {
                "Date.prototype.getTime": 8,
                "window.innerHeight": 7,
                "window.innerWidth": 7
            },
            "sites": 8,
            "prevalence": 0.0000542,
            "cnames": [],
            "responseHashes": [
                "abbaf43606428767bcbd24811e18c571e0c94e57aee02e30c2bacd7684a7de08",
                "5f2a800f20981faede98fc2157769d7a62a3c50af87fe1fbe2f9c72b1cfe6885",
                "2816d39682c706e3036afb660e1a9e4a1662e601be5bb6ec8f6c4684cd5c5bc8",
                "03e40889813ebf5ae80ee4ad44a722c7aeaadabfd0e8717ec6b9aa795259e70a",
                "4a42cd302c931d523c8cdace0ebd73fb473833653afb0e66c2201d3137f35906"
            ],
            "type": "Document",
            "firstPartyCookies": {},
            "firstPartyCookiesSent": {},
            "exampleSites": [
                "shooshtime.com",
                "taboosex.club",
                "www.camsexvideo.net",
                "www.faproulette.co",
                "www.incestflix.com",
                "www.incestflix.org",
                "www.newzealandgirls.co.nz",
                "youngtube.mobie.in"
            ]
        }
    ],