{
    "domain": "ctxtfl.com",
    "owner": {},
    "source": [
        "DuckDuckGo-US"
    ],
    "prevalence": 0.000197,
    "sites": 29,
    "subdomains": [],
    "cnames": [],
    "fingerprinting": 3,
    "resources": [
        {
            "rule": "ctxtfl\\.com\\/scripts\\/js\\/p\\.js",
            "cookies": 0,
            "fingerprinting": 3,
            "subdomains": [],
            "apis": {
                "Date.prototype.getTime": 16,
                "Navigator.prototype.userAgent": 16,
                "window.sessionStorage": 16,
                "Screen.prototype.width": 15,
                "Screen.prototype.height": 15,
                "window.devicePixelRatio": 15,
                "window.innerWidth": 16,
                "window.innerHeight": 16,
                "DeviceMotionEvent.prototype.acceleration": 16,
                "DeviceMotionEvent.prototype.accelerationIncludingGravity": 16,
                "DeviceMotionEvent.prototype.rotationRate": 16
            },
            "sites": 16,
            "prevalence": 0.000109,
            "cnames": [],
            "responseHashes": [
                "2bb072cec6dadc204f995db6f7e9ff10f9ddbd157e6fc04f6f7352936bfc35f8",
                "5c362a86b8c21c441f243df261fd06edab7cf842960c5260bffa9331ed102818",
                "43f279f9254f55ca2327540e13048e827e034346fcffab1483c7ad7756904a1f",
                "4333dddec3ce26646191febdaeb1fa33049fc26521ce694fc547597ea7ffb4c2",
                "badf94b17daf8f28735bb2b0b67bc5f96ff567ad35e1e5a27ae50245089b6799",
                "ebcdad200b0d5f54bf4178a89d4cc7163c485655e21c0a5707a1e32abc2d5dfc",
                "fe37c2ca94613c04396d0079a780fefd332945b20bcd0b5d8f3fc9031f1e115e",
                "0d617dc85e66221bb2183dd67376c265d1cfb3db4bb1d647d2abf6ba699c3a64",
                "19a3cb7603bcbe5a7a135ac66b4648d576e0d5e47414bfe1a21929e415888808",
                "d930c2a12ceb473b925ca4daef2b1a6b56e6444f55c67fa912747d390e3f5696",
                "957cf4a765d49e08a9ab9b47932922993cc241f67b574a438f6f8e5ff46bb575",
                "b621290981327fb8ac6354d91e25b110e27aaeddd8ce2992dd535e534f57f552",
                "02355cfa257679a0ee93c2b36f91744a80df0f22505247653ed3ea8504a6ca49",
                "90355378c306c21e98fd21e0435f4fd89a765a57efb5d36e3febbd420f91c65c",
                "6b16f48cbd28c15bc6a8263680e7ce0e41d88980c7d12bd77c11a4b179ba331c"
            ],
            "type": "Script",
            "firstPartyCookies": {},
            "firstPartyCookiesSent": {},
            "exampleSites": [
                "radio-canada.ca",
                "ici.radio-canada.ca",
                "ressourcessante.salutbonjour.ca",
                "www.canadianliving.com",
                "www.coupdepouce.com",
                "www.guideautoweb.com",
                "www.journaldemontreal.com",
                "www.journaldequebec.com",
                "www.mtlblog.com",
                "www.narcity.com",
                "www.recettes.qc.ca",
                "www.salutbonjour.ca",
                "www.sinembargo.mx",
                "www.troisfoisparjour.com",
                "www.tvanouvelles.ca",
                "www.tvhebdo.com"
            ]
        },
        {
            "rule": "ctxtfl\\.com\\/\\/cracq",
            "cookies": 0,
            "fingerprinting": 0,
            "subdomains": [],
            "apis": {},
            "sites": 5,
            "prevalence": 0.0000339,
            "cnames": [],
            "responseHashes": [
                "24331bbdf40c95e911c59ea6beb4dea06c862b129605ad6f06f845fc1f0f059e"
            ],
            "type": "XHR",
            "firstPartyCookies": {},
            "firstPartyCookiesSent": {},
            "exampleSites": [
                "radio-canada.ca",
                "ici.radio-canada.ca",
                "www.sinembargo.mx",
                "www.troisfoisparjour.com",
                "www.tvn-2.com"
            ]
        },
        {
            "rule": "ctxtfl\\.com\\/\\/cracq",
            "cookies": 0,
            "fingerprinting": 0,
            "subdomains": [],
            "apis": {},
            "sites": 5,
            "prevalence": 0.0000339,
            "cnames": [],
            "responseHashes": [],
            "type": "Preflight",
            "firstPartyCookies": {},
            "firstPartyCookiesSent": {},
            "exampleSites": [
                "radio-canada.ca",
                "ici.radio-canada.ca",
                "www.sinembargo.mx",
                "www.troisfoisparjour.com",
                "www.tvn-2.com"
            ]
        },
        {
            "rule": "ctxtfl\\.com\\/\\/nextgen",
            "cookies": 0,
            "fingerprinting": 0,
            "subdomains": [],
            "apis": {},
            "sites": 13,
            "prevalence": 0.0000882,
            "cnames": [],
            "responseHashes": [
                "24331bbdf40c95e911c59ea6beb4dea06c862b129605ad6f06f845fc1f0f059e"
            ],
            "type": "XHR",
            "firstPartyCookies": {},
            "firstPartyCookiesSent": {},
            "exampleSites": [
                "salutbonjour.ca",
                "ressourcessante.salutbonjour.ca",
                "www.canadianliving.com",
                "www.coupdepouce.com",
                "www.guideautoweb.com",
                "www.journaldemontreal.com",
                "www.journaldequebec.com",
                "www.mtlblog.com",
                "www.narcity.com",
                "www.recettes.qc.ca",
                "www.salutbonjour.ca",
                "www.tvanouvelles.ca",
                "www.tvhebdo.com"
            ]
        },
        {
            "rule": "ctxtfl\\.com\\/\\/nextgen",
            "cookies": 0,
            "fingerprinting": 0,
            "subdomains": [],
            "apis": {},
            "sites": 13,
            "prevalence": 0.0000882,
            "cnames": [],
            "responseHashes": [],
            "type": "Preflight",
            "firstPartyCookies": {},
            "firstPartyCookiesSent": {},
            "exampleSites": [
                "salutbonjour.ca",
                "ressourcessante.salutbonjour.ca",
                "www.canadianliving.com",
                "www.coupdepouce.com",
                "www.guideautoweb.com",
                "www.journaldemontreal.com",
                "www.journaldequebec.com",
                "www.mtlblog.com",
                "www.narcity.com",
                "www.recettes.qc.ca",
                "www.salutbonjour.ca",
                "www.tvanouvelles.ca",
                "www.tvhebdo.com"
            ]
        }
    ],
    "categories": [],
    "performance": {},
    "cookies": 0,
    "topInitiators": [
        {
            "domain": "googletagmanager.com",
            "prevalence": 0.5806451612903226
        },
        {
            "domain": "first party",
            "prevalence": 0.25806451612903225
        },
        {
            "domain": "bigpipes.co",
            "prevalence": 0.12903225806451613
        },
        {
            "domain": "mowplayer.com",
            "prevalence": 0.03225806451612903
        }
    ],
    "types": {
        "Script": 16,
        "XHR": 18,
        "Preflight": 18
    },
    "nameservers": [
        "ns55.domaincontrol.com",
        "ns56.domaincontrol.com"
    ]
}