{
    "domain": "cylex-international.com",
    "owner": {},
    "source": [
        "DuckDuckGo-US"
    ],
    "prevalence": 0.000207,
    "sites": 25,
    "subdomains": [
        "osm"
    ],
    "cnames": [],
    "fingerprinting": 0,
    "resources": [
        {
            "rule": "cylex-international\\.com\\/osm\\/staticmaplite\\/staticmap\\.php",
            "cookies": 0,
            "fingerprinting": 0,
            "subdomains": [
                "osm"
            ],
            "apis": {},
            "sites": 22,
            "prevalence": 0.000182,
            "cnames": [],
            "responseHashes": [
                "3c214e8e8e42f2d7da05d2490c80a7627d34722a6dc01d9af75576b3e97097b2",
                "6d1171f930d6cef6a8b0ffb03195bbd5f62edf5c3dce77ad4de9b96ce3a4f8ec",
                "8598a0743ef68f87172750a4207883ec39cc59ed445455d2aafbe1fa702d5ea2",
                "a763981f43b00274e13d99e2fc60c6a228e84a77347019b5cfb36a7a2c712ce6",
                "4cd00c9ccd931aea000b88165850d692ab0fd2350b07fc43a7c68dafc08fb8e8",
                "dfd0fba82c8ae04df273a59f7a510b65a13c692243f5da205e5a63cf4607b761",
                "b020654a04b9723d9d4f2ccf9df5e98f53cc6d208affb6d55620d5a559a451b8",
                "11c33bf860827c1358aca3a638cb7e2f265ef52be65dbb3f9bd1cbba82c6f1b9",
                "4d6008f0765c5237b4d1408a8e7bcacd7519bec0a09a552f8c5fbda7557a2276",
                "c28023ab1c3bc972d2e141dcac15489ffbba054c0a7a6382dea2a1f3f796e646",
                "bae2c0d3b543f2ea03c06971ecffa1d15a020032b2de3a4bc6e6f01b5f76151b",
                "a60403031e8c95c9523bdf49542ebf2521b5d5bd2b7dcadba44e2101f2d8c428",
                "08857ef034e2ecef54cc78a8716c9c2b1cda6c07c3afa74886b3b0be334094b1",
                "3839de2b7bbdba0e19c7e66f5391a38463b43835d641fd21ef719d13b4cf51f7",
                "171e5a92e64d866a46f2deee3e5760b3f4c8007f519d64ec66987c6b2f6b2273",
                "868e46f2763b26495433392c8f6eb2ad87f356441c94270cc1f5a681c1863d11",
                "4bf355021301ba1e641b2254c4fb8ba84e874b12fe646a808a84e4d3a2f5c61b",
                "4321aeb942adbdd82c9fd024e923e367e3ed568f034a141d1767f66187e57dc1",
                "54f4fa2391352d961357e5a01c9c3ad6a98e1e1e311f52b234656c49e4bccb87",
                "ff62111e64237e689a854912eb6102be5d9dd44d30f7803f1508b0fc05b9de6b",
                "3bb321a36ce07033439449ee3f5f6e581a8d9f50752e61478cfa361dd5b21f76"
            ],
            "type": "Image",
            "firstPartyCookies": {},
            "firstPartyCookiesSent": {},
            "exampleSites": [
                "web2.cylex.de",
                "www.cylex-swiss.ch",
                "aussie-hours.com",
                "www.cylex.at",
                "find-open.co.uk",
                "www.cylex.es",
                "www.cylex-belgie.be",
                "finde-offen.at",
                "finde-offen.de",
                "www.cylex.ie",
                "www.cylex.co.nz",
                "find-open.ca",
                "www.cylex-locale.fr",
                "www.cylex-italia.it",
                "www.cylex-polska.pl",
                "www.cylex.fi",
                "find-open.com",
                "trova-aperto.it",
                "finde-offen.ch",
                "teraz-otwarte.pl"
            ]
        }
    ],
    "categories": [],
    "performance": {},
    "cookies": 0,
    "topInitiators": [
        {
            "domain": "first party",
            "prevalence": 0.4444444444444444
        },
        {
            "domain": "mapbox.com",
            "prevalence": 0.3111111111111111
        },
        {
            "domain": "cloudflare.com",
            "prevalence": 0.2222222222222222
        },
        {
            "domain": "ajax.googleapis.com",
            "prevalence": 0.022222222222222223
        }
    ],
    "types": {
        "Image": 22
    },
    "nameservers": [
        "serena.ns.cloudflare.com",
        "merlin.ns.cloudflare.com"
    ]
}