{
    "domain": "dood.wf",
    "owner": {},
    "source": [
        "DuckDuckGo-US"
    ],
    "prevalence": 0.000115,
    "sites": 17,
    "subdomains": [],
    "cnames": [],
    "fingerprinting": 1,
    "resources": [
        {
            "rule": "dood\\.wf\\/cdn-cgi\\/challenge-platform\\/h\\/g\\/scripts\\/alpha\\/invisible\\.js",
            "cookies": 0,
            "fingerprinting": 0,
            "subdomains": [],
            "apis": {},
            "sites": 16,
            "prevalence": 0.000108,
            "cnames": [],
            "responseHashes": [
                "d982cb78c3abe82ea3a42a73999534fc16876bf1fed62aaf10e338e222a7b40a",
                "652534c3bad9deeb2a83d1cb357dc8c1cc0fd65de041ca24f33e4da22548df0d",
                "13afcab64b8c66c96be0eff217e95651d580ee75c4935f4ba70f617edae7fbf6",
                "04c606098dd578da5b04f655ea05306b92af1ebe5110df2bc78302fa0f8215bf",
                "73c0061fa388629984926c6c7b370e223033c355dfea549afbcbb586ab5a8e53",
                "fc8e756d2b85c4f3a2ef222b5f0b4e5dab0dccbbf0a6b0d942beb27952baaf01",
                "56d7f9dcceb1b358f976d478eef5e0d29e8a18f0cd7985f9a11fcb4225cae0b6",
                "8a9ca4e2d60b6fc36a8b3f8073fa5f5704dcb1a873b0234688646509b1a060ea",
                "f64ada9733c4305e7e5ebce18e7d71f65c2efe95a840251efea1b07986f06c69",
                "7ec143ba170d4ada926983b799ba08a6aafe416200bdd92d6643ce1c389d1255",
                "5616c63d67aa199d2aebe298bd9012f974b9cb6553cf347d6d1275f02ca130de",
                "0b26079269cfb7c5c99b356e7fff408c22141fb4a784b74b7ff86ef7f189a593",
                "e73d84fa19fa9aabd199d5ffd9b927b1661cf0c8a9cff781c663b65d3d0de5ae",
                "e6149aef72f200a33484aca38b154d2a17906a8bcf095087c244fd6704825b91",
                "3cb0e126f564324c94b8aad3ee2a00a74b96513fe59a3f30ce2353cca42a9f8f"
            ],
            "type": "Script",
            "firstPartyCookies": {},
            "firstPartyCookiesSent": {},
            "exampleSites": [
                "bacol69.fun",
                "bokepinfo.site",
                "bokepsan.net",
                "bokepviral.site",
                "camslib.com",
                "desahtoge.blogspot.com",
                "dood.cfd",
                "leakedbabes.org",
                "lustmaal.com",
                "sakitbokep.blogspot.com",
                "toketibu.blogspot.com",
                "www.bokepsan.net",
                "www.gayporntube.net",
                "www.kontolin.vip",
                "xpornonly.com"
            ]
        },
        {
            "rule": "dood\\.wf\\/cdn-cgi\\/challenge-platform\\/h\\/g\\/scripts\\/pica\\.js",
            "cookies": 0,
            "fingerprinting": 0,
            "subdomains": [],
            "apis": {},
            "sites": 17,
            "prevalence": 0.000115,
            "cnames": [],
            "responseHashes": [
                "e87068979d3d3615615bacbae46465787b5f3d91e6e95259c20560e50dd47f65",
                "1d5f4c1f308589da6d6e2a1993a2a30cf711683664751acac0b0dfce9f014aad",
                "f7ac0be0ebf18fee3913362661b3a52264f2e56046d30e00f1951a97798a3a8b",
                "1683059ea364f3eb46ffe9447b14f0253c7c3e04bcd7baf0e80a39d18e7d67b4",
                "7b9278e3a2dd389ac713cfdea3ab2849951398c4ac27320d26e02855d2ff3ffe",
                "ec654c34b6422a5408a41e0f8b2a92a6dde497e4ed3e16316d9e56085dff68ee",
                "84523c2238a44b42462791362d732ac45312f554ce08dd420022add51e1b6cce",
                "c48e846a48343038b25ec6ab3d007febde8dfca17d361cdb7c571ab637625392",
                "6c697e28d076308c370876534f9cbdaeec8d2bb22df0a189273e28f6768a8cd1",
                "c4a3547733478ffe9cfa93b71412ef74f6d9f3ce3d4dcfcdf3ad39508b751564",
                "faee449793be9e79b465a90791d5fb02aabe18cb38964a09cea09e9d247a240c",
                "c4c4d0dcf26954799814f9b4c00189ad64df84ec2c381c68b4ca21b9972d4ba5",
                "ae48ce58f68ba72669cfa18e02eed01c60af289093e1c14e079bbab50e32c592",
                "50c1d3d5a3ee79209205e9145ff01a16d342e6676deecc025ae17feeed2beb8b"
            ],
            "type": "Other",
            "firstPartyCookies": {},
            "firstPartyCookiesSent": {},
            "exampleSites": [
                "bacol69.fun",
                "bokepinfo.site",
                "bokepsan.net",
                "bokepviral.site",
                "camslib.com",
                "desahtoge.blogspot.com",
                "dood.cfd",
                "leakedbabes.org",
                "lustmaal.com",
                "sakitbokep.blogspot.com",
                "toketibu.blogspot.com",
                "www.bokepsan.net",
                "www.gayporntube.net",
                "www.kontolin.vip",
                "www.playcrot.com",
                "xpornonly.com"
            ]
        }
    ],
    "categories": [],
    "performance": {},
    "cookies": 0.000115,
    "topInitiators": [
        {
            "domain": "first party",
            "prevalence": 0.625
        },
        {
            "domain": "dood.wf",
            "prevalence": 0.3333333333333333
        },
        {
            "domain": "videoviral.cam",
            "prevalence": 0.020833333333333332
        },
        {
            "domain": "dood.zone",
            "prevalence": 0.020833333333333332
        }
    ],
    "types": {
        "Script": 16,
        "Other": 17
    },
    "nameservers": [
        "hank.ns.cloudflare.com",
        "karina.ns.cloudflare.com"
    ]
}