{
    "domain": "dood.re",
    "owner": {},
    "source": [
        "DuckDuckGo-US"
    ],
    "prevalence": 0.000203,
    "sites": 30,
    "subdomains": [],
    "cnames": [],
    "fingerprinting": 1,
    "resources": [
        {
            "rule": "dood\\.re\\/cdn-cgi\\/challenge-platform\\/h\\/g\\/scripts\\/alpha\\/invisible\\.js",
            "cookies": 0,
            "fingerprinting": 0,
            "subdomains": [],
            "apis": {},
            "sites": 30,
            "prevalence": 0.000203,
            "cnames": [],
            "responseHashes": [
                "5c0eabbb216fd94563ce03894437943f6dc7c16b8c7d2d078b62c66d5dd2f029",
                "2f19f5e44ba8323bcb01c8615cfd368060f18118eb49e8c3a2811a2065175227",
                "ff72da1469b7910f8f6aa83211f20106833551e20220e2d050b9ecd532642a26",
                "270e809c8c5eee9418224d59ee1bc44d6c48315cf3d0ee90de00420556c1dba6",
                "6c228bf224387773ce2d798be0c6b347e2a744d65a6e11b7b4b02e3c4cefe2cc",
                "bedf5989c0af0b7d45e1d4f1d46c2a7ad84acd380952f0589b7431945f02cb1e",
                "455ea3399d262eb17fd9efea0f1807cff361545a3cc6cf4ce157f818a163251f",
                "0267b9f961234774f7b89dd5ada92dbe62503f47a913729bd2809a3c6e477e1c",
                "7cad3cfbaf77d6cb166b6cd32632828c9a6795da54e18e8010a7b9a2171dbae5",
                "f3f0d6e7f7b119457d2733f89f9b680fdf6aced85b909eddf50562359b6bfd9e",
                "287730b711c44b9d764b8586c6f96376cae93b3472cc2cf8bba0028a960bf6a3",
                "e27f7520760430ebd9e39a8e50aa0674a2c61d2f221e9614fb3d4ff6b002c3d0",
                "8aec2c00877eaaec63c5cd0cb94783f1aa929e6f27dbac9881b7dec4d5bcca39",
                "baf27fce6768f498fee0a6e6fcb508e79d3bdde7916d5b1937a4f43dfb12c5c9",
                "8a9226a5b8f3d9b4a2fa3681a7643487843fc64af8df36f254690f6912b54604",
                "5b31569f8e631aef436902423b163af5fdc478c97e7faa1f6aa2c7488022d841",
                "c9669d5cf0e41917b37d54e97b812c281f4a6bcd971019b8bc0cf20e05ce08c0",
                "cb2682c743778d64e64c9a314a0f40964d048ca5d9561fb337e9ad75da468f0c",
                "13324cc3e232a4e629320eb07bf1b4317cb7581708672fbe945be0b02ee94925",
                "904dfbc61c9421882641bdc659fe3de539292d754288e81720d43500af559767",
                "988fb550c0ce11aad3cf28bbd99854bdd921587a9cddfad6604d7a275d2ed88a",
                "760427a84d0e707af01f74209b30a4666c5e023af865a42d717c086f0ec4852e",
                "be2ea3fcd1ac9a6fde0d62855ac1213626c37512ed2032ab70f6958f7b5e8d8b",
                "7df282c28e523182d7ddb64dec68331504172847efb4da4ebf93fd6a438ea344",
                "e428dda7553efd105b49ee870f9bcbd7c2b7e7c1c8bc15dd3d55fbf0d55c9775",
                "62b4da45816536291eca7295acace1eb6f402693e5ca433d03e7dd7bfb76adb4",
                "93e61aae1131aa762c941859f2ca1ab6d4b6aa8eed0b682c3b16290fb2ce03a0"
            ],
            "type": "Script",
            "firstPartyCookies": {},
            "firstPartyCookiesSent": {},
            "exampleSites": [
                "pornobae.net",
                "bokep2023.com",
                "bokebhub.biz",
                "xvtub.net",
                "bokepindoviral.xyz",
                "www.kontol.in",
                "indosex.org",
                "avtub.pro",
                "pornwiss.com",
                "adultvideos.co",
                "camgirlbang.com",
                "omahbokep.com",
                "colmek.link",
                "bokepbocil.com",
                "ngeweyuk.top",
                "www.pornstellar.com",
                "bokepep.vip",
                "aagmaal.club",
                "pornofaps.com",
                "www.bokepsin.cam"
            ]
        },
        {
            "rule": "dood\\.re\\/cdn-cgi\\/challenge-platform\\/h\\/g\\/scripts\\/pica\\.js",
            "cookies": 0,
            "fingerprinting": 0,
            "subdomains": [],
            "apis": {},
            "sites": 30,
            "prevalence": 0.000203,
            "cnames": [],
            "responseHashes": [
                "1e10489891bf88935eaac336c5bdfbeacda4393bffe7241fa132e1605ba4e635",
                "ab8fa2ee30499eb6ff47827beda66d5ec06da8f754030f867dec7a5513678ab3",
                "65c40e9ec1998b5e762cca2451d6354128fce5d8a4f5b45c3deaad83acd9370a",
                "6367f760bb2a9834d75c38c2fd94108743697adb9410b331642c16f475edfe6d",
                "d1482ee53bfbe38c26746a6c739a654bb6f175a424fd25e2710620e142f82c8b",
                "aae95c455356849e4f1c0eaecf4a054b673b0246a455bc424a6d875cfda7ea60",
                "a6d83e14ea3018d999cfc02270f18064726a8125308165d06682aab88ed05d1d",
                "f3503805b9ee262babfbccc928e325b87bf796f3bc178317444f94ed12764054",
                "e6f2de6472b81b4612e960dfd01d55c59a3581009cfa165acd7b63bac58a304a",
                "1b17a14d776abe0f670d5acd2c5a52165311bc66212dc6ad11352ab6b81fc2b8",
                "1f9371e6ebc5b6aa6af856fdde6f6d9953c660fce94ff416ba2d6e2a53f281fd",
                "2b5690b8715064e285118a29070b2482079488a41bb18b77d7f4abe3102d5a41",
                "d6b11a36f4063f956d61c2fb54fe4bf6a6eb0b62e451f052314ed1e8e7044e9c",
                "a2b88cdcc3f49e9675a91703bc07f9ed7f0c390c641507f7af692f9be7d6f564",
                "f1b41d4f7515b3fe2c511efac91ca667b3c4ab838435d2a3384aa927ec414a1b",
                "fe9b5ebce4042ce680b26ad61ebe78c4258bf220266efbe6fea9070e3b70f00c",
                "86047d3b7c1237c69861590a9e3e9819ba7607cacd6c302ecbf6fd4a7d6ce66d",
                "48a466f18879a67c7b100c702d20f3ab8071e98dc75c569b8ae892f5adf3a83a",
                "5a80082c8b89a74933dd78b3d739f4f3c083904d924fa14df73f56e5dc022d98",
                "9735f951f261d59cc29d7b17a905fa66731a5680597eadff43b435cdab7b0346",
                "e9a7656143e4e50ae1a5d292f2fad0cb9ae2af2f70f83f21a5a88bd6b4839559",
                "d1df231565187cc9f7e86265a834fc9f9f61727edd605884cdfb029a67beddf8",
                "2c75da4732ec0c1085322cf4add90d2ce1c42d81767e3498d5e1c3a4169a8db7",
                "75515e332c5b205c2f757d86722b1947af35832e9c5eb71607dc18cbf14109c4",
                "e8c62a559a17c38b4ff24a70ffe9609a2fae5eeb94b6011fa488cb41fc74c08c",
                "d205b734b142571f0bdb79d38959dfeb0578ebbb00899367480a19f746c6ed9f",
                "176e3d4387b8d2f65cc6fde579a546ab4f7a887f085c433073c8463ec3fd1553",
                "eb143f3533669265ab31c32e92e6898309985be747483e681f70c3fb11761f43"
            ],
            "type": "Other",
            "firstPartyCookies": {},
            "firstPartyCookiesSent": {},
            "exampleSites": [
                "bokepcrot.lol",
                "pornwiss.com",
                "bacol69.tv",
                "aagmaal.club",
                "girlspee.net",
                "temancoli.click",
                "xvtub.net",
                "www.bokepsin.cam",
                "bokebhub.biz",
                "bokepep.vip",
                "colmek.link",
                "lustori.com",
                "pornobae.net",
                "indosex.org",
                "pornofaps.com",
                "omahbokep.com",
                "www.pornstellar.com",
                "www.kontol.in",
                "ngeweyuk.top",
                "camgirlbang.com"
            ]
        }
    ],
    "categories": [],
    "performance": {},
    "cookies": 0.000203,
    "topInitiators": [
        {
            "domain": "first party",
            "prevalence": 0.6238532110091743
        },
        {
            "domain": "dood.re",
            "prevalence": 0.29357798165137616
        },
        {
            "domain": "wp.com",
            "prevalence": 0.03669724770642202
        },
        {
            "domain": "pemersatudotfun.com",
            "prevalence": 0.01834862385321101
        },
        {
            "domain": "bokebhub.lol",
            "prevalence": 0.009174311926605505
        },
        {
            "domain": "bokepcrot.live",
            "prevalence": 0.009174311926605505
        },
        {
            "domain": "temancoli.live",