{
    "domain": "dood.la",
    "owner": {},
    "source": [
        "DuckDuckGo-US"
    ],
    "prevalence": 0.0000543,
    "sites": 8,
    "subdomains": [],
    "cnames": [],
    "fingerprinting": 1,
    "resources": [
        {
            "rule": "dood\\.la\\/cdn-cgi\\/challenge-platform\\/h\\/g\\/scripts\\/alpha\\/invisible\\.js",
            "cookies": 0,
            "fingerprinting": 0,
            "subdomains": [],
            "apis": {},
            "sites": 8,
            "prevalence": 0.0000543,
            "cnames": [],
            "responseHashes": [
                "4d821e5b7991cc2000db0a6f2029fdc6f505e21d42c061cd122c551ce4b24d22",
                "e6330772f8b48b2718eab572f75ea278627186e7393cb7e0a6b012804a9a1522",
                "bd04318a0dd0a7b31ab2a6aaaabe216409b0ba93a1c7a00f41f166ad0fb975a3",
                "e6960660c516ca118a68856867a8131889b0029c3e6bcc74ef2b054c965fe7c6",
                "b423ce83710ba04081983faa73484586bb144498ea6646577edf02ce21cda683",
                "ac10259dea3f6c4dc2e54d795c28b1e7e563316839c823ed6ccae70ad54341de",
                "eb35644083b26cfac0b0444b320aa13c4c184be2323d4ade0bf6634f93c543e6"
            ],
            "type": "Script",
            "firstPartyCookies": {},
            "firstPartyCookiesSent": {},
            "exampleSites": [
                "bokepjepang.top",
                "cewekgenit.one",
                "desixflix.com",
                "drbokep.xyz",
                "pornofaps.com"
            ]
        },
        {
            "rule": "dood\\.la\\/cdn-cgi\\/challenge-platform\\/h\\/g\\/scripts\\/pica\\.js",
            "cookies": 0,
            "fingerprinting": 0,
            "subdomains": [],
            "apis": {},
            "sites": 8,
            "prevalence": 0.0000543,
            "cnames": [],
            "responseHashes": [
                "68ffcc68db8e98b49640410a0e6b59cb0970a2cad1613307f869f235c5e480f6",
                "b7a12179aefa328cf5283d89d9d2c32869b61290ab464eb4088b835087d68d62",
                "de026f078fe6b90f8cc5a13c63f5a0d188491f40a3bfff825f72ee6ac2deb531",
                "f936e324860c115000c47f8637877e7ed9ce7db15b2f17cdbdd220b5125605b4",
                "caabb643509b3ae0ab1f563215560579838be3594ff711baba7be54a8a1702e0",
                "4402a445f2595466e0357ca93e451e02b1144f6dc59a1b51418273753a9b1206",
                "c788415ef38ecbe5d3a29821f74f01cc983ccca27b81639d14cb434f837a521b"
            ],
            "type": "Other",
            "firstPartyCookies": {},
            "firstPartyCookiesSent": {},
            "exampleSites": [
                "bokepjepang.top",
                "cewekgenit.one",
                "desixflix.com",
                "drbokep.xyz",
                "pornofaps.com"
            ]
        }
    ],
    "categories": [],
    "performance": {},
    "cookies": 0.0000543,
    "topInitiators": [
        {
            "domain": "first party",
            "prevalence": 0.9523809523809523
        },
        {
            "domain": "cewekgenit.bond",
            "prevalence": 0.047619047619047616
        }
    ],
    "types": {
        "Script": 8,
        "Other": 8
    },
    "nameservers": [
        "hank.ns.cloudflare.com",
        "karina.ns.cloudflare.com"
    ]
}