{
    "domain": "dood.re",
    "owner": {},
    "source": [
        "DuckDuckGo-US"
    ],
    "prevalence": 0.000203,
    "sites": 30,
    "subdomains": [],
    "cnames": [],
    "fingerprinting": 1,
    "resources": [
        {
            "rule": "dood\\.re\\/cdn-cgi\\/challenge-platform\\/h\\/g\\/scripts\\/alpha\\/invisible\\.js",
            "cookies": 0,
            "fingerprinting": 0,
            "subdomains": [],
            "apis": {},
            "sites": 25,
            "prevalence": 0.000169,
            "cnames": [],
            "responseHashes": [
                "739f0f78a24cfd55a22020f8c5e00da68badf67789b7b63142f321d82e83ec94",
                "fd97cea1a428a1144a1f94e09d0ff05f27157f08871fea4bdabf5cedb92ff80d",
                "05cce38446297c0f07c42b25a6a452c195e2ba94c7a6fbc828ee8a1bdacfef32",
                "5afa5a568a76a8495582b7b17a11b748d66adc731dd1ea54f48c396dfecd8744",
                "0d09b35a7e5db98eedb7cd21cb9b73acd50f684320557273d7c0ad591f497ea6",
                "6b3e9c8960ac76d00aeeb2a4515631cf269859f1a7d22c7d203988fc614378e8",
                "2faf6039ce8b208f6ca2bbb4d79b656b0c9daa511abfd5e760962846d4b8e0b3",
                "7fb5f69ad4435930086ded3aac5220080e2a3f8085cd3978781e4986b9a02e9c",
                "3acbb89537517131f2ad29302be4f7505ddf5f991af571605ea28e23bc6cb563",
                "4dcd0308e39131e9b4771022db229ee8ce5feedfdfd6ca4996cb5cd45668ce2d",
                "0ab556ceba37f974c1c5221e51b3f30c1c3b641c899d91fa217c82ff6436dada",
                "5394591dc9066df7a4ac3ea2813265e1920e9820341e1d51d69edfa51ab11125",
                "b60a04b78ec00ee23430fd89675853df080ae7d5a6605355ea3ed9726fa4a6d8",
                "11eb3382861b19e308e12471befcc913d54a22555f8e66150257d6fd8427a9b8",
                "3fbcdfe4b0e0c7fa1813f9ba94281301ecb549a86980497aefdf36ae08374a6a",
                "13afcab64b8c66c96be0eff217e95651d580ee75c4935f4ba70f617edae7fbf6",
                "66d1d40c7858bc22bec2d8f6b3f41c119ec8b7c5516514087fc67a22f0891b5b",
                "b2c4dbc027e39043904a0d7b600c29a2eb2a5c737a9eb7d7da9fc6d79a0ef7c2",
                "0a4bedd108f77f6de876b556d122cee85b9f49127ced168db8a935ce21690448",
                "7e381f4f1312bfb7522af5c799a4cfbfa2df47a48e471c3e3b7787457ef9f480",
                "820274d15b9e2a5816ff4a26cd576c833a88f32d2ae0b4994d7c4f4beebd6583",
                "9b34491f577961ae0d638a7027cce6f09f2bba9f3b121bcde02c96c9cd25bce6"
            ],
            "type": "Script",
            "firstPartyCookies": {},
            "firstPartyCookiesSent": {},
            "exampleSites": [
                "pornobae.net",
                "pornofaps.com",
                "pemersatudotfun.com",
                "bacol69.tv",
                "www.pornstellar.com",
                "bokepindoviral.xyz",
                "aagmaal.club",
                "www.bokepsin.cam",
                "pornwiss.com",
                "fanscrot.com",
                "ngeweyuk.top",
                "temancoli.click",
                "girlspee.net",
                "omahbokep.com",
                "bokepbocil.com",
                "pemersatu.online",
                "lustori.com",
                "bokep2023.com",
                "bokebhub.biz",
                "bokepind.wiki"
            ]
        },
        {
            "rule": "dood\\.re\\/cdn-cgi\\/challenge-platform\\/h\\/g\\/scripts\\/pica\\.js",
            "cookies": 0,
            "fingerprinting": 0,
            "subdomains": [],
            "apis": {},
            "sites": 28,
            "prevalence": 0.00019,
            "cnames": [],
            "responseHashes": [
                "2567613036c61147d2dea5ed1aac081ac87a7494ebfc1ea5e04aa873359786ea",
                "8db527219fde826181f6406a12268709ac627135f973f3dbc74751e0762c425d",
                "b29895d562e79ee80d636d006b591067156ea61b28204cd2866206715be88f2d",
                "96f38d7bf09ac0d0d4f68fadb4a5f13bce4e4aa463ffcdcbc8dd3a1cf7418bb8",
                "503ddc70f6726819e80153cacb68118e316fa03bdbef25f6d922b40ff36b24cd",
                "1d197daac733f220607270dc64ce7b707d10cec13e3ad6339d5cc563c065f8ca",
                "746b988f0f217e3cc513fe0a5b14e49636a2415765e8ba5dc2b4affcc1441494",
                "42fb51464c291f2135251ac0634e39da5293ec21f744b2b2e4e2a26f3b72dd79",
                "89e8b37b689083ea1ecc875700e3f767471daa7dacba63203dc9f8c7c108525e",
                "a7c6299bffa2c64615f38b27a46c1efa1f4ff29963abc18640177d6bd2ced4bf",
                "631b8181a5f16f8789ba8d237c33b075358c5f4cf8f4a94755e052f323cc8a1a",
                "9c54448951d7f458d1f83b2eccb2b8e1264dbc36d186b5908c0023931f2a9ca0",
                "0002deaaad987dffdab5a2dbdbff5950c501ca77f0aa36ddc28673b1e00e4d92",
                "a37c27e2b975b45a2a300a4d5a7af8897567911b03b341c82fb5d62c43caa63d",
                "23e0dfe8c9ec4e036e80f81317547776943fb0feb415cae50866d5b801072b77",
                "bbf318e2e8ebd76dea2bb65cd101c263511a718d7934a342245e9cb42cd8a97d",
                "b7c4530b3e78357241bd7d2242cdbb43a8e643858f81a797f6030a17b5d691c6",
                "0200bc065794612aa7cdddfaa5078bdf5ed9cca6f9e105423f7f49d9a171b412",
                "34b10888f5fdd1c113885135c0854dd96e046e6642b2f20153c2607003d2b86a",
                "ae33328d04ef49de3a58e23d887c6e31234d4f4b01412b7a0e0c9c4652d44b61",
                "3c030885ee27b1ad80c0d2a844b39682a5d1bf95bf92614d46eed620da5957cb",
                "84523c2238a44b42462791362d732ac45312f554ce08dd420022add51e1b6cce",
                "673d8beb871c18719aebb04069346518e6b41506cddace9608fbdf7da946c54e",
                "f9e44b07ffd913a82e78dcb19b193cbaab00160373451b9771db899657455810",
                "63152a2687725094a3827eb36b387b67ca6b53a7350c5cccf6755f098791e033",
                "c9d713c15167f92ddaa62acc65ec513ac4654d598b6fbfb6276f7dc93a83854a",
                "6505685e0d902c8184ed24eee5cb46e5cfd3401eff04d6d04787d0c5b17bf9f6"
            ],
            "type": "Other",
            "firstPartyCookies": {},
            "firstPartyCookiesSent": {},
            "exampleSites": [
                "bokepbocil.com",
                "bokepind.wiki",
                "www.pornstellar.com",
                "girlspee.net",
                "ngeweyuk.top",
                "www.kontol.in",
                "indosex.org",
                "avtub.pro",
                "bokebhub.biz",
                "omahbokep.com",
                "colmek.link",
                "bokep2023.com",
                "lustori.com",
                "pornofaps.com",
                "fanscrot.com",
                "pemersatu.online",
                "pornwiss.com",
                "bacol69.tv",
                "aagmaal.club",
                "temancoli.click"
            ]
        },
        {
            "rule": "dood\\.re\\/cdn-cgi\\/challenge-platform\\/h\\/g\\/scripts\\/cb\\/invisible\\.js",
            "cookies": 0,
            "fingerprinting": 0,
            "subdomains": [],
            "apis": {},
            "sites": 3,
            "prevalence": 0.0000203,
            "cnames": [],
            "responseHashes": [
                "2b10e31cde29f8ba6f791356b01a31e732ec983d88638365ee49529fe2b3f786",
                "e656bdea70c26174f90efc22b8fd01b6e36598b5b0d31b2125348d54c844efab"
            ],
            "type": "Script",
            "firstPartyCookies": {},
            "firstPartyCookiesSent": {},
            "exampleSites": [
                "avtub.pro",
                "colmek.link",
                "indosex.org"
            ]
        }
    ],
    "categories": [],
    "performance": {},
    "cookies": 0.000196,
    "topInitiators": [
        {
            "domain": "first party",
            "prevalence": 0.6363636363636364
        },
        {
            "domain": "dood.re",
            "prevalence": 0.2909090909090909
        },
        {
            "domain": "wp.com",
            "prevalence": 0.03636363636363636
        },
        {
            "domain": "pemersatudotfun.com",