{
    "domain": "door95.com",
    "owner": {},
    "source": [
        "DuckDuckGo-US"
    ],
    "prevalence": 0.000207,
    "sites": 25,
    "subdomains": [],
    "cnames": [],
    "fingerprinting": 3,
    "resources": [
        {
            "rule": "door95\\.com\\/r\\/www\\/delivery\\/afr\\.php",
            "cookies": 0.000182,
            "fingerprinting": 1,
            "subdomains": [],
            "apis": {
                "Notification.permission": 8,
                "Navigator.prototype.plugins": 8
            },
            "sites": 22,
            "prevalence": 0.000182,
            "cnames": [],
            "responseHashes": [
                "02c6e7775fba4d17a0cf9ce0b022982bd79c0eeb7b989c5ae45d3b3036b24dd2",
                "9a29c3bba56b69517fe5934c5f7f09c397d850364162bdba55fcfde92a92f383",
                "274f8a6d0bd4d7417f4c257d22c8f3c489466e9e5ead25bb0d9df4cccfb88d31",
                "86dfe6952ff7ffcd34dbaace1ef4ff6cd615986d024f3fc22b3d2869c313499e",
                "6be9c0c1f3fbd959e9a2d728658c94ae9f075879913443b23defae20a4338806",
                "3221721c46b3528dcadbed37d120cc00b07e59626cc8a63cc194ed5a4c0e31ca",
                "05c80fb343667331afbf6d7b1eac8f5437716ef9eff7f49e4a27a2ccb45b7b6d",
                "a25beb905ab4c8ea9aa2b186a47e5b0331e47edf633b8ba8287741a161b8f396",
                "41b5162f7e9b683c1b91dd96f6aa97e4e606d52886a1ec5d0d03151626b6c205",
                "8af5db8dfa2e384d18964b9c560e7313b523511009c0110da442d6363dfbe7c1",
                "845a578f513e84796e8956b14f8f4295de8baedbdc1b0dd54a05ddb60d068b21",
                "40f833cf61167561be3961cbf735517eef129b835e79d19d0dc4473560560bde",
                "e2d35ce5a984a47ea3828206777061a3c5a29d5296a18a7a90290a00e0f4ddb2",
                "6e37b681df2ddf63707e2eed579a43bdd7daa2903bbd01c978f324a0470f8f5e",
                "2936d80566f5d532b7250e84f6c486cbe16715362edd3404a84de84f565c834b",
                "66832eb79a3306b776a9af27c6712827c04c51257a065b1de983544abec12ebb",
                "dfc08eb32c064d9e13bc11a02b9d66785417e9533f183c789cc05dd1c31be425",
                "8666a97dd4d725bc1b1b93ff6f328048a805244959a9110e404c38e8790611bb",
                "f302c99288489b61112e8fa263dc3cc117752e5987ab3bb4b372b43a9bdb2f0e",
                "a0e38c78ea830c0281f1617e144de29972ab372bf440b5f39762a3544e84e7e2"
            ],
            "type": "Document",
            "firstPartyCookies": {},
            "firstPartyCookiesSent": {},
            "exampleSites": [
                "www.eporner.com",
                "bellotube.com",
                "txxx.com",
                "iporntv.net",
                "hqtube.org",
                "m.youjizz.com",
                "www.peekvids.com",
                "www.elitebabes.com",
                "www.lesbian8.com",
                "3gpjizz.info",
                "www.pornflip.com",
                "hclips.com",
                "www.aznude.com",
                "www.worldsex.com",
                "xxxdan.com",
                "jizzbunker.com",
                "www.hotnudespics.com",
                "freeindianporn3.com",
                "www.borwap.pro",
                "www.playvids.com"
            ]
        },
        {
            "rule": "door95\\.com\\/r\\/www\\/delivery\\/lg\\.php",
            "cookies": 0.000182,
            "fingerprinting": 0,
            "subdomains": [],
            "apis": {},
            "sites": 22,
            "prevalence": 0.000182,
            "cnames": [],
            "responseHashes": [
                "e963e7196beb9123059ec3534b042ebcd1ef0a470fa568bfbebfeab2f33c4fda"
            ],
            "type": "Image",
            "firstPartyCookies": {},
            "firstPartyCookiesSent": {},
            "exampleSites": [
                "www.eporner.com",
                "www.worldsex.com",
                "shemale.movie",
                "www.aznude.com",
                "www.borwap.pro",
                "www.pornflip.com",
                "www.elitebabes.com",
                "www.xxxvideohd.net",
                "freeindianporn3.com",
                "3gpjizz.info",
                "www.lesbian8.com",
                "xxxdan.com",
                "hqtube.org",
                "jizzbunker.com",
                "m.youjizz.com",
                "bellotube.com",
                "www.playvids.com",
                "txxx.com",
                "www.hotnudespics.com",
                "www.peekvids.com"
            ]
        },
        {
            "rule": "door95\\.com\\/cdn-cgi\\/challenge-platform\\/h\\/g\\/scripts\\/alpha\\/invisible\\.js",
            "cookies": 0,
            "fingerprinting": 3,
            "subdomains": [],
            "apis": {
                "Notification.permission": 2,
                "Navigator.prototype.plugins": 2,
                "window.devicePixelRatio": 2,
                "window.indexedDB": 2,
                "window.innerHeight": 2,
                "window.innerWidth": 2,
                "window.localStorage": 2,
                "window.name": 2,
                "window.outerHeight": 2,
                "window.outerWidth": 2,
                "window.screenLeft": 2,
                "window.screenTop": 2,
                "window.screenX": 2,
                "window.screenY": 2,
                "window.sessionStorage": 2,
                "Navigator.prototype.appCodeName": 2,
                "Navigator.prototype.appName": 2,
                "Navigator.prototype.appVersion": 2,
                "Navigator.prototype.connection": 2,
                "Navigator.prototype.cookieEnabled": 2,
                "Navigator.prototype.doNotTrack": 2,
                "Navigator.prototype.hardwareConcurrency": 2,
                "Navigator.prototype.language": 2,
                "Navigator.prototype.languages": 2,
                "Navigator.prototype.maxTouchPoints": 2,
                "Navigator.prototype.mimeTypes": 2,
                "Navigator.prototype.onLine": 2,
                "Navigator.prototype.platform": 2,
                "Navigator.prototype.product": 2,
                "Navigator.prototype.productSub": 2,
                "Navigator.prototype.userAgent": 2,
                "Navigator.prototype.vendor": 2,
                "Navigator.prototype.vendorSub": 2,
                "Navigator.prototype.webkitPersistentStorage": 2,
                "Navigator.prototype.webkitTemporaryStorage": 2
            },
            "sites": 15,
            "prevalence": 0.000124,
            "cnames": [],
            "responseHashes": [
                "55c0ded0af08f9c34065afbc8caf062c6b98ea7ab01aa3e8f14594471cd06d5c",
                "dd318515cf4ee920a49ccf80b649591ad0e66561e68a352c0d1f8c6721d8daf5",
                "1449b3ce0ede07b140823f5052e10dd9da308a794aa6f30fde9f6584b9cf3db6",
                "9535b3c8b4225567039a8518949528e9f97b8ccb884eb87da8db828af856b307",
                "661334bbfec5c20c1c451e22f63ba2aac1e60f65d0aedd47aadb9519b8d60095",
                "34f31bcb2218dca096caeea1884f93fd9a0949ead687110b422b58a896530377",
                "7332eae63fdd87d5cc256bb2d72295cff0511ef03c576f6500b6d5b8623293e4",
                "8c768eb3b3585cce41e496613a7c70b4ec683ef3d3413a7c27acc326902e2b79",
                "551fa35d1afd150e19cb29faf4080677b46281cfe193bb4e2d9c9a71059ee5cd",
                "18adb2266e88268a14436b6cf3d88831592776e85ced27ca50b154399388a2bd",
                "8e29290df6d1bff7dad793cfb37f8b5d61febf01a73b3acf445444c0422594b2",
                "df40f9b1fcf8c76c784f156782508dbda5855e3ef993034729be6f35ab81a842",
                "7708c77d9af3f5638c81d597a8d5020016ce99880c2c22dd8a880fa50b444ad7",
                "eccacfe89d9bef2a041bb01931dc49574c039a87fca55d89de9a70ca7c1e1ba6"
            ],
            "type": "Script",
            "firstPartyCookies": {},
            "firstPartyCookiesSent": {},