{
    "domain": "doublepimp.com",
    "owner": {},
    "source": [
        "DuckDuckGo-US"
    ],
    "prevalence": 0.000264,
    "sites": 39,
    "subdomains": [
        "cdn.engine.phn",
        "engine.phn"
    ],
    "cnames": [],
    "fingerprinting": 2,
    "resources": [
        {
            "rule": "doublepimp\\.com\\/Scripts\\/infinity\\.js\\.aspx",
            "cookies": 0.0000203,
            "fingerprinting": 2,
            "subdomains": [
                "cdn.engine.phn"
            ],
            "apis": {
                "Navigator.prototype.userAgent": 14,
                "Navigator.prototype.platform": 15,
                "window.sessionStorage": 14,
                "window.localStorage": 14,
                "Date.prototype.getTimezoneOffset": 14,
                "Navigator.prototype.mimeTypes": 14,
                "window.innerWidth": 14,
                "window.innerHeight": 14,
                "Screen.prototype.width": 14,
                "Screen.prototype.height": 14,
                "Document.cookie getter": 4,
                "Document.cookie setter": 3,
                "window.screenLeft": 2,
                "window.screenTop": 2
            },
            "sites": 18,
            "prevalence": 0.000122,
            "cnames": [],
            "responseHashes": [
                "6baa0715594df2199ee74e35a10648a19fd70afb784a8673cda360231fa9c353",
                "d4aa3006f3427be4454f6740dc597e89352d1bb038b579f170fb7811fb8a68a4",
                "d39da4a4169d7d0bd01a77a1de8fa2283b9947fde5428e22426b34aedcb3df7d",
                "ddcb6df5ec326a01a1ded7a820d726f93bfdb40356016080b66462ce1f76f180",
                "8b73f776178e78acb6727a2c0e6b9e837b8b0fbf7a9d007fed5c37e6224c35a9",
                "a389687bb0860a4176fbe610b479808c9e64bfd1b96e5a1ecd68c59d834b0abc",
                "0697dab860dd716ccef02d98cacf3fe37fc23815c721fdfd51940e15d13e718f",
                "5e33a1ca1407a44208fee4a81c78787979040fc8ce6f59fa304bddb5971e325a",
                "51ac99072858f16703513a08b534d70bee747ccd8d04cd4910b0d49a51c6bd2f",
                "38bda4c3ba25e31c88ae91848b4a97d1035e8e8f13579698be363f1f9cd2c178",
                "6b680a28e7cd35c3966f81b0057714445a4d242b26c756d968d41904d8b32dc5",
                "471eb44f95acde2a5d8bf2525df57ae993d18af8568c515b64e48a65827b1267",
                "9cee76fd5723f567186cd89b37de74ed6e480ec8edc3c9ecc88a8bf69acbdafb",
                "d63205f2c891c8788fab229f0304861be5e15c57a3a85f2d8951d2029135b919",
                "c13e4fb2ca005af2ebdd096a96b4442b97e853b161b61ea6bf0c8e50da5f2a74",
                "66e79b1378f5222c3d1268cf8c2d793281303c172bfb4805f76877243b40d3b6",
                "24d4793bfe20e8b7a987a01a8c5a4c410faf20c97738dd10b2b6d81a963c39af"
            ],
            "type": "Script",
            "firstPartyCookies": {
                "g36FastPopSessionRequestNumber": {
                    "ttl": null,
                    "length": 1,
                    "prevalence": 0.000020317081925246682,
                    "uniqueness": 0.3333333333333333
                }
            },
            "firstPartyCookiesSent": {},
            "exampleSites": [
                "cumfacegenerator.com",
                "javx.cc",
                "m.babesandstars.com",
                "monstercockland.com",
                "namethatpornstar.com",
                "www.babesandstars.com",
                "www.cumfacegenerator.com",
                "www.dump.xxx",
                "www.fpvids.com",
                "www.fuckedhomemade.com",
                "www.hurtsex.com",
                "www.namethatpornstar.com",
                "www.nudevista.at",
                "www.nudevista.com",
                "www.painanal.net",
                "www.pornerbros.com",
                "www.porntube.com",
                "www.totallynsfw.com"
            ]
        },
        {
            "rule": "doublepimp\\.com\\/Tag\\.engine",
            "cookies": 0.000115,
            "fingerprinting": 0,
            "subdomains": [
                "engine.phn"
            ],
            "apis": {},
            "sites": 17,
            "prevalence": 0.000115,
            "cnames": [],
            "responseHashes": [
                "666f7fea03747ff3f070204acd1b253a9b54cecf290bc15c24ff49d014edba0f",
                "8f09d70b3abf6625320dd445f73e8b29940515594f1cf6ec84999e65e90689f9",
                "1fae861c158c7cc4a6345366a7efbff2ca7b6d7f84b26271f1100fd58ab1732d",
                "34ff7bbf90d69ba2d426d809d35bb6ee294e077ae101a6d2b3c9581ca47ea7ba",
                "3cb1fd969ad0b82ea2a62e6be2b829512044f73df757d3c9f926559d140d41e3",
                "60ff6cb21a13274011f7fb5b6af423f0b8fb04b4871a550ee6ae24f947343701",
                "48d4f12734f750f9a07864127b5147471b2a2fd5e72fcee666058951fd72830c",
                "bf9821c931a3e04e2605aef58506bd0f5725552f72f3440bc0c282ae61d8b335",
                "128f709c29881bd5a8413202022d5cd7389d615cb43b06469407c9eebc478242",
                "d8afc99dc4b668c8153ce293e01edfcad90e90ece6eac1a06ae72e895fa31335",
                "dd8118682e0f99003d4c1b12cf09a4284cbfc159936a6c8472c4fb911a5bf309",
                "07774d70665a097f733ee60ac944d9931056c86a91b9be48ab6397c2849a09b3",
                "abd7776752178fb28cd5fc1d87211556b1f8e8846e8e444a6c2ccfa2602406bd",
                "fffedab76fef86fda6f3bc99652bfc6f32b16a04d292310dda2e685d6abdd258",
                "24e54433868446a1280e996b49362a25fecb92c825d3100ca0654999ed421dbf",
                "f48cc7a9eea878a123d22ade6e1ac3bc02a8d7e036e14b198bff958283f8fe1a"
            ],
            "type": "Script",
            "firstPartyCookies": {},
            "firstPartyCookiesSent": {},
            "exampleSites": [
                "cumfacegenerator.com",
                "m.babesandstars.com",
                "monstercockland.com",
                "namethatpornstar.com",
                "www.babesandstars.com",
                "www.cumfacegenerator.com",
                "www.dump.xxx",
                "www.fpvids.com",
                "www.fuckedhomemade.com",
                "www.hurtsex.com",
                "www.namethatpornstar.com",
                "www.nudevista.at",
                "www.nudevista.com",
                "www.painanal.net",
                "www.pornerbros.com",
                "www.porntube.com",
                "www.totallynsfw.com"
            ]
        },
        {
            "rule": "doublepimp\\.com\\/Scripts\\/MediaScripts\\/i\\.js",
            "cookies": 0,
            "fingerprinting": 1,
            "subdomains": [
                "cdn.engine.phn"
            ],
            "apis": {
                "Event.prototype.timeStamp": 8,
                "Element.prototype.getClientRects": 5
            },
            "sites": 9,
            "prevalence": 0.000061,
            "cnames": [],
            "responseHashes": [
                "c17fdb1e06e622f0381c552b4679f133752cf79f22f9f260c13c74eff26220c2"
            ],
            "type": "Script",
            "firstPartyCookies": {},
            "firstPartyCookiesSent": {},
            "exampleSites": [
                "cumfacegenerator.com",
                "m.babesandstars.com",
                "namethatpornstar.com",
                "www.babesandstars.com",
                "www.cumfacegenerator.com",
                "www.namethatpornstar.com",
                "www.pornerbros.com",
                "www.porntube.com",
                "www.totallynsfw.com"
            ]
        },
        {
            "rule": "doublepimp\\.com\\/Scripts\\/MediaScripts\\/b\\.js",
            "cookies": 0,
            "fingerprinting": 1,
            "subdomains": [
                "cdn.engine.phn"
            ],
            "apis": {
                "Navigator.prototype.userAgent": 3,
                "Date.prototype.getTime": 3
            },
            "sites": 3,
            "prevalence": 0.0000203,
            "cnames": [],