{
    "domain": "dpmsrv.com",
    "owner": {},
    "source": [
        "DuckDuckGo-US"
    ],
    "prevalence": 0.00141,
    "sites": 14,
    "subdomains": [
        "a",
        "s"
    ],
    "cnames": [],
    "fingerprinting": 1,
    "resources": [
        {
            "rule": "dpmsrv\\.com\\/dpmpxl\\/index\\.php",
            "cookies": 0.00141,
            "fingerprinting": 0,
            "subdomains": [
                "a"
            ],
            "apis": {},
            "sites": 14,
            "prevalence": 0.00141,
            "cnames": [],
            "responseHashes": [
                "6f04c6632b17ff87a8a8e7901adb8038a5e32bc18a31332416e6df604b464758",
                "17680a437660d8f031552802abf8ea61ffae8a2173dc4046c641173c2a4de66f",
                "2e5ae0413e78ab74bd56ced7ee22108326586e4bd3b147b629ee374a90de6e1a",
                "65369b2e5ffc806f9e59f12ddfe0fdb2754099611c5371fdbc86ea46838fc09a",
                "25bf8a008151f2159bb667fa50f5980850c72a657687106da29aafa9a683493d",
                "e9b3866e9bec1ae4047c676f9aba8f053d1c892355a976b95690e89dd019c979",
                "1629b5b4153fdb964d4e61c59826324a66988dfa59b636f28fa4d99c03292880",
                "4e62b12ebbac0c5340693192187e4fb5f14db5c216d23b57f831e9f71656f82a",
                "45a81cde5f659c53e8c376df45d02a058bbec059b0825d60d6bdf877f4d3ef14",
                "3621a0c3463e77e6b908532d7ed244cbfc863223bf1612827a6bb7209c95bdbd",
                "4cdbb6ccf3409b91085d870543935d522dcedaf97c5b5f2a5e79f0cf48a99da3",
                "3eb6a4fcab59401fad9ff5004c12159ba788d4496861cadc53ae2768bfce66d6",
                "0ba028e21fd6630a9014e9dce322e0152fa62576bef57f50bb660c8b3eda06a3"
            ],
            "type": "Script",
            "firstPartyCookies": {},
            "firstPartyCookiesSent": {
                "_dor": 0.00010063399416322834,
                "__pid": 0.00010063399416322834
            },
            "exampleSites": [
                "lasvegassun.com",
                "majorleaguefishing.com",
                "www.adweek.com",
                "www.americanbanker.com",
                "www.finegardening.com",
                "www.finehomebuilding.com",
                "www.finewoodworking.com",
                "www.greenbuildingadvisor.com",
                "www.hobbyfarms.com",
                "www.law.com",
                "www.machinerypete.com",
                "www.shrm.org",
                "www.techtarget.com",
                "www.thinkadvisor.com"
            ]
        },
        {
            "rule": "dpmsrv\\.com\\/dpmpxl\\/index\\.php",
            "cookies": 0.000503,
            "fingerprinting": 0,
            "subdomains": [
                "a"
            ],
            "apis": {},
            "sites": 5,
            "prevalence": 0.000503,
            "cnames": [],
            "responseHashes": [
                "25b4ecfd3a740f29d76fe930a4cec9d41afa0cfd2bafa70ca4051bd3d5395d74"
            ],
            "type": "Image",
            "firstPartyCookies": {},
            "firstPartyCookiesSent": {},
            "exampleSites": [
                "lasvegassun.com",
                "www.finegardening.com",
                "www.finehomebuilding.com",
                "www.finewoodworking.com",
                "www.greenbuildingadvisor.com"
            ]
        },
        {
            "rule": "dpmsrv\\.com\\/dpm_b888b29826bb53dc531437e723738383d8339b56\\.min\\.js",
            "cookies": 0.000403,
            "fingerprinting": 1,
            "subdomains": [
                "s"
            ],
            "apis": {
                "Date.prototype.getTime": 4,
                "Document.cookie getter": 4,
                "Document.cookie setter": 4,
                "Date.prototype.getTimezoneOffset": 4
            },
            "sites": 4,
            "prevalence": 0.000403,
            "cnames": [],
            "responseHashes": [
                "d9fe831a8db7c887776b5ea26d2fa102633f97d4f10ece8151769ed20a91c8c8"
            ],
            "type": "Script",
            "firstPartyCookies": {
                "dpm_url_count": {
                    "ttl": null,
                    "length": 1,
                    "prevalence": 0.00040253597665291336,
                    "uniqueness": 0.25
                },
                "dpm_time_site": {
                    "ttl": null,
                    "length": 5,
                    "prevalence": 0.00040253597665291336,
                    "uniqueness": 1
                },
                "hasLiveRampMatch": {
                    "ttl": null,
                    "length": 4,
                    "prevalence": 0.00040253597665291336,
                    "uniqueness": 0.25
                }
            },
            "firstPartyCookiesSent": {},
            "exampleSites": [
                "finegardening.com",
                "www.finehomebuilding.com",
                "www.finewoodworking.com",
                "www.greenbuildingadvisor.com"
            ]
        },
        {
            "rule": "dpmsrv\\.com\\/dpm_ff1eb8bd6cb17940ab78c0eeecf66268772f2061\\.min\\.js",
            "cookies": 0.000201,
            "fingerprinting": 1,
            "subdomains": [
                "s"
            ],
            "apis": {
                "Date.prototype.getTime": 2,
                "Document.cookie getter": 2,
                "Document.cookie setter": 2,
                "Date.prototype.getTimezoneOffset": 2
            },
            "sites": 2,
            "prevalence": 0.000201,
            "cnames": [],
            "responseHashes": [
                "15fb57437d2f7596a87c5a07cf099aa1b928683bcd16ac922824d99814391220"
            ],
            "type": "Script",
            "firstPartyCookies": {
                "dpm_url_count": {
                    "ttl": null,
                    "length": 1,
                    "prevalence": 0.00020126798832645668,
                    "uniqueness": 0.5
                },
                "hasLiveRampMatch": {
                    "ttl": null,
                    "length": 4,
                    "prevalence": 0.00020126798832645668,
                    "uniqueness": 0.5
                },
                "dpm_time_site": {
                    "ttl": null,
                    "length": 6,
                    "prevalence": 0.00020126798832645668,
                    "uniqueness": 1
                }
            },
            "firstPartyCookiesSent": {},
            "exampleSites": [
                "law.com",
                "www.thinkadvisor.com"
            ]
        }
    ],
    "categories": [],
    "performance": {},
    "cookies": 0.00141,
    "topInitiators": [
        {
            "domain": "adnxs.com",
            "prevalence": 0.5172413793103449
        },
        {
            "domain": "googletagmanager.com",
            "prevalence": 0.27586206896551724
        },
        {
            "domain": "first party",
            "prevalence": 0.1724137931034483
        },
        {
            "domain": "sp-prod.net",
            "prevalence": 0.034482758620689655
        }
    ],
    "types": {
        "Script": 20,
        "Image": 5
    },
    "nameservers": [
        "ns-1157.awsdns-16.org",
        "ns-592.awsdns-10.net",
        "ns-278.awsdns-34.com",
        "ns-2029.awsdns-61.co.uk"
    ]
}