{
    "domain": "ediemidnightzombies.com",
    "owner": {},
    "source": [
        "DuckDuckGo-US"
    ],
    "prevalence": 0.0000948,
    "sites": 14,
    "subdomains": [
        "lucil",
        "eor",
        "romero",
        "euromero"
    ],
    "cnames": [],
    "fingerprinting": 3,
    "resources": [
        {
            "rule": "ediemidnightzombies\\.com\\/ct",
            "cookies": 0.0000677,
            "fingerprinting": 0,
            "subdomains": [
                "lucil",
                "eor"
            ],
            "apis": {},
            "sites": 10,
            "prevalence": 0.0000677,
            "cnames": [],
            "responseHashes": [
                "f63444099334b1f8922d54b53e5f9aadcf75354369822ece82e109030fa019c9",
                "5375aa736969dd33aeca231adbf306ca93a8132a6025d6d61b4d018a7c537977",
                "3b3950b3ae8d5d0f9292820c9ef98cd08f36b0fb6c60efde44dc4775bd90602b",
                "fcf1b64baf3fc11641d10489029db7d6f279293a63c88131315dbd8390e1789f",
                "82440d67aa6bf6ce907f478bdf3d8631b6059e935d5964c1e440e70139ddbc98",
                "0ba72facf95b99e08d27ada0334a77bfb6f4f26a5194166d3b57894941864137",
                "ea1c6034fdaea2abee8aee75c4bfae47a49359db0f043f6598f6f601edf98787",
                "355c1c93122b9bae682666117dfbde2c660429c4bcd184cde9988baa9697bb6d",
                "abab02c50896582a03ab94296e133466a3669dfdb827d3c2402697e3d90c8552"
            ],
            "type": "Script",
            "firstPartyCookies": {},
            "firstPartyCookiesSent": {
                "_ga": 0.000040634163850493365,
                "_uetvid": 0.000020317081925246682,
                "_cq_duid": 0.00003386180320874447,
                "_cq_suid": 0.00003386180320874447,
                "IR_gbd": 0.0000067723606417488944,
                "mage-cache-storage": 0.0000067723606417488944,
                "mage-cache-storage-section-invalidation": 0.0000067723606417488944,
                "recently_viewed_product": 0.0000067723606417488944,
                "recently_viewed_product_previous": 0.0000067723606417488944,
                "recently_compared_product": 0.0000067723606417488944,
                "recently_compared_product_previous": 0.0000067723606417488944,
                "product_data_storage": 0.0000067723606417488944,
                "dy_fs_page": 0.0000067723606417488944
            },
            "exampleSites": [
                "vegamour.com",
                "www.2ndstreet.jp",
                "www.auto-doc.it",
                "www.autodoc.co.uk",
                "www.buycarparts.co.uk",
                "www.heydude.com",
                "www.piecesauto24.com",
                "www.recambioscoches.es",
                "www.ryman.co.uk",
                "www.ugg.com"
            ]
        },
        {
            "rule": "ediemidnightzombies\\.com\\/tracker\\/tc_imp\\.gif",
            "cookies": 0,
            "fingerprinting": 0,
            "subdomains": [
                "lucil",
                "eor"
            ],
            "apis": {},
            "sites": 10,
            "prevalence": 0.0000677,
            "cnames": [],
            "responseHashes": [
                "f4eef8263281c0b26486637831251059757bc3fdc4c3a48045a8ef8646b36e8f"
            ],
            "type": "Image",
            "firstPartyCookies": {},
            "firstPartyCookiesSent": {},
            "exampleSites": [
                "vegamour.com",
                "www.2ndstreet.jp",
                "www.auto-doc.it",
                "www.autodoc.co.uk",
                "www.buycarparts.co.uk",
                "www.heydude.com",
                "www.piecesauto24.com",
                "www.recambioscoches.es",
                "www.ryman.co.uk",
                "www.ugg.com"
            ]
        },
        {
            "rule": "ediemidnightzombies\\.com\\/mon",
            "cookies": 0,
            "fingerprinting": 0,
            "subdomains": [
                "lucil",
                "eor"
            ],
            "apis": {},
            "sites": 10,
            "prevalence": 0.0000677,
            "cnames": [],
            "responseHashes": [
                "e3b0c44298fc1c149afbf4c8996fb92427ae41e4649b934ca495991b7852b855"
            ],
            "type": "XHR",
            "firstPartyCookies": {},
            "firstPartyCookiesSent": {},
            "exampleSites": [
                "vegamour.com",
                "www.2ndstreet.jp",
                "www.auto-doc.it",
                "www.autodoc.co.uk",
                "www.buycarparts.co.uk",
                "www.heydude.com",
                "www.piecesauto24.com",
                "www.recambioscoches.es",
                "www.ryman.co.uk",
                "www.ugg.com"
            ]
        },
        {
            "rule": "ediemidnightzombies\\.com\\/i\\/2e1b01dcff62707d9c37f7901bfaedc4\\.js",
            "cookies": 0.0000135,
            "fingerprinting": 3,
            "subdomains": [
                "romero"
            ],
            "apis": {
                "Screen.prototype.width": 2,
                "Screen.prototype.height": 2,
                "Screen.prototype.availHeight": 2,
                "Screen.prototype.availWidth": 2,
                "Document.cookie getter": 2,
                "WebGLRenderingContext.prototype.getExtension": 2,
                "WebGLRenderingContext.prototype.getParameter": 2,
                "WebGLRenderingContext.prototype.getSupportedExtensions": 2,
                "Navigator.prototype.userAgent": 2,
                "Screen.prototype.colorDepth": 2,
                "Screen.prototype.pixelDepth": 2,
                "window.devicePixelRatio": 2,
                "Navigator.prototype.vendor": 2,
                "Navigator.prototype.permissions": 2,
                "Navigator.prototype.platform": 2,
                "Navigator.prototype.webdriver": 2,
                "Navigator.prototype.plugins": 2,
                "window.localStorage": 2,
                "Navigator.prototype.mimeTypes": 2,
                "window.innerWidth": 2,
                "HTMLCanvasElement.prototype.toDataURL": 2,
                "window.indexedDB": 2,
                "Navigator.prototype.doNotTrack": 2,
                "Navigator.prototype.maxTouchPoints": 2,
                "Navigator.prototype.hardwareConcurrency": 2,
                "window.screenTop": 2,
                "window.screenLeft": 2,
                "Screen.prototype.availTop": 2,
                "Screen.prototype.availLeft": 2,
                "window.outerWidth": 2,
                "window.outerHeight": 2,
                "window.innerHeight": 2,
                "window.name": 2,
                "Performance.prototype.memory": 2,
                "Navigator.prototype.connection": 2,
                "Navigator.prototype.languages": 2,
                "Date.prototype.getTime": 2,
                "Date.prototype.getTimezoneOffset": 2,
                "PerformanceTiming.prototype.navigationStart": 2,
                "Navigator.prototype.productSub": 2,
                "Navigator.prototype.product": 2,
                "Navigator.prototype.appName": 2,
                "Navigator.prototype.appCodeName": 2,
                "Intl.DateTimeFormat.prototype.resolvedOptions": 2,
                "Document.cookie setter": 2,
                "window.sessionStorage": 2
            },
            "sites": 2,
            "prevalence": 0.0000135,
            "cnames": [],
            "responseHashes": [
                "257a2074ab3392aff2c1ef02588182dd7132e9f2bcd6c18be4130bee3fdc4ef1"
            ],
            "type": "Script",
            "firstPartyCookies": {
                "_cq_duid": {
                    "ttl": 7884007,
                    "length": 29,
                    "prevalence": 0.000013544721283497789,
                    "uniqueness": 1
                },
                "_cq_suid": {
                    "ttl": null,
                    "length": 29,