{
    "domain": "empowerlocal.co",
    "owner": {},
    "source": [
        "DuckDuckGo-US"
    ],
    "prevalence": 0.000115,
    "sites": 17,
    "subdomains": [
        "ads"
    ],
    "cnames": [],
    "fingerprinting": 2,
    "resources": [
        {
            "rule": "empowerlocal\\.co\\/adserve\\/",
            "cookies": 0,
            "fingerprinting": 0,
            "subdomains": [
                "ads"
            ],
            "apis": {},
            "sites": 12,
            "prevalence": 0.0000813,
            "cnames": [],
            "responseHashes": [
                "4a460f23c3cbff892731f60ccfe4db3dbdaef5f5a23139ae3cb739a1f5a96c3d",
                "4452fa6d3b23f123203e9850183b93109fea77829949d566d8341f34e0880656",
                "97c46e97d08003c9bf2a8dd07eec082df165c44d89ce357a560792c84448b519",
                "24e98bcdb632125662d5357c578a68fbbf3600e94ac248363fde462aae68d939",
                "3aa4db899cc8ffba4bc855a840c67a78d54388121ea97647fa0eecc986cb1b43",
                "987defb1ea2f91590c09a567c7c4411aa2bac5691f061f116591f99ef33646d2",
                "df5aa9c82b9fc5c5c80ad4c6b11e6dd6b04869513f0755172a0319a72b2d10ec",
                "d088b2bd88b097bd4c19801fab572865a6472bb1525795cb099f1546ec974469",
                "00e787707bcca2890044f06cad75d45f729b4e99947daa8f63b05ecd0fa0e3dc",
                "298873c9aa0310c0ee66784ea3878ea34537ef9fc13090fe16325eb69cbc2bd7",
                "05c85216d620456f01b38716c812266bbb96976ef0e62de0acbc490fef20d23f"
            ],
            "type": "Script",
            "firstPartyCookies": {},
            "firstPartyCookiesSent": {
                "lotame_domain_check": 0.0000067723606417488944
            },
            "exampleSites": [
                "clevelandmagazine.com",
                "onmilwaukee.com",
                "qns.com",
                "williamsonsource.com",
                "www.amny.com",
                "www.atlantamagazine.com",
                "www.edhat.com",
                "www.jaxdailyrecord.com",
                "www.metro.us",
                "www.minnesotamonthly.com",
                "www.victoriaadvocate.com",
                "www.washingtonian.com"
            ]
        },
        {
            "rule": "empowerlocal\\.co\\/app\\.js",
            "cookies": 0,
            "fingerprinting": 2,
            "subdomains": [
                "ads"
            ],
            "apis": {
                "window.sessionStorage": 11,
                "Screen.prototype.width": 11,
                "Screen.prototype.height": 11,
                "window.devicePixelRatio": 11,
                "window.innerHeight": 11,
                "window.innerWidth": 11,
                "window.screenY": 5,
                "Navigator.prototype.userAgent": 2
            },
            "sites": 12,
            "prevalence": 0.0000813,
            "cnames": [],
            "responseHashes": [
                "7d9b7ee9ae860b2f27e08578dacc166269ab838417994fb62c568ff40245b5a3"
            ],
            "type": "Script",
            "firstPartyCookies": {},
            "firstPartyCookiesSent": {},
            "exampleSites": [
                "clevelandmagazine.com",
                "onmilwaukee.com",
                "qns.com",
                "williamsonsource.com",
                "www.amny.com",
                "www.atlantamagazine.com",
                "www.edhat.com",
                "www.jaxdailyrecord.com",
                "www.metro.us",
                "www.minnesotamonthly.com",
                "www.victoriaadvocate.com",
                "www.washingtonian.com"
            ]
        },
        {
            "rule": "empowerlocal\\.co\\/adserve\\/",
            "cookies": 0,
            "fingerprinting": 0,
            "subdomains": [
                "ads"
            ],
            "apis": {},
            "sites": 12,
            "prevalence": 0.0000813,
            "cnames": [],
            "responseHashes": [
                "e3b0c44298fc1c149afbf4c8996fb92427ae41e4649b934ca495991b7852b855",
                "f399b3b55531b2ce1ff2c6cd42e2ac2b85bfe16b3f25bf4ae29ba49f280aaf3c"
            ],
            "type": "XHR",
            "firstPartyCookies": {},
            "firstPartyCookiesSent": {
                "lotame_domain_check": 0.0000067723606417488944
            },
            "exampleSites": [
                "clevelandmagazine.com",
                "onmilwaukee.com",
                "qns.com",
                "williamsonsource.com",
                "www.amny.com",
                "www.atlantamagazine.com",
                "www.edhat.com",
                "www.jaxdailyrecord.com",
                "www.metro.us",
                "www.minnesotamonthly.com",
                "www.victoriaadvocate.com",
                "www.washingtonian.com"
            ]
        },
        {
            "rule": "empowerlocal\\.co\\/adserve\\/",
            "cookies": 0,
            "fingerprinting": 0,
            "subdomains": [
                "ads"
            ],
            "apis": {},
            "sites": 2,
            "prevalence": 0.0000135,
            "cnames": [],
            "responseHashes": [
                "3745dfc20ea6785abea56d2afa1a3227cb1d8927bdb595725c21e5a3ab8edd2a"
            ],
            "type": "Fetch",
            "firstPartyCookies": {},
            "firstPartyCookiesSent": {},
            "exampleSites": [
                "hayspost.com",
                "salinapost.com"
            ]
        },
        {
            "rule": "empowerlocal\\.co\\/adserve\\/",
            "cookies": 0,
            "fingerprinting": 0,
            "subdomains": [
                "ads"
            ],
            "apis": {},
            "sites": 2,
            "prevalence": 0.0000135,
            "cnames": [],
            "responseHashes": [
                "e3b0c44298fc1c149afbf4c8996fb92427ae41e4649b934ca495991b7852b855"
            ],
            "type": "Image",
            "firstPartyCookies": {},
            "firstPartyCookiesSent": {},
            "exampleSites": [
                "hayspost.com",
                "salinapost.com"
            ]
        },
        {
            "rule": "empowerlocal\\.co\\/error\\/blank\\.gif",
            "cookies": 0,
            "fingerprinting": 0,
            "subdomains": [
                "ads"
            ],
            "apis": {},
            "sites": 2,
            "prevalence": 0.0000135,
            "cnames": [],
            "responseHashes": [
                "2577fd1470fa192497cc292750833b14ebbc8cb92283449b928b9edc36de5df8"
            ],
            "type": "Image",
            "firstPartyCookies": {},
            "firstPartyCookiesSent": {},
            "exampleSites": [
                "atlantamagazine.com",
                "www.atlantamagazine.com"
            ]
        }
    ],
    "categories": [],
    "performance": {},
    "cookies": 0.0000135,
    "topInitiators": [
        {
            "domain": "first party",
            "prevalence": 0.9253731343283582
        },
        {
            "domain": "broadstreetads.com",
            "prevalence": 0.05970149253731343
        },
        {
            "domain": "doubleclick.net",
            "prevalence": 0.014925373134328358
        }
    ],
    "types": {
        "Script": 24,
        "XHR": 12,
        "Fetch": 2,
        "Image": 4
    },
    "nameservers": [
        "ns-485.awsdns-60.com",
        "ns-1139.awsdns-14.org",
        "ns-1949.awsdns-51.co.uk",
        "ns-878.awsdns-45.net"
    ]
}