{
    "domain": "eplay.com",
    "owner": {},
    "source": [
        "DuckDuckGo-US"
    ],
    "prevalence": 0.000224,
    "sites": 27,
    "subdomains": [
        "img",
        "images"
    ],
    "cnames": [],
    "fingerprinting": 0,
    "resources": [
        {
            "rule": "eplay\\.com\\/previews\\/381132394952200193\\/live\\.jpg",
            "cookies": 0,
            "fingerprinting": 0,
            "subdomains": [
                "img"
            ],
            "apis": {},
            "sites": 2,
            "prevalence": 0.0000166,
            "cnames": [],
            "responseHashes": [
                "c505f77214ce0ccc40b47ac8657e12be118299033c457dfdab5ba79ec78fa3fd"
            ],
            "type": "Image",
            "firstPartyCookies": {},
            "firstPartyCookiesSent": {},
            "exampleSites": [
                "adultjoy.net",
                "liebelib.net"
            ]
        },
        {
            "rule": "eplay\\.com\\/previews\\/382144219340673025\\/live\\.jpg",
            "cookies": 0,
            "fingerprinting": 0,
            "subdomains": [
                "img"
            ],
            "apis": {},
            "sites": 4,
            "prevalence": 0.0000332,
            "cnames": [],
            "responseHashes": [
                "5ff03cdca9d14568b43cec082ef19d188c1c60149b8299f52619e6fbdb7baf13",
                "f41f3de413f7819a8e15c257041bef2ae10e7624379ca8592936bae219f4f059",
                "fdd12a99ee2f8b597ebe9416991e1710590f1b446be260b17fc61bd4d4a3aa40"
            ],
            "type": "Image",
            "firstPartyCookies": {},
            "firstPartyCookiesSent": {},
            "exampleSites": [
                "adultjoy.net",
                "liebelib.net",
                "mylust.com",
                "xxxdan.com"
            ]
        },
        {
            "rule": "eplay\\.com\\/previews\\/387221060959145985\\/live\\.jpg",
            "cookies": 0,
            "fingerprinting": 0,
            "subdomains": [
                "img"
            ],
            "apis": {},
            "sites": 4,
            "prevalence": 0.0000332,
            "cnames": [],
            "responseHashes": [
                "e748c0d2220a813677a075640ec9186a35dab5ef2e0680017d12f166a98bec87",
                "a974bf71a03574279495a36e1bbf90be9c6950b0554a3b497926fce43bf4b5c3",
                "e31f6a7ea45f1f1e6bf30b45d501b5bb174619e1d4531e47c29e602b385812f2"
            ],
            "type": "Image",
            "firstPartyCookies": {},
            "firstPartyCookiesSent": {},
            "exampleSites": [
                "adultjoy.net",
                "liebelib.net",
                "xcafe.com",
                "xxxdan.com"
            ]
        },
        {
            "rule": "eplay\\.com\\/d\\/39fb4f82-abd9-4c6e-9d09-711f204efead",
            "cookies": 0,
            "fingerprinting": 0,
            "subdomains": [
                "images"
            ],
            "apis": {},
            "sites": 2,
            "prevalence": 0.0000166,
            "cnames": [],
            "responseHashes": [
                "cf317c950c18f729baa387fa04cfbdb02e08f4370214f10c60c5d9b7ad5da085"
            ],
            "type": "Image",
            "firstPartyCookies": {},
            "firstPartyCookiesSent": {},
            "exampleSites": [
                "desibp.com",
                "sexygirlspics.com"
            ]
        },
        {
            "rule": "eplay\\.com\\/d\\/d57f5e4b-3970-43f9-8634-09af6fd71e72s",
            "cookies": 0,
            "fingerprinting": 0,
            "subdomains": [
                "images"
            ],
            "apis": {},
            "sites": 2,
            "prevalence": 0.0000166,
            "cnames": [],
            "responseHashes": [],
            "type": "Media",
            "firstPartyCookies": {},
            "firstPartyCookiesSent": {},
            "exampleSites": [
                "desibp.com",
                "sexygirlspics.com"
            ]
        },
        {
            "rule": "eplay\\.com\\/d\\/37e0812b-4958-44db-a808-20f6e175dfbb",
            "cookies": 0,
            "fingerprinting": 0,
            "subdomains": [
                "images"
            ],
            "apis": {},
            "sites": 2,
            "prevalence": 0.0000166,
            "cnames": [],
            "responseHashes": [],
            "type": "Media",
            "firstPartyCookies": {},
            "firstPartyCookiesSent": {},
            "exampleSites": [
                "desibp.com",
                "sexygirlspics.com"
            ]
        },
        {
            "rule": "eplay\\.com\\/d\\/10cae19b-16e5-4c3f-aaf6-82371e36bb84",
            "cookies": 0,
            "fingerprinting": 0,
            "subdomains": [
                "images"
            ],
            "apis": {},
            "sites": 3,
            "prevalence": 0.0000249,
            "cnames": [],
            "responseHashes": [
                "e68cab0a04fb7558be05d74c1d6128e83333f3a6455d44bc1c2cfdbf4ee4c804",
                "ca0b3dffbaa0088c326d92a6cb23b1da43718949671b45d64d272ec1bfd929f8"
            ],
            "type": "Image",
            "firstPartyCookies": {},
            "firstPartyCookiesSent": {},
            "exampleSites": [
                "desiporn.tube",
                "es.luxuretv.com",
                "www.redgifs.com"
            ]
        },
        {
            "rule": "eplay\\.com\\/d\\/5e2b6578-160f-4784-88c7-a906fdbab8e4s",
            "cookies": 0,
            "fingerprinting": 0,
            "subdomains": [
                "images"
            ],
            "apis": {},
            "sites": 3,
            "prevalence": 0.0000249,
            "cnames": [],
            "responseHashes": [
                "34446fe6ed1eee35d0e47cd1b83229466ddf661df4d791f0ab06a49f6abcbc3a"
            ],
            "type": "Media",
            "firstPartyCookies": {},
            "firstPartyCookiesSent": {},
            "exampleSites": [
                "desiporn.tube",
                "es.luxuretv.com",
                "www.redgifs.com"
            ]
        },
        {
            "rule": "eplay\\.com\\/d\\/3ad3effb-e351-408b-b0ab-1c169dcd789f",
            "cookies": 0,
            "fingerprinting": 0,
            "subdomains": [
                "images"
            ],
            "apis": {},
            "sites": 3,
            "prevalence": 0.0000249,
            "cnames": [],
            "responseHashes": [
                "80e8b4b80a9fd6124b290023234046afc40efb734ec04e048ed7e59ebb2a5b8c"
            ],
            "type": "Media",
            "firstPartyCookies": {},
            "firstPartyCookiesSent": {},
            "exampleSites": [
                "desiporn.tube",
                "es.luxuretv.com",
                "www.redgifs.com"
            ]
        },
        {
            "rule": "eplay\\.com\\/d\\/cdf449b4-516d-46aa-ad8f-dfd5c88bb984",
            "cookies": 0,
            "fingerprinting": 0,
            "subdomains": [
                "images"
            ],
            "apis": {},
            "sites": 3,
            "prevalence": 0.0000249,
            "cnames": [],
            "responseHashes": [
                "55cda3fc4ed684232ae2e44ed7451848a9fda9a89426bb15fd443c9c0aceb3af"
            ],
            "type": "Image",
            "firstPartyCookies": {},
            "firstPartyCookiesSent": {},
            "exampleSites": [
                "luxuretv.com",
                "hclips.com",
                "txxx.com"
            ]
        },
        {
            "rule": "eplay\\.com\\/d\\/f07ee52c-c104-4990-9d49-a3ec738128b0s",
            "cookies": 0,
            "fingerprinting": 0,
            "subdomains": [
                "images"
            ],
            "apis": {},
            "sites": 2,
            "prevalence": 0.0000166,
            "cnames": [],
            "responseHashes": [],
            "type": "Media",
            "firstPartyCookies": {},