{
    "domain": "eroadvertising.com",
    "owner": {},
    "source": [
        "DuckDuckGo-US"
    ],
    "prevalence": 0.000108,
    "sites": 16,
    "subdomains": [
        "adspaces",
        "go"
    ],
    "cnames": [],
    "fingerprinting": 0,
    "resources": [
        {
            "rule": "eroadvertising\\.com\\/banads\\/view\\.php",
            "cookies": 0,
            "fingerprinting": 0,
            "subdomains": [
                "adspaces"
            ],
            "apis": {},
            "sites": 12,
            "prevalence": 0.0000813,
            "cnames": [],
            "responseHashes": [
                "aa162679c0a19be6aa05b51bf47f80892a91e90b2efce24aeda9ca32f0bece93",
                "5dbe27b2229626442ece169503526c9ed137f6e07caa0a0b623d3ba46ff9722a",
                "7fc4d575c656d6e5ad2b0b5d126bfb537a947eabab074c665f20cc6b6beff343",
                "9d6ae2f60b36202dbffbcefc0dc5d3ce8b5e4d08076a7d74f12344b260813e66",
                "d59d592b52334209e7bfafe477ddead6176507a8a3d5a40dc84e3e469cc6dfae",
                "1916d6c57c5920ab2a0d5502793cdd3ebbb74b12fbb01105b555bd976a466d8e",
                "77e89f8d59a6567a720b5fc589a9572980438c1f7629de4cbb2eab43877882ee",
                "1884aa9061969f477c205c8bdddbda2690b552193610fda1001f6d18adf00e90",
                "4b89b80ff13e9371ac1f676176338f3a4b334eb85125b99fe14d882e0a0f5dd6",
                "8396ffedfe8fc6833c12c38daa1a1e0bed8fb17a6cc4213b7bdc1685a9d7332e",
                "9fdf31c5b480f746170ed2a8186234ac29ac40ac0a17ca42ad451f7cab1e65b9"
            ],
            "type": "Document",
            "firstPartyCookies": {},
            "firstPartyCookiesSent": {},
            "exampleSites": [
                "animalsex.me",
                "animalporn.me",
                "animalsex.party",
                "animalsex.site",
                "doggyanimalporn.club",
                "girlsanimalsex.monster",
                "incestporn.blue",
                "maturezooporn.space",
                "piganimalsex.icu",
                "womananimalporn.cyou",
                "zooanimalsex.top",
                "zooporn.video"
            ]
        },
        {
            "rule": "eroadvertising\\.com\\/banner\\.go",
            "cookies": 0,
            "fingerprinting": 0,
            "subdomains": [
                "go"
            ],
            "apis": {},
            "sites": 4,
            "prevalence": 0.0000271,
            "cnames": [],
            "responseHashes": [
                "cad23e86ceeea2fa016a3014978c9788c341e592a3a51f701846ebd1bf76f3c0",
                "ad4e4f7e5fb4afdd4dcfdde4fc1626b66a35ef2c42059599111065b6a092f3d7",
                "6e83f29715620fc22e0876fa3ba9b2bf7d4f9e38818f846256283428b0527fb0"
            ],
            "type": "Document",
            "firstPartyCookies": {},
            "firstPartyCookiesSent": {},
            "exampleSites": [
                "littlefuck.org",
                "popin-cherries.top",
                "unixxx.xyz",
                "youngestlolas.com"
            ]
        }
    ],
    "categories": [],
    "performance": {},
    "cookies": 0,
    "topInitiators": [
        {
            "domain": "topsex.cc",
            "prevalence": 0.42857142857142855
        },
        {
            "domain": "first party",
            "prevalence": 0.375
        },
        {
            "domain": "thebeastmovs.com",
            "prevalence": 0.14285714285714285
        },
        {
            "domain": "momsonincestporn.me",
            "prevalence": 0.05357142857142857
        }
    ],
    "types": {
        "Document": 16
    },
    "nameservers": [
        "ns37.domaincontrol.com",
        "ns38.domaincontrol.com"
    ]
}