{
    "domain": "es.io",
    "owner": {},
    "source": [
        "DuckDuckGo-US"
    ],
    "prevalence": 0.000203,
    "sites": 30,
    "subdomains": [
        "dcd12547fac74c3cb90d3307a66b8089.apm.eu-west-1.aws.cloud",
        "1350a5c7cdde49049f8a58e6f0370faf.apm.us-east-1.aws.cloud",
        "0d15692193ba43a8a9384fed500b3a1d.apm.us-east-1.aws.cloud",
        "1ff765ae23de4d3d873578966b3cc9b3.apm.us-central1.gcp.cloud",
        "8886991292a6432fb47066a35e3e3141.apm.us-east-1.aws.cloud",
        "46ccd9422f0641989fa09ac7c9e404c2.apm.eu-west-1.aws.cloud",
        "99290733b98f47908dea2425505735b0.apm.eu-west-1.aws.cloud",
        "67fa1236d21347fbb7e22888799f4c5e.apm.us-east-1.aws.cloud",
        "b9a7d4b6be1f49e791333eb838f5398c.apm.europe-west3.gcp.cloud",
        "7a498ae3e2c04b14a5bf5a072a2fb770.apm.europe-west3.gcp.cloud",
        "1521f4a3642d4a6180c5f437ac54fdb3.apm.eu-central-1.aws.cloud",
        "e9045291a00946e4b01bda45fe031cef.apm.europe-west1.gcp.cloud",
        "bdbb8ccf57f74720a3cc74b4670a19b2.apm.eu-west-1.aws.cloud",
        "a82e67940edc422e96314299f60f8136.apm.ap-southeast-2.aws.cloud"
    ],
    "cnames": [],
    "fingerprinting": 0,
    "resources": [
        {
            "rule": "es\\.io\\/intake\\/v2\\/rum\\/events",
            "cookies": 0,
            "fingerprinting": 0,
            "subdomains": [
                "dcd12547fac74c3cb90d3307a66b8089.apm.eu-west-1.aws.cloud",
                "1350a5c7cdde49049f8a58e6f0370faf.apm.us-east-1.aws.cloud",
                "0d15692193ba43a8a9384fed500b3a1d.apm.us-east-1.aws.cloud",
                "1ff765ae23de4d3d873578966b3cc9b3.apm.us-central1.gcp.cloud",
                "8886991292a6432fb47066a35e3e3141.apm.us-east-1.aws.cloud",
                "46ccd9422f0641989fa09ac7c9e404c2.apm.eu-west-1.aws.cloud",
                "99290733b98f47908dea2425505735b0.apm.eu-west-1.aws.cloud",
                "67fa1236d21347fbb7e22888799f4c5e.apm.us-east-1.aws.cloud",
                "b9a7d4b6be1f49e791333eb838f5398c.apm.europe-west3.gcp.cloud",
                "7a498ae3e2c04b14a5bf5a072a2fb770.apm.europe-west3.gcp.cloud",
                "1521f4a3642d4a6180c5f437ac54fdb3.apm.eu-central-1.aws.cloud",
                "e9045291a00946e4b01bda45fe031cef.apm.europe-west1.gcp.cloud",
                "bdbb8ccf57f74720a3cc74b4670a19b2.apm.eu-west-1.aws.cloud"
            ],
            "apis": {},
            "sites": 18,
            "prevalence": 0.000122,
            "cnames": [],
            "responseHashes": [],
            "type": "Preflight",
            "firstPartyCookies": {},
            "firstPartyCookiesSent": {},
            "exampleSites": [
                "nowtv.com",
                "help.nowtv.com",
                "magazine.trivago.com",
                "peacocktv.com",
                "portlandgeneral.com",
                "sps.honeywell.com",
                "wellcomecollection.org",
                "www.celio.com",
                "www.cosmoprofbeauty.com",
                "www.digistore24.com",
                "www.nowtv.it",
                "www.nowtv.com",
                "www.peacocktv.com",
                "www.shop-apotheke.ch",
                "www.skyshowtime.com",
                "www.tous.com",
                "www.wowtv.de",
                "www.ysl.com"
            ]
        },
        {
            "rule": "es\\.io\\/intake\\/v2\\/rum\\/events",
            "cookies": 0,
            "fingerprinting": 0,
            "subdomains": [
                "dcd12547fac74c3cb90d3307a66b8089.apm.eu-west-1.aws.cloud",
                "0d15692193ba43a8a9384fed500b3a1d.apm.us-east-1.aws.cloud",
                "1ff765ae23de4d3d873578966b3cc9b3.apm.us-central1.gcp.cloud",
                "8886991292a6432fb47066a35e3e3141.apm.us-east-1.aws.cloud",
                "46ccd9422f0641989fa09ac7c9e404c2.apm.eu-west-1.aws.cloud",
                "99290733b98f47908dea2425505735b0.apm.eu-west-1.aws.cloud",
                "67fa1236d21347fbb7e22888799f4c5e.apm.us-east-1.aws.cloud",
                "a82e67940edc422e96314299f60f8136.apm.ap-southeast-2.aws.cloud",
                "7a498ae3e2c04b14a5bf5a072a2fb770.apm.europe-west3.gcp.cloud",
                "1521f4a3642d4a6180c5f437ac54fdb3.apm.eu-central-1.aws.cloud",
                "bdbb8ccf57f74720a3cc74b4670a19b2.apm.eu-west-1.aws.cloud"
            ],
            "apis": {},
            "sites": 16,
            "prevalence": 0.000108,
            "cnames": [],
            "responseHashes": [
                "e3b0c44298fc1c149afbf4c8996fb92427ae41e4649b934ca495991b7852b855"
            ],
            "type": "XHR",
            "firstPartyCookies": {},
            "firstPartyCookiesSent": {},
            "exampleSites": [
                "nowtv.com",
                "help.nowtv.com",
                "peacocktv.com",
                "portlandgeneral.com",
                "sps.honeywell.com",
                "wellcomecollection.org",
                "www.celio.com",
                "www.cosmoprofbeauty.com",
                "www.neontv.co.nz",
                "www.nowtv.it",
                "www.nowtv.com",
                "www.peacocktv.com",
                "www.shop-apotheke.ch",
                "www.skyshowtime.com",
                "www.wowtv.de",
                "www.ysl.com"
            ]
        },
        {
            "rule": "es\\.io\\/intake\\/v2\\/rum\\/events",
            "cookies": 0,
            "fingerprinting": 0,
            "subdomains": [
                "1350a5c7cdde49049f8a58e6f0370faf.apm.us-east-1.aws.cloud",
                "b9a7d4b6be1f49e791333eb838f5398c.apm.europe-west3.gcp.cloud",
                "e9045291a00946e4b01bda45fe031cef.apm.europe-west1.gcp.cloud"
            ],
            "apis": {},
            "sites": 4,
            "prevalence": 0.000027,
            "cnames": [],
            "responseHashes": [
                "e3b0c44298fc1c149afbf4c8996fb92427ae41e4649b934ca495991b7852b855"
            ],
            "type": "Fetch",
            "firstPartyCookies": {},
            "firstPartyCookiesSent": {},
            "exampleSites": [
                "trivago.com",
                "magazine.trivago.com",
                "www.digistore24.com",
                "www.tous.com"
            ]
        },
        {
            "rule": "es\\.io\\/config\\/v1\\/rum\\/agents",
            "cookies": 0,
            "fingerprinting": 0,
            "subdomains": [
                "0d15692193ba43a8a9384fed500b3a1d.apm.us-east-1.aws.cloud",
                "46ccd9422f0641989fa09ac7c9e404c2.apm.eu-west-1.aws.cloud",
                "dcd12547fac74c3cb90d3307a66b8089.apm.eu-west-1.aws.cloud",
                "1521f4a3642d4a6180c5f437ac54fdb3.apm.eu-central-1.aws.cloud"
            ],
            "apis": {},
            "sites": 7,
            "prevalence": 0.0000473,
            "cnames": [],
            "responseHashes": [
                "ca3d163bab055381827226140568f3bef7eaac187cebd76878e0b63e9e442356",
                "588471c01b653ee07f7f47028fabe204169a7852195f7827e8863d672399aabd",
                "5c0ca02f9d6a8a0d91e062c0693ac8dff2759bb7222b28525cf92a8c47f5f213"
            ],
            "type": "XHR",
            "firstPartyCookies": {},
            "firstPartyCookiesSent": {},
            "exampleSites": [
                "peacocktv.com",
                "wellcomecollection.org",
                "www.nowtv.it",
                "www.nowtv.com",
                "www.peacocktv.com",
                "www.skyshowtime.com",
                "www.wowtv.de"
            ]
        }
    ],
    "categories": [],
    "performance": {},
    "cookies": 0,
    "topInitiators": [
        {
            "domain": "first party",
            "prevalence": 0.5396825396825397
        },
        {
            "domain": "nowtv.com",
            "prevalence": 0.25396825396825395
        },
        {
            "domain": "unpkg.com",
            "prevalence": 0.07936507936507936
        },
        {
            "domain": "peacocktv.com",