{
    "domain": "es.io",
    "owner": {},
    "source": [
        "DuckDuckGo-US"
    ],
    "prevalence": 0.000366,
    "sites": 54,
    "subdomains": [
        "8886991292a6432fb47066a35e3e3141.apm.us-east-1.aws.cloud",
        "596808a16dec4fc39413bf34b0a70240.apm.eu-west-1.aws.cloud",
        "1ff765ae23de4d3d873578966b3cc9b3.apm.us-central1.gcp.cloud",
        "d2l-elasticrum.apm.us-east-1.aws.cloud",
        "46ccd9422f0641989fa09ac7c9e404c2.apm.eu-west-1.aws.cloud",
        "bdbb8ccf57f74720a3cc74b4670a19b2.apm.eu-west-1.aws.cloud",
        "67fa1236d21347fbb7e22888799f4c5e.apm.us-east-1.aws.cloud",
        "97660ccadcc445599a18731f44643af0.apm.us-east-1.aws.cloud",
        "7a498ae3e2c04b14a5bf5a072a2fb770.apm.europe-west3.gcp.cloud",
        "c9b34aeaf1844e3ba4a4281022dff253.apm.us-east-1.aws.cloud",
        "1350a5c7cdde49049f8a58e6f0370faf.apm.us-east-1.aws.cloud",
        "170e888c25d246ebb2950bf56d949d31.apm.us-east-1.aws.cloud",
        "b9a7d4b6be1f49e791333eb838f5398c.apm.europe-west3.gcp.cloud",
        "dokteronline.apm.eu-central-1.aws.cloud",
        "e9045291a00946e4b01bda45fe031cef.apm.europe-west1.gcp.cloud",
        "bruker-prod.ent.eu-central-1.aws.cloud"
    ],
    "cnames": [],
    "fingerprinting": 0,
    "resources": [
        {
            "rule": "es\\.io\\/intake\\/v2\\/rum\\/events",
            "cookies": 0,
            "fingerprinting": 0,
            "subdomains": [
                "8886991292a6432fb47066a35e3e3141.apm.us-east-1.aws.cloud",
                "596808a16dec4fc39413bf34b0a70240.apm.eu-west-1.aws.cloud",
                "1ff765ae23de4d3d873578966b3cc9b3.apm.us-central1.gcp.cloud",
                "d2l-elasticrum.apm.us-east-1.aws.cloud",
                "46ccd9422f0641989fa09ac7c9e404c2.apm.eu-west-1.aws.cloud",
                "bdbb8ccf57f74720a3cc74b4670a19b2.apm.eu-west-1.aws.cloud",
                "67fa1236d21347fbb7e22888799f4c5e.apm.us-east-1.aws.cloud",
                "97660ccadcc445599a18731f44643af0.apm.us-east-1.aws.cloud",
                "7a498ae3e2c04b14a5bf5a072a2fb770.apm.europe-west3.gcp.cloud"
            ],
            "apis": {},
            "sites": 25,
            "prevalence": 0.000169,
            "cnames": [],
            "responseHashes": [
                "e3b0c44298fc1c149afbf4c8996fb92427ae41e4649b934ca495991b7852b855"
            ],
            "type": "XHR",
            "firstPartyCookies": {},
            "firstPartyCookiesSent": {},
            "exampleSites": [
                "www.shop-apotheke.ch",
                "smartgardenguide.com",
                "www.alexandermcqueen.com",
                "www.honeywell.com",
                "www.shop-apotheke.at",
                "uga.view.usg.edu",
                "www.thesimsresource.com",
                "dailyheadlineslive.com",
                "www.homeperch.com",
                "portlandgeneral.com",
                "sps.honeywell.com",
                "aerospace.honeywell.com",
                "buildings.honeywell.com",
                "www.aide-sociale.fr",
                "honeywell.com",
                "www.balenciaga.com",
                "www.bottegaveneta.com",
                "www.nextavenue.org",
                "www.shop-apotheke.com",
                "bali.com"
            ]
        },
        {
            "rule": "es\\.io\\/intake\\/v2\\/rum\\/events",
            "cookies": 0,
            "fingerprinting": 0,
            "subdomains": [
                "8886991292a6432fb47066a35e3e3141.apm.us-east-1.aws.cloud",
                "596808a16dec4fc39413bf34b0a70240.apm.eu-west-1.aws.cloud",
                "c9b34aeaf1844e3ba4a4281022dff253.apm.us-east-1.aws.cloud",
                "1350a5c7cdde49049f8a58e6f0370faf.apm.us-east-1.aws.cloud",
                "1ff765ae23de4d3d873578966b3cc9b3.apm.us-central1.gcp.cloud",
                "d2l-elasticrum.apm.us-east-1.aws.cloud",
                "170e888c25d246ebb2950bf56d949d31.apm.us-east-1.aws.cloud",
                "46ccd9422f0641989fa09ac7c9e404c2.apm.eu-west-1.aws.cloud",
                "bdbb8ccf57f74720a3cc74b4670a19b2.apm.eu-west-1.aws.cloud",
                "67fa1236d21347fbb7e22888799f4c5e.apm.us-east-1.aws.cloud",
                "b9a7d4b6be1f49e791333eb838f5398c.apm.europe-west3.gcp.cloud",
                "dokteronline.apm.eu-central-1.aws.cloud",
                "97660ccadcc445599a18731f44643af0.apm.us-east-1.aws.cloud",
                "7a498ae3e2c04b14a5bf5a072a2fb770.apm.europe-west3.gcp.cloud",
                "e9045291a00946e4b01bda45fe031cef.apm.europe-west1.gcp.cloud"
            ],
            "apis": {},
            "sites": 31,
            "prevalence": 0.00021,
            "cnames": [],
            "responseHashes": [],
            "type": "Preflight",
            "firstPartyCookies": {},
            "firstPartyCookiesSent": {},
            "exampleSites": [
                "www.shop-apotheke.ch",
                "www.digistore24.com",
                "smartgardenguide.com",
                "www.shop-apotheke.com",
                "www.honeywell.com",
                "bali.com",
                "dailyheadlineslive.com",
                "www.alexandermcqueen.com",
                "www.homeperch.com",
                "uga.view.usg.edu",
                "www.shop-apotheke.at",
                "portlandgeneral.com",
                "sps.honeywell.com",
                "buildings.honeywell.com",
                "www.balenciaga.com",
                "aerospace.honeywell.com",
                "www.dokteronline.com",
                "shop.samsung.com",
                "www.thesimsresource.com",
                "survivalfreedom.com"
            ]
        },
        {
            "rule": "es\\.io\\/intake\\/v2\\/rum\\/events",
            "cookies": 0,
            "fingerprinting": 0,
            "subdomains": [
                "c9b34aeaf1844e3ba4a4281022dff253.apm.us-east-1.aws.cloud",
                "1350a5c7cdde49049f8a58e6f0370faf.apm.us-east-1.aws.cloud",
                "170e888c25d246ebb2950bf56d949d31.apm.us-east-1.aws.cloud",
                "b9a7d4b6be1f49e791333eb838f5398c.apm.europe-west3.gcp.cloud",
                "dokteronline.apm.eu-central-1.aws.cloud",
                "e9045291a00946e4b01bda45fe031cef.apm.europe-west1.gcp.cloud"
            ],
            "apis": {},
            "sites": 6,
            "prevalence": 0.0000407,
            "cnames": [],
            "responseHashes": [
                "e3b0c44298fc1c149afbf4c8996fb92427ae41e4649b934ca495991b7852b855"
            ],
            "type": "Fetch",
            "firstPartyCookies": {},
            "firstPartyCookiesSent": {},
            "exampleSites": [
                "cebroker.com",
                "magazine.trivago.com",
                "shop.samsung.com",
                "www.digistore24.com",
                "www.dokteronline.com",
                "www.tous.com"
            ]
        },
        {
            "rule": "es\\.io\\/intake\\/v2\\/rum\\/events",
            "cookies": 0,
            "fingerprinting": 0,
            "subdomains": [
                "596808a16dec4fc39413bf34b0a70240.apm.eu-west-1.aws.cloud"
            ],
            "apis": {},
            "sites": 2,
            "prevalence": 0.0000136,
            "cnames": [],
            "responseHashes": [],
            "type": "Other",
            "firstPartyCookies": {},
            "firstPartyCookiesSent": {},
            "exampleSites": [
                "aide-sociale.fr",
                "www.thesimsresource.com"
            ]
        },
        {
            "rule": "es\\.io\\/api\\/as\\/v1\\/engines\\/bruker-prod\\/search\\.json",
            "cookies": 0,
            "fingerprinting": 0,
            "subdomains": [
                "bruker-prod.ent.eu-central-1.aws.cloud"
            ],
            "apis": {},
            "sites": 2,
            "prevalence": 0.0000136,
            "cnames": [],
            "responseHashes": [],
            "type": "Preflight",