{
    "domain": "esm1.net",
    "owner": {
        "name": "Dealer Dot Com Inc",
        "displayName": "Dealer Dot Com"
    },
    "source": [
        "DuckDuckGo-US"
    ],
    "prevalence": 0.000156,
    "sites": 23,
    "subdomains": [
        "pixall",
        "pixall-qa",
        "cs"
    ],
    "cnames": [],
    "fingerprinting": 1,
    "resources": [
        {
            "rule": "esm1\\.net\\/v2\\/attribution\\/iframe",
            "cookies": 0.0000881,
            "fingerprinting": 0,
            "subdomains": [
                "pixall",
                "pixall-qa"
            ],
            "apis": {},
            "sites": 13,
            "prevalence": 0.0000881,
            "cnames": [],
            "responseHashes": [
                "1c7995978c8e4dad618f2b05006529b6b07a7be9dfa401965bb33f7c508012cb",
                "52345b294d20262cad03a7234f7ebe50bf36669ffebc18b42a3214dbdab7fe92",
                "f376238737f0b9ef3e4ac253eafa9527f9015e08b2c14bea6785bff33dc13e29",
                "0f7602d42c5827f5ac7cd475c63c9d6e79740fc66fd84de02fc54019754f7ff5",
                "637f43db3c3ec61c351f4142ae5cc0889d6b2fd59cf745b4616e6fa825a6ac04",
                "4528dd01565bc1925542329b4839ffc04c7ffe1976a8a4ae23450e2bc5ff8fbf",
                "6cd25800ae75e1e1a626277168419b59251e8f458c6742bf8465e4acb2cd66e7",
                "bffb516d675ae2bf6687cab6b8c8500522798aa8c2722a058a10d297116fefb5",
                "0fde15f291769ffdaa30ff4a8f378add0c47f3bb505f6eaf2a931e3033dcf95c",
                "ee00f665c34d2c424d7ec60f3f12532cdf677202cb8573edf80d8eea18bc3435",
                "304890f7d7f83ef08317706e5f6864b7b473bcb4b918c7d1d7f031e6ce00e973",
                "b0eaa37391ddc4f30a3b139fe475758a73755bc9b5c38fb9f0774c0d8f2e9cba"
            ],
            "type": "Document",
            "firstPartyCookies": {},
            "firstPartyCookiesSent": {
                "pxa_id": 0.000027109086965950985,
                "abc": 0.00004744090219041423,
                "abc_3rd_party": 0.000013554543482975493
            },
            "exampleSites": [
                "honda.com",
                "autotrader.com",
                "kbb.com",
                "www.acura.com",
                "www.audiusa.com",
                "www.autotrader.com",
                "www.aviscarsales.com",
                "www.davesmith.com",
                "www.hendrickcars.com",
                "www.hertzcarsales.com",
                "www.kbb.ca",
                "www.kbb.com",
                "www.subaru.com"
            ]
        },
        {
            "rule": "esm1\\.net\\/v2\\/pageload",
            "cookies": 0.0000271,
            "fingerprinting": 0,
            "subdomains": [
                "pixall",
                "pixall-qa"
            ],
            "apis": {},
            "sites": 4,
            "prevalence": 0.0000271,
            "cnames": [],
            "responseHashes": [
                "e3b0c44298fc1c149afbf4c8996fb92427ae41e4649b934ca495991b7852b855"
            ],
            "type": "Image",
            "firstPartyCookies": {},
            "firstPartyCookiesSent": {
                "pxa_id": 0.000027109086965950985,
                "_schn": 0.000006777271741487746,
                "s_pltp": 0.000006777271741487746
            },
            "exampleSites": [
                "honda.com",
                "www.acura.com",
                "www.audiusa.com",
                "www.subaru.com"
            ]
        },
        {
            "rule": "esm1\\.net\\/v2\\/liveramp\\/callback",
            "cookies": 0.0000881,
            "fingerprinting": 0,
            "subdomains": [
                "pixall",
                "pixall-qa"
            ],
            "apis": {},
            "sites": 13,
            "prevalence": 0.0000881,
            "cnames": [],
            "responseHashes": [
                "e3b0c44298fc1c149afbf4c8996fb92427ae41e4649b934ca495991b7852b855"
            ],
            "type": "Image",
            "firstPartyCookies": {},
            "firstPartyCookiesSent": {},
            "exampleSites": [
                "honda.com",
                "autotrader.com",
                "kbb.com",
                "www.acura.com",
                "www.audiusa.com",
                "www.autotrader.com",
                "www.aviscarsales.com",
                "www.davesmith.com",
                "www.hendrickcars.com",
                "www.hertzcarsales.com",
                "www.kbb.ca",
                "www.kbb.com",
                "www.subaru.com"
            ]
        },
        {
            "rule": "esm1\\.net\\/adstra",
            "cookies": 0.0000678,
            "fingerprinting": 0,
            "subdomains": [
                "pixall",
                "pixall-qa"
            ],
            "apis": {},
            "sites": 10,
            "prevalence": 0.0000678,
            "cnames": [],
            "responseHashes": [
                "e3b0c44298fc1c149afbf4c8996fb92427ae41e4649b934ca495991b7852b855"
            ],
            "type": "Image",
            "firstPartyCookies": {},
            "firstPartyCookiesSent": {
                "pxa_bc": 0.000013554543482975493
            },
            "exampleSites": [
                "honda.com",
                "kbb.com",
                "www.acura.com",
                "www.autotrader.com",
                "www.aviscarsales.com",
                "www.davesmith.com",
                "www.hendrickcars.com",
                "www.hertzcarsales.com",
                "www.kbb.ca",
                "www.kbb.com"
            ]
        },
        {
            "rule": "esm1\\.net\\/cookie-first\\.js",
            "cookies": 0.000061,
            "fingerprinting": 1,
            "subdomains": [
                "pixall"
            ],
            "apis": {
                "Document.cookie setter": 8
            },
            "sites": 9,
            "prevalence": 0.000061,
            "cnames": [],
            "responseHashes": [
                "b1837b1537c6f22e76d1bed5dc79fa00dfa26c2016d969579f4d966c77062825",
                "60e090028b64dd61792f4763f6e5b983eafa197c2a0a3d4963197f2406daf43e",
                "5e82b471258666ca68358e526ff764ca0de1e43a0fc8c8eb51642066da4efc0d",
                "cb8e44bf4bd6fd9ff8686bac62f4cbc0bd3fa3f0e2119991456fb9147532dfeb",
                "8e3543b5ade6b71370040a01d1452b6e72859030f9a2ab904a56032b03c1ffe4",
                "5e7d49762a23b2b75c18aa6fdaecba5e0efed871ce6ed7853330076f1603e684",
                "cd2006ab47a30a61ba94dd5aa19d84cf22e9c187a4098b22ea7233d093293a6e",
                "38c18920885a89a8b6cfffa10ac47edfc3117819908e9661622ed4a970ddc9a2"
            ],
            "type": "Script",
            "firstPartyCookies": {
                "abc": {
                    "ttl": 31622403,
                    "length": 24,
                    "prevalence": 0.00005421817393190197,
                    "uniqueness": 1
                },
                "pxa_ipv4": {
                    "ttl": 31622403,
                    "length": 13,
                    "prevalence": 0.00005421817393190197,
                    "uniqueness": 0.125
                },
                "abc_3rd_party": {
                    "ttl": 31622410,
                    "length": 24,
                    "prevalence": 0.000013554543482975493,
                    "uniqueness": 1
                }
            },
            "firstPartyCookiesSent": {
                "abc": 0.00005421817393190197,
                "abc_3rd_party": 0.000013554543482975493
            },
            "exampleSites": [
                "autotrader.com",
                "kbb.com",
                "www.autotrader.com",
                "www.aviscarsales.com",
                "www.davesmith.com",
                "www.hendrickcars.com",
                "www.hertzcarsales.com",
                "www.kbb.ca",
                "www.kbb.com"
            ]
        },
        {
            "rule": "esm1\\.net\\/v2\\/iframe",