{
    "domain": "exitintel.com",
    "owner": {},
    "source": [
        "DuckDuckGo-US"
    ],
    "prevalence": 0.000135,
    "sites": 20,
    "subdomains": [
        "get",
        "cdn2"
    ],
    "cnames": [],
    "fingerprinting": 2,
    "resources": [
        {
            "rule": "exitintel\\.com\\/load\\.js",
            "cookies": 0,
            "fingerprinting": 1,
            "subdomains": [
                "get"
            ],
            "apis": {
                "Navigator.prototype.userAgent": 8,
                "Navigator.prototype.platform": 8,
                "Navigator.prototype.product": 8
            },
            "sites": 11,
            "prevalence": 0.0000743,
            "cnames": [],
            "responseHashes": [
                "1827f9f22fc5673ab598822e49efbf546b16250039034cd3f337474bd57a992c",
                "7d4318c86310aa04ccc18c18a0bc5f16ab0040db79b088592c555ed15f4dd6c1",
                "76936293e49da3f852e140fe70d979eb07c51ddb553505701044760d4b2f747a",
                "2a14e98f468661cd8d8355cc9593162d5f5a90244c71f2a5503db9332a4c7cf1",
                "d64cd96b11a507231076cc347011068a808b8286c400243cca05e47cf6632458",
                "1d548138f7f750e9e64eeccadf207dc5b99473504bf3441695193d4cd3132a94",
                "c91e980fca9054f847fdbfa9658804e76b92651f4a25d2e925321e42b789b0e8",
                "87693f94fdf5cf52165a19da7915ca5e518316d58360314b234d326285c70be1",
                "f5926ad222ea4cf3e6ca94ca5e587e79030974a18611632f00470f6f7f7d3f8d"
            ],
            "type": "Script",
            "firstPartyCookies": {},
            "firstPartyCookiesSent": {},
            "exampleSites": [
                "fabfitfun.com",
                "gusto.com",
                "www.bestwestern.co.uk",
                "www.fleetfeet.com",
                "www.harpercollins.com",
                "www.outdoorlimited.com",
                "www.pimsleur.com",
                "www.simonandschuster.com",
                "www.spoonflower.com",
                "www.starkey.com",
                "www.sunbrella.com"
            ]
        },
        {
            "rule": "exitintel\\.com\\/api\\/v1\\/file\\/getImageV3\\/1648",
            "cookies": 0,
            "fingerprinting": 0,
            "subdomains": [
                "cdn2"
            ],
            "apis": {},
            "sites": 2,
            "prevalence": 0.0000135,
            "cnames": [],
            "responseHashes": [
                "ef22f9175d6b1f4899790bd4af9d8eab3640b422b3633541b3d2034d54a1322b"
            ],
            "type": "Image",
            "firstPartyCookies": {},
            "firstPartyCookiesSent": {},
            "exampleSites": [
                "simonandschuster.com",
                "www.simonandschuster.com"
            ]
        },
        {
            "rule": "exitintel\\.com\\/api\\/v1\\/file\\/getImageV3\\/6023",
            "cookies": 0,
            "fingerprinting": 0,
            "subdomains": [
                "cdn2"
            ],
            "apis": {},
            "sites": 2,
            "prevalence": 0.0000135,
            "cnames": [],
            "responseHashes": [
                "3f985dcc176b62e0845cc8f970d900615359ba22aeb75e655d0749c3af503b25"
            ],
            "type": "Image",
            "firstPartyCookies": {},
            "firstPartyCookiesSent": {},
            "exampleSites": [
                "simonandschuster.com",
                "www.simonandschuster.com"
            ]
        },
        {
            "rule": "exitintel\\.com\\/api\\/v1\\/file\\/getImageV3\\/2161",
            "cookies": 0,
            "fingerprinting": 0,
            "subdomains": [
                "cdn2"
            ],
            "apis": {},
            "sites": 2,
            "prevalence": 0.0000135,
            "cnames": [],
            "responseHashes": [
                "980e0b45f89881c22e14a1a30b2f628777c090940aac63395d99b29440d88119"
            ],
            "type": "Image",
            "firstPartyCookies": {},
            "firstPartyCookiesSent": {},
            "exampleSites": [
                "simonandschuster.com",
                "www.simonandschuster.com"
            ]
        }
    ],
    "categories": [],
    "performance": {},
    "cookies": 0.00000676,
    "topInitiators": [
        {
            "domain": "ajax.googleapis.com",
            "prevalence": 0.38235294117647056
        },
        {
            "domain": "googletagmanager.com",
            "prevalence": 0.3235294117647059
        },
        {
            "domain": "tiqcdn.com",
            "prevalence": 0.14705882352941177
        },
        {
            "domain": "first party",
            "prevalence": 0.058823529411764705
        },
        {
            "domain": "cookielaw.org",
            "prevalence": 0.058823529411764705
        },
        {
            "domain": "d29g5yx5nppkhx.cloudfront.net",
            "prevalence": 0.029411764705882353
        }
    ],
    "types": {
        "Script": 11,
        "Image": 6
    },
    "nameservers": [
        "ns-175.awsdns-21.com",
        "ns-577.awsdns-08.net",
        "ns-1590.awsdns-06.co.uk",
        "ns-1393.awsdns-46.org"
    ]
}