{
    "domain": "fareharbor.com",
    "owner": {},
    "source": [
        "DuckDuckGo-US"
    ],
    "prevalence": 0.000115,
    "sites": 17,
    "subdomains": [],
    "cnames": [],
    "fingerprinting": 1,
    "resources": [
        {
            "rule": "fareharbor\\.com\\/embeds\\/api\\/v1\\/",
            "cookies": 0,
            "fingerprinting": 1,
            "subdomains": [],
            "apis": {
                "window.innerWidth": 9,
                "Navigator.prototype.maxTouchPoints": 9,
                "window.localStorage": 9
            },
            "sites": 10,
            "prevalence": 0.0000678,
            "cnames": [],
            "responseHashes": [
                "081644da0a772442bcb77a2ec57d61fd4003a922f82947e7276f6f075354ac40"
            ],
            "type": "Script",
            "firstPartyCookies": {},
            "firstPartyCookiesSent": {},
            "exampleSites": [
                "lakecomotravel.com",
                "untappedcities.com",
                "www.hawaii-guide.com",
                "www.pebblebeach.com",
                "www.raleys.com",
                "www.seapines.com",
                "www.sundanceresort.com",
                "www.touristengland.com",
                "www.vinow.com",
                "www.westgateresorts.com"
            ]
        },
        {
            "rule": "fareharbor\\.com\\/embeds\\/cart\\/",
            "cookies": 0.000061,
            "fingerprinting": 0,
            "subdomains": [],
            "apis": {},
            "sites": 9,
            "prevalence": 0.000061,
            "cnames": [],
            "responseHashes": [
                "ed29933e9ef2fa9a25888f9acc866cbcb03a95897c686fa18f76d4642bb62da1",
                "9fae7700bb90c0f6bab159c124703aa423c84c26b2b0fb5dcc4a670de17527ae",
                "5b9bbf6585702e25fcae948d79295edb256bc5029840ffd8df961e962af5ad4b",
                "4ac0883f04a3a93ea3ca4a45ac6bf9c1396087dc09a50303687c3c0e51887a70",
                "771762d009940472a3c32f13de5ae951f2bc5dafec64a848673108bc40688fa4",
                "31ab8b6731d02277982a36542612a42a8425590ef3d365c8d221c5e7e9514386",
                "a9501b3bd694403ddcbd5fd3ab9d4a0e7eb1bfd37aac0d88195fd086f108b2df",
                "3d2d1873388224d9b609fd73d28a4c56e7162bf50cf14456228a6a7d85fe88e1"
            ],
            "type": "Document",
            "firstPartyCookies": {},
            "firstPartyCookiesSent": {
                "_ga": 0.00002033181522446324
            },
            "exampleSites": [
                "lakecomotravel.com",
                "untappedcities.com",
                "www.pebblebeach.com",
                "www.raleys.com",
                "www.seapines.com",
                "www.sundanceresort.com",
                "www.touristengland.com",
                "www.vinow.com",
                "www.westgateresorts.com"
            ]
        },
        {
            "rule": "fareharbor\\.com\\/static\\/jstranslation\\/en-us\\/djangojs\\.js",
            "cookies": 0,
            "fingerprinting": 0,
            "subdomains": [],
            "apis": {},
            "sites": 9,
            "prevalence": 0.000061,
            "cnames": [],
            "responseHashes": [
                "c53fbb5e9efaaccd1bbb445b5488bcc126d0e0eebbcd9db77d65b33a30a4f31a"
            ],
            "type": "Script",
            "firstPartyCookies": {},
            "firstPartyCookiesSent": {},
            "exampleSites": [
                "lakecomotravel.com",
                "untappedcities.com",
                "www.pebblebeach.com",
                "www.raleys.com",
                "www.seapines.com",
                "www.sundanceresort.com",
                "www.touristengland.com",
                "www.vinow.com",
                "www.westgateresorts.com"
            ]
        }
    ],
    "categories": [],
    "performance": {},
    "cookies": 0.000108,
    "topInitiators": [
        {
            "domain": "dp58aslhmbcib.cloudfront.net",
            "prevalence": 0.48484848484848486
        },
        {
            "domain": "first party",
            "prevalence": 0.45454545454545453
        },
        {
            "domain": "googletagmanager.com",
            "prevalence": 0.06060606060606061
        }
    ],
    "types": {
        "Script": 19,
        "Document": 9
    },
    "nameservers": [
        "ns-246.awsdns-30.com",
        "ns-583.awsdns-08.net",
        "ns-1331.awsdns-38.org",
        "ns-1993.awsdns-57.co.uk"
    ]
}