{
    "domain": "fareharbor.com",
    "owner": {},
    "source": [
        "DuckDuckGo-US"
    ],
    "prevalence": 0.000163,
    "sites": 24,
    "subdomains": [],
    "cnames": [],
    "fingerprinting": 1,
    "resources": [
        {
            "rule": "fareharbor\\.com\\/embeds\\/api\\/v1\\/",
            "cookies": 0,
            "fingerprinting": 1,
            "subdomains": [],
            "apis": {
                "window.innerWidth": 13,
                "Navigator.prototype.maxTouchPoints": 13,
                "window.localStorage": 13
            },
            "sites": 13,
            "prevalence": 0.0000882,
            "cnames": [],
            "responseHashes": [
                "618c9cf1d8edd0ab76b3917cc024ff8ab3102b1b0a0dd96dfb2adaea740eae17"
            ],
            "type": "Script",
            "firstPartyCookies": {},
            "firstPartyCookiesSent": {},
            "exampleSites": [
                "hoteldel.com",
                "king-ranch.com",
                "olesmoky.com",
                "untappedcities.com",
                "wolf.org",
                "www.centralpark.com",
                "www.hawaii-guide.com",
                "www.pebblebeach.com",
                "www.puertovallarta.net",
                "www.raleys.com",
                "www.sundanceresort.com",
                "www.touristengland.com",
                "www.westgateresorts.com"
            ]
        },
        {
            "rule": "fareharbor\\.com\\/embeds\\/cart\\/",
            "cookies": 0.0000882,
            "fingerprinting": 0,
            "subdomains": [],
            "apis": {},
            "sites": 13,
            "prevalence": 0.0000882,
            "cnames": [],
            "responseHashes": [
                "1114c147dc18077be3b9ccf68c2d2c68327496168309a253017f7a677576a25b",
                "ec13e194149764a3c6cf162e8a1ad848c1da30de5cdfd5508dc623086b6d1a6f",
                "92ef45572ade44324ecd31d36fa976268d5e36f30e165cfdc421fd266ec7c36c",
                "fb5b5e5aec2d6f985b4278c8e72e992e40dd0152325f76fd74d78e1ff905752f",
                "349af9a5a30ca5063cf2e4a965b8e03ab17b5e54a1abb9298be0af0fcc67971a",
                "d847d91241b79c1d251d80de712018df309a8ed9823756101bddf718d1a26b26",
                "69f6b8c8ef3cbd90043758093b1d7e1d2756d9ab515521cf3cd56f4145cd0be4",
                "a689f15d016ac3f92b7fceedc46f439480c6cfa1bd9d70c41bdd8840552ab538",
                "34227544ac8d295995d6430c8ce07e7299b77ab36007b7a5bc052f0055bcf2fa",
                "0691cdbd162113c09c106e6737c9933d168653b8b297a70e463b3d56bcc1a61f",
                "c97c1654b8f74431ec8ea77b669d276c020ec084b28ff65d0b88235f1db90a5b"
            ],
            "type": "Document",
            "firstPartyCookies": {},
            "firstPartyCookiesSent": {
                "_ga": 0.00002712600027126
            },
            "exampleSites": [
                "hoteldel.com",
                "king-ranch.com",
                "olesmoky.com",
                "untappedcities.com",
                "wolf.org",
                "www.centralpark.com",
                "www.hawaii-guide.com",
                "www.pebblebeach.com",
                "www.puertovallarta.net",
                "www.raleys.com",
                "www.sundanceresort.com",
                "www.touristengland.com",
                "www.westgateresorts.com"
            ]
        },
        {
            "rule": "fareharbor\\.com\\/static\\/jstranslation\\/en-us\\/djangojs\\.js",
            "cookies": 0,
            "fingerprinting": 0,
            "subdomains": [],
            "apis": {},
            "sites": 12,
            "prevalence": 0.0000814,
            "cnames": [],
            "responseHashes": [
                "da9268f3dcb7e43d05af19d75031accb23f380c6f2c57baee4cac2c7ce2b2c19"
            ],
            "type": "Script",
            "firstPartyCookies": {},
            "firstPartyCookiesSent": {},
            "exampleSites": [
                "hoteldel.com",
                "king-ranch.com",
                "olesmoky.com",
                "untappedcities.com",
                "wolf.org",
                "www.centralpark.com",
                "www.pebblebeach.com",
                "www.puertovallarta.net",
                "www.raleys.com",
                "www.sundanceresort.com",
                "www.touristengland.com",
                "www.westgateresorts.com"
            ]
        }
    ],
    "categories": [],
    "performance": {},
    "cookies": 0.000163,
    "topInitiators": [
        {
            "domain": "first party",
            "prevalence": 0.4897959183673469
        },
        {
            "domain": "dp58aslhmbcib.cloudfront.net",
            "prevalence": 0.46938775510204084
        },
        {
            "domain": "googletagmanager.com",
            "prevalence": 0.04081632653061224
        }
    ],
    "types": {
        "Script": 25,
        "Document": 13
    },
    "nameservers": [
        "ns-583.awsdns-08.net",
        "ns-1993.awsdns-57.co.uk",
        "ns-246.awsdns-30.com",
        "ns-1331.awsdns-38.org"
    ]
}