{
    "domain": "fartmoda.com",
    "owner": {},
    "source": [
        "DuckDuckGo-US"
    ],
    "prevalence": 0.000182,
    "sites": 22,
    "subdomains": [
        "cdn",
        "track",
        "sw"
    ],
    "cnames": [],
    "fingerprinting": 1,
    "resources": [
        {
            "rule": "fartmoda\\.com\\/Usqs6d6Ukz8gq\\/jbMsAJo8it3sScqXrAG1jpt",
            "cookies": 0.0000663,
            "fingerprinting": 1,
            "subdomains": [
                "cdn"
            ],
            "apis": {
                "Notification.permission": 7,
                "Navigator.prototype.language": 8,
                "Navigator.prototype.userAgent": 8,
                "Date.prototype.getTime": 8,
                "Document.cookie setter": 8
            },
            "sites": 8,
            "prevalence": 0.0000663,
            "cnames": [],
            "responseHashes": [
                "6f1f332869b613258550f57d27fce13fd57d1b4f63b911aa7458cb444e3ecb3b",
                "69682e8b528bdc755154f24b88662348797f63eba0171892c700c921813aed37",
                "dce5a971806678f58a6615c8b6a8b4e510d0571a01668ca646e36f2ac8f15b25",
                "26a5ceb191636b5be1bb744be175cff28b16c1273ebc35c8db7e2d3c70baf0c8",
                "19e89c1430cc3417ef4686dfecf4a8fa83a7aed735583de3b7927e21e0051d68",
                "8d5466043714092df5087b17d114e5093a298c1229912bca959db8720f94c88d",
                "757b205fde7ac124bbe899233293ddd0f1f883710bd1217d25898cdc221fe888"
            ],
            "type": "Script",
            "firstPartyCookies": {
                "webPush.Interval": {
                    "ttl": 3603,
                    "length": 1,
                    "prevalence": 0.000066333891643588,
                    "uniqueness": 0.125
                }
            },
            "firstPartyCookiesSent": {},
            "exampleSites": [
                "boobliks.pro",
                "boombo.biz",
                "bufera.club",
                "nagih.biz",
                "photochki.pro",
                "sisigo.info",
                "siskins.club",
                "telochki.org"
            ]
        },
        {
            "rule": "fartmoda\\.com\\/lctm\\/",
            "cookies": 0,
            "fingerprinting": 0,
            "subdomains": [
                "track"
            ],
            "apis": {},
            "sites": 12,
            "prevalence": 0.0000995,
            "cnames": [],
            "responseHashes": [
                "2e6bda5dee9fca2a4f4309b274e19923fe3a9e09ce8158c6c7237dd722970684"
            ],
            "type": "Fetch",
            "firstPartyCookies": {},
            "firstPartyCookiesSent": {},
            "exampleSites": [
                "boobliks.pro",
                "boombo.biz",
                "bufera.club",
                "dojki.xxx",
                "hobby.porn",
                "nagih.biz",
                "photochki.pro",
                "sex-kadr.tv",
                "sisigo.info",
                "siskins.club",
                "telochki.org",
                "xcadr.tv"
            ]
        },
        {
            "rule": "fartmoda\\.com\\/sw\\/sw2",
            "cookies": 0,
            "fingerprinting": 0,
            "subdomains": [
                "sw"
            ],
            "apis": {},
            "sites": 12,
            "prevalence": 0.0000995,
            "cnames": [],
            "responseHashes": [
                "6417c7ade96193f61dc6cc35946caad303a27969dbef3de9c16cd20479b658ba"
            ],
            "type": "Other",
            "firstPartyCookies": {},
            "firstPartyCookiesSent": {},
            "exampleSites": [
                "boobliks.pro",
                "boombo.biz",
                "bufera.club",
                "dojki.xxx",
                "hobby.porn",
                "nagih.biz",
                "photochki.pro",
                "sex-kadr.tv",
                "sisigo.info",
                "siskins.club",
                "telochki.org",
                "xcadr.tv"
            ]
        }
    ],
    "categories": [],
    "performance": {},
    "cookies": 0.000174,
    "topInitiators": [
        {
            "domain": "first party",
            "prevalence": 1
        }
    ],
    "types": {
        "Script": 8,
        "Fetch": 12,
        "Other": 12
    },
    "nameservers": [
        "ns15.domaincontrol.com",
        "ns16.domaincontrol.com"
    ]
}