{
    "domain": "fatmedia.io",
    "owner": {},
    "source": [
        "DuckDuckGo-US"
    ],
    "prevalence": 0.000147,
    "sites": 19,
    "subdomains": [
        "analytics",
        "tr"
    ],
    "cnames": [],
    "fingerprinting": 1,
    "resources": [
        {
            "rule": "fatmedia\\.io\\/",
            "cookies": 0,
            "fingerprinting": 1,
            "subdomains": [
                "analytics",
                "tr"
            ],
            "apis": {
                "Screen.prototype.width": 3,
                "Screen.prototype.height": 3,
                "Navigator.prototype.plugins": 3
            },
            "sites": 13,
            "prevalence": 0.000101,
            "cnames": [],
            "responseHashes": [
                "97e4d2c78d82a09599023b5092d3896a7c98608fb0199319c43ba7b76de8a011",
                "2bece7c36d085682f7ea765221b9bb0b6aeda5c31b3c04b0cc97b153c84b4a68",
                "b887b06df45c7e1938ed12f8c0f556967b476547904a38d408b07bfc040230ae",
                "cd63bb1bc816343ca305ca978181d974659164f968b1e2f984cc1bffd5548030",
                "03256fb568c64e2a78e133c55d0272dff3291b4bb152d6536d246d34e9094966",
                "01331cb8c798496013e5b9833ad12b787c8bd6ae8cd275ffe75f6db721ca7b55"
            ],
            "type": "Script",
            "firstPartyCookies": {},
            "firstPartyCookiesSent": {
                "IR_gbd": 0.000007754162046478447
            },
            "exampleSites": [
                "kaspersky.com",
                "usa.kaspersky.com",
                "www.analuisa.com",
                "www.aquasana.com",
                "www.ashampoo.com",
                "www.bader.de",
                "www.bdfugue.com",
                "www.flexjobs.com",
                "www.france-mineraux.fr",
                "www.kaspersky.com",
                "www.naturzeit.com",
                "www.rumundco.de",
                "www.statelinetack.com"
            ]
        },
        {
            "rule": "fatmedia\\.io\\/ctl",
            "cookies": 0.0000698,
            "fingerprinting": 0,
            "subdomains": [
                "analytics",
                "tr"
            ],
            "apis": {},
            "sites": 9,
            "prevalence": 0.0000698,
            "cnames": [],
            "responseHashes": [
                "129bd565d4ca320513f4b66f1a7cc0a361b984b81b221da2709f2ac570f1f7c7",
                "4164597e831cc5133b88bc9156bdc55f7f7262838855b8a66fe6795e16373abc",
                "fd2ab3e8b7bc583ee898202d085c6618c56b351a93b50ee907679a41c8ca30f1",
                "0ba016c366ed6b5336437796923f66c9420f66c9c775a07461e8876de35edd3b",
                "b16a0bbaf8bb7a74a84ebfe4d2f60d8a823dbf2b1df6a9c236fedf86b506c186",
                "41e1f89e7c89a055b4676144490d73f5e5481d716d8cd3b9cd6847798e4a2a81",
                "f72b04df71379380cb52bf9aed6125b054cec23a6887c4345d41c3d5413d4b06",
                "457c2ee915a948c04540ef2120a8d8522d852a571a99f250bdfeb3cc64baf292"
            ],
            "type": "Script",
            "firstPartyCookies": {},
            "firstPartyCookiesSent": {
                "IR_gbd": 0.000015508324092956893
            },
            "exampleSites": [
                "kaspersky.com",
                "www.aquasana.com",
                "www.ashampoo.com",
                "www.bader.de",
                "www.bdfugue.com",
                "www.flexjobs.com",
                "www.france-mineraux.fr",
                "www.kaspersky.com",
                "www.rumundco.de"
            ]
        }
    ],
    "categories": [],
    "performance": {},
    "cookies": 0.000116,
    "topInitiators": [
        {
            "domain": "first party",
            "prevalence": 0.42105263157894735
        },
        {
            "domain": "kaspersky.de",
            "prevalence": 0.15789473684210525
        },
        {
            "domain": "googletagmanager.com",
            "prevalence": 0.15789473684210525
        },
        {
            "domain": "tradedoubler.com",
            "prevalence": 0.10526315789473684
        },
        {
            "domain": "usercentrics.eu",
            "prevalence": 0.05263157894736842
        },
        {
            "domain": "dwin1.com",
            "prevalence": 0.05263157894736842
        },
        {
            "domain": "belboon.com",
            "prevalence": 0.05263157894736842
        }
    ],
    "types": {
        "Script": 22
    },
    "nameservers": [
        "ns-de.1and1-dns.de",
        "ns-de.1and1-dns.com",
        "ns-de.1and1-dns.biz",
        "ns-de.1and1-dns.org"
    ]
}