{
    "domain": "feedify.info",
    "owner": {},
    "source": [
        "DuckDuckGo-US"
    ],
    "prevalence": 0.000108,
    "sites": 16,
    "subdomains": [
        "settings"
    ],
    "cnames": [],
    "fingerprinting": 0,
    "resources": [
        {
            "rule": "feedify\\.info\\/thirdparty\\/json\\/setting\\/",
            "cookies": 0,
            "fingerprinting": 0,
            "subdomains": [
                "settings"
            ],
            "apis": {},
            "sites": 10,
            "prevalence": 0.0000677,
            "cnames": [],
            "responseHashes": [
                "b5256895acbbd8c25cc28972afa2ef07ce4e64d890662989fef350f8c61bac1d",
                "58c8b4b658a7dd5c0a245be999f485a828c36272c3b0ba6293b9d3de73e08579",
                "7f98ef971b8b6ca18102f1547b9c638f2059f233e86f502123896bdb98939e6c",
                "03860191de47d8405c264984473ef23aea842dead3964a272a581085ca690e3a",
                "598b203f93931f6fbbebc9245a3af97f64050796f65acdb5936643e0e973437b",
                "a3b679185e5e1c937c5466425c7c9dfd2bf0adfaeb745659222030a628ed48b4",
                "1d8a9ef12d08463e7e734613b1aa380e858e2d578e3a43d597f12dc9b41f574c",
                "23d181a0e2811605f9ef366eedb0ad83905da47bc25b103d9019565141e0b1c0"
            ],
            "type": "Script",
            "firstPartyCookies": {},
            "firstPartyCookiesSent": {},
            "exampleSites": [
                "kuyou.id",
                "m.ragalahari.com",
                "sarkariresult.co.com",
                "wisden.com",
                "www.aplustopper.com",
                "www.indiatvnews.com",
                "www.learninsta.com",
                "www.ncertbooks.guru",
                "www.news9live.com",
                "www.successcds.net"
            ]
        },
        {
            "rule": "feedify\\.info\\/thirdparty\\/json\\/setting",
            "cookies": 0,
            "fingerprinting": 0,
            "subdomains": [
                "settings"
            ],
            "apis": {},
            "sites": 3,
            "prevalence": 0.0000203,
            "cnames": [],
            "responseHashes": [
                "5784e91adc8a47e7e2b2df6f1d01319052dde9e2b8372993b8f8ee8948b6b643"
            ],
            "type": "Fetch",
            "firstPartyCookies": {},
            "firstPartyCookiesSent": {},
            "exampleSites": [
                "aplustopper.com",
                "www.aplustopper.com",
                "www.ncertbooks.guru"
            ]
        }
    ],
    "categories": [],
    "performance": {},
    "cookies": 0,
    "topInitiators": [
        {
            "domain": "feedify.net",
            "prevalence": 1
        }
    ],
    "types": {
        "Script": 10,
        "Fetch": 3
    },
    "nameservers": [
        "nova.ns.cloudflare.com",
        "finley.ns.cloudflare.com"
    ]
}