{
    "domain": "forumhelden.de",
    "owner": {},
    "source": [
        "DuckDuckGo-US"
    ],
    "prevalence": 0.0000811,
    "sites": 12,
    "subdomains": [
        "js"
    ],
    "cnames": [],
    "fingerprinting": 0,
    "resources": [
        {
            "rule": "forumhelden\\.de\\/js\\/apaapi\\.js",
            "cookies": 0,
            "fingerprinting": 0,
            "subdomains": [
                "js"
            ],
            "apis": {},
            "sites": 9,
            "prevalence": 0.0000608,
            "cnames": [],
            "responseHashes": [
                "4c66b39bb92e5eed4b1644535545190c043447696dc0fe59b6e237484e3d157e"
            ],
            "type": "Script",
            "firstPartyCookies": {},
            "firstPartyCookiesSent": {},
            "exampleSites": [
                "uhrforum.de",
                "www.autoextrem.de",
                "www.dasheimwerkerforum.de",
                "www.ford-forum.de",
                "www.mercedes-forum.com",
                "www.pedelecforum.de",
                "www.skodacommunity.de",
                "www.usp-forum.de",
                "www.win-10-forum.de"
            ]
        },
        {
            "rule": "forumhelden\\.de\\/apaapi\\.php",
            "cookies": 0,
            "fingerprinting": 0,
            "subdomains": [
                "js"
            ],
            "apis": {},
            "sites": 9,
            "prevalence": 0.0000608,
            "cnames": [],
            "responseHashes": [
                "3b5b29f1f7e59914a56136bc9df5e1384bd31542abcb6b41bbc9a468d21d0d20",
                "0d73df8bee6ba394e993e18b9507c3830a7e7b482e7b67645218ef8b4c2d6d26",
                "8c00edcbc4d36910ec7f35269ffb81fa79333da1213fce87927ce04145bf0e02",
                "c7a73ab34d435dc187b6296d6b6dafa63bff67c220643b60b796c3907c0a305a",
                "32989735b1125d2d16fac580f43b72bc701b255f0113f79db1de849e398ca2ad",
                "13a4123dcb341e506e8b552381e053b931c728e9a5294ba4f62e85137a3b3762",
                "94871bce196139d0f5496d77a6d7d03a88e73a02d5be26c9c1ad291fcb8d2161",
                "95c3933e9a9dab07405a121393427c3637e9f0294d59c64b41c38e6b7dcbbe8c"
            ],
            "type": "XHR",
            "firstPartyCookies": {},
            "firstPartyCookiesSent": {},
            "exampleSites": [
                "uhrforum.de",
                "www.autoextrem.de",
                "www.dasheimwerkerforum.de",
                "www.ford-forum.de",
                "www.mercedes-forum.com",
                "www.pedelecforum.de",
                "www.skodacommunity.de",
                "www.usp-forum.de",
                "www.win-10-forum.de"
            ]
        }
    ],
    "categories": [],
    "performance": {},
    "cookies": 0,
    "topInitiators": [
        {
            "domain": "first party",
            "prevalence": 1
        }
    ],
    "types": {
        "Script": 9,
        "XHR": 9
    },
    "nameservers": [
        "lee.ns.cloudflare.com",
        "dell.ns.cloudflare.com"
    ]
}