{
    "domain": "fotomoto.com",
    "owner": {},
    "source": [
        "DuckDuckGo-US"
    ],
    "prevalence": 0.0000946,
    "sites": 14,
    "subdomains": [
        "www",
        "widget"
    ],
    "cnames": [],
    "fingerprinting": 0,
    "resources": [
        {
            "rule": "fotomoto\\.com\\/analytics\\/toolbar\\.html",
            "cookies": 0,
            "fingerprinting": 0,
            "subdomains": [
                "www"
            ],
            "apis": {},
            "sites": 7,
            "prevalence": 0.0000473,
            "cnames": [],
            "responseHashes": [],
            "type": "Document",
            "firstPartyCookies": {},
            "firstPartyCookiesSent": {},
            "exampleSites": [
                "dentonrc.com",
                "tylerpaper.com",
                "www.dailyherald.com",
                "www.news-journal.com",
                "www.rutlandherald.com",
                "www.wenatcheeworld.com",
                "www.wvgazettemail.com"
            ]
        },
        {
            "rule": "fotomoto\\.com\\/cart\\/get_data\\/",
            "cookies": 0,
            "fingerprinting": 0,
            "subdomains": [
                "widget"
            ],
            "apis": {},
            "sites": 7,
            "prevalence": 0.0000473,
            "cnames": [],
            "responseHashes": [
                "8e93349045c292abefc8570cfd48917319ff51e567f1192982e6187d56f8bc13"
            ],
            "type": "Script",
            "firstPartyCookies": {},
            "firstPartyCookiesSent": {
                "fotomoto_cart_skey_aa298da98ff0f0892b52466056f3b92178d62798": 0.000006757943963128658,
                "fotomoto_cart_skey_73611611ea1d0bcec60e425cefb2dde48568e237": 0.000006757943963128658,
                "fotomoto_cart_skey_6516d00984933175769c2400a79cb6866b8ee643": 0.000006757943963128658,
                "fotomoto_cart_skey_20cfbdb6db48a8797384269f23f0e0a1c64fa63a": 0.000006757943963128658,
                "fotomoto_cart_skey_99b26693405e932647ec5be36216fd29f5f5463b": 0.000006757943963128658,
                "fotomoto_cart_skey_fad5e46ad77006008e7a7941a0116de466bfb31c": 0.000006757943963128658,
                "fotomoto_cart_skey_1b857e167f1ad2f1969abb5910ace2d08a063066": 0.000006757943963128658
            },
            "exampleSites": [
                "dentonrc.com",
                "tylerpaper.com",
                "www.dailyherald.com",
                "www.news-journal.com",
                "www.rutlandherald.com",
                "www.wenatcheeworld.com",
                "www.wvgazettemail.com"
            ]
        }
    ],
    "categories": [],
    "performance": {},
    "cookies": 0,
    "topInitiators": [
        {
            "domain": "first party",
            "prevalence": 0.4
        },
        {
            "domain": "adlightning.com",
            "prevalence": 0.3142857142857143
        },
        {
            "domain": "static-fotomoto-com.s3.amazonaws.com",
            "prevalence": 0.2571428571428571
        },
        {
            "domain": "d3plfjw9uod7ab.cloudfront.net",
            "prevalence": 0.02857142857142857
        }
    ],
    "types": {
        "Document": 7,
        "Script": 7
    },
    "nameservers": [
        "ns-240.awsdns-30.com",
        "ns-910.awsdns-49.net",
        "ns-1098.awsdns-09.org",
        "ns-1907.awsdns-46.co.uk"
    ]
}