{
    "domain": "fptls.com",
    "owner": {},
    "source": [
        "DuckDuckGo-US"
    ],
    "prevalence": 0.000535,
    "sites": 79,
    "subdomains": [
        "use1",
        "eun1",
        "aps1"
    ],
    "cnames": [],
    "fingerprinting": 0,
    "resources": [
        {
            "rule": "fptls\\.com\\/",
            "cookies": 0,
            "fingerprinting": 0,
            "subdomains": [
                "use1",
                "eun1",
                "aps1"
            ],
            "apis": {},
            "sites": 50,
            "prevalence": 0.000339,
            "cnames": [],
            "responseHashes": [
                "2122bba6f8a213a48cbe8d4f97f9ce77721f052a5c033b4f41f77b45305579f5",
                "3c8ba9c3a5d127631f53d53377826db7e177af6633ac1cbaf4e58b355436fcd6",
                "2d1eaf13a55f97115a78ba74ffdaf25f18fa4594646db43b9d5ea9bb98c33cce",
                "54a57847b088095e496f1fe0c86b962f03208e4a353db71e96550bfed3a3372b",
                "ce5d8637f20314bb9fa53f6643bf2bb0238f227ea10ee74ed48bf8ff115ae6c2",
                "b6f7e25f7b3f3dc933baca0dd3f30f4d4edf4b6b16f30963b32b806e7553da94",
                "c41e73c4140576b10fc098a9087abf652fd5fb60658606357d98026c8fd03bce",
                "470eba35a2cc4fc26782015f2cb6191e0edd73ffc32f39151997b27b227630c0",
                "2a4e938bbbc747f88140d951009a3271fa85a3d644f40f51b940e1e36329bcdf",
                "0a74c82a418b432357f9c57a30282bfc86d87f6aba37ac403a8f72c9f23fdcf2",
                "7a328d0e8d0462f83960ca4f253c5e7d1ddb50edc6a622ad8150e8c6154eb4c3",
                "953bc6aa7fc6344e15a4a32815eb19ee6588f029355f5ce4c1760e52a7981817",
                "71229acf07170026e4674e0208a43228fec37a3182751437f9766512d9c77f85",
                "60959e7cd0fef6b27c2210e4efa641c44517f04215fb6af58fd8ae55659f58f9",
                "14f84094a938379b322ffe516990967a45621234f0bf3caace756c74edae5d8f",
                "d0d4a8ca882e82a98e44b2885f3dc9312f09cf92d5a83e9aae04533871d44b78",
                "0d1ad50e9e54b8bc140a017661b190ed48694f93b24e76675edc5e1691109723",
                "4be0225f8c9665eca7caedd70173992bef4fa909e901f5b6efb8e9d9a9bec662",
                "a401cb32a59fb6df43799057b87c6043e5723bd52dba0209446f83bfb5c48e48",
                "130c7f693a93a83afb3744340ef7bae87f6ac339e7e6a170ec4077384ab65da6",
                "11c0ee26f6ddddaf7d6b250fc9f7b3f6fc3386a36c49636e46dfdd24ff42ce53",
                "8f54a0f57040a3a8f8da0cabd894815d0f0c187acdd7b301e808d749a808b6bd",
                "3fa78f4364deb922b6b1466bbb1045c3e52c14eb6476d7a8ea832e3a9bc71207",
                "90d166e685df50e93c99e606a23e31534a7bf3e25bcfc90ba8a3ebdc4867b5e5",
                "5c054cdb0384cb93a8b4684711e17d878f5174ca6936d59b6833b2e3c5904635",
                "2b47b0d6e252f2fa3e0882fac05305d97a97d016241fd81d06e3c612a175eb75",
                "c09fd8cb3cd41785f740d9092a81059db54ef4e853417c1765988b7d6fa61b5a",
                "181abbaaa3a2dbd1b3f6d0875d6a772a63cf7050895f76694f229ee8bda5980d",
                "5a419478be55c0d53fc674cc59b8cf34233123715f128b0d75c9d917f067a3d6",
                "cba679e49c7c724f9becbbd2c20a6ed4059f208a3dc7945b6421caf58dbf290d",
                "0e18e894daf3f2f922090de5c21a02c180a28d64e58e9a927badd1c250cff304",
                "cb28dda5d7ece9e448aa4e852e5b2f6ddcfa7bb6fb6b2d4d481787acc649dd34",
                "244a409f659619db6706569ff06acf6e69ec885eb6d7ab4d43c36aface4fed07",
                "505865f0050cddb35621ef877356e76e87a9ab9b606c97d52d7b84982ae8f753",
                "74b9f323d45009384889e1d80c3e2501d39955519514f4c8b9ac17fcaaf95d6e",
                "81f70a7172f48e892af4982be531652c5f878cb3615306817f17c1c0fd34a591",
                "24759629644761dca7fb19a1c82ab7828113915be68872c5d02497b049a71bef",
                "df2f07730fea18f418f96ac229858c9fe857b3ca3ee0bc17982ec6f507607474",
                "2078c2adb2830610b489c02e5d06d5e5e8287cf557fe44ac70c73ead298c4046",
                "a2f291459d2592ff7bc61df7521637cfb087206ce900028e761360e7c415fdaf",
                "eca333c7ecb1af9a7a1886342d3d951f43791ca6cd4889fcd690052fef753d3f",
                "a143db9f24f3bfc3a0675a8ee2dd5dc69fba78ffe1f9ee8671d65826af52932a",
                "e3e865aec7252475c9aaef229f99ab89bf2a6ed84d9908faf0800658969d7240",
                "e8467552f395fb653afc9f348371e6786b79d0310d0989716c406cfa8513242b",
                "def0ebc476e88796903f94e998fe65c83fd3c3bcf270e36a3ec206d2d67fbcf3",
                "6e38aa0f71a48fb41fc5738c9c655d51e22a57aa0da49a580d3b014262f3ffbe",
                "e2f048214f2fa35768184ba3cb28f8c1d3b53b3231300ef6047e94960bcdafd4",
                "5d3fb4aba17b75c628c26c431a3f0a10f2af1ff51893e93b541d5b9f2002b377",
                "21719bf7fd1c5bba0b61254df8146930e264e0985c18602c18bc6f52247b4e06"
            ],
            "type": "XHR",
            "firstPartyCookies": {},
            "firstPartyCookiesSent": {},
            "exampleSites": [
                "www.indianxxxbf.com",
                "www.banglachotikahinii.com",
                "www.crexi.com",
                "www.lews.com",
                "www.oclc.org",
                "www.tamilscandals2.com",
                "cannacabana.com",
                "dundle.com",
                "govtribe.com",
                "www.freesexkahani.com",
                "www.rvt.com",
                "www.smokecartel.com",
                "www.justfly.com",
                "www.kambimalayalamkathakal.com",
                "www.tamilkamaveri.com",
                "www.hindibfvideo.com",
                "www.xxxvideoindian.com",
                "www.familyleisure.com",
                "www.villagesexvideos.com",
                "adobe.com"
            ]
        }
    ],
    "categories": [],
    "performance": {},
    "cookies": 0,
    "topInitiators": [
        {
            "domain": "fpnpmcdn.net",
            "prevalence": 0.6972477064220184
        },
        {
            "domain": "first party",
            "prevalence": 0.1559633027522936
        },
        {
            "domain": "shopify.com",
            "prevalence": 0.05504587155963303
        },
        {
            "domain": "trackjs.com",
            "prevalence": 0.03669724770642202
        },
        {
            "domain": "fpcdn.io",
            "prevalence": 0.03669724770642202
        },
        {
            "domain": "msecnd.net",
            "prevalence": 0.01834862385321101
        }
    ],
    "types": {
        "XHR": 50
    },
    "nameservers": [
        "ns-663.awsdns-18.net",
        "ns-313.awsdns-39.com",
        "ns-1824.awsdns-36.co.uk",
        "ns-1401.awsdns-47.org"
    ]
}