{
    "domain": "fptls.com",
    "owner": {},
    "source": [
        "DuckDuckGo-US"
    ],
    "prevalence": 0.000427,
    "sites": 63,
    "subdomains": [
        "use1",
        "eun1"
    ],
    "cnames": [],
    "fingerprinting": 0,
    "resources": [
        {
            "rule": "fptls\\.com\\/",
            "cookies": 0,
            "fingerprinting": 0,
            "subdomains": [
                "use1",
                "eun1"
            ],
            "apis": {},
            "sites": 39,
            "prevalence": 0.000264,
            "cnames": [],
            "responseHashes": [
                "9a0d5eea5c7bc478abced26357e4acbb5aded3f2ee899057bdf128331d8b6254",
                "ac889fe6bf9a493a0fd6987e4330e48054e30b803ac4bd32bfc119cbe7c30b2a",
                "b3b13db01e6f601c9f98e5176ed82240879b482507fc5030ad637e316addf634",
                "d9866988d6d80bcbb99e514d2af21277357d012d6b80f2ecc31f37551e4943ab",
                "d367c802813efd65f4551aa0087143a69359ef5facc8e4b66b95f5e30e71ea78",
                "b004e5f33e3090a001bd3d8e69b624aae78da7e5fd302ce718459a8cca519a76",
                "6bdf5a44bc4fe02e2ca2a8d2ede48406beed05149120d3fb2d0058c6226b6851",
                "22586655427174a49ac648a4f40c9be5416329d4f9fd0cbac3930c8f27516d53",
                "04a659637b7a70c5ea7e2be39a929a1caf88817cbd9f93c6d2de120ac1478eeb",
                "7afadf93254519128d5fad0647f57712252c2c7a9a3fe578f1be4eee9647145a",
                "a9fcc8a1fa71555460ab913ad9ee2fe0bdd83537909a4ddfde8c403b3000fd92",
                "a752691548cac1022667b0d9aa06ec5f6b20adf63d8700434e5dc36e5f386fe0",
                "7a25f5784600bea025f5fa4aa345de50b0f464fcaa4b0045729e68656baf0838",
                "64255a57b78167ccf494b6e3dc659496c76fe2db08a1eaaf7777f8d4a454a86c",
                "1a730d39f9d7c836408ef9568278f4d65ba0f7019f597105aacbaf34c3a3d27c",
                "d634285893aaa2d75b80a4a71a9b8047b725e7fdc4c10e7aab9c3b5863f59d7c",
                "fc41a32e3cabe24afff79b2f59121084a54fe6f231439ac4a2f777497747f7be",
                "2fe45921e0388a7e74a231f4157473979f62e77c478146cd56c561ac7d321dd5",
                "0ed5c03644e3f5b1c80c711ca50f44411753b7ea50018c0d10a1070bb6a2f8b8",
                "50373d056bda03a91690ccc8156e79c9ed9264267e2d3a7e3ec2c25d9e60d7b5",
                "d7039822f1dda6d1b39c3a263189d76224094b76eefd9725c2b8e64a028830e9",
                "d0e049062808f1dc877a4c9f05b960521f93f5f929fbbab9316bd00ad78bba9b",
                "2c902d71b6f309b139744850502cd6d64955bd16545420d1a0d4226f5142b593",
                "feeb9f79896b2251957b81a7202eebe532367d5f80c034904696a3b192c7fa65",
                "96bff25f71adb0eb43ba6cd7235b66271580967d72006d1e621a594d121440ec",
                "81333f3edbe11163adc3cc808c4e746460519ba1f03cd648a5e49c3ae0557e01",
                "cb77b6bd769616ca0329a13c9518f7d684abae9138adb1afbbeb771852ca77d1",
                "e892a8adfa5810e7dc037cf63e28147447268109af4a2c68f079ddbee6a4ef55",
                "47071851b5e2a58d9b817cdca8d348205dffe02791f91a7b5f84e166d23e0b24",
                "01efa438281774cd27c2b89135b5ea8924eddad31f4ae79fa1fb3cefc7973975",
                "45f9c259f36a621b822cf753c776016bb1b9c6eb038d474ab8fd6cf5a5670c55",
                "f81bc59b21aedf2c248f1c01e45b1bd688eebfd32b40aaaebd6088cb289e90c2",
                "269200b0715c68cd7351285f079fcfdedc855b88f4a94e4fda56ee82a2663781",
                "84523cbbef673d7007860db14f5135e7a9abcb7fdac7d11392021ea6c5daaf79",
                "c81c3d93322c83e1eb3d4abae1cbb07b462a0b07a9c173b44ca809af047f451b",
                "57572f27abfa0834ca80525fbc5069fb7dc0fa121918b61d72ef4b64928d3808",
                "3130732215ae8135d7fa28b88114dddd230708e43a0f70fc37267b223218bbac",
                "5a718ac875c0b73c2559ecaa5add169c85b60d5201610a9abc65fd7916b8c127"
            ],
            "type": "XHR",
            "firstPartyCookies": {},
            "firstPartyCookiesSent": {},
            "exampleSites": [
                "www.ssactivewear.com",
                "www.toptoonplus.com",
                "neimanmarcus.com",
                "www.healio.com",
                "www.neimanmarcus.com",
                "www.gujaratisex.site",
                "www.hindibfvideo.com",
                "www.moonpay.com",
                "www.indianxxxbf.com",
                "www.tamilscandals2.com",
                "skillbox.ru",
                "www.flighthub.com",
                "www.telugusexvids.com",
                "www.mia3x.com",
                "www.indiansexstories2.net",
                "www.rvt.com",
                "www.kamababa.desi",
                "www.rvinsider.com",
                "www.kambimalayalamkathakal.com",
                "www.supportiv.com"
            ]
        }
    ],
    "categories": [],
    "performance": {},
    "cookies": 0,
    "topInitiators": [
        {
            "domain": "fpnpmcdn.net",
            "prevalence": 0.7159090909090909
        },
        {
            "domain": "first party",
            "prevalence": 0.125
        },
        {
            "domain": "shopify.com",
            "prevalence": 0.06818181818181818
        },
        {
            "domain": "trackjs.com",
            "prevalence": 0.045454545454545456
        },
        {
            "domain": "fpcdn.io",
            "prevalence": 0.045454545454545456
        }
    ],
    "types": {
        "XHR": 39
    },
    "nameservers": [
        "ns-1824.awsdns-36.co.uk",
        "ns-1401.awsdns-47.org",
        "ns-313.awsdns-39.com",
        "ns-663.awsdns-18.net"
    ]
}