{
    "domain": "fraud0.com",
    "owner": {},
    "source": [
        "DuckDuckGo-US"
    ],
    "prevalence": 0.000149,
    "sites": 22,
    "subdomains": [
        "bt"
    ],
    "cnames": [],
    "fingerprinting": 3,
    "resources": [
        {
            "rule": "fraud0\\.com\\/api\\/v2\\/fz\\.js",
            "cookies": 0,
            "fingerprinting": 0,
            "subdomains": [
                "bt"
            ],
            "apis": {},
            "sites": 14,
            "prevalence": 0.0000948,
            "cnames": [],
            "responseHashes": [
                "1a980071d8fa3de8cf5c62e6ed44e2691f09593d212f1af50e0482abe3e66ba7",
                "bc11eaa68a30cb228f40332844dc003d0e41e554dc46aa1182252e1fc77c4492",
                "0f8064cbdc49b32e14b21123387d6705e0208f297838f1b3ba67efa05fc6f1a9",
                "f84d2419231c0bd022260f560caedc7de58538ba4ce77433077ef74355709a17",
                "89ccc80c5f24d9a895dd9a1d0f8f5833c1c9c9119cf81e94f6c9a1765e6c3d93",
                "152795364a0dbaa42493cab1d5fe8ba6a9953c1d5c622948d6d92336d95ecd13",
                "06320df5d4cc5e08cf0ea68be6ebfc46ddbfb69175472fb911f86f14e00327bf",
                "a84191b7356e2d3a301df5ad01f21f6198974b99636ded960a0f9749a626bfca",
                "a419c1718d5652672f63e0d2a86ce513290c858e17dbac55f3024b9869dbaf15",
                "e6aeee44766f1aa84b3c6f72102b721daa9a880e62a80616939420af422a49c9",
                "f14d0b5587f9493e542c94c38e31614a79ac3e0929cb05890794098b83039eac",
                "3c28764d5da99bf5e9c3cdf66db2656b2f7d899a40d95dde8c54a8fe463153b1",
                "e2ff267235838aed03ef9a7c3d4cc681fcc45c30911525b43839d7a7d61325aa"
            ],
            "type": "Script",
            "firstPartyCookies": {},
            "firstPartyCookiesSent": {},
            "exampleSites": [
                "amavita.ch",
                "www.amavita.ch",
                "www.apollo.de",
                "www.betzold.de",
                "www.cybex-online.com",
                "www.forum-verlag.com",
                "www.freenet-mobilfunk.de",
                "www.grover.com",
                "www.ischgl.com",
                "www.karriere.at",
                "www.lindtusa.com",
                "www.lucky-bike.de",
                "www.montafon.at",
                "www.ullapopken.de"
            ]
        },
        {
            "rule": "fraud0\\.com\\/api\\/v2\\/fz_bundle\\.js",
            "cookies": 0.000088,
            "fingerprinting": 3,
            "subdomains": [
                "bt"
            ],
            "apis": {
                "Date.prototype.getTime": 14,
                "Navigator.prototype.vendor": 14,
                "OfflineAudioContext.prototype.constructor": 12,
                "CanvasRenderingContext2D.prototype.isPointInPath": 12,
                "HTMLCanvasElement.prototype.toDataURL": 12,
                "AudioBuffer.prototype.getChannelData": 12,
                "WebGLRenderingContext.prototype.getExtension": 14,
                "Screen.prototype.colorDepth": 14,
                "Document.cookie setter": 13,
                "Document.cookie getter": 13,
                "Navigator.prototype.deviceMemory": 13,
                "Navigator.prototype.hardwareConcurrency": 14,
                "window.devicePixelRatio": 14,
                "window.indexedDB": 14,
                "Navigator.prototype.connection": 13,
                "Navigator.prototype.language": 14,
                "Navigator.prototype.languages": 14,
                "window.localStorage": 14,
                "Navigator.prototype.mimeTypes": 14,
                "Navigator.prototype.permissions": 14,
                "Navigator.prototype.platform": 14,
                "Navigator.prototype.plugins": 14,
                "Navigator.prototype.productSub": 14,
                "Screen.prototype.availTop": 14,
                "Screen.prototype.width": 14,
                "Screen.prototype.availWidth": 14,
                "Screen.prototype.availLeft": 14,
                "Screen.prototype.height": 14,
                "Screen.prototype.availHeight": 14,
                "Notification.permission": 14,
                "window.sessionStorage": 14,
                "Intl.DateTimeFormat.prototype.resolvedOptions": 14,
                "Navigator.prototype.maxTouchPoints": 14,
                "Navigator.prototype.userAgent": 14,
                "Navigator.prototype.webdriver": 14,
                "WebGLRenderingContext.prototype.getParameter": 14,
                "window.outerWidth": 14,
                "window.outerHeight": 14,
                "Screen.prototype.pixelDepth": 14,
                "window.innerWidth": 14,
                "window.innerHeight": 14,
                "window.name": 14,
                "window.screenX": 14,
                "window.screenY": 14,
                "window.screenLeft": 14,
                "window.screenTop": 14,
                "document.fonts.check": 14
            },
            "sites": 14,
            "prevalence": 0.0000948,
            "cnames": [],
            "responseHashes": [
                "af5a1c77db5ed34ec482ccc395214fbf0d4401a3cd5dbea3087cb9e8c62b5f53"
            ],
            "type": "Script",
            "firstPartyCookies": {
                "cookietest": {
                    "ttl": -1679132708,
                    "length": 1,
                    "prevalence": 0.00008804068834273563,
                    "uniqueness": 0.07692307692307693
                }
            },
            "firstPartyCookiesSent": {},
            "exampleSites": [
                "amavita.ch",
                "www.amavita.ch",
                "www.apollo.de",
                "www.betzold.de",
                "www.cybex-online.com",
                "www.forum-verlag.com",
                "www.freenet-mobilfunk.de",
                "www.grover.com",
                "www.ischgl.com",
                "www.karriere.at",
                "www.lindtusa.com",
                "www.lucky-bike.de",
                "www.montafon.at",
                "www.ullapopken.de"
            ]
        },
        {
            "rule": "fraud0\\.com\\/api\\/v2\\/score",
            "cookies": 0,
            "fingerprinting": 0,
            "subdomains": [
                "bt"
            ],
            "apis": {},
            "sites": 14,
            "prevalence": 0.0000948,
            "cnames": [],
            "responseHashes": [
                "af7c1beef4902e2305bdcc370085105010c2b9e141878ddbf26b9f45fdf5e5d8",
                "ca6404e6f5cab3435facfb9f120032c78271a637acc330640b3260b41d15a762",
                "b15231476787305f83d4f9b531b34cf36e603baa9dfd85bee221188ab150e72d",
                "7158bf50f53f0e20ecc053ba8a95a5984fdf8c33b74bdaebcab0acb3c7f5c312",
                "f5ece61904fed6d753a09ecd26a78215120876af0b879f9b26bc7210f0ee39c4",
                "02f63ad085aa76b19400efb3b76898b1036a30285bd1e62951863034e21a22c5",
                "64dfbb2f5143a8743fc76cbbce9627c8527f92706c56bb68fff1651dc1910177",
                "0123b5d519b9683ebb1a6c56dd1e7ada1eaf2a7a6c5d4a90ed51123566e9c45b",
                "2fb4487023648bea56c92a6755bc3a8a549003679cf712b450e8fc5973eb62e4",
                "fca525c69065859faef86b73279fcc98730194e59b8b5d4efe71a0d1a5f8a2c7",
                "da745eb02ea88c5ef60f13ace890c0347609abb99ee7a78fbe858b49eccf8506",
                "7f97f31169942d44fa2e8d666f1eaccf4a36a4a7510226e76b95adf5755f23b2",
                "0f465c057d95cccff458e30dc2b29ae0455188512d78291ee68931efcbb6f5b9"
            ],
            "type": "XHR",
            "firstPartyCookies": {},
            "firstPartyCookiesSent": {},