{
    "domain": "gamingadult.com",
    "owner": {},
    "source": [
        "DuckDuckGo-US"
    ],
    "prevalence": 0.000132,
    "sites": 17,
    "subdomains": [
        "tm-offers",
        "tm-banners"
    ],
    "cnames": [],
    "fingerprinting": 0,
    "resources": [
        {
            "rule": "gamingadult\\.com\\/ifr\\/",
            "cookies": 0,
            "fingerprinting": 0,
            "subdomains": [
                "tm-offers"
            ],
            "apis": {},
            "sites": 9,
            "prevalence": 0.0000698,
            "cnames": [],
            "responseHashes": [
                "f1473d7dba3d2f77bf8c1b91c50e6e9088e25963ad83048822ee1990db0de9b6",
                "1dc59002c1cd5be0489977d6b1ce1a5a6a99dbb4858fc390f4dcb4eb9da492df",
                "436328eaf41ce61174e25a211fdd3901311db44a56c4a21e24c6e5153945c06d",
                "da4db9513478410dbacc0076d935ea54545460162f94a453fe76d2e39cee6e35",
                "4d8db8a9cc74f839ea6fb0e13da51726ff8745e2dd9f90f5449d6e3ba93124a8",
                "80a1156d34991bfbf9cbd22333b6fb7dd265e5acc71c7403522b5a0d8049af38",
                "d139e82e9a53ba7335dce825c7eece80f530b0f6a5fa8aa9328797e701970985",
                "b3cb467d4f02ed74e3fae200cc4a7b6bd2b57f000f614f2bc34558547fc5f32b"
            ],
            "type": "Document",
            "firstPartyCookies": {},
            "firstPartyCookiesSent": {},
            "exampleSites": [
                "animal-hentai.com",
                "arcjav.com",
                "cartoongayporn.com",
                "gaymes.net",
                "hentai-moon.com",
                "hentaibedta.net",
                "hentaiprn.com",
                "myhentaigallery.com",
                "www.naaktkrant.nl"
            ]
        },
        {
            "rule": "gamingadult\\.com\\/pixel\\/",
            "cookies": 0,
            "fingerprinting": 0,
            "subdomains": [
                "tm-offers"
            ],
            "apis": {},
            "sites": 9,
            "prevalence": 0.0000698,
            "cnames": [],
            "responseHashes": [
                "25b4ecfd3a740f29d76fe930a4cec9d41afa0cfd2bafa70ca4051bd3d5395d74"
            ],
            "type": "Image",
            "firstPartyCookies": {},
            "firstPartyCookiesSent": {},
            "exampleSites": [
                "animal-hentai.com",
                "arcjav.com",
                "cartoongayporn.com",
                "gaymes.net",
                "hentai-moon.com",
                "hentaibedta.net",
                "hentaiprn.com",
                "myhentaigallery.com",
                "www.naaktkrant.nl"
            ]
        },
        {
            "rule": "gamingadult\\.com\\/63bd63615ff0a\\.gif",
            "cookies": 0,
            "fingerprinting": 0,
            "subdomains": [
                "tm-banners"
            ],
            "apis": {},
            "sites": 2,
            "prevalence": 0.0000155,
            "cnames": [],
            "responseHashes": [
                "8df977d80c057773adb7292dab31ce2faaa47fa4087e65c10ff053267fef63f6"
            ],
            "type": "Image",
            "firstPartyCookies": {},
            "firstPartyCookiesSent": {},
            "exampleSites": [
                "hentaibedta.net",
                "www.naaktkrant.nl"
            ]
        }
    ],
    "categories": [],
    "performance": {},
    "cookies": 0,
    "topInitiators": [
        {
            "domain": "first party",
            "prevalence": 0.7941176470588235
        },
        {
            "domain": "adme-net.com",
            "prevalence": 0.14705882352941177
        },
        {
            "domain": "realsrv.com",
            "prevalence": 0.058823529411764705
        }
    ],
    "types": {
        "Document": 9,
        "Image": 11
    },
    "nameservers": [
        "dns1.registrar-servers.com",
        "dns2.registrar-servers.com"
    ]
}