{
    "domain": "gammamaximum.com",
    "owner": {
        "name": "Leven Labs, Inc. DBA Admiral",
        "displayName": "Admiral"
    },
    "source": [
        "DuckDuckGo-US"
    ],
    "prevalence": 0.00027,
    "sites": 40,
    "subdomains": [],
    "cnames": [],
    "fingerprinting": 2,
    "resources": [
        {
            "rule": "gammamaximum\\.com\\/ac595b0bd1b1f6e62ce46c2ce57c936ea6f47b8e2936dc2a3876a18eadffd94a289806f2a42865c2057288dd30b30f07490e2c6ae59ea0f801f1a13317ea",
            "cookies": 0.000135,
            "fingerprinting": 2,
            "subdomains": [],
            "apis": {
                "Navigator.prototype.userAgent": 20,
                "window.localStorage": 20,
                "window.sessionStorage": 20,
                "Date.prototype.getTimezoneOffset": 20,
                "Document.cookie getter": 20,
                "Document.cookie setter": 20,
                "Notification.permission": 20
            },
            "sites": 20,
            "prevalence": 0.000135,
            "cnames": [],
            "responseHashes": [
                "a128d1425699ff73482128e309ff9469ca077f65b64d209a152baddc0c7ce4ba",
                "b0dbd93e353eda19cfcdc69c2499193cca67ecd34f9beff8c0b53611820d1556",
                "dfd318b040af2cc788c5c81ab5cc8a4c06a53407646e73bdd8a0a12450717d95",
                "bbe3cefad2f6cb38370777aa7af8a7e339b932c10c11160d8f27703ace9f71e4",
                "87a5aafdd989a2bd6590de0efaa71a63de720f05b5268e0cb9b8bd37555e2079",
                "17e4ceec37d9f9e01e9007b1f272a540bc80f4914950e3db1bd5cb00f7611450",
                "ae957af41ee62d2d496ef319ba24ff4986833191896c86a236512223cbdd59f9",
                "6688ecd020062772f360a910020a289c7b815655770061aa6597dc54d3b2e28b",
                "21423b4062ba65c7635f0a5072b4b283120b71ef9e3aa00a42a3c97bf6f0b61b",
                "26d0f919c0e0d6aac1b715fdeb7d8d1509c742f12e983a06dac88eac7a277a35",
                "9f2285d929a2b7699748abd00b1452d32834b836987762f39adc91f2149665e4",
                "9afd49e08a6ff394e5d1332ae9860b6f949208d0c3e6b350a83268f84bfd15c4",
                "7c939538c84e7801b8abd6e6d0baebe2df8023c1534bead76b3cf046e9975f57",
                "738b4a6954cd0a78f01aa425e2e871ba86b91bd36b83ed8c230830199ab4aa03",
                "ce2981fd0f0124bdfebb883c11a276b274ed433295af33c0dce3e1d38e940e28",
                "541e2055a5f51b9f567303342dcd17c233ea7a413fafc8f5593dd14485d82ee7",
                "db751f275192a83cc4c5043def7ab834a445e3809761c4a9f6ebc7ec24b7f368",
                "9643137815ae0564008c9f191a0c35b6ff171fc0f608815cbf13de8cfc11ca7e",
                "e516795e913eb5ce36ed36bf833256f49a9036ee7c76062fd293b3d8baf14459"
            ],
            "type": "Script",
            "firstPartyCookies": {
                "_awl": {
                    "ttl": 34560000,
                    "length": 74,
                    "prevalence": 0.00013515887926257315,
                    "uniqueness": 1
                }
            },
            "firstPartyCookiesSent": {},
            "exampleSites": [
                "arrowheadaddict.com",
                "bamahammer.com",
                "bamsmackpow.com",
                "buffalowdown.com",
                "champagneandshade.com",
                "dorksideoftheforce.com",
                "fansided.com",
                "foodsided.com",
                "hiddenremote.com",
                "lombardiave.com",
                "netflixlife.com",
                "nflspinzone.com",
                "ninernoise.com",
                "onechicagocenter.com",
                "predominantlyorange.com",
                "riggosrag.com",
                "sidelionreport.com",
                "stillcurtain.com",
                "undeadwalking.com",
                "winteriscoming.net"
            ]
        }
    ],
    "categories": [],
    "performance": {},
    "cookies": 0.00027,
    "topInitiators": [
        {
            "domain": "first party",
            "prevalence": 1
        }
    ],
    "types": {
        "Script": 20
    },
    "nameservers": [
        "ns-697.awsdns-23.net",
        "ns-305.awsdns-38.com",
        "ns-1627.awsdns-11.co.uk",
        "ns-1212.awsdns-23.org"
    ]
}