{
    "domain": "gaug.es",
    "owner": {},
    "source": [
        "DuckDuckGo-US"
    ],
    "prevalence": 0.000512,
    "sites": 66,
    "subdomains": [
        "secure",
        "track"
    ],
    "cnames": [],
    "fingerprinting": 2,
    "resources": [
        {
            "rule": "gaug\\.es\\/track\\.js",
            "cookies": 0.00024,
            "fingerprinting": 1,
            "subdomains": [
                "secure",
                "track"
            ],
            "apis": {
                "Date.prototype.getTime": 32,
                "Document.cookie setter": 31,
                "Navigator.prototype.userAgent": 32,
                "Document.cookie getter": 31,
                "Screen.prototype.width": 32,
                "window.innerWidth": 32,
                "window.innerHeight": 32
            },
            "sites": 34,
            "prevalence": 0.000264,
            "cnames": [],
            "responseHashes": [
                "df2698e6cf74ed890afa92da10051f880df2ce0b3257b73c5d9ae2f6bea82d3c"
            ],
            "type": "Script",
            "firstPartyCookies": {
                "_gauges_cookie": {
                    "ttl": 2,
                    "length": 1,
                    "prevalence": 0.00024037902344083186,
                    "uniqueness": 0.03225806451612903
                },
                "_gauges_unique_hour": {
                    "ttl": 3602,
                    "length": 1,
                    "prevalence": 0.00024037902344083186,
                    "uniqueness": 0.03225806451612903
                },
                "_gauges_unique_day": {
                    "ttl": 86402,
                    "length": 1,
                    "prevalence": 0.00024037902344083186,
                    "uniqueness": 0.03225806451612903
                },
                "_gauges_unique_month": {
                    "ttl": 2678402,
                    "length": 1,
                    "prevalence": 0.00024037902344083186,
                    "uniqueness": 0.03225806451612903
                },
                "_gauges_unique_year": {
                    "ttl": 31536002,
                    "length": 1,
                    "prevalence": 0.00024037902344083186,
                    "uniqueness": 0.03225806451612903
                },
                "_gauges_unique": {
                    "ttl": 31536002,
                    "length": 1,
                    "prevalence": 0.00024037902344083186,
                    "uniqueness": 0.03225806451612903
                }
            },
            "firstPartyCookiesSent": {},
            "exampleSites": [
                "www.savannah.com",
                "blog.son-video.com",
                "seniorplanet.org",
                "www.thepostemail.com",
                "tctmed.com",
                "www.santansolar.com",
                "analyticsindiamag.com",
                "wheelsinquirer.com",
                "aptera.us",
                "smittenkitchen.com",
                "www.diabetesselfmanagement.com",
                "www.omgubuntu.co.uk",
                "www.tinywoodstove.com",
                "www.thediamondauthority.org",
                "order-order.com",
                "thegoodlifefrance.com",
                "www.onegreenplanet.org",
                "dctravelmag.com",
                "colorlib.com",
                "urget.org"
            ]
        },
        {
            "rule": "gaug\\.es\\/track\\.gif",
            "cookies": 0,
            "fingerprinting": 0,
            "subdomains": [
                "secure",
                "track"
            ],
            "apis": {},
            "sites": 34,
            "prevalence": 0.000264,
            "cnames": [],
            "responseHashes": [
                "7fff1569ea68ef52782ba25b0cf3934627f7a4fc1e8e22f4652de959c5f97978"
            ],
            "type": "Image",
            "firstPartyCookies": {},
            "firstPartyCookiesSent": {
                "_li_dcdm_c": 0.000007754162046478447,
                "lotame_domain_check": 0.000015508324092956893
            },
            "exampleSites": [
                "www.diabetesselfmanagement.com",
                "thegoodlifefrance.com",
                "www.santansolar.com",
                "drhyman.com",
                "www.cdcr.ca.gov",
                "technastic.com",
                "smittenkitchen.com",
                "dctravelmag.com",
                "mcad-tx.org",
                "urget.org",
                "thebingeful.com",
                "order-order.com",
                "blog.son-video.com",
                "fs.blog",
                "www.thediamondauthority.org",
                "wattsupwiththat.com",
                "colorlib.com",
                "www.scienceofpeople.com",
                "tctmed.com",
                "www.cobrainsurance.com"
            ]
        }
    ],
    "categories": [],
    "performance": {},
    "cookies": 0.000442,
    "topInitiators": [
        {
            "domain": "first party",
            "prevalence": 0.875
        },
        {
            "domain": "d2fuc4clr7gvcn.cloudfront.net",
            "prevalence": 0.0625
        },
        {
            "domain": "cookiebot.com",
            "prevalence": 0.03125
        },
        {
            "domain": "osano.com",
            "prevalence": 0.03125
        }
    ],
    "types": {
        "Script": 34,
        "Image": 34
    },
    "nameservers": [
        "ns-940.awsdns-53.net",
        "ns-1458.awsdns-54.org",
        "ns-1754.awsdns-27.co.uk",
        "ns-451.awsdns-56.com"
    ]
}