{
    "domain": "gecata.com",
    "owner": {},
    "source": [
        "DuckDuckGo-US"
    ],
    "prevalence": 0.0000233,
    "sites": 3,
    "subdomains": [
        "www"
    ],
    "cnames": [],
    "fingerprinting": 1,
    "resources": [
        {
            "rule": "gecata\\.com\\/",
            "cookies": 0.0000233,
            "fingerprinting": 1,
            "subdomains": [
                "www"
            ],
            "apis": {
                "Date.prototype.getTime": 3,
                "Document.cookie setter": 3,
                "Document.cookie getter": 3,
                "Navigator.prototype.userAgent": 3
            },
            "sites": 3,
            "prevalence": 0.0000233,
            "cnames": [],
            "responseHashes": [
                "3089e0400a5b11b47b49dcfa2c592aebaf6d5229d2e09dcd28a7ac57e0b96b99",
                "0cf7ef0705926993895ce361981a5fc6e44a219fa154d6594de4033bca630360"
            ],
            "type": "Document",
            "firstPartyCookies": {},
            "firstPartyCookiesSent": {
                "_ga": 0.000046524972278870686,
                "ulvt": 0.000015508324092956893,
                "webuid": 0.00009304994455774137,
                "__utmzz": 0.000023262486139435343,
                "afsrc": 0.00006978745841830603,
                "affid": 0.00006978745841830603,
                "affeid": 0.000046524972278870686
            },
            "exampleSites": [
                "movavi.com",
                "www.movavi.com",
                "www.screencapture.com"
            ]
        },
        {
            "rule": "gecata\\.com\\/customers\\/action\\/visit",
            "cookies": 0,
            "fingerprinting": 0,
            "subdomains": [
                "www"
            ],
            "apis": {},
            "sites": 3,
            "prevalence": 0.0000233,
            "cnames": [],
            "responseHashes": [
                "c0b6635c0572616d742d609508b31c13e42a64f64e1e36267d35b1816d8a3151",
                "46bb5dcae115f8cc5726a0d20cd61322855a78544f083b0da1b9146818d25b15"
            ],
            "type": "XHR",
            "firstPartyCookies": {},
            "firstPartyCookiesSent": {},
            "exampleSites": [
                "movavi.com",
                "www.movavi.com",
                "www.screencapture.com"
            ]
        }
    ],
    "categories": [],
    "performance": {},
    "cookies": 0.0000233,
    "topInitiators": [
        {
            "domain": "first party",
            "prevalence": 0.5
        },
        {
            "domain": "movavi.io",
            "prevalence": 0.5
        }
    ],
    "types": {
        "Document": 3,
        "XHR": 3
    },
    "nameservers": [
        "vip7.alidns.com",
        "vip8.alidns.com"
    ]
}