{
    "domain": "gedi.it",
    "owner": {},
    "source": [
        "DuckDuckGo-US"
    ],
    "prevalence": 0.000155,
    "sites": 20,
    "subdomains": [
        "eulogin"
    ],
    "cnames": [],
    "fingerprinting": 2,
    "resources": [
        {
            "rule": "gedi\\.it\\/sdk\\.config\\.get",
            "cookies": 0,
            "fingerprinting": 0,
            "subdomains": [
                "eulogin"
            ],
            "apis": {},
            "sites": 11,
            "prevalence": 0.0000853,
            "cnames": [],
            "responseHashes": [
                "6a113a2f34aba7df2693d0f034457cc4912ac53b004bdf232b04ef969d1c4981",
                "7912c62e4bde72fdb0695a11046e14534a50c6b2c07c30120469db18249a8c10",
                "b6e61b81370ac014463732d5daa0434880074f3e57d296e847bcff4f70265a01",
                "9080037396a77e9dfb1ad4e9c2831df3f99356d443a611d9cfef3db80f5bf62f",
                "9eaf3ff97e5d4a7e89c102dd7de1fad06d8164e76ae23b2e5af65c8d37c4ee1c",
                "f0e02c4f63ddf70e1d4a05c76ed422a5645ff4daa495de6d90363ad11042f2e5",
                "e4efd6ed60e4a24e070cc8be0ef3e1417a89e4254174e2615cde786bd63a9f90",
                "1e1654545ee10e870b129455d7fac44686da125f4e2f8aa64e9bad03ab8f7f42",
                "310972ff3b75f0492707b3664ee50313e030c8e7f02977d009cbb378b5487652",
                "aaf01821d6091de8ca970732cc25420626d26b6a62d3ecb038ad079041d8ccce"
            ],
            "type": "Fetch",
            "firstPartyCookies": {},
            "firstPartyCookiesSent": {},
            "exampleSites": [
                "repubblica.it",
                "dizionari.repubblica.it",
                "ilpiccolo.gelocal.it",
                "mattinopadova.gelocal.it",
                "messaggeroveneto.gelocal.it",
                "milano.repubblica.it",
                "www.deejay.it",
                "www.huffingtonpost.it",
                "www.ilsecoloxix.it",
                "www.lastampa.it",
                "www.repubblica.it"
            ]
        },
        {
            "rule": "gedi\\.it\\/gs\\/webSdk\\/Api\\.aspx",
            "cookies": 0.0000465,
            "fingerprinting": 1,
            "subdomains": [
                "eulogin"
            ],
            "apis": {
                "Document.cookie getter": 6,
                "Date.prototype.getTime": 11,
                "Document.cookie setter": 6,
                "Navigator.prototype.userAgent": 6,
                "Navigator.prototype.appVersion": 6,
                "Navigator.prototype.mimeTypes": 6,
                "window.localStorage": 3,
                "window.sessionStorage": 3
            },
            "sites": 11,
            "prevalence": 0.0000853,
            "cnames": [],
            "responseHashes": [
                "3bad8313585d46cdf90f259986ac40d1dbcdfb7688563b756d58ba42bd1398ff",
                "996d7b946c817c5bc6a355be22df214d4e9a9e9be7de40a1378a37e4293b43d2",
                "8e71fa0ec1678ab81b031645f1edc3a99a4e9afcdca1256ce1d7f0c6b39afaa4",
                "6c5464f0e03e8d230743f2444f325923c2cc47fee95554e7f4f555badde920fa",
                "18bae0144dc4f0103f5c7b0d7de911c8d0df107e19ec05d726ff8592f06b2ae3",
                "a4023781a1bb88a02c87fa67c8ab3786724f1ba9337e1100277e0ec80d797813"
            ],
            "type": "Document",
            "firstPartyCookies": {},
            "firstPartyCookiesSent": {},
            "exampleSites": [
                "repubblica.it",
                "dizionari.repubblica.it",
                "ilpiccolo.gelocal.it",
                "mattinopadova.gelocal.it",
                "messaggeroveneto.gelocal.it",
                "milano.repubblica.it",
                "www.deejay.it",
                "www.huffingtonpost.it",
                "www.ilsecoloxix.it",
                "www.lastampa.it",
                "www.repubblica.it"
            ]
        },
        {
            "rule": "gedi\\.it\\/gs\\/sso\\.htm",
            "cookies": 0.0000775,
            "fingerprinting": 1,
            "subdomains": [
                "eulogin"
            ],
            "apis": {
                "Navigator.prototype.userAgent": 11,
                "Navigator.prototype.appVersion": 11,
                "Navigator.prototype.mimeTypes": 11,
                "window.localStorage": 9,
                "window.sessionStorage": 9,
                "Document.cookie getter": 10,
                "Date.prototype.getTime": 11,
                "Document.cookie setter": 10
            },
            "sites": 11,
            "prevalence": 0.0000853,
            "cnames": [],
            "responseHashes": [
                "e72d8c3e1a4efd89e5b7da1fba2ae2ead207087d172b5aa287d6c6425af18e6b",
                "549237ecdeef88bc89862273788b50303ec9937823c50bc67013d05f02491e9f"
            ],
            "type": "Document",
            "firstPartyCookies": {},
            "firstPartyCookiesSent": {},
            "exampleSites": [
                "repubblica.it",
                "dizionari.repubblica.it",
                "ilpiccolo.gelocal.it",
                "mattinopadova.gelocal.it",
                "messaggeroveneto.gelocal.it",
                "milano.repubblica.it",
                "www.deejay.it",
                "www.huffingtonpost.it",
                "www.ilsecoloxix.it",
                "www.lastampa.it",
                "www.repubblica.it"
            ]
        }
    ],
    "categories": [],
    "performance": {},
    "cookies": 0.000132,
    "topInitiators": [
        {
            "domain": "gigya.com",
            "prevalence": 0.9528301886792453
        },
        {
            "domain": "canary.js",
            "prevalence": 0.04716981132075472
        }
    ],
    "types": {
        "Fetch": 11,
        "Document": 22
    },
    "nameservers": [
        "ns-829.awsdns-39.net",
        "ns-1643.awsdns-13.co.uk",
        "ns-1346.awsdns-40.org",
        "ns-55.awsdns-06.com"
    ]
}