{
    "domain": "gedi.it",
    "owner": {},
    "source": [
        "DuckDuckGo-US"
    ],
    "prevalence": 0.000176,
    "sites": 26,
    "subdomains": [
        "eulogin"
    ],
    "cnames": [],
    "fingerprinting": 2,
    "resources": [
        {
            "rule": "gedi\\.it\\/sdk\\.config\\.get",
            "cookies": 0,
            "fingerprinting": 0,
            "subdomains": [
                "eulogin"
            ],
            "apis": {},
            "sites": 14,
            "prevalence": 0.0000949,
            "cnames": [],
            "responseHashes": [
                "3391129d8da8f26bfd74e7b5dee3f7c4af4c57318086099c3b805f9f4b160b41",
                "1115c8d1dcda1684b3e3abdeb8154d4fdef1a736d5d997dd1138daea32fdfd9c",
                "d9e2cfb11dc41dd0ba73ae69dc0babe4c467801973d6c394931e56467f290ae5",
                "61ff880db8fa442d4e55106a5f157aaa937884a47581b9fb10468102ed72179c",
                "1005b3161a841ae38722f701bb1983d9496c4f0886c0ae28c76da26170af97c6",
                "bb09f7dea83dc6bcdb1578ddc4372194d36045794415d84435af4cb659937019",
                "2382b3a851a541142393f8a268448eb89c87339479eda722b1919438d541ccc7",
                "844909bdd4794ef520b2b6686d52ae28709d4019a5f108c2a3c4952a1f4e5b18",
                "3fc5bc3fb88beb7687cfc5ab7095f6436b20d44001a61a21c22ca344a1549ef1",
                "e7cddabfa2da08006dab1b1a4e0827299fff6fbaa704c2878bfb04d5d28e7f06",
                "fd453d72679ae3de5f2fa203f789c02d87b280644ab7356d9544d605f4588442",
                "d52c392b57b120a234b37a4e1a0b034b51ea88a791b48333021ee476b905b2ec",
                "436e38cb7767bdb2aaae1d8cd15e06f0851bdbfd97b1b01c6b69bc9ec8dd79a5"
            ],
            "type": "Fetch",
            "firstPartyCookies": {},
            "firstPartyCookiesSent": {},
            "exampleSites": [
                "repubblica.it",
                "dizionari.repubblica.it",
                "espresso.repubblica.it",
                "ilpiccolo.gelocal.it",
                "mattinopadova.gelocal.it",
                "messaggeroveneto.gelocal.it",
                "milano.repubblica.it",
                "roma.repubblica.it",
                "www.deejay.it",
                "www.huffingtonpost.it",
                "www.ilsecoloxix.it",
                "www.lastampa.it",
                "www.limesonline.com",
                "www.repubblica.it"
            ]
        },
        {
            "rule": "gedi\\.it\\/gs\\/webSdk\\/Api\\.aspx",
            "cookies": 0.0000203,
            "fingerprinting": 1,
            "subdomains": [
                "eulogin"
            ],
            "apis": {
                "Date.prototype.getTime": 14,
                "Document.cookie getter": 3,
                "Document.cookie setter": 3,
                "Navigator.prototype.userAgent": 2,
                "Navigator.prototype.appVersion": 2,
                "Navigator.prototype.mimeTypes": 2,
                "window.localStorage": 1,
                "window.sessionStorage": 1
            },
            "sites": 14,
            "prevalence": 0.0000949,
            "cnames": [],
            "responseHashes": [
                "4a9243ed2b401fddc7b49ee2251fbd54449226bdbd1eb01526ecaf082f12e78f",
                "232c84d8a667b5311c560eb00d64595de57d49fd882ffc19b5a75a7078cad91a",
                "54dce1c324a602fffc6608e5790062797bebf739dcfc9d880e47b1011a74a7d3",
                "56b955ea8bd37811d480e8e52fa2358beedf8c877e1249467445dc06ef2c5aae",
                "c048ef314a5d8bdd32696d29c92e62be8dcbee6bc56c258b4b1ab3a13302b760",
                "e0219531e2b819d878ff42afb6d0ae39dcc94fa4d5ef155c24751efa5a65fd35",
                "98522e69710700291efccbe52f7c491588288f11f4713bf60a722d3b9f773358",
                "3277be3b06fb2714b9418dc36c76574fe8ed94a2e80b4a19c8c79494e98d34ae"
            ],
            "type": "Document",
            "firstPartyCookies": {},
            "firstPartyCookiesSent": {},
            "exampleSites": [
                "repubblica.it",
                "dizionari.repubblica.it",
                "espresso.repubblica.it",
                "ilpiccolo.gelocal.it",
                "mattinopadova.gelocal.it",
                "messaggeroveneto.gelocal.it",
                "milano.repubblica.it",
                "roma.repubblica.it",
                "www.deejay.it",
                "www.huffingtonpost.it",
                "www.ilsecoloxix.it",
                "www.lastampa.it",
                "www.limesonline.com",
                "www.repubblica.it"
            ]
        },
        {
            "rule": "gedi\\.it\\/gs\\/sso\\.htm",
            "cookies": 0.000061,
            "fingerprinting": 1,
            "subdomains": [
                "eulogin"
            ],
            "apis": {
                "Navigator.prototype.userAgent": 14,
                "Navigator.prototype.appVersion": 14,
                "Navigator.prototype.mimeTypes": 14,
                "Date.prototype.getTime": 14,
                "Document.cookie getter": 9,
                "Document.cookie setter": 9,
                "window.localStorage": 3,
                "window.sessionStorage": 3
            },
            "sites": 14,
            "prevalence": 0.0000949,
            "cnames": [],
            "responseHashes": [
                "4561c396462f75ce971e7d764c82f952e1b696b50fa15e6e65a9372011ac85cd"
            ],
            "type": "Document",
            "firstPartyCookies": {},
            "firstPartyCookiesSent": {},
            "exampleSites": [
                "repubblica.it",
                "dizionari.repubblica.it",
                "espresso.repubblica.it",
                "ilpiccolo.gelocal.it",
                "mattinopadova.gelocal.it",
                "messaggeroveneto.gelocal.it",
                "milano.repubblica.it",
                "roma.repubblica.it",
                "www.deejay.it",
                "www.huffingtonpost.it",
                "www.ilsecoloxix.it",
                "www.lastampa.it",
                "www.limesonline.com",
                "www.repubblica.it"
            ]
        }
    ],
    "categories": [],
    "performance": {},
    "cookies": 0.000115,
    "topInitiators": [
        {
            "domain": "gigya.com",
            "prevalence": 1
        }
    ],
    "types": {
        "Fetch": 14,
        "Document": 28
    },
    "nameservers": [
        "ns-1346.awsdns-40.org",
        "ns-55.awsdns-06.com",
        "ns-829.awsdns-39.net",
        "ns-1643.awsdns-13.co.uk"
    ]
}