{
    "domain": "geetest.com",
    "owner": {
        "name": "Wuhan Jiyi Network Technology Co., Ltd.",
        "displayName": "Wuhan Jiyi Network Technology"
    },
    "source": [
        "DuckDuckGo-US"
    ],
    "prevalence": 0.000414,
    "sites": 61,
    "subdomains": [
        "static",
        "api",
        "api-na"
    ],
    "cnames": [],
    "fingerprinting": 3,
    "resources": [
        {
            "rule": "geetest\\.com\\/static\\/tools\\/gt\\.js",
            "cookies": 0,
            "fingerprinting": 1,
            "subdomains": [
                "static"
            ],
            "apis": {
                "Navigator.prototype.userAgent": 5
            },
            "sites": 7,
            "prevalence": 0.0000475,
            "cnames": [],
            "responseHashes": [
                "da99a9fcec62584a8a85aaea4d27997d16ab4dea57b80d04a84428d4ec9d5f25"
            ],
            "type": "Script",
            "firstPartyCookies": {},
            "firstPartyCookiesSent": {},
            "exampleSites": [
                "binance.com",
                "www.autoscout24.ch",
                "www.colruyt.be",
                "www.dreamland.be",
                "www.fotocasa.es",
                "www.immobilienscout24.de",
                "www.infojobs.net"
            ]
        },
        {
            "rule": "geetest\\.com\\/gettype\\.php",
            "cookies": 0.000251,
            "fingerprinting": 0,
            "subdomains": [
                "api",
                "api-na"
            ],
            "apis": {},
            "sites": 37,
            "prevalence": 0.000251,
            "cnames": [],
            "responseHashes": [
                "85e5273c1988dc98c072303f80ed2a9c646d4e25ef35e2ca9ae39389affeec33",
                "cfad48a7a45c4b7ea3d15cce5dbfe63f4ccb7bc30ba8bb05def511cce0c998dc",
                "c5261eaff7f304cac0f1eb08939ca07a2c83707a99253f41c0d72993dc82235c",
                "f3432f58ab42aaad1b6f343ab048549615f9074ae75f50217258c625116dd754",
                "fb785afa573aa70f740cb2dab6d756ac5790f095c6d23420bbe67eb1ac36757f",
                "83035676916859f4c1b989907a8e1401346b0b003fe3e172c2e435896456f62d",
                "f206035853a1d3c3c2bb1e0c9983af430b074c086074ad573b80a683f600652e",
                "f96569047de8c3315225ffa339ab6953cdda1eeee0a6b909e711c90f5ee6d33c",
                "9b894a03720a430c58120461b91c3d10bf34e413142dc869185e3bdfc0f4dec1",
                "96638a37fcd1ce8fb4d5189d21cef3797aba3666fffc5a8083130bfaabfffd98",
                "3070f920d703c14f59a1c34cc601c7f40ad4d7bc0ff1bca070b9e6ae3829eb4b",
                "fc25d1eb227205c274860f4ddcbe28914ee7abc9da4c63cf1cbb96f4b32303b8",
                "0bb83925aabfb9d9f0f3e95ee47c4672dcc11dd49a51d57cf62d2ec404297dd1",
                "a43ae7dd7b370ccdc5db303f4c559ff301299ca5195810cb897f16dfbaa2f7e3",
                "0ffb5ad243734dffe71d2c80c955fc0849108614cebbfa9ae81ac09a65819404",
                "b7504f9beec63420512f5895ee75e6d0bfde56084fb30cc084365240b9effc96",
                "5fbfdc090ce1773f65a3b43b0bf4d50e47fb7cfd3efa878990d2a2f9ba269c93",
                "af56cea9ee4fed8546ce7ff58b2fcfc696b53066a5f16bbb8ea41a7950d63f4a",
                "ba64dc7aa4dde84cf7df63c04854e7d058a8f118b058413f93d1fbe76b013c17",
                "bcdedf01c945eb22842b361a9477a1c3e4f6644bbe9af5ad7dae59d5813d2a0d",
                "609f844b0ca8362c723b2e5eac895146385630e056c8e18cd48bc4a02f66f8a3",
                "91ed2fc77637609b28d12c9cc5e098b577022de9d9fb436925d18d5bb877c4cb",
                "583b55a3dc4f3e732ff58e7f090d54442c5dbf73f3ede402efeebdbcce5d4b34",
                "54818c597760417b884dba7e1d599a9ebbcc536332e6696bc89523ff969ae4dd",
                "a6ba0c0b83a032cfcc878e49b5598a80980fffd02bc9fcbdbc7ccec3ea9352a9",
                "a7caeb614a6fab3f13529692691155fde28f385f8cc5306ba00843709b8d6092",
                "5f1380d68534d63041cc59a71794f79cbf250899f70e190e319c4090a74d3afa",
                "35dfe1d227e6d542189ec8ba090e5454459cfdc9d51a7337e861c36b9c9f32e8",
                "8fa08047b33dd89d05f19b6f415275b1772b85bd97a6b844fff9757fb2582840",
                "0fdeaa8d45ef1767de3706b5d196820d2da863480ee8cc47bc4955852d713e53",
                "e7cd1f7afb223c2369fa3d5aa7577ebd5ff58e0976834d07d0371543cbadf221",
                "a7804d9f9d25b7bf49372ea6e089905f5e6efb654079f37a988991f3d1c8c847",
                "8f7fe7560e6acf5f25050da7a70bf5bc35fb2752b65695bca5c57640677b2f6a",
                "0d14bd906242937d95e7a92bb10cef8d52b43743964039cb8283a426446527b4",
                "10a8cca51e4a3d22dfd985f8b0172f0cfac31c419aa79196367f22bdcb5ec873",
                "a08ba509e41e85a1b884454a7040db1859ebc152b09bd0cb96418cd68f99d8f0"
            ],
            "type": "Script",
            "firstPartyCookies": {},
            "firstPartyCookiesSent": {},
            "exampleSites": [
                "www.fotocasa.es",
                "americanmarijuana.org",
                "www.smythstoys.com",
                "www.infojobs.net",
                "binance.com",
                "www.colruyt.be",
                "www.flyscoot.com",
                "www.taylormadegolf.com",
                "www.carsales.com.au",
                "www.trailfinders.com",
                "www.macif.fr",
                "www.kidsfootlocker.com",
                "www.redbook.com.au",
                "www.merchbar.com",
                "www.dreamland.be",
                "www.champssports.com",
                "www.extendedstayamerica.com",
                "www.flytap.com",
                "www.atu.de",
                "www.avendrealouer.fr"
            ]
        },
        {
            "rule": "geetest\\.com\\/get\\.php",
            "cookies": 0.000251,
            "fingerprinting": 0,
            "subdomains": [
                "api",
                "api-na"
            ],
            "apis": {},
            "sites": 37,
            "prevalence": 0.000251,
            "cnames": [],