{
    "domain": "geetest.com",
    "owner": {
        "name": "Wuhan Jiyi Network Technology Co., Ltd.",
        "displayName": "Wuhan Jiyi Network Technology"
    },
    "source": [
        "DuckDuckGo-US"
    ],
    "prevalence": 0.000345,
    "sites": 51,
    "subdomains": [
        "static",
        "api",
        "api-na"
    ],
    "cnames": [],
    "fingerprinting": 3,
    "resources": [
        {
            "rule": "geetest\\.com\\/static\\/tools\\/gt\\.js",
            "cookies": 0,
            "fingerprinting": 1,
            "subdomains": [
                "static"
            ],
            "apis": {
                "Navigator.prototype.userAgent": 2
            },
            "sites": 5,
            "prevalence": 0.0000339,
            "cnames": [],
            "responseHashes": [
                "da99a9fcec62584a8a85aaea4d27997d16ab4dea57b80d04a84428d4ec9d5f25"
            ],
            "type": "Script",
            "firstPartyCookies": {},
            "firstPartyCookiesSent": {},
            "exampleSites": [
                "binance.com",
                "www.colruyt.be",
                "www.fotocasa.es",
                "www.immobilienscout24.de",
                "www.logitravel.com"
            ]
        },
        {
            "rule": "geetest\\.com\\/gettype\\.php",
            "cookies": 0.00021,
            "fingerprinting": 0,
            "subdomains": [
                "api",
                "api-na"
            ],
            "apis": {},
            "sites": 31,
            "prevalence": 0.00021,
            "cnames": [],
            "responseHashes": [
                "35922af217ec479e60e0cca2ab702a6be3776be7721ba92bd811f4db8d99f75c",
                "6f9e2d02776c4646c073ac0b31597791cca4c05d266469467a4921156a32c615",
                "9a7070669a7891478659bf07c77665fa5fc35dc4453b82e4d633a9dea73c39ff",
                "655117b034f2461de5500c8f2acf6c6adaed8574bf7e5f8cc14f4cc392cd6d9a",
                "d5c13bd04bfee790c0eb3442d69e350dfecd581cd189455274a864c0f7341f88",
                "0fb2c62771699bb9e7001b3da7555183e9986c41778e9288ac4341fe7b10e6fb",
                "c0b7fe51ed22608726d702a5363c564c4cee2ddf518ba2103129e59cb16922f9",
                "795e2e4152129ae589d0ebf147a5d6a16d2bd1afac612581ed8bd9831935c181",
                "899dfae80f47841c394af820df5ae76ab8235c74bfb96264fef43e36e398b503",
                "4bd919b10c895bc331c9d352c5b62d9c96a78e4bfe9f5fe7d9aa325c7b4b963a",
                "3db6e16b8ca7d260f791b98b13ef6f6972dd9f5c2b33e08060407068d3c3572b",
                "57cf6c2a9babe7214996fbadb56d3a7c380ea8f952319c65f7ba2a5cb9923b46",
                "a3421d13550872c0b2700a5dfc79494dc6c5154bd6dff8a83c3d6147da74bf11",
                "42761e6001d269200d985d87507d2e0ec7e222abd10295d44f7bb1ef2003b1e3",
                "fb8137b199f4e327b15b7af63838adb9798791a3abfa8f18524639b21a7fb035",
                "615e665e321c6fc0a949073ca8886dda6b561b076c9564ac8d2042ec5ec0202b",
                "976405ff9c693f7500cdc32884a5dbe1e994c4c10223f19e9dcdf08f4e2b153e",
                "6d8922ec82cfaddd8fdc1968cef0737ea55c3c98b3c9447c1fba1ea3119c9e7d",
                "02380c4b911c6f266013080ed08a66a15a92666b95f07b8a35344590a12632d0",
                "cb664415b31b79955ef215fc150aa0eee83f94df7774f6a67bb645d5743e94b8",
                "85394034604f0405e96da3bab6001c226cc24d0ccf41ef09f9a76edbf4ee3bea",
                "dde9283558acad6795dc1b02c5e9cac39f87c03502eda0320592f5222d5ea30a",
                "4b918e83ffe2b535452d98aecd7230ed9fb93054524b17cafaaa2a12ff01d98c",
                "f1248525e59c1d08a6a800088f2e547f034e65fb6952289696309176a1c176fb",
                "c61460c13e4c401773da2c5a2e56e07fb3f319bf0e0bfb2b5877d374d2078171",
                "289ced188c4bb53be036816cb15f7c10c74973a1dc0c35b61ace84a4d40045e6",
                "1316e8d3819826f24912a700b48db0d93dec2806757dae457c2b486f5a950fea",
                "75bd33400f6b06f75ab98c06bedb6ee22dcf0ff9ee9c8f94e5e290c82cc6c0d4",
                "4be005afa75fd4d56d3e168b3fbd4c5d0824189620534d0bc2040012252e8d6d",
                "335c62ef7b0a332732f02bd51c304e069bfb809d78fdcbae8abb9afad635ffe1"
            ],
            "type": "Script",
            "firstPartyCookies": {},
            "firstPartyCookiesSent": {},
            "exampleSites": [
                "fr.shopping.rakuten.com",
                "space.bilibili.com",
                "www.logoai.com",
                "www.alltrails.com",
                "www.medline.com",
                "www.meccabingo.com",
                "www.musicnotes.com",
                "www.footlocker.com",
                "www.bikesales.com.au",
                "www.trucksales.com.au",
                "www.macif.fr",
                "www.footlocker.co.uk",
                "www.caravancampingsales.com.au",
                "www.atu.de",
                "www.immobilienscout24.de",
                "www.avendrealouer.fr",
                "www.footlocker.com.au",
                "www.extendedstayamerica.com",
                "binance.com",
                "www.smythstoys.com"
            ]
        },
        {
            "rule": "geetest\\.com\\/get\\.php",
            "cookies": 0.00021,
            "fingerprinting": 0,
            "subdomains": [
                "api",
                "api-na"
            ],
            "apis": {},
            "sites": 31,
            "prevalence": 0.00021,
            "cnames": [],
            "responseHashes": [
                "32a25bf3e0b43ef1d0a7a085822fed6f4c0cf305237c33cc5943d64531e61a7c",
                "1e263748bfcddc7dd0d170a8e293e7c93221ee14ef644b1155a59b8a31f8a1fb",
                "d0f6be4ca940a97ec426268866426029d74c7629c3cb193813bcde7726bdd78a",
                "138415fff06e357c2b13399a58808dba41cb6ae86a679d0ec9c84ea627ad2927",
                "78cf085e8d895878c9dbb949c6db07499c0d757be4a9c21b8f3a234abe75113c",
                "1416c3c4b0295a22082b874c6716fbfbeb1b8c9dc0718321898991059ca1e09f",
                "357e711c406036288b2bf73ef8c1e7bfa293444af9cc132ab55b40ac7d0cd7b0",
                "89bba876de9bd4d7d564b25e28a562e154519672b1e47dc70e2ec2f6cdece291",
                "0600df55c777a7ec7fa712fa3597d19bd024e82116fa42f946840b0b7de218de",
                "785dc3f5c85241e9e79a17f9241fcfa27b6d4cb74f207b5ce5ed30e297f78916",
                "0ee3841dc2e956c11bced137dd423bc1bd40efaa5841b74795ca4d0012483fd4",
                "1b02084db44ba1be8782a8efe20160b35ba95dcf6dff5e89b7588a3918db584f",
                "b1d50c13752eaa00ed997af5300b8b489e2a4a9e7db883212a4e2eb269e674a0",
                "b5ce4b565338fb23460a381a0bb1e4fb100d3b23ba5ed6e5311fdb68c43443e7",
                "5fbd92fdeba44d0af5bcb94fd816416e8d3ec3baa1b3e65a27f57ddd70cc0fa5",
                "b07228ea181431a21367b40de0e0201274e9d59f38576a82f0567c3e4fba5efc",
                "23019ea4f15548118b5e6d120eee95380dafc07fef168c576e9272ea1b02d194",
                "822f3ab79be564fc3e530ca6fffd7edbf713e8b20674ab38d7a6f6ad3cd165a0",
                "f443d6f379d2366f1b44b3ddf10b53f6c8a30b45b99448f42a57bf78bace0980",
                "7ee3851f39c069a838989bccca4608bd8b46cc964f176bed6590fe6cfb9695a6",
                "60277a2cb52e24f4543072f69d853f16358851643149e1ae06e73c3727e0bc55",
                "0e2e5774e54d019e2991c7449d32f5cc26a49e510a9ac3070099e7258dde04d6",
                "23dfb2e97c4c02b61eea38f3701f9f518bd595ab139047d1834449e13f429ecd",
                "4c25407d568ea76c3faa477f54bf5235b32fef30eec6779a6369ada75708cd09",
                "6faf7590fafea2b88d74c0ecdb0e4e1e1752adc92465a9fd04fd1251f3a71f32",
                "ee08b60ebc3d9e6cdeb7e85f817b26afa874d5849a7970c6af851543ae4fea11",
                "728a6c71967ded0d01615559a16c20c3d234d0e7bf03cc2879a14faeb98c6782",
                "3deedd4bd18c3ff1856347c8d90634dc9fa09ae3bdf9c03b4f23146ac6e7e4a0",
                "1ddbcaf27009cf86b6563519cf882f4e2cb55305dade3af105673eee62458752",
                "c5fb0f4ca09b76be7398f48c9165c89c06e9dc17a3aea224e6af6a5b846571cc"
            ],
            "type": "Script",