{
    "domain": "genieegroup.com",
    "owner": {},
    "source": [
        "DuckDuckGo-US"
    ],
    "prevalence": 0.000116,
    "sites": 14,
    "subdomains": [
        "s.fs"
    ],
    "cnames": [],
    "fingerprinting": 3,
    "resources": [
        {
            "rule": "genieegroup\\.com\\/2\\/394732\\/analytics\\.js",
            "cookies": 0,
            "fingerprinting": 0,
            "subdomains": [
                "s.fs"
            ],
            "apis": {},
            "sites": 10,
            "prevalence": 0.0000829,
            "cnames": [],
            "responseHashes": [
                "d22daee2efacf2235564747747c9200f573f7678eb1fad7baff2081705609da8",
                "0e10babda921357ed05a8517637818569cc1ecb6598351e3d15ae1db1a348e0c",
                "61a05af0bc89fc402bd6d0248d7614530340b070c3787b0488b8ea64c2a3c1de",
                "f93c652cfaef449c8a1f0b9998dffe8f5c25e88ad3b8f67b6e03abcc9bd25856",
                "90fac817490c4c38dabf63e228cc043c0738ed32e920f1bfa08a5da7d5408d0a",
                "4aa74db9fbb8c56cf6f901f576bd3f0b4e2596dec8543bce1405864b9d13c729",
                "65822fb03b79cb4917095f25c5be353d6bf0ae6c31bb5e1e2863b716c9387a91",
                "5479120fe27045de4e76b36aae821a815953a9f35bcc24d102a6ea81f99d5653"
            ],
            "type": "Script",
            "firstPartyCookies": {},
            "firstPartyCookiesSent": {
                "lotame_domain_check": 0.000016583472910897
            },
            "exampleSites": [
                "rumah123.com",
                "artikel.rumah123.com",
                "keepo.me",
                "radarbali.jawapos.com",
                "udn.com",
                "www.chinatimes.com",
                "www.dafontfree.net",
                "www.kompasiana.com",
                "www.sonora.id",
                "www.tarladalal.com"
            ]
        },
        {
            "rule": "genieegroup\\.com\\/2\\/2\\.89\\.0\\/394732\\/AdxLrCAGBNyGCIAw\\/postback",
            "cookies": 0,
            "fingerprinting": 0,
            "subdomains": [
                "s.fs"
            ],
            "apis": {},
            "sites": 2,
            "prevalence": 0.0000166,
            "cnames": [],
            "responseHashes": [
                "e3b0c44298fc1c149afbf4c8996fb92427ae41e4649b934ca495991b7852b855"
            ],
            "type": "XHR",
            "firstPartyCookies": {},
            "firstPartyCookiesSent": {
                "lotame_domain_check": 0.000016583472910897
            },
            "exampleSites": [
                "rumah123.com",
                "artikel.rumah123.com"
            ]
        },
        {
            "rule": "genieegroup\\.com\\/2\\/2\\.89\\.0\\/main\\.js",
            "cookies": 0,
            "fingerprinting": 3,
            "subdomains": [
                "s.fs"
            ],
            "apis": {
                "Navigator.prototype.vendor": 10,
                "Navigator.prototype.userAgent": 10,
                "Performance.prototype.memory": 9,
                "window.devicePixelRatio": 9,
                "window.name": 9,
                "console.memory": 9,
                "window.localStorage": 9,
                "Navigator.prototype.appCodeName": 9,
                "Navigator.prototype.languages": 9,
                "Navigator.prototype.onLine": 9,
                "Navigator.prototype.webdriver": 9,
                "Navigator.prototype.mediaDevices": 9,
                "Navigator.prototype.hardwareConcurrency": 9,
                "Navigator.prototype.deviceMemory": 9,
                "Navigator.prototype.plugins": 9,
                "window.innerWidth": 9,
                "window.innerHeight": 9,
                "Screen.prototype.availWidth": 9,
                "Screen.prototype.availHeight": 9,
                "Screen.prototype.width": 9,
                "Screen.prototype.height": 9,
                "Screen.prototype.colorDepth": 9,
                "Screen.prototype.pixelDepth": 9,
                "Screen.prototype.availLeft": 9,
                "Screen.prototype.availTop": 9,
                "Screen.prototype.orientation": 9,
                "window.screenX": 9,
                "window.screenY": 9,
                "window.screenLeft": 9,
                "window.screenTop": 9,
                "Navigator.prototype.platform": 9,
                "Navigator.prototype.maxTouchPoints": 9,
                "BarProp.prototype.visible": 9,
                "window.outerHeight": 9,
                "window.outerWidth": 9,
                "Navigator.prototype.connection": 9,
                "Date.prototype.getTime": 9,
                "Date.prototype.getTimezoneOffset": 9,
                "Intl.DateTimeFormat.prototype.resolvedOptions": 9,
                "Navigator.prototype.permissions": 9,
                "speechSynthesis.__proto__.getVoices": 4,
                "Notification.permission": 4,
                "OfflineAudioContext.prototype.constructor": 2,
                "AudioBuffer.prototype.getChannelData": 2,
                "Navigator.prototype.getBattery": 2,
                "URL.createObjectURL": 2,
                "NavigatorUAData.prototype.brands": 2,
                "NavigatorUAData.prototype.platform": 2,
                "NavigatorUAData.prototype.getHighEntropyValues": 2,
                "PerformanceTiming.prototype.navigationStart": 2,
                "Navigator.prototype.requestMediaKeySystemAccess": 1
            },
            "sites": 10,
            "prevalence": 0.0000829,
            "cnames": [],
            "responseHashes": [
                "65fa8f1857f04dea83311acabcd5413a6f5f3b51dcd39de0c77fe779b3cf8ae6"
            ],
            "type": "Script",
            "firstPartyCookies": {},
            "firstPartyCookiesSent": {},
            "exampleSites": [
                "rumah123.com",
                "artikel.rumah123.com",
                "keepo.me",
                "radarbali.jawapos.com",
                "weekly.ascii.jp",
                "www.chinatimes.com",
                "www.dafontfree.net",
                "www.kompasiana.com",
                "www.sonora.id",
                "www.tarladalal.com"
            ]
        },
        {
            "rule": "genieegroup\\.com\\/2\\/2\\.89\\.0\\/394732\\/AdxLrb4CBNxSATgl\\/postback",
            "cookies": 0,
            "fingerprinting": 0,
            "subdomains": [
                "s.fs"
            ],
            "apis": {},
            "sites": 2,
            "prevalence": 0.0000166,
            "cnames": [],
            "responseHashes": [
                "e3b0c44298fc1c149afbf4c8996fb92427ae41e4649b934ca495991b7852b855"
            ],
            "type": "XHR",
            "firstPartyCookies": {},
            "firstPartyCookiesSent": {
                "lotame_domain_check": 0.000016583472910897
            },
            "exampleSites": [
                "rumah123.com",
                "artikel.rumah123.com"
            ]
        },
        {
            "rule": "genieegroup\\.com\\/2\\/465167\\/analytics\\.js",
            "cookies": 0,
            "fingerprinting": 0,
            "subdomains": [
                "s.fs"
            ],
            "apis": {},
            "sites": 2,
            "prevalence": 0.0000166,
            "cnames": [],
            "responseHashes": [
                "e168bfdfc01010cd556ab3903f025b8bea3731b296398979441ac7a1237798fc"
            ],
            "type": "Script",
            "firstPartyCookies": {},
            "firstPartyCookiesSent": {},
            "exampleSites": [
                "blogmura.com",
                "weekly.ascii.jp"
            ]
        },
        {
            "rule": "genieegroup\\.com\\/2\\/2\\.89\\.0\\/394732\\/AdxCzYsQBAZmx8py\\/postback",
            "cookies": 0,
            "fingerprinting": 0,
            "subdomains": [
                "s.fs"
            ],
            "apis": {},
            "sites": 2,
            "prevalence": 0.0000166,
            "cnames": [],