{
    "domain": "genieegroup.com",
    "owner": {},
    "source": [
        "DuckDuckGo-US"
    ],
    "prevalence": 0.000122,
    "sites": 18,
    "subdomains": [
        "s.fs"
    ],
    "cnames": [],
    "fingerprinting": 3,
    "resources": [
        {
            "rule": "genieegroup\\.com\\/2\\/394732\\/analytics\\.js",
            "cookies": 0,
            "fingerprinting": 0,
            "subdomains": [
                "s.fs"
            ],
            "apis": {},
            "sites": 16,
            "prevalence": 0.000108,
            "cnames": [],
            "responseHashes": [
                "98d67fe62a5632df7fc816836d036859d32c67a241f2dcfe7738aafe9857379b",
                "109eaffe59512c34e6a7318b43fe6ba5f7612ee7464666df9e2e24c5d5f3d8a1",
                "91c931fe329a9c4495574515a7c4803670e7043f726d69f83a544c45c573b170",
                "aff3622762b47c4521a1c3569be163e61d939d8d7580791e67666bc71bbfe5be",
                "8192bdf54130d848c786e8576f43a3e6295f6b0840b4b392eece9a2c0d5e3ea9",
                "8f7a1158d9d75eb10a55d02c325d5b37bf1ee427767e3fc3fe5b22b77eedfc8a",
                "37e8b7e0e42f14aec19a7fbd8931f370b49a04f394627445265a0085b03ab26c",
                "1b5fc77208126d5cdd3bfb2d9667a411c1568e01b23a351bf35609aad0dd8839",
                "0236b78c4baed72f27e7a0c6c54d1215bae202e7e5a5c40759392ce0ff8ff9f8",
                "c6bb1bf2672213b45e6242bb18ada55f2321c105d2cab9ace1950d80aef20b9d",
                "7f6fc2c1492c1416a8099c133899501e8b4d837779d2fda62c554c873914906f",
                "43b3265b2aeda7768183ad7fe69ddc7619cedb44bf40b0609614e56d9200a0bd",
                "f70ebafc78b87cfc9d254ceb3a51ae78843732616939477f5d8d380eb780334b",
                "dbb3812bc319a144c891818c12b55210865bb23fd3dd985c4c8e33993ad2b404",
                "1f9bee55149a23ee7cc5738376387156e552934981ddc881f5a1360cf1f301cc"
            ],
            "type": "Script",
            "firstPartyCookies": {},
            "firstPartyCookiesSent": {
                "lotame_domain_check": 0.000013554635346422592
            },
            "exampleSites": [
                "rumah123.com",
                "artikel.rumah123.com",
                "bali.tribunnews.com",
                "bangka.tribunnews.com",
                "jabar.tribunnews.com",
                "jambi.tribunnews.com",
                "kaltim.tribunnews.com",
                "keepo.me",
                "mojok.co",
                "udn.com",
                "www.chinatimes.com",
                "www.dafontfree.net",
                "www.dimsumdaily.hk",
                "www.kompasiana.com",
                "www.sonora.id",
                "www.tarladalal.com"
            ]
        },
        {
            "rule": "genieegroup\\.com\\/2\\/2\\.90\\.0\\/394732\\/Ad6HnlgJBZpjHIQd\\/postback",
            "cookies": 0,
            "fingerprinting": 0,
            "subdomains": [
                "s.fs"
            ],
            "apis": {},
            "sites": 2,
            "prevalence": 0.0000136,
            "cnames": [],
            "responseHashes": [
                "e3b0c44298fc1c149afbf4c8996fb92427ae41e4649b934ca495991b7852b855"
            ],
            "type": "XHR",
            "firstPartyCookies": {},
            "firstPartyCookiesSent": {
                "lotame_domain_check": 0.000013554635346422592
            },
            "exampleSites": [
                "rumah123.com",
                "artikel.rumah123.com"
            ]
        },
        {
            "rule": "genieegroup\\.com\\/2\\/2\\.90\\.0\\/main\\.js",
            "cookies": 0,
            "fingerprinting": 3,
            "subdomains": [
                "s.fs"
            ],
            "apis": {
                "Navigator.prototype.vendor": 13,
                "Navigator.prototype.userAgent": 13,
                "Performance.prototype.memory": 13,
                "window.devicePixelRatio": 13,
                "window.name": 13,
                "console.memory": 13,
                "window.localStorage": 13,
                "Navigator.prototype.appCodeName": 13,
                "Navigator.prototype.languages": 13,
                "Navigator.prototype.onLine": 13,
                "Navigator.prototype.webdriver": 13,
                "Navigator.prototype.mediaDevices": 13,
                "Navigator.prototype.hardwareConcurrency": 13,
                "Navigator.prototype.deviceMemory": 13,
                "Navigator.prototype.plugins": 13,
                "window.innerWidth": 13,
                "window.innerHeight": 13,
                "Screen.prototype.availWidth": 13,
                "Screen.prototype.availHeight": 13,
                "Screen.prototype.width": 13,
                "Screen.prototype.height": 13,
                "Screen.prototype.colorDepth": 13,
                "Screen.prototype.pixelDepth": 13,
                "Screen.prototype.availLeft": 13,
                "Screen.prototype.availTop": 13,
                "Screen.prototype.orientation": 13,
                "window.screenX": 13,
                "window.screenY": 13,
                "window.screenLeft": 13,
                "window.screenTop": 13,
                "Navigator.prototype.platform": 13,
                "Navigator.prototype.maxTouchPoints": 13,
                "BarProp.prototype.visible": 13,
                "window.outerHeight": 13,
                "window.outerWidth": 13,
                "Navigator.prototype.connection": 13,
                "Date.prototype.getTime": 13,
                "Date.prototype.getTimezoneOffset": 13,
                "Intl.DateTimeFormat.prototype.resolvedOptions": 13,
                "Navigator.prototype.permissions": 11,
                "speechSynthesis.__proto__.getVoices": 3,
                "Notification.permission": 2,
                "OfflineAudioContext.prototype.constructor": 2,
                "AudioBuffer.prototype.getChannelData": 2,
                "Navigator.prototype.getBattery": 2,
                "URL.createObjectURL": 2,
                "NavigatorUAData.prototype.brands": 2,
                "NavigatorUAData.prototype.platform": 2,
                "NavigatorUAData.prototype.getHighEntropyValues": 2,
                "PerformanceTiming.prototype.navigationStart": 2,
                "Navigator.prototype.requestMediaKeySystemAccess": 1
            },
            "sites": 16,
            "prevalence": 0.000108,
            "cnames": [],
            "responseHashes": [
                "6c3eadf5e401902a6cfc7704d4f8f7ab5134f829ea3d889b42c13a1159c1fd09"
            ],
            "type": "Script",
            "firstPartyCookies": {},
            "firstPartyCookiesSent": {},
            "exampleSites": [
                "rumah123.com",
                "artikel.rumah123.com",
                "bali.tribunnews.com",
                "bangka.tribunnews.com",
                "jabar.tribunnews.com",
                "jambi.tribunnews.com",
                "kaltim.tribunnews.com",
                "keepo.me",
                "mojok.co",
                "udn.com",
                "www.chinatimes.com",
                "www.dafontfree.net",
                "www.dimsumdaily.hk",
                "www.kompasiana.com",
                "www.sonora.id",
                "www.tarladalal.com"
            ]
        },
        {
            "rule": "genieegroup\\.com\\/2\\/2\\.90\\.0\\/394732\\/Ad6HocIABZqZKr9y\\/postback",
            "cookies": 0,
            "fingerprinting": 0,
            "subdomains": [
                "s.fs"
            ],
            "apis": {},
            "sites": 2,
            "prevalence": 0.0000136,
            "cnames": [],
            "responseHashes": [
                "e3b0c44298fc1c149afbf4c8996fb92427ae41e4649b934ca495991b7852b855"
            ],
            "type": "XHR",
            "firstPartyCookies": {},
            "firstPartyCookiesSent": {
                "lotame_domain_check": 0.000013554635346422592
            },