{
    "domain": "getapo.com",
    "owner": {},
    "source": [
        "DuckDuckGo-US"
    ],
    "prevalence": 0.000291,
    "sites": 43,
    "subdomains": [],
    "cnames": [],
    "fingerprinting": 0,
    "resources": [
        {
            "rule": "getapo\\.com\\/api\\/v1\\/prepare\\/ads",
            "cookies": 0,
            "fingerprinting": 0,
            "subdomains": [],
            "apis": {},
            "sites": 39,
            "prevalence": 0.000264,
            "cnames": [],
            "responseHashes": [
                "e3b0c44298fc1c149afbf4c8996fb92427ae41e4649b934ca495991b7852b855",
                "35c02353121a49e1aeaaeb3fdc8a1014d37870c3b3d19829fc7ef67a540bb78a",
                "b8c7cd32e93f60011dbb921363415b96b188e0ef1d07636989dfe1ba7659a1a9",
                "354f7a145f2f6a0c0147822149ea9ceb6c96181248dcd8e8d1426d84daf124b2",
                "2e447d101b7b8ed8a804fcc26150a259161f54944f7365dfc0ec9fda2cf9c4b2",
                "95c6a86f503555701f860d4b44cdcca931616f460604b7e9c38d5aa41ff844d8",
                "a6fecb4e4f9ed9ef435d92fc97b6487f0a060ac92f5ab34f73a2a40efd1298bb",
                "a1993f776de6f876dbaa53122da63f77743bcfe1789ecc075add79c041acec60",
                "3e6ec51cda46f4f91f080b82ca89cc7495afcbadd18a612361a29a1b627b64b0",
                "4a39a8c0dd955b4dded2883bcfa2ab7b728ad649c17134fd8688f4f265fe0d21",
                "c51054670ff758c5f01cccabe50a87fe1b6c1db0b4b8f941c3ca86f94bbe98e7",
                "4620e864b3ffe3c6a735bf6761d829723d8dab9785252c716a25062e52acc059",
                "12dbc85300c45a082b9868d4babee44c17c8e0c1b0f25012e68004a61da6b234",
                "fcf2d5c0221b1361a71465d260bcde0fc95562b6faacef8de4c83fe0cfc87e18",
                "44d4cd2fa54deb80a13f3faaf8c2f435be7681bd309e34de503bf2a72b9723c6",
                "49913a379f0da1a96515c00d2ea11b748858a026e8bf9722e7e849b9169e17d1",
                "c279d578166646a4475df14bc76cbe0d17cdb3869c58c440cd89b81699b22400",
                "b26b4e31b3ce3529ec1e4b7d4d5e35894cad4213883e2459ee1728d05e68ad9c",
                "a45baf3bc0df73e62ca5f221742d2a15d14e488a0e7f4456b7746ccb9321ddb7",
                "ca9953b60e6c89a0c71495fce3bd6ce4d36a4b3562fed87624f5b56aff159947"
            ],
            "type": "Fetch",
            "firstPartyCookies": {},
            "firstPartyCookiesSent": {},
            "exampleSites": [
                "thepiratebay.org",
                "nagih.biz",
                "www.teensforfree.net",
                "altyazilistepxx.fun",
                "sexmonster.net",
                "xporn.to",
                "peepeebabes.club",
                "jungespornovideo.com",
                "3gpking.pro",
                "youhdjizz.com",
                "mangaforfree.net",
                "telochki.org",
                "hentaiworld.tv",
                "indian-porn.pro",
                "porn93.cc",
                "boomba.club",
                "hairypussypix.com",
                "deadhouse.org",
                "alivegore.com",
                "rapetube.tv"
            ]
        },
        {
            "rule": "getapo\\.com\\/api\\/v1\\/prepare\\/ads",
            "cookies": 0,
            "fingerprinting": 0,
            "subdomains": [],
            "apis": {},
            "sites": 39,
            "prevalence": 0.000264,
            "cnames": [],
            "responseHashes": [],
            "type": "Preflight",
            "firstPartyCookies": {},
            "firstPartyCookiesSent": {},
            "exampleSites": [
                "thepiratebay.org",
                "hairypussypix.com",
                "bollywoodporn.pro",
                "mangaforfree.net",
                "xxx8.me",
                "pandamovies.org",
                "sex18.fun",
                "www.teensforfree.net",
                "xporn.to",
                "indian-porn.pro",
                "izmena.net",
                "www.retroporn.sexy",
                "javvideos.porn",
                "alivegore.com",
                "xxxstrike.com",
                "porno-doiki.fun",
                "rapetube.tv",
                "hentaiworld.tv",
                "deadhouse.org",
                "3gpking.pro"
            ]
        }
    ],
    "categories": [],
    "performance": {},
    "cookies": 0,
    "topInitiators": [
        {
            "domain": "wpushsdk.com",
            "prevalence": 0.5333333333333333
        },
        {
            "domain": "aea00d7aef.com",
            "prevalence": 0.17777777777777778
        },
        {
            "domain": "e695e3444e.com",
            "prevalence": 0.13333333333333333
        },
        {
            "domain": "ec03f488e8.com",
            "prevalence": 0.13333333333333333
        },
        {
            "domain": "first party",
            "prevalence": 0.022222222222222223
        }
    ],
    "types": {
        "Fetch": 39,
        "Preflight": 39
    },
    "nameservers": [
        "ns3.digitalocean.com",
        "ns1.digitalocean.com",
        "ns2.digitalocean.com"
    ]
}