{
    "domain": "getels.com",
    "owner": {},
    "source": [
        "DuckDuckGo-US"
    ],
    "prevalence": 0.000169,
    "sites": 25,
    "subdomains": [],
    "cnames": [],
    "fingerprinting": 0,
    "resources": [
        {
            "rule": "getels\\.com\\/api\\/v1\\/prepare\\/ads",
            "cookies": 0,
            "fingerprinting": 0,
            "subdomains": [],
            "apis": {},
            "sites": 20,
            "prevalence": 0.000135,
            "cnames": [],
            "responseHashes": [],
            "type": "Preflight",
            "firstPartyCookies": {},
            "firstPartyCookiesSent": {},
            "exampleSites": [
                "arabysexy.com",
                "bugorfeature.com",
                "chaturflix.cam",
                "javraveclub.com",
                "komikdewasa.art",
                "komikseru.me",
                "manhwaindo.me",
                "nudxx.com",
                "porns.me",
                "pornpervert.com",
                "prelesti.pro",
                "sandhawke.com",
                "sextape.online",
                "taboohome.com",
                "teensforfree.net",
                "www.anime-tube.pw",
                "www.gaysex.work",
                "www.justhd.space",
                "www.xnxx-downloader.net",
                "xxxxporn.pro"
            ]
        },
        {
            "rule": "getels\\.com\\/api\\/v1\\/prepare\\/ads",
            "cookies": 0,
            "fingerprinting": 0,
            "subdomains": [],
            "apis": {},
            "sites": 23,
            "prevalence": 0.000155,
            "cnames": [],
            "responseHashes": [
                "7d3e35afcb637663e22a2184bdda58b21cdf719bcdf649f009768ca4d41e2f90",
                "88ade001cab15c40e05145eb999c1c192e206b062090b718d9d999236c213284",
                "5da620703d8e525e89fbe2ee3d2d71f5ee0d12ce65faa1282560529bc5750260",
                "9db71afd13553896fd1f907e4f08bd3350c41e9fc89a4f1932bed282db31173a",
                "0974c8b585465292c6a9628b056723f8a4715f4ec2ffd97da41810b06e34b803",
                "7ed38208ce0db437cdef46a8dc43ab285abacd47998ec45ad4df46bf918beb14",
                "15e07dc38ed1451e1550ae98106b5900b8ad2e86838345ee03594bb9d4bd6499",
                "b7fdd5473127f3de0c39bcb933d8c0b7c7e8c7521d5e36461a4854c357b70bdc",
                "f3c81d7585df38cdcd2da6033926577e8f1016ce7c2fb3c759ca4f19aae93888",
                "7b0e8ba6399686daf5034477af3d9d7fcbf631c8dae5a1ab60691e5e22867b71",
                "0a12b0731e6585913e33cafb2e40e144590c17a6209802bb34b3c2db92e4813c",
                "e3b0c44298fc1c149afbf4c8996fb92427ae41e4649b934ca495991b7852b855",
                "9b760ae98f170f5808b6386e0447da6596e6ab19f54d4c4d985187fc195852f6",
                "ae7318d9452edf645cfbaa5f1e97058e6a4c4a1fa1b9838ddd6e383e8d9990de",
                "ff685e4e92136405a621025a6799fb46910fcf45fa890acf55fa88dc08ab9b8a"
            ],
            "type": "Fetch",
            "firstPartyCookies": {},
            "firstPartyCookiesSent": {},
            "exampleSites": [
                "nudxx.com",
                "pornpervert.com",
                "pornobaza24.com",
                "www.gaysex.work",
                "chaturflix.cam",
                "teensforfree.net",
                "komikdewasa.art",
                "thepornpic.com",
                "www.anime-tube.pw",
                "taboohome.com",
                "www.xnxx-downloader.net",
                "prelesti.pro",
                "manhwaindo.me",
                "www.justhd.space",
                "porns.me",
                "sandhawke.com",
                "bugorfeature.com",
                "hmanga.org",
                "javraveclub.com",
                "komikseru.me"
            ]
        },
        {
            "rule": "getels\\.com\\/api\\/v1\\/prepare\\/ads",
            "cookies": 0,
            "fingerprinting": 0,
            "subdomains": [],
            "apis": {},
            "sites": 3,
            "prevalence": 0.0000203,
            "cnames": [],
            "responseHashes": [],
            "type": "Other",
            "firstPartyCookies": {},
            "firstPartyCookiesSent": {},
            "exampleSites": [
                "hmanga.org",
                "pornobaza24.com",
                "thepornpic.com"
            ]
        }
    ],
    "categories": [],
    "performance": {},
    "cookies": 0,
    "topInitiators": [
        {
            "domain": "wpushsdk.com",
            "prevalence": 0.5769230769230769
        },
        {
            "domain": "76a9e2d7ca.com",
            "prevalence": 0.23076923076923078
        },
        {
            "domain": "8c7fbd53fb.com",
            "prevalence": 0.15384615384615385
        },
        {
            "domain": "5566a2431c.com",
            "prevalence": 0.038461538461538464
        }
    ],
    "types": {
        "Preflight": 20,
        "Fetch": 23,
        "Other": 3
    },
    "nameservers": [
        "ns1.digitalocean.com",
        "ns2.digitalocean.com",
        "ns3.digitalocean.com"
    ]
}