{
    "domain": "getels.com",
    "owner": {},
    "source": [
        "DuckDuckGo-US"
    ],
    "prevalence": 0.000279,
    "sites": 36,
    "subdomains": [],
    "cnames": [],
    "fingerprinting": 0,
    "resources": [
        {
            "rule": "getels\\.com\\/api\\/v1\\/prepare\\/ads",
            "cookies": 0,
            "fingerprinting": 0,
            "subdomains": [],
            "apis": {},
            "sites": 33,
            "prevalence": 0.000256,
            "cnames": [],
            "responseHashes": [
                "e3b0c44298fc1c149afbf4c8996fb92427ae41e4649b934ca495991b7852b855",
                "df7483fe5cac9b6ca77f2301a99c77e2865f0017689ad48ac68ee1f214095a0d",
                "e57361e9d08fed31868c74cc3abaaecd54f0cb894235aeaa4a3aa3c5e8f88e78",
                "c72d097404a4a2a3d5953f5a17ab1a62d91f39dceb4e5eed1c836b534e7c8a90",
                "9fd6f642cdc372fce138030cd3aaf5ea14b4cbb8eda83ff68f77054262cae9fc",
                "c5a8a051d21ad0d5403dc5f7c361e4add58edf7696910e47d470fa6f5d7f5c9a",
                "2f58f9ea35ada1eda71ca1c2759e4670d9dc63c226260e208c5f62c21f21baf5",
                "7ce74865a9d64d3572cef521be6c96b961f47cb933bd35cee9d9444b92fc1f4b",
                "292ec7fb49e3a9ef7d36c94e3f515e617890f890f7f267154b88fba71279566f",
                "c9845368751e7324156326b37c18441424c68152c411c9c0140e998dc1f99273",
                "e451c3dcbc1fe0f8f50e09aad6552058776ced6cb1ffbbe278cea2826c366044"
            ],
            "type": "Fetch",
            "firstPartyCookies": {},
            "firstPartyCookiesSent": {},
            "exampleSites": [
                "thepiratebay.org",
                "sexleaks.fun",
                "pornwiss.com",
                "flibusta.site",
                "www.jtube.space",
                "www.anime-tube.space",
                "analnoe.com",
                "komikseru.me",
                "www.justhd.space",
                "fuckmovs.pro",
                "young-nudists.top",
                "asia-xxx.net",
                "jav-pics.com",
                "www.perverzija.com",
                "www.cn.jtube.space",
                "www.shemale6.com",
                "javsex.club",
                "titki.biz",
                "www.asianporn.me",
                "tinyurl.com"
            ]
        },
        {
            "rule": "getels\\.com\\/api\\/v1\\/prepare\\/ads",
            "cookies": 0,
            "fingerprinting": 0,
            "subdomains": [],
            "apis": {},
            "sites": 33,
            "prevalence": 0.000256,
            "cnames": [],
            "responseHashes": [],
            "type": "Preflight",
            "firstPartyCookies": {},
            "firstPartyCookiesSent": {},
            "exampleSites": [
                "thepiratebay.org",
                "tinyurl.com",
                "flibusta.site",
                "www.anime-tube.space",
                "fuckmovs.pro",
                "komikseru.me",
                "www.xxvideos.download",
                "www.asianporn.me",
                "hemenotmikz1.click",
                "pornwiss.com",
                "porn93.cc",
                "boobliks.pro",
                "young-nudists.top",
                "titki.biz",
                "xxxvideo.world",
                "asia-xxx.net",
                "adultporn.me",
                "arabysexy.com",
                "xhamster.pet",
                "xxxmoviestream.org"
            ]
        }
    ],
    "categories": [],
    "performance": {},
    "cookies": 0,
    "topInitiators": [
        {
            "domain": "wpushsdk.com",
            "prevalence": 0.5384615384615384
        },
        {
            "domain": "3841f4b0c4.com",
            "prevalence": 0.2564102564102564
        },
        {
            "domain": "5608bd4f7e.com",
            "prevalence": 0.1794871794871795
        },
        {
            "domain": "913d3aa571.com",
            "prevalence": 0.02564102564102564
        }
    ],
    "types": {
        "Fetch": 33,
        "Preflight": 33
    },
    "nameservers": [
        "ns2.digitalocean.com",
        "ns1.digitalocean.com",
        "ns3.digitalocean.com"
    ]
}