{
    "domain": "gethouse.top",
    "owner": {},
    "source": [
        "DuckDuckGo-US"
    ],
    "prevalence": 0.000093,
    "sites": 12,
    "subdomains": [],
    "cnames": [],
    "fingerprinting": 1,
    "resources": [
        {
            "rule": "gethouse\\.top\\/get_jqry\\.js",
            "cookies": 0,
            "fingerprinting": 1,
            "subdomains": [],
            "apis": {
                "Navigator.prototype.userAgent": 12
            },
            "sites": 12,
            "prevalence": 0.000093,
            "cnames": [],
            "responseHashes": [
                "90e6fc1a9eb54ac61adb1d6a6c7d7c6ad3bc03c89961965011f85367b5e6e6ec",
                "323f03fd1dfe4227a1749996bcea372378330402758222dbefc5a308ed9e2a71",
                "6a2bbb2900b886c8063b00d15c6a4627a8a8b09ca6bc31d9092fb161222ae755",
                "6c7d24fa500510dbe6e6ca2c1a3cc1cdeb92679f22f008056bb493494a9ba67f",
                "6806dfc3043fdf054567893783cca51a8861e77399ebc977c76c01bb0e4c0e0a",
                "ae011c602db91e88fef66e2aff0373d2c075c727c450eebded41239bbd5a3a3c",
                "f74bf605c6dcb7e2e3fb6e25b0264c2a690830d46cedf2fbea3b81d4525dbeed",
                "b8a122f678367eacdffacf67a5147dd47afbca2ce886d196ca8c3adaf934c3ec",
                "1edeefa74d52dbc3340a6e61085f52b2263b55f6f1ebd0bff86ac52fed6e9fda",
                "1d7d57e6f5360ddd0bc37a2dbd748103609f9cdb4d45fdeaecb8a625431206ea",
                "57d7833163a54e93b7af736085875187e8dffd8bebfbb17e27ff3bd4500dec89"
            ],
            "type": "Script",
            "firstPartyCookies": {},
            "firstPartyCookiesSent": {},
            "exampleSites": [
                "tistory.com",
                "hacksthroat.tistory.com",
                "nacktenteensgolden34.tistory.com",
                "orgasmuae.tistory.com",
                "petiteover.tistory.com",
                "petiteproxy.tistory.com",
                "smallbusinesspetite.tistory.com",
                "stillthere.co",
                "teenagerack7.tistory.com",
                "telteens4.tistory.com",
                "useurope.tistory.com",
                "utahgirls.tistory.com"
            ]
        },
        {
            "rule": "gethouse\\.top\\/get_jqry\\.js",
            "cookies": 0,
            "fingerprinting": 0,
            "subdomains": [],
            "apis": {},
            "sites": 12,
            "prevalence": 0.000093,
            "cnames": [],
            "responseHashes": [
                "0da6f57b5d8d7bde8328cc5351e77742b425c1d6f0799389d85ae1c31464e00f",
                "5bd05ec528fe32fdf4bc5d76ac8487bde5718839e8146f58be6cb60c20f6001d",
                "867a33eb59186a25dcc4a7061fa81c1262c5589024921b6048be7200cc581bf2",
                "c46732082cf4dd90cf6da41de31c29efd155643bfecbea51a4a90bff46c26f79",
                "372c915d3ed04359605ad461111a5e4ea2bb8a18e230f99265b86eb4a90069f7",
                "eaae1794f8bff44873ff122d66d248e190bc1a1cf23616b80c87bbc559c942c2",
                "165fb7e85f961d42aeef465078befb0632dd9cb2ed428ee7df2077ea6a13375a",
                "c74ed55f15f721cb1cc9821c9862ac63170afad049b62f99a22753f6250867e0"
            ],
            "type": "XHR",
            "firstPartyCookies": {},
            "firstPartyCookiesSent": {},
            "exampleSites": [
                "tistory.com",
                "hacksthroat.tistory.com",
                "nacktenteensgolden34.tistory.com",
                "orgasmuae.tistory.com",
                "petiteover.tistory.com",
                "petiteproxy.tistory.com",
                "smallbusinesspetite.tistory.com",
                "stillthere.co",
                "teenagerack7.tistory.com",
                "telteens4.tistory.com",
                "useurope.tistory.com",
                "utahgirls.tistory.com"
            ]
        },
        {
            "rule": "gethouse\\.top\\/get_jqry\\.js",
            "cookies": 0,
            "fingerprinting": 0,
            "subdomains": [],
            "apis": {},
            "sites": 12,
            "prevalence": 0.000093,
            "cnames": [],
            "responseHashes": [],
            "type": "Preflight",
            "firstPartyCookies": {},
            "firstPartyCookiesSent": {},
            "exampleSites": [
                "tistory.com",
                "hacksthroat.tistory.com",
                "nacktenteensgolden34.tistory.com",
                "orgasmuae.tistory.com",
                "petiteover.tistory.com",
                "petiteproxy.tistory.com",
                "smallbusinesspetite.tistory.com",
                "stillthere.co",
                "teenagerack7.tistory.com",
                "telteens4.tistory.com",
                "useurope.tistory.com",
                "utahgirls.tistory.com"
            ]
        }
    ],
    "categories": [],
    "performance": {},
    "cookies": 0,
    "topInitiators": [
        {
            "domain": "first party",
            "prevalence": 1
        }
    ],
    "types": {
        "Script": 12,
        "XHR": 12,
        "Preflight": 12
    },
    "nameservers": [
        "destiny.ns.cloudflare.com",
        "peyton.ns.cloudflare.com"
    ]
}