{
    "domain": "getibo.com",
    "owner": {},
    "source": [
        "DuckDuckGo-US"
    ],
    "prevalence": 0.000264,
    "sites": 39,
    "subdomains": [],
    "cnames": [],
    "fingerprinting": 0,
    "resources": [
        {
            "rule": "getibo\\.com\\/api\\/v1\\/prepare\\/ads",
            "cookies": 0,
            "fingerprinting": 0,
            "subdomains": [],
            "apis": {},
            "sites": 38,
            "prevalence": 0.000258,
            "cnames": [],
            "responseHashes": [
                "e3b0c44298fc1c149afbf4c8996fb92427ae41e4649b934ca495991b7852b855",
                "eb8cd9a1e071ecfef225ae45c6eaa0aadc1a134314d02dd2f3b96270fec1a148",
                "61e508342661b2ed651454f40614c010740c0849666858c4fd32da9d50bde668",
                "6cb213034ca5f68eca04853a599aee5e3d4a83327593507531eb82b13a8e99ec",
                "9fdc8fecee40f3fad27d8f3b548013451f9048ab656b6ea784ddf78eccebf313",
                "eda06b2d83eb99225ff4d439c31424ec3867d61df25ebebca88b11e7bbeefba7",
                "785a94a3c54e98475ae377eab2e9dd7f781e2f5ddd49290335f1f507c0c89273",
                "5f16ff09e218890685f5cc3ed27859ca983edc0c95678461f0df183768513c14",
                "4b02a54c6c6de446836af5813977a324e6542fbe7e59ee65567184ce99937ec1",
                "69303313b0b05052a7adb4e20c83425700ecc21d176d73310f855e342e145233",
                "3d84eef9003dd47e4ade9b6a55a3ea5a618270b73a5907024645fb8edf97b62e",
                "3666ec74b3cd48b75d7a6a766f2a8633afbfe58e477ad236a262d21b8554841c"
            ],
            "type": "Fetch",
            "firstPartyCookies": {},
            "firstPartyCookiesSent": {},
            "exampleSites": [
                "chastnoeporno.su",
                "javvideos.porn",
                "m.pornl.com",
                "pervertslut.com",
                "hamarivasna.net",
                "femefun.com",
                "www.xsemok.com",
                "www.japteenx.com",
                "boomba.club",
                "sharpfur.com",
                "sexvip1.cc",
                "vintic.name",
                "mangaforfree.net",
                "lackluster.life",
                "pornobomba.site",
                "izmena.net",
                "naked.titis.org",
                "www.xmegadrive.com",
                "prelesti.pro",
                "telochki.org"
            ]
        },
        {
            "rule": "getibo\\.com\\/api\\/v1\\/prepare\\/ads",
            "cookies": 0,
            "fingerprinting": 0,
            "subdomains": [],
            "apis": {},
            "sites": 38,
            "prevalence": 0.000258,
            "cnames": [],
            "responseHashes": [],
            "type": "Preflight",
            "firstPartyCookies": {},
            "firstPartyCookiesSent": {},
            "exampleSites": [
                "m.porn555.com",
                "fuckmovs.pro",
                "pervertslut.com",
                "hderotikfilmx.xyz",
                "sexvip1.cc",
                "telochki.org",
                "teensforfree.net",
                "hamarivasna.net",
                "pornobomba.site",
                "mangoporn.net",
                "www.japteenx.com",
                "femefun.com",
                "cicisex.xyz",
                "unlimporn.com",
                "prelesti.pro",
                "www.xporntubesex.com",
                "lackluster.life",
                "titki.biz",
                "javvideos.porn",
                "naked.titis.org"
            ]
        }
    ],
    "categories": [],
    "performance": {},
    "cookies": 0,
    "topInitiators": [
        {
            "domain": "wpushsdk.com",
            "prevalence": 0.5
        },
        {
            "domain": "62f9bb0bbc.com",
            "prevalence": 0.23809523809523808
        },
        {
            "domain": "314d7d699d.com",
            "prevalence": 0.21428571428571427
        },
        {
            "domain": "first party",
            "prevalence": 0.047619047619047616
        }
    ],
    "types": {
        "Fetch": 38,
        "Preflight": 38
    },
    "nameservers": [
        "ns1.digitalocean.com",
        "ns2.digitalocean.com",
        "ns3.digitalocean.com"
    ]
}