{
    "domain": "getibo.com",
    "owner": {},
    "source": [
        "DuckDuckGo-US"
    ],
    "prevalence": 0.000366,
    "sites": 54,
    "subdomains": [],
    "cnames": [],
    "fingerprinting": 0,
    "resources": [
        {
            "rule": "getibo\\.com\\/api\\/v1\\/prepare\\/ads",
            "cookies": 0,
            "fingerprinting": 0,
            "subdomains": [],
            "apis": {},
            "sites": 48,
            "prevalence": 0.000326,
            "cnames": [],
            "responseHashes": [
                "e3b0c44298fc1c149afbf4c8996fb92427ae41e4649b934ca495991b7852b855",
                "83620e8ebcd5ecad35c88e345ca2d0bf5cece3b5e086136ca5a44b46b86d20e9",
                "cfb5f16c1ea5572b28f2d1614a14efd4dbdfdfadaaa3d6f1a60cf5326d68f6a4",
                "ee1f7c6ae213df38fea68cb4d13331baa89074e01b389745723814222c7f28dc",
                "32a600931b259610cca26f61a6da9963a62deec25813edc5390a1aac9c097ba8",
                "533888d9162e5e11dd3ef0aac2d60d659ca4ce32270fcae2fac77e4572e9d1b4",
                "c24d9a96292e7581ea02f3f4b6e5d3ddadb7bf6fccb2476ecc8f3f84d2b6dc7e",
                "e52dabbc963212292b52b5d8112f99f7e5a2ad85489c9e60aec04a5d3ff5a272",
                "9bd480e10ff52fa1e4ad1e8c68e24c3f8a82af14a4d4050fffe4cbe9b2784c94",
                "0e779646dba4ba6be05c90242bf0b09ea08acb8336b8b0428e35c317769a738e",
                "3f4b0c71e93495d71493517b520458048e9136c102f7948e5bbbcc15f5a67369",
                "676bcc662b1c0a77433665a6475ee2057f6530f33ed0f1d03206d1a36e0c741d",
                "ea1797245a23ce4bb8b0c74ec235577b9221bd398455f3dfb2beacd8425721d4",
                "a4cb92883f78d0b4d8d624c0b488da79abe40b456a73e4c1a1c9c5f5e1323ce2",
                "14af780359f20916efdcda8b47ac3699f079775c60451f482bd2fa266071c57b",
                "39c57f8d6269dc92b4e7133ede1e56b45af06ef4f5095f67e54f6a77667deda4",
                "8e9c89c1aa47c9a6d034e2779fc6a384ee3cfd5727c2b7f466c99a496b063abb",
                "7e3a8d2acec9ac679f6a941c9e6fd7223cd4297cd2a277ba37cf3a6954c57cc3",
                "901cee0402e6b2e369fe48c1e8ece7971162dad2cd4592bce5742fdf0c4be59d",
                "69fc5907e334f3122c38673a07679cf9f2554deebc6762277cd145e7d1ac2d26",
                "ccf2cd80efb2cd9a1fbcb18ab4423a586b279baf1ab2661cded394fbae9be09e",
                "b954d34384c47ded916e09312f9f65687b1498849529e66756a7328381ffc00f"
            ],
            "type": "Fetch",
            "firstPartyCookies": {},
            "firstPartyCookiesSent": {},
            "exampleSites": [
                "the-moms.com",
                "taboo.desi",
                "pornobomba.click",
                "www.justhd.space",
                "leaknud.com",
                "cn.jtube.space",
                "pandamovies.org",
                "www.xporn.uk",
                "milfpornpics.biz",
                "indian-porn.pro",
                "xxx8.me",
                "www.coolpornvideos.com",
                "sexleaks.fun",
                "www.japteenx.com",
                "www.cn.jtube.space",
                "sex18.fun",
                "boombo.biz",
                "javhihi.world",
                "www.anime-tube.space",
                "www.onlyfans.org.es"
            ]
        },
        {
            "rule": "getibo\\.com\\/api\\/v1\\/prepare\\/ads",
            "cookies": 0,
            "fingerprinting": 0,
            "subdomains": [],
            "apis": {},
            "sites": 48,
            "prevalence": 0.000326,
            "cnames": [],
            "responseHashes": [],
            "type": "Preflight",
            "firstPartyCookies": {},
            "firstPartyCookiesSent": {},
            "exampleSites": [
                "indian-porn.pro",
                "pornzoom.org",
                "pornpervert.com",
                "www.japteenx.com",
                "www.onlyfans.org.es",
                "javporn.today",
                "chastnoeporno.su",
                "sex18.fun",
                "milfpornpics.biz",
                "www.xporn.uk",
                "www.porncomixonline.net",
                "javhihi.world",
                "vacedogreece.com",
                "www.fullfamilyincest.com",
                "xxxvideo.world",
                "chiks.org",
                "nudcelebs.com",
                "www.hindixxx.club",
                "femefun.com",
                "beautifulhairypussy.com"
            ]
        }
    ],
    "categories": [],
    "performance": {},
    "cookies": 0,
    "topInitiators": [
        {
            "domain": "wpushsdk.com",
            "prevalence": 0.5862068965517241
        },
        {
            "domain": "3e56c3e815.com",
            "prevalence": 0.3793103448275862
        },
        {
            "domain": "598bbc60ff.com",
            "prevalence": 0.034482758620689655
        }
    ],
    "types": {
        "Fetch": 48,
        "Preflight": 48
    },
    "nameservers": [
        "ns1.digitalocean.com",
        "ns2.digitalocean.com",
        "ns3.digitalocean.com"
    ]
}