{
    "domain": "getkel.com",
    "owner": {},
    "source": [
        "DuckDuckGo-US"
    ],
    "prevalence": 0.000386,
    "sites": 57,
    "subdomains": [],
    "cnames": [],
    "fingerprinting": 0,
    "resources": [
        {
            "rule": "getkel\\.com\\/api\\/v1\\/prepare\\/ads",
            "cookies": 0,
            "fingerprinting": 0,
            "subdomains": [],
            "apis": {},
            "sites": 51,
            "prevalence": 0.000346,
            "cnames": [],
            "responseHashes": [
                "e3b0c44298fc1c149afbf4c8996fb92427ae41e4649b934ca495991b7852b855",
                "d09a8ddef16dadaa380fee26d4e5c6a290d874a687a984faaefed7a2864cd502",
                "bdda53751b0ffd11bcecbbbef5760ec52d8706e0405b28aa9bbfbd21599658b7",
                "a93e2528c96c81f2fec97b416a575e40245b7c29292bdef93ddbf64da5eb90fa",
                "f28a28e182e6c7aabdd96d51bdeed333fc18ee22101d09f896173cae40fcb0e6",
                "79de6d3a900ea077c4fe8e61ca1026222bbbe618b1fa58afc055a03bfb3019bc",
                "a55538bf4546ee46b9c2c58b0db7e814d6854b0081ec375d70f73b74108751ee",
                "686443dbd73bbe533e4b38bfd6b1c305221c98c263cc12d5ec6123a469e99ac4",
                "7f8a36219112b146997dc7f8c5909ad734a6d2579243c00701034ed4a72d4352",
                "10f9211bc9a88353d824273c1dcca60b73bd877870ac647652dd1233991cbaab",
                "97f4bc2f01f12daf7e3d5285dc6577a640215ef8a9550e9efd08a408f2231461",
                "d1aadbd5c2bcd7bdd11a940a0a2dd28caf5e5d1eb1456212e3ebe9ef0a81164f",
                "595147c274c1362dd100b13ff10e5741808da76e61a133436a112b5c2777fbcf",
                "77eaeefe9dfb8277a25fd409e4c0a9ae14e543047c79a27802ea1d17b6dbafad",
                "8cf9ccddcf3b7841d998a5cd597edf5bd53b97c26baa3864815411ac56a36041",
                "99e386edfdc4243b784a57849f1f1772073cc017363b6d29b2599f8be953866d",
                "55b8409555cb200761ff260d001275e27d171d15b61735505a7c87c0179eae29",
                "60bfea76d677332ffd4c71fc00079841d0c47b30dc3801cf7b8d378b80b789b8",
                "d4d095355df87bfbee9b70813f13c466ee93a51b2707ea46e54a8c28bf100b55",
                "8ad96fe5fa3aeaff977ad48d909a8b58912dbdb8671ab467f75924764a25bef0"
            ],
            "type": "Fetch",
            "firstPartyCookies": {},
            "firstPartyCookiesSent": {},
            "exampleSites": [
                "porn555.com",
                "chastnoeporno.su",
                "naked.titis.org",
                "nicesexphotos.com",
                "bollywoodxxx.pro",
                "javsex.club",
                "scatxxxporn.com",
                "dramacute.cyou",
                "celebdeepfakes.net",
                "www.perverzija.com",
                "sexbep.com",
                "nagih.biz",
                "vintic.name",
                "homeporno.biz",
                "mydesi.xyz",
                "www.xsemok.com",
                "www.xporntubesex.com",
                "www.xmegadrive.com",
                "sexleaks.fun",
                "pornwiss.com"
            ]
        },
        {
            "rule": "getkel\\.com\\/api\\/v1\\/prepare\\/ads",
            "cookies": 0,
            "fingerprinting": 0,
            "subdomains": [],
            "apis": {},
            "sites": 51,
            "prevalence": 0.000346,
            "cnames": [],
            "responseHashes": [],
            "type": "Preflight",
            "firstPartyCookies": {},
            "firstPartyCookiesSent": {},
            "exampleSites": [
                "www.coolpornvideos.com",
                "jioanntr.monster",
                "www.perverzija.com",
                "javsex.club",
                "altyazilistepxx.fun",
                "www.xsemok.com",
                "www.xmegadrive.com",
                "dramacute.cyou",
                "listaswiseplay.info",
                "sexmonster.net",
                "chiks.org",
                "chastnoeporno.su",
                "kamuktas.com",
                "photochki.pro",
                "celebdeepfakes.net",
                "konulupornxx.shop",
                "boomba.club",
                "bollywoodporn.pro",
                "yespornpic.com",
                "nagih.biz"
            ]
        }
    ],
    "categories": [],
    "performance": {},
    "cookies": 0,
    "topInitiators": [
        {
            "domain": "wpushsdk.com",
            "prevalence": 0.5344827586206896
        },
        {
            "domain": "62f9bb0bbc.com",
            "prevalence": 0.3103448275862069
        },
        {
            "domain": "314d7d699d.com",
            "prevalence": 0.08620689655172414
        },
        {
            "domain": "first party",
            "prevalence": 0.06896551724137931
        }
    ],
    "types": {
        "Fetch": 51,
        "Preflight": 51
    },
    "nameservers": [
        "ns3.digitalocean.com",
        "ns2.digitalocean.com",
        "ns1.digitalocean.com"
    ]
}