{
    "domain": "getkel.com",
    "owner": {},
    "source": [
        "DuckDuckGo-US"
    ],
    "prevalence": 0.00031,
    "sites": 40,
    "subdomains": [],
    "cnames": [],
    "fingerprinting": 0,
    "resources": [
        {
            "rule": "getkel\\.com\\/api\\/v1\\/prepare\\/ads",
            "cookies": 0,
            "fingerprinting": 0,
            "subdomains": [],
            "apis": {},
            "sites": 39,
            "prevalence": 0.000302,
            "cnames": [],
            "responseHashes": [
                "e3b0c44298fc1c149afbf4c8996fb92427ae41e4649b934ca495991b7852b855",
                "217f33b41eaf9e3308cb9632a70e5cbd02e16ce1b767fa63d906d582745894b3",
                "5bcbb22f809dd688f9f2d85f4c9c78dc3bbdd41d0ea79e80a4682b7a8aee4818",
                "7e9a1f8f844b316d85a8e3e7fc1a020c51b2cb8dfd6dd8941eccf9dd2a7e6bc7",
                "79cc8a09d60720f983edcb456210e226e9c008726f250986f4d456b3cc39897e",
                "bab29abd3c61d56cce5b62b5710c6a08bca3d6bafb2d1c0b662b478c61f9f555",
                "524f54a980faedffc6e31ea656cdb6ba85d693b0cbf2d2151b3360f5594923a0",
                "d327d4a666bd530a729a1d4b11008345b5399151b37b9fa041c5a2067b6c6572",
                "1fbdefc0e95fb49eb6df07c5d6cd002c674e1138c8ed7bdd28b1aed1f3339215",
                "02e2c78f57d0809e3e4c65e6be8c2ef5afe35b187eac3eac5bf260c03f485134",
                "fbd2a94722a50b6910f5614b3320266bb906e95df901e2a4a30c58ccd6408c0e",
                "0da98a4e52f34227b4d52c301fd347128beef2bdd6edb177f9f6ae245646fbb9",
                "62a44127adde7f15c1fa149fa940fba5648d6086226d1c59e4f899d87099769a",
                "80b93e9c596ff348b707cf88290406c6abd8c74070ef80892626bad404ea3f04",
                "c8b1742f510511369ad9b00323eb265bf9fea5faf5883ff993dbc529385deca4",
                "78c9d57dc9e0ac3ed3af74da8a210dc171a9a1697acc01cef33554dc4581a78b",
                "a22ba70afea8dbee33a7111f2469804456b90859ecaf67cc619b22789add0343",
                "2333c367440556250249c7803627dc50bf1aa6d2f215b530b72709d42fbeb6db",
                "226abb53b660a945142ac33cca34898624ae48f4a4f9603f24254ff8aebef872",
                "225aebb806676b135612f1265b0234a24c3d4c4704a6bf94a57bfac4b6a41b8c",
                "c19ce0a52070828ecbc48bb0926e1b1f5ec07492f942c3203a19854ec6b3a721",
                "788a96d96b31d117c6a25dc529fc242a6b8333b2b9e2f3151ad042e6a1dd5ea0"
            ],
            "type": "Fetch",
            "firstPartyCookies": {},
            "firstPartyCookiesSent": {},
            "exampleSites": [
                "thepiratebay.org",
                "boobliks.pro",
                "indiansex.top",
                "www.sexsexvideo.com",
                "goredb.com",
                "beautifulhairypussy.com",
                "sexbep.com",
                "pornobaza24.com",
                "www.anime-tube.space",
                "myscatporn.com",
                "chiks.org",
                "japanesexxx.top",
                "teensforfree.net",
                "celebrityleakednudes.vip",
                "www.xporn.uk",
                "zoosuck.com",
                "www.indonesianporn.top",
                "jungespornovideo.com",
                "prelesti.pro",
                "www.pornjv.com"
            ]
        },
        {
            "rule": "getkel\\.com\\/api\\/v1\\/prepare\\/ads",
            "cookies": 0,
            "fingerprinting": 0,
            "subdomains": [],
            "apis": {},
            "sites": 39,
            "prevalence": 0.000302,
            "cnames": [],
            "responseHashes": [],
            "type": "Preflight",
            "firstPartyCookies": {},
            "firstPartyCookiesSent": {},
            "exampleSites": [
                "thepiratebay.org",
                "xxxvideo.world",
                "www.pornjv.com",
                "xxxxporn.pro",
                "tinyurl.com",
                "taboodaddy.com",
                "www.jtube.space",
                "teensforfree.net",
                "uncutwebseries.com",
                "www.pornfv.com",
                "jungespornovideo.com",
                "www.anime-tube.space",
                "zoosuck.com",
                "mangaforfree.net",
                "indiansex.top",
                "prelesti.pro",
                "javhihi.world",
                "www.3rab-naar.com",
                "pornobaza24.com",
                "www.maturepornvideo.sexy"
            ]
        }
    ],
    "categories": [],
    "performance": {},
    "cookies": 0,
    "topInitiators": [
        {
            "domain": "wpushsdk.com",
            "prevalence": 0.5853658536585366
        },
        {
            "domain": "3841f4b0c4.com",
            "prevalence": 0.2682926829268293
        },
        {
            "domain": "913d3aa571.com",
            "prevalence": 0.07317073170731707
        },
        {
            "domain": "5608bd4f7e.com",
            "prevalence": 0.04878048780487805
        },
        {
            "domain": "first party",
            "prevalence": 0.024390243902439025
        }
    ],
    "types": {
        "Fetch": 39,
        "Preflight": 39
    },
    "nameservers": [
        "ns2.digitalocean.com",
        "ns3.digitalocean.com",
        "ns1.digitalocean.com"
    ]
}