{
    "domain": "getmari.com",
    "owner": {},
    "source": [
        "DuckDuckGo-US"
    ],
    "prevalence": 0.000196,
    "sites": 29,
    "subdomains": [],
    "cnames": [],
    "fingerprinting": 0,
    "resources": [
        {
            "rule": "getmari\\.com\\/api\\/v1\\/prepare\\/ads",
            "cookies": 0,
            "fingerprinting": 0,
            "subdomains": [],
            "apis": {},
            "sites": 27,
            "prevalence": 0.000182,
            "cnames": [],
            "responseHashes": [],
            "type": "Preflight",
            "firstPartyCookies": {},
            "firstPartyCookiesSent": {},
            "exampleSites": [
                "www.justhd.space",
                "milfpornpics.biz",
                "www.hindixxx.club",
                "boobliks.pro",
                "vn.phym18.com",
                "bhabhixxx.pro",
                "375hw.com",
                "www.orgazmax.com",
                "www.uvporn.com",
                "sexleaks.fun",
                "indian-porn.pro",
                "h.animedesum.org",
                "taboodaddy.com",
                "xxx8.me",
                "titki.biz",
                "chastnoeporno.su",
                "extremescatporn.com",
                "goldencomics.art",
                "www.amaporn.com",
                "xxxscenes.net"
            ]
        },
        {
            "rule": "getmari\\.com\\/api\\/v1\\/prepare\\/ads",
            "cookies": 0,
            "fingerprinting": 0,
            "subdomains": [],
            "apis": {},
            "sites": 27,
            "prevalence": 0.000182,
            "cnames": [],
            "responseHashes": [
                "e3b0c44298fc1c149afbf4c8996fb92427ae41e4649b934ca495991b7852b855",
                "006234fde4f5cffb65fd17024cc7b0cc1719c6bb155e42aad665e3f975586f0c",
                "7fdaa84c9d5e873e22a158791b65998c05686407a6f1032b540d3796ac7bda7a",
                "fdbc0ca278a4c0b03cf9df61c28db2934d6b211dc7f2fec23799d53d97ca5e66",
                "b3e8b1182f21f717a6d27e5c181a4cd957cd441c59d301d9cf0dc81d3d6da83c",
                "618033138a78eb5d4f301a0e927926bc932ab30ef3623a2dd5d9cd1a3ffb2948",
                "5b3de8da7bf4c2001bf17ca5b5f67571c2fe0a009dcf54f33bcf44bd85866af6",
                "a281a2873fc5238d9d9dd200b38f0d1503fcc1f9e1a910ea3429b17cf8a75cc4",
                "d6b2f1cc3722f95bdca2d67f23dd2b6556ccb1d154009b34178809824546d545",
                "1c4815336d6766883ac0ac0c4ffc5d1a69efbaad90bbf643df1f04f3f83b9222",
                "6fe02cdf6aee5a25ae73a0f56c56d5dd698285e411fd0d47ce60cdff56e32ada",
                "bf243688ca9276b8f2b4ac50339667729b04003433e97545f8b6ab58f1141ab2",
                "cf51975bebd7e36ed09b99e0b9e5965a4b181842c18be611b6a8b297b7aee4c3",
                "c7339a564ba7f0e446517a7f66d0deead8d03de7e80a44bac7aef1273c4df935",
                "c7d496565431775fb99effc9cf43d601a6f04677155f78e2106689b64b8f8299",
                "e53b0ab78330736e738ee6a39a160436b67e958e548af376de299c703f593942"
            ],
            "type": "Fetch",
            "firstPartyCookies": {},
            "firstPartyCookiesSent": {},
            "exampleSites": [
                "h.animedesum.org",
                "375hw.com",
                "www.uvporn.com",
                "titki.biz",
                "vn.phym18.com",
                "pornobaza24.com",
                "boobliks.pro",
                "www.amaporn.com",
                "nsfwsubreddits.com",
                "bhabhixxx.pro",
                "sexleaks.fun",
                "extremescatporn.com",
                "www.hindixxx.club",
                "indian-porn.pro",
                "www.orgazmax.com",
                "chastnoeporno.su",
                "xxx8.me",
                "familyincestporn.net",
                "hardsexphots.com",
                "www.justhd.space"
            ]
        }
    ],
    "categories": [],
    "performance": {},
    "cookies": 0,
    "topInitiators": [
        {
            "domain": "wpushsdk.com",
            "prevalence": 0.4827586206896552
        },
        {
            "domain": "76a9e2d7ca.com",
            "prevalence": 0.41379310344827586
        },
        {
            "domain": "8c7fbd53fb.com",
            "prevalence": 0.10344827586206896
        }
    ],
    "types": {
        "Preflight": 27,
        "Fetch": 27
    },
    "nameservers": [
        "ns1.digitalocean.com",
        "ns2.digitalocean.com",
        "ns3.digitalocean.com"
    ]
}