{
    "domain": "getnee.com",
    "owner": {},
    "source": [
        "DuckDuckGo-US"
    ],
    "prevalence": 0.000285,
    "sites": 42,
    "subdomains": [],
    "cnames": [],
    "fingerprinting": 0,
    "resources": [
        {
            "rule": "getnee\\.com\\/api\\/v1\\/prepare\\/ads",
            "cookies": 0,
            "fingerprinting": 0,
            "subdomains": [],
            "apis": {},
            "sites": 41,
            "prevalence": 0.000278,
            "cnames": [],
            "responseHashes": [
                "e3b0c44298fc1c149afbf4c8996fb92427ae41e4649b934ca495991b7852b855",
                "f1285649afc3490c45bcac611097dc9df4c3d6e272d7ae0b5f06be728c7ce787",
                "43cd5b0bf75fa900e565fa9211c2638737d50f0194ecec5bf29433a2d387830d",
                "03d36907e0d7cc3c0a7fb4751563a3c8058c28112b86bd320dafdb350e35bf43",
                "106caba8db4cfb62a761b1b0c5f8dc63f8e25d28282a8315f1057858ea995dfd",
                "6f234929b9f0206ec5543dcf3c0f243b14fa42515ecb25a3c466d9ed1447bdc2",
                "4c5549c5684cfe452b93cbe75cc2ada3a38ff74b872e62e8e907dce26fca2167",
                "c8f5dd6a00466de191e33cb8ffd8e9ef99d92e05728b145df47a52cc97c8269d",
                "1ab38b02b0e4d3d8fd56a5c2141274907a7ae0d0b9e00163264580990f5fc3eb",
                "5f9216ff247087a11407facb7747eab7ff3b69fe89095510b8a09480e52f6fd7",
                "395a86717350da8e130959dab93994220ff03054c2d1c510b94b5b5313a7b87c",
                "3b36aef05085c82bce22eb05b1ad8e538c2901fa385fc39d45d9882d22b0b871",
                "62c7530dff870bf72b20b74afa7f3dd7bdf40ed221d3d8ea3533c05814eb3730",
                "600c32a5574b4b681c6cb8009a1f6dd08d2e2799b47a970a26c6cc9be1956e2e",
                "1c3be782667f328f45bf071259f4e816c6634b0739b178b505cb969a78d36213",
                "5d59d659ed51ce35289af9a99383e0bf358570e90bf86c4b075848649b4559fd",
                "6bbe8f3a50efb454818bbd392a1c124ef2270055f509c2e898adf1d92a4c9164",
                "14fa8bdbb8183f272b8d01f1ccd22c61ca2740141189258c02abd06a37ae8555",
                "c0aa4ff8bb7e0b56a655321aaf56169c6684ba4e68329b5c56ecea0cbe7b2624",
                "09f76c1400cdcb61c52bfeee9355aa1b3f80ad809c863376ec41cff200efd7f6"
            ],
            "type": "Fetch",
            "firstPartyCookies": {},
            "firstPartyCookiesSent": {},
            "exampleSites": [
                "porno-doiki.fun",
                "pornobomba.site",
                "deadhouse.org",
                "www.indonesianporn.top",
                "xporn.to",
                "mydesi.live",
                "animeporno.club",
                "pornobaza24.com",
                "www.maturepornvideo.sexy",
                "xxnx.sex",
                "www.izlepornxx2.xyz",
                "rapetube.tv",
                "xvideosxl.com",
                "www.xporntubesex.com",
                "izmena.net",
                "the-moms.com",
                "nicefreesex.com",
                "nudist-movies.top",
                "fuckmovs.pro",
                "taboo.desi"
            ]
        },
        {
            "rule": "getnee\\.com\\/api\\/v1\\/prepare\\/ads",
            "cookies": 0,
            "fingerprinting": 0,
            "subdomains": [],
            "apis": {},
            "sites": 41,
            "prevalence": 0.000278,
            "cnames": [],
            "responseHashes": [],
            "type": "Preflight",
            "firstPartyCookies": {},
            "firstPartyCookiesSent": {},
            "exampleSites": [
                "taboo.desi",
                "komikjos.art",
                "izmena.net",
                "boombo.biz",
                "deadhouse.org",
                "www.indonesianporn.top",
                "pornobaza24.com",
                "www.xporntubesex.com",
                "javraveclub.com",
                "animeporno.club",
                "listaswiseplay.info",
                "footstockings.com",
                "rapetube.tv",
                "xvideosxl.com",
                "worldmanhwas.info",
                "filmleraltxx1.shop",
                "pornobomba.site",
                "titis.org",
                "beautifulhairypussy.com",
                "nicefreesex.com"
            ]
        }
    ],
    "categories": [],
    "performance": {},
    "cookies": 0,
    "topInitiators": [
        {
            "domain": "wpushsdk.com",
            "prevalence": 0.5813953488372093
        },
        {
            "domain": "314d7d699d.com",
            "prevalence": 0.23255813953488372
        },
        {
            "domain": "62f9bb0bbc.com",
            "prevalence": 0.18604651162790697
        }
    ],
    "types": {
        "Fetch": 41,
        "Preflight": 41
    },
    "nameservers": [
        "ns2.digitalocean.com",
        "ns3.digitalocean.com",
        "ns1.digitalocean.com"
    ]
}