{
    "domain": "getnee.com",
    "owner": {},
    "source": [
        "DuckDuckGo-US"
    ],
    "prevalence": 0.000318,
    "sites": 41,
    "subdomains": [],
    "cnames": [],
    "fingerprinting": 0,
    "resources": [
        {
            "rule": "getnee\\.com\\/api\\/v1\\/prepare\\/ads",
            "cookies": 0,
            "fingerprinting": 0,
            "subdomains": [],
            "apis": {},
            "sites": 37,
            "prevalence": 0.000287,
            "cnames": [],
            "responseHashes": [
                "e3b0c44298fc1c149afbf4c8996fb92427ae41e4649b934ca495991b7852b855",
                "5afb740d29cfbcc600b91c7840a2b8179f94f77b738ff36c1e05e5b80d19e623",
                "b8f1e07a177ea2d4468efcc701bd1d6be72d8d4dce389d88a01b8b48e6aec1b7",
                "a52c74d9b185f4d1caf6f595a64447f7371a100a6bee4bf6b7af869037538911",
                "c0a95e4b373fb285a024b00057ac5ad0bb83ea9324a5c21bbef8d047d462b7f9",
                "a8e71f43d90c85495da3af911fa56b7415af65bfa1188af2e6b131a88ddf40e2",
                "74aa65cc918a8bcba540445f33ba7ab82b7354f93a3231e667e075fac4c63889",
                "ea1a2f68a8bb54f6004c450d8c2d7f451b2ef5e35d7a447aa4595fd328a159aa",
                "c5534be68d11b15e937ababacd36086f1177c05fe0c578dc919e6d0d5af608b9",
                "b577515eb3417ed86dd1923d4c025606591d853b1a34b5f674bf5941eddad808",
                "32c48a295569ffe65f8807743da82356a0df41aa7c86ce528f2c188e8810c383",
                "ed6d797adc9782413f8e74e08dad7ca4724e5933f0d272fe41e4c62b5dbea27d"
            ],
            "type": "Fetch",
            "firstPartyCookies": {},
            "firstPartyCookiesSent": {},
            "exampleSites": [
                "thisisnude.com",
                "tinyurl.com",
                "komikdewasa.me",
                "gayporno24.com",
                "pornopodborka.pro",
                "footstockings.com",
                "hentaiworld.tv",
                "rapetube.tv",
                "javrave.club",
                "www.jtube.space",
                "www.justhd.space",
                "chiks.org",
                "homeporno.biz",
                "boomba.club",
                "the-moms.com",
                "izmena.net",
                "www.tubexmotors.com",
                "bokepindonesiaviral.link",
                "boobliks.pro",
                "javmovs.com"
            ]
        },
        {
            "rule": "getnee\\.com\\/api\\/v1\\/prepare\\/ads",
            "cookies": 0,
            "fingerprinting": 0,
            "subdomains": [],
            "apis": {},
            "sites": 37,
            "prevalence": 0.000287,
            "cnames": [],
            "responseHashes": [],
            "type": "Preflight",
            "firstPartyCookies": {},
            "firstPartyCookiesSent": {},
            "exampleSites": [
                "thisisnude.com",
                "chastnoeporno.su",
                "boobzone.pro",
                "izmena.net",
                "xxx8.me",
                "hentaiworld.tv",
                "photochki.pro",
                "rapetube.tv",
                "www.anime-tube.space",
                "www.amaporn.com",
                "komikdewasa.me",
                "gayporno24.com",
                "www.fullfamilyincest.com",
                "deadhouse.org",
                "boomba.club",
                "www.tubexmotors.com",
                "www.justhd.space",
                "homeporno.biz",
                "boobliks.pro",
                "www.free-xxx-free.com"
            ]
        }
    ],
    "categories": [],
    "performance": {},
    "cookies": 0,
    "topInitiators": [
        {
            "domain": "wpushsdk.com",
            "prevalence": 0.4090909090909091
        },
        {
            "domain": "3841f4b0c4.com",
            "prevalence": 0.3181818181818182
        },
        {
            "domain": "5608bd4f7e.com",
            "prevalence": 0.22727272727272727
        },
        {
            "domain": "913d3aa571.com",
            "prevalence": 0.045454545454545456
        }
    ],
    "types": {
        "Fetch": 37,
        "Preflight": 37
    },
    "nameservers": [
        "ns2.digitalocean.com",
        "ns3.digitalocean.com",
        "ns1.digitalocean.com"
    ]
}