{
    "domain": "getove.com",
    "owner": {},
    "source": [
        "DuckDuckGo-US"
    ],
    "prevalence": 0.000319,
    "sites": 47,
    "subdomains": [],
    "cnames": [],
    "fingerprinting": 0,
    "resources": [
        {
            "rule": "getove\\.com\\/api\\/v1\\/prepare\\/ads",
            "cookies": 0,
            "fingerprinting": 0,
            "subdomains": [],
            "apis": {},
            "sites": 43,
            "prevalence": 0.000291,
            "cnames": [],
            "responseHashes": [
                "23e10cf477b11ae2d43fe414a89e37ae0a39ebfc53730752e5e4b13d989613a4",
                "e3b0c44298fc1c149afbf4c8996fb92427ae41e4649b934ca495991b7852b855",
                "427c77fa7cdac536630ec3542e61ab75bf0bc0a91942aa1cf0fab672490cfa84",
                "a2896fca113ca88bec264ea07ae772be99b8685a20c44b3613fce7ad758f71e8",
                "fc45ade5dc1d6be684c48d1bd5e443c35610d0cfec66ec5a53da2aa8161d8d66",
                "b93722f767d48fe076b04805b6cda3c46059f36000e33d1422b43dbef826f9b3",
                "51adbc6f975cfee0691e6f8d8aebbb8c7b4edcb3f0c98cd37bfe0b5ced5fe3a2",
                "6f4e75e434a599b7ab539b16f632e2d4c4dd02e9cde93d4eb7429bea31e4d82d",
                "9cc1c67a0c60cd5864731fff1e6b110ef95d2f2226a05b5553a82f88382eb032",
                "580038fd9d2688f05145bd86c3d7ba66b4043c2cf83bee9c1af0fa2ec894b87f",
                "daf27659a5350a7b95773b74a989788c2d1cf503829a7bf0a3b24eeb14bf06b0",
                "b6a4b9edfa1bb013a6f4e74820f7ee30714e3044fcdd8dceaa7c1e5fada2229f",
                "b98ced70574f2b3aabc6bb2d6dd6f551ebd74db8529b3a880692e15f67aeff6d",
                "3d25f60f8fb4f277a8727094bef921270fc24c587d9178c12bc042850e1c1bfc",
                "88404060eef82849ad8fcf8887715f2c697fc9b4d9e5b918ac59c76a1cb28524",
                "72cce59645ac4a23e633488e2190f3f96fa3a1379d9f73957fe954fec08027c9",
                "609d5920dee1f4058433a100ca2d5ac4b8c4f572871a186f5be7357fde3f3cff",
                "7c06d7ef106195dea90d76c02a4c5f9b1072552b24026c8099e2e8b5b84fdbcd",
                "fceea4d84b8fe7550cd20e6722fb0bd05c423b68290146bdaced34d07c8dcd2b",
                "fb651abc591d3d931546ff33f32c4790f2ee09f369ed37d1bb94647106ac6ed4",
                "1aefae71b42c75292b7fc8d9091a6ec85cd1eabd90a2e614d8d55b59b0d19422"
            ],
            "type": "Fetch",
            "firstPartyCookies": {},
            "firstPartyCookiesSent": {},
            "exampleSites": [
                "bokepindonesiaviral.link",
                "freescatporntube.com",
                "pornbimbo.com",
                "webfapfap.com",
                "nicesexphotos.com",
                "showboob.com",
                "animeporno.club",
                "chiks.org",
                "pervypals.com",
                "www.amaporn.com",
                "jungespornovideo.com",
                "konulupornxx.shop",
                "porno24.tv",
                "titis.org",
                "indiansex.top",
                "hderotikfilmx.xyz",
                "dramacute.cyou",
                "thegirls.info",
                "javhihi.world",
                "sexvip1.cc"
            ]
        },
        {
            "rule": "getove\\.com\\/api\\/v1\\/prepare\\/ads",
            "cookies": 0,
            "fingerprinting": 0,
            "subdomains": [],
            "apis": {},
            "sites": 43,
            "prevalence": 0.000291,
            "cnames": [],
            "responseHashes": [],
            "type": "Preflight",
            "firstPartyCookies": {},
            "firstPartyCookiesSent": {},
            "exampleSites": [
                "sexvip1.cc",
                "hderotikfilmx.xyz",
                "showboob.com",
                "indiansex.top",
                "animeporno.club",
                "vanillacelebrity.com",
                "www.amaporn.com",
                "sexleaks.fun",
                "prelesti.pro",
                "jp.xero.porn",
                "tube.perverzija.com",
                "www.3rab-naar.com",
                "myscatporn.com",
                "sextape.pro",
                "izmena.net",
                "maturepornpics.biz",
                "titis.org",
                "webfapfap.com",
                "fucks.pics",
                "sex18.fun"
            ]
        }
    ],
    "categories": [],
    "performance": {},
    "cookies": 0,
    "topInitiators": [
        {
            "domain": "wpushsdk.com",
            "prevalence": 0.6326530612244898
        },
        {
            "domain": "314d7d699d.com",
            "prevalence": 0.22448979591836735
        },
        {
            "domain": "62f9bb0bbc.com",
            "prevalence": 0.14285714285714285
        }
    ],
    "types": {
        "Fetch": 43,
        "Preflight": 43
    },
    "nameservers": [
        "ns1.digitalocean.com",
        "ns2.digitalocean.com",
        "ns3.digitalocean.com"
    ]
}