{
    "domain": "getotal.com",
    "owner": {},
    "source": [
        "DuckDuckGo-US"
    ],
    "prevalence": 0.000319,
    "sites": 47,
    "subdomains": [],
    "cnames": [],
    "fingerprinting": 0,
    "resources": [
        {
            "rule": "getotal\\.com\\/api\\/v1\\/prepare\\/ads",
            "cookies": 0,
            "fingerprinting": 0,
            "subdomains": [],
            "apis": {},
            "sites": 44,
            "prevalence": 0.000298,
            "cnames": [],
            "responseHashes": [
                "dd5da39c031ef1f1904d662bec114db37c723d09d2f8a859e030bf4ca2a53fa9",
                "e3b0c44298fc1c149afbf4c8996fb92427ae41e4649b934ca495991b7852b855",
                "12f6f2de07749c33149bfdeef2b77d3073225c2a1d2d1b04023886ba66ab6c90",
                "dd10082f06085f04cd6f44fcb815a37c45baa176cd20dc1cbef8a085d08010a4",
                "d07c7f0b02e710fb0249d527abac991524beb27d1c96d06a0384c83f8094ed57",
                "1e9460fcc46825922a67d1b6d36e8eafeb5ebb0a83a48b193403202e32303c0a",
                "04005c2cd1c10e09a08b99e0727d1bae4dd6318aaffa8567bd1864c7beeca3db",
                "e4d325d65c69ef802f6d4acfacc49bee0ff62abb154377949bc8d239aec8ad50",
                "3969c3f6c40f1bd1ac75467c8a433ffd95f97bb0ea2a1248cf88af5698c3548d",
                "96f0708e422260efe45845feb42ba9ca8dafb9c814b5df66196f01e468e1873b",
                "c11bfb393702906a480cf1cc0a54714308e4cfaa4561ebd844464bac66ccfbdb",
                "fd20b329578b7acf113bcbe0c53d337a05abfd7da385a0dbbdd2750f7a8a27f4",
                "7749d21479e676c23e861ea1824fcdd603cbf1c2af8279d9b0ec560eb1559e60",
                "530baa4ec26a0c641d84a352ec3da9edfb89ce9840dc45abf6c5fa133f31f5ca",
                "ccc96f9e85b757fe4dfff0871f7040d6eede67dc9361f3a520eebb696da2d965",
                "76d9a9b497e93c132dd39cf3fa41f384c96cb86898901bbfb20d9eebb46d2382",
                "a29c70eb46b3076953d619f7e5c7e4e9d5b16d3e71f54b4429c6a289af4444c9",
                "f14f137f32987d31674b3de36640868d64a05f5f86ab419d0b72eb24bde4479f",
                "2259494e1a14dc8ee8df7bbbb14e898b3cbd4f0a4a0d399901d3589bb3a43850",
                "b541afd30f9bc4e7a3bee364206bf9b7fbca2152b6e2e7bc45e8ad19c85b9151",
                "10499f4074a9142e7ceb973911f1b382db65debc2718c09d6502d077d8694284"
            ],
            "type": "Fetch",
            "firstPartyCookies": {},
            "firstPartyCookiesSent": {},
            "exampleSites": [
                "deadhouse.org",
                "chiks.org",
                "pandamovies.org",
                "footstockings.com",
                "bollywoodxxx.pro",
                "porn93.cc",
                "sexvip1.cc",
                "javhihi.world",
                "www.lk21.mom",
                "celebrityleakednudes.vip",
                "videbd.net",
                "pornwiss.com",
                "www.analslutty.com",
                "izmena.net",
                "2799777.com",
                "fucks.pics",
                "bokepindonesiaviral.online",
                "goredb.com",
                "altyazilistepxx.fun",
                "mydesi.live"
            ]
        },
        {
            "rule": "getotal\\.com\\/api\\/v1\\/prepare\\/ads",
            "cookies": 0,
            "fingerprinting": 0,
            "subdomains": [],
            "apis": {},
            "sites": 44,
            "prevalence": 0.000298,
            "cnames": [],
            "responseHashes": [],
            "type": "Preflight",
            "firstPartyCookies": {},
            "firstPartyCookiesSent": {},
            "exampleSites": [
                "hentaiworld.tv",
                "www.lk21.mom",
                "sexvip1.cc",
                "pandamovies.org",
                "www.retroporn.sexy",
                "porn93.cc",
                "javpornsite.com",
                "1bigclub.com",
                "www.xsemok.com",
                "goredb.com",
                "neekincest.com",
                "2799777.com",
                "thepornzone.com",
                "celebrityleakednudes.vip",
                "sexmonster.net",
                "vintic.name",
                "boombo.biz",
                "pornwiss.com",
                "chiks.org",
                "bokepindonesiaviral.online"
            ]
        }
    ],
    "categories": [],
    "performance": {},
    "cookies": 0,
    "topInitiators": [
        {
            "domain": "wpushsdk.com",
            "prevalence": 0.5102040816326531
        },
        {
            "domain": "314d7d699d.com",
            "prevalence": 0.30612244897959184
        },
        {
            "domain": "62f9bb0bbc.com",
            "prevalence": 0.12244897959183673
        },
        {
            "domain": "first party",
            "prevalence": 0.061224489795918366
        }
    ],
    "types": {
        "Fetch": 44,
        "Preflight": 44
    },
    "nameservers": [
        "ns1.digitalocean.com",
        "ns2.digitalocean.com",
        "ns3.digitalocean.com"
    ]
}