{
    "domain": "getove.com",
    "owner": {},
    "source": [
        "DuckDuckGo-US"
    ],
    "prevalence": 0.000169,
    "sites": 25,
    "subdomains": [],
    "cnames": [],
    "fingerprinting": 0,
    "resources": [
        {
            "rule": "getove\\.com\\/api\\/v1\\/prepare\\/ads",
            "cookies": 0,
            "fingerprinting": 0,
            "subdomains": [],
            "apis": {},
            "sites": 23,
            "prevalence": 0.000155,
            "cnames": [],
            "responseHashes": [],
            "type": "Preflight",
            "firstPartyCookies": {},
            "firstPartyCookiesSent": {},
            "exampleSites": [
                "www.jtube.space",
                "www.justhd.space",
                "familyincestporn.net",
                "xxxvideo.world",
                "unlimporn.com",
                "webfapfap.com",
                "femefun.com",
                "casca.club",
                "www.anime-tube.pw",
                "analnoe.com",
                "www.shemale6.com",
                "xtapes.me",
                "www.japteenx.com",
                "www.coolpornvideos.com",
                "www.fullfamilyincest.com",
                "mangaforfree.net",
                "indiamobiletube.com",
                "showboob.com",
                "javporn.today",
                "leaknud.com"
            ]
        },
        {
            "rule": "getove\\.com\\/api\\/v1\\/prepare\\/ads",
            "cookies": 0,
            "fingerprinting": 0,
            "subdomains": [],
            "apis": {},
            "sites": 24,
            "prevalence": 0.000162,
            "cnames": [],
            "responseHashes": [
                "4576f7b453e32ec3c0c4fe80ebe918f09752bb2a65d670ffe2865abee9a017b5",
                "e3b0c44298fc1c149afbf4c8996fb92427ae41e4649b934ca495991b7852b855",
                "d15450aad70a6abff3926900e9f65ff7daa437801891987cf8e3e5e7ca262b08",
                "5174f81d92005e50af70bb92de9f1be30e20d4eef4dda895df22a2d2bee11073",
                "aa6c410a51426b88966f9fa3434247eab9d04b0ac8744340175b5fec767f34f6",
                "9d002372a9ce8d11c964a2c26871f5424bdfcaefa5239a80f34bba82e380c430",
                "da81a0a74d36cc83b5f9eb77311115c59205cbd36cfbb821f5d54b15fdb403a1",
                "fb32ba768c69f88117c13ad155f7c165a93df100d221efeb7be27c47caf0622f",
                "f7ee7cfbec16a07ec8a078e212aee18aa2cff934305c8f1c128fe7d5826b85c7",
                "6a22e33e775eeba5a4300844dddfe51ec0ffe0b8696d310a2636c3429af57aa9",
                "8dfe56e26939237e05485bdabb1104129b0f075675e4ba32a1d6ff32d995d1d0",
                "15f74f676db3735a4fc9a4d3c1f0490256bebacf1d76f6866757566e3d2d260b",
                "cad0a9d69ec1e25d27719bb8ff6a733377052a3be59ed79c3217f307da8d5cbc",
                "925dc568289dd177b766b922447cdd6178e0db8c05dbf71d3d5c7710e8ca6ade",
                "12f9d04a0a4886274f643a9447891a70175acdc8cd15493c00d2c6b5a5463c14"
            ],
            "type": "Fetch",
            "firstPartyCookies": {},
            "firstPartyCookiesSent": {},
            "exampleSites": [
                "sex-pornpics.com",
                "www.justhd.space",
                "unlimporn.com",
                "www.jtube.space",
                "nudistgirls.eu",
                "xxxvideo.world",
                "www.anime-tube.pw",
                "mangaforfree.net",
                "javporn.today",
                "casca.club",
                "www.coolpornvideos.com",
                "xtapes.me",
                "showboob.com",
                "indiamobiletube.com",
                "www.fullfamilyincest.com",
                "pirn.club",
                "leaknud.com",
                "www.japteenx.com",
                "analnoe.com",
                "www.shemale6.com"
            ]
        }
    ],
    "categories": [],
    "performance": {},
    "cookies": 0,
    "topInitiators": [
        {
            "domain": "wpushsdk.com",
            "prevalence": 0.6333333333333333
        },
        {
            "domain": "8c7fbd53fb.com",
            "prevalence": 0.23333333333333334
        },
        {
            "domain": "76a9e2d7ca.com",
            "prevalence": 0.13333333333333333
        }
    ],
    "types": {
        "Preflight": 23,
        "Fetch": 24
    },
    "nameservers": [
        "ns1.digitalocean.com",
        "ns2.digitalocean.com",
        "ns3.digitalocean.com"
    ]
}