{
    "domain": "getresponse.com",
    "owner": {},
    "source": [
        "DuckDuckGo-US"
    ],
    "prevalence": 0.000473,
    "sites": 70,
    "subdomains": [
        "app",
        "ga2",
        "ga"
    ],
    "cnames": [],
    "fingerprinting": 1,
    "resources": [
        {
            "rule": "getresponse\\.com\\/view_webform_v2\\.js",
            "cookies": 0.00000676,
            "fingerprinting": 1,
            "subdomains": [
                "app"
            ],
            "apis": {
                "window.innerWidth": 11
            },
            "sites": 17,
            "prevalence": 0.000115,
            "cnames": [],
            "responseHashes": [
                "57b5094e922426887f2a0447855fd86c96410da36f81a27558f123bb34f6225c",
                "3fa2820d44b44b4a9b991a287cc56e77f97c3c546e9ec3fba1b19bd6d6f4eb2a",
                "e3b0c44298fc1c149afbf4c8996fb92427ae41e4649b934ca495991b7852b855",
                "a191a4f76516792683454a877063d693e4cf0ba9cea96f079a9ef522db5cd4ba",
                "fbcec46b4c2cbb837f7ee99f06be324cd84017688f101e597f22b67078d532f8",
                "0cff5ebd2acc7848f9108ed5e08bdc1c2dda729f1945fa15ed35f8fc2c37f580",
                "5afc036861af20b8420b8a086dee32da0bf40e5c791edaaea631361d24ca0335",
                "1918500aff8a435d736f7687f05a0cef82160256839d7fc749db2664600e76a8",
                "6ab27370255ca71ca0d702d20d5be5db06f8e306e6e486a762dd3b8a9e660e05",
                "ae5c2079f67b009bd1f93ae3a84f22b0efdbfbc654c39df6e41dc6d19abfc915",
                "3c97fb3d30cc604894903efa41655a470860584ffe6cd2dd15ddef4730cc0d2e",
                "41cf394a4f24fd988f57bbd9f06ff507e872d73048bfaeaaf4ce95a0683bc739"
            ],
            "type": "Script",
            "firstPartyCookies": {},
            "firstPartyCookiesSent": {},
            "exampleSites": [
                "andweknow.com",
                "drjaneruby.com",
                "foodsforantiaging.com",
                "m-strana.ru",
                "mynewmicrophone.com",
                "mysupplementadvice.com",
                "pmoflatline.com",
                "prepareforchange.net",
                "theasmr.com",
                "theroundup.org",
                "wakeup-world.com",
                "www.breachbangclear.com",
                "www.construct101.com",
                "www.healthygreensavvy.com",
                "www.med-beds.com",
                "www.schieb.de",
                "www.strongfirst.com"
            ]
        },
        {
            "rule": "getresponse\\.com\\/stylesheets\\/core\\/pages\\/webFormV2\\/public\\/gr_wf_v2\\.css",
            "cookies": 0.0000135,
            "fingerprinting": 0,
            "subdomains": [
                "app"
            ],
            "apis": {},
            "sites": 13,
            "prevalence": 0.0000879,
            "cnames": [],
            "responseHashes": [
                "0c9ac233a87095c82fb409d77e1e8214461f3cffad4ddf119072b3f37caff6b1"
            ],
            "type": "Stylesheet",
            "firstPartyCookies": {},
            "firstPartyCookiesSent": {},
            "exampleSites": [
                "andweknow.com",
                "bloodpressureexplained.com",
                "drjaneruby.com",
                "foodsforantiaging.com",
                "mynewmicrophone.com",
                "mysupplementadvice.com",
                "pmoflatline.com",
                "prepareforchange.net",
                "theroundup.org",
                "www.construct101.com",
                "www.med-beds.com",
                "www.schieb.de",
                "www.strongfirst.com"
            ]
        },
        {
            "rule": "getresponse\\.com\\/index\\.php",
            "cookies": 0,
            "fingerprinting": 0,
            "subdomains": [
                "ga2"
            ],
            "apis": {},
            "sites": 23,
            "prevalence": 0.000155,
            "cnames": [],
            "responseHashes": [],
            "type": "Fetch",
            "firstPartyCookies": {},
            "firstPartyCookiesSent": {
                "gaVisitorUuid": 0.00014191682322570181,
                "lotame_domain_check": 0.000006757943963128658,
                "sociallogin_referer_store": 0.000006757943963128658,
                "_li_dcdm_c": 0.000006757943963128658
            },
            "exampleSites": [
                "www.shopvac.com",
                "www.movieguide.org",
                "www.nickscali.com.au",
                "www.profootballnetwork.com",
                "www.educba.com",
                "www.sw-guru.com",
                "www.sig-guru.com",
                "muscleandbrawn.com",
                "www.onlyinyourstate.com",
                "www.reallusion.com",
                "www.schieb.de",
                "www.mobilefun.co.uk",
                "gearmoose.com",
                "home.binwise.com",
                "www.iparts.pl",
                "greenbullresearch.com",
                "gemstagram.com",
                "getgymfit.com.au",
                "www.freezeit.co.uk",
                "www.fotokoch.de"
            ]
        },
        {
            "rule": "getresponse\\.com\\/webpush-stats\\.html",
            "cookies": 0.0000135,
            "fingerprinting": 0,
            "subdomains": [
                "app"
            ],
            "apis": {},
            "sites": 2,
            "prevalence": 0.0000135,
            "cnames": [],
            "responseHashes": [],
            "type": "Fetch",
            "firstPartyCookies": {},
            "firstPartyCookiesSent": {},
            "exampleSites": [
                "greenbullresearch.com",
                "www.nickscali.com.au"
            ]
        },
        {
            "rule": "getresponse\\.com\\/script\\/ga\\.js",
            "cookies": 0,
            "fingerprinting": 0,
            "subdomains": [
                "ga"
            ],
            "apis": {},
            "sites": 10,
            "prevalence": 0.0000676,
            "cnames": [],
            "responseHashes": [
                "cad2d5e60c5480ab865401663b83711816b9857125d1dd6a9cc8823e597f9985",
                "61c825fba7f00f075c387b1a500f0e834514c853de061a6012f79f28a9113ae9",
                "72b63024721b9f5401d3f4e412a657f5cc83a49f288d6afc58d42d694a9a8ec6",
                "59667d980b41b1e03eec6d9261ffa7236df366bb81249ba45e4fc9a9fdecd6cd",
                "3f5999b7fe30f3a959dbf04ad01c8924c36f4b0b8a9cf1a76f6f3bf8ac633714",
                "95c0fd7de00d5b10af0a55fd43f93977ff24201f0dd033486226f037dc95b229",
                "f50628c45569e10974bcb79f9e4a4390541053b4a1207c2884f5106d04ff850a",
                "bb2a119d4e8b4ab638d6cf52f3d633795601b8f042b5ea484a9b889ad2070899"
            ],
            "type": "Script",
            "firstPartyCookies": {},
            "firstPartyCookiesSent": {},
            "exampleSites": [
                "cacklehatchery.com",
                "www.cacklehatchery.com",
                "www.educba.com",
                "www.fotokoch.de",
                "www.iparts.pl",
                "www.movieguide.org",
                "www.reallusion.com",
                "www.shopvac.com",
                "www.sig-guru.com",
                "www.sw-guru.com"
            ]
        },
        {
            "rule": "getresponse\\.com\\/script\\/db734373-7eb4-4749-9591-43258d4f06ae\\/ga\\.js",
            "cookies": 0,
            "fingerprinting": 0,
            "subdomains": [
                "ga"
            ],
            "apis": {},
            "sites": 2,
            "prevalence": 0.0000135,
            "cnames": [],
            "responseHashes": [
                "0939702dea20869e363355fd7a4c8148cb278b5e517087fe4b777d65d2e13fe6"
            ],
            "type": "Script",
            "firstPartyCookies": {},
            "firstPartyCookiesSent": {},