{
    "domain": "getresponse.com",
    "owner": {},
    "source": [
        "DuckDuckGo-US"
    ],
    "prevalence": 0.00039,
    "sites": 47,
    "subdomains": [
        "app",
        "ga2",
        "ga",
        "ts",
        "popups2-s"
    ],
    "cnames": [],
    "fingerprinting": 1,
    "resources": [
        {
            "rule": "getresponse\\.com\\/view_webform_v2\\.js",
            "cookies": 0.0000332,
            "fingerprinting": 1,
            "subdomains": [
                "app"
            ],
            "apis": {
                "window.innerWidth": 10,
                "window.innerHeight": 10,
                "Document.cookie getter": 10,
                "Notification.permission": 2,
                "Navigator.prototype.plugins": 2
            },
            "sites": 11,
            "prevalence": 0.0000912,
            "cnames": [],
            "responseHashes": [
                "57b5094e922426887f2a0447855fd86c96410da36f81a27558f123bb34f6225c",
                "91f416f01ecadcd11eaf1dce46ed43d5a449f84e6b1336ded678daf31cfc7191",
                "e3b0c44298fc1c149afbf4c8996fb92427ae41e4649b934ca495991b7852b855",
                "60305a9272e03e5766cbe82ec15caeab66a0f2026559c8992f8a6a3abf896c36",
                "c4cd33dfa02d39874044bcbbfda5258a16fc6786c2a76f90b51f697507641a6e",
                "5afc036861af20b8420b8a086dee32da0bf40e5c791edaaea631361d24ca0335",
                "f4c7147eef14be78cbaa7c3f2e0e07a36a4c4626563beacf08a4b0b5ac2eb516",
                "6ab27370255ca71ca0d702d20d5be5db06f8e306e6e486a762dd3b8a9e660e05",
                "12c56e38027cf49dc05ec6433bd9cf6eda841a07133306629c371f3ae3076c31",
                "41cf394a4f24fd988f57bbd9f06ff507e872d73048bfaeaaf4ce95a0683bc739"
            ],
            "type": "Script",
            "firstPartyCookies": {},
            "firstPartyCookiesSent": {},
            "exampleSites": [
                "andweknow.com",
                "drjaneruby.com",
                "iblp.org",
                "m-strana.ru",
                "mynewmicrophone.com",
                "mysupplementadvice.com",
                "prepareforchange.net",
                "reihenfolge.org",
                "www.construct101.com",
                "www.profootballnetwork.com",
                "www.strongfirst.com"
            ]
        },
        {
            "rule": "getresponse\\.com\\/stylesheets\\/core\\/pages\\/webFormV2\\/public\\/gr_wf_v2\\.css",
            "cookies": 0.0000332,
            "fingerprinting": 0,
            "subdomains": [
                "app"
            ],
            "apis": {},
            "sites": 11,
            "prevalence": 0.0000912,
            "cnames": [],
            "responseHashes": [
                "0c9ac233a87095c82fb409d77e1e8214461f3cffad4ddf119072b3f37caff6b1"
            ],
            "type": "Stylesheet",
            "firstPartyCookies": {},
            "firstPartyCookiesSent": {},
            "exampleSites": [
                "andweknow.com",
                "bloodpressureexplained.com",
                "drjaneruby.com",
                "iblp.org",
                "mynewmicrophone.com",
                "mysupplementadvice.com",
                "prepareforchange.net",
                "reihenfolge.org",
                "www.construct101.com",
                "www.profootballnetwork.com",
                "www.strongfirst.com"
            ]
        },
        {
            "rule": "getresponse\\.com\\/index\\.php",
            "cookies": 0,
            "fingerprinting": 0,
            "subdomains": [
                "ga2"
            ],
            "apis": {},
            "sites": 19,
            "prevalence": 0.000158,
            "cnames": [],
            "responseHashes": [],
            "type": "Fetch",
            "firstPartyCookies": {},
            "firstPartyCookiesSent": {
                "gaVisitorUuid": 0.0001575429926535215,
                "_li_dcdm_c": 0.000016583472910897,
                "_dor_kj94vl2u": 0.0000082917364554485
            },
            "exampleSites": [
                "gemstagram.com",
                "gigatron.rs",
                "greenbullresearch.com",
                "home.binwise.com",
                "muscleandbrawn.com",
                "www.cacklehatchery.com",
                "www.fotokoch.de",
                "www.freezeit.co.uk",
                "www.godinanutshell.com",
                "www.mindmeister.com",
                "www.mobilefun.co.uk",
                "www.movieguide.org",
                "www.muycomputer.com",
                "www.mytyres.co.uk",
                "www.onlyinyourstate.com",
                "www.profootballnetwork.com",
                "www.reallusion.com",
                "www.shopvac.com",
                "www.truglo.com"
            ]
        },
        {
            "rule": "getresponse\\.com\\/wpn\\/gr_sw\\.js",
            "cookies": 0,
            "fingerprinting": 0,
            "subdomains": [
                "ga2",
                "ga"
            ],
            "apis": {},
            "sites": 3,
            "prevalence": 0.0000249,
            "cnames": [],
            "responseHashes": [
                "a711e3ad8281aafaeabc2c2ede2e731dc516b7f88babc133bf8aa10fc2c86093"
            ],
            "type": "Other",
            "firstPartyCookies": {},
            "firstPartyCookiesSent": {},
            "exampleSites": [
                "greenbullresearch.com",
                "www.godinanutshell.com",
                "www.movieguide.org"
            ]
        },
        {
            "rule": "getresponse\\.com\\/v1\\/api\\/translations",
            "cookies": 0,
            "fingerprinting": 0,
            "subdomains": [
                "ts"
            ],
            "apis": {},
            "sites": 2,
            "prevalence": 0.0000166,
            "cnames": [],
            "responseHashes": [
                "12a5dee76cc9c464692b9ae94d3721eb032516c29207ffd97b40fa0b4010191a"
            ],
            "type": "Fetch",
            "firstPartyCookies": {},
            "firstPartyCookiesSent": {},
            "exampleSites": [
                "binwise.com",
                "www.truglo.com"
            ]
        },
        {
            "rule": "getresponse\\.com\\/",
            "cookies": 0,
            "fingerprinting": 0,
            "subdomains": [
                "popups2-s"
            ],
            "apis": {},
            "sites": 2,
            "prevalence": 0.0000166,
            "cnames": [],
            "responseHashes": [
                "e3b0c44298fc1c149afbf4c8996fb92427ae41e4649b934ca495991b7852b855"
            ],
            "type": "Ping",
            "firstPartyCookies": {},
            "firstPartyCookiesSent": {},
            "exampleSites": [
                "binwise.com",
                "www.truglo.com"
            ]
        },
        {
            "rule": "getresponse\\.com\\/images\\/common\\/templates\\/webform\\/43\\/2\\/style\\.css",
            "cookies": 0,
            "fingerprinting": 0,
            "subdomains": [
                "app"
            ],
            "apis": {},
            "sites": 2,
            "prevalence": 0.0000166,
            "cnames": [],
            "responseHashes": [
                "bdb9efab977622cbc9af98201409907ee2a67540e89ed4ab78dd5e4489a65862"
            ],
            "type": "Stylesheet",
            "firstPartyCookies": {},
            "firstPartyCookiesSent": {},
            "exampleSites": [
                "prepareforchange.net",
                "www.profootballnetwork.com"
            ]
        },
        {
            "rule": "getresponse\\.com\\/script\\/ga\\.js",
            "cookies": 0,
            "fingerprinting": 0,
            "subdomains": [
                "ga"
            ],
            "apis": {},
            "sites": 5,
            "prevalence": 0.0000415,
            "cnames": [],