{
    "domain": "getsmartcontent.com",
    "owner": {},
    "source": [
        "DuckDuckGo-US"
    ],
    "prevalence": 0.00111,
    "sites": 11,
    "subdomains": [
        "s",
        "cdn"
    ],
    "cnames": [],
    "fingerprinting": 1,
    "resources": [
        {
            "rule": "getsmartcontent\\.com\\/serving",
            "cookies": 0.000805,
            "fingerprinting": 0,
            "subdomains": [
                "s"
            ],
            "apis": {},
            "sites": 8,
            "prevalence": 0.000805,
            "cnames": [],
            "responseHashes": [
                "2ab59e69bdb9524e43ec329a43ad724a0f72199c62e3f8230c1839afea8a8d63",
                "d98e1c4ffcf383502368496f2146b46d5beace8ff5420b11424e94159ce3f10e",
                "ffbb53799cb1496c85ccb08366fa7b95813aa90944e54cd077d49886192bd1b2",
                "ef25b4d589d90812b17376f569c5b1f446d52b2ac0a9fd6c8ee2d3c4fc108b85",
                "5fa3caf84e675e33a0067b2bdc76870c5e2116172c9a66b35fcb73382073f1d1",
                "16555e056d3df2ee16b34e9b3dba8245df41a74ff242df05995c61a3136559b4",
                "7c8910802bc3106cf732aae318aa29a241a4c82da73b4fa5e43878a872bcbf68"
            ],
            "type": "Script",
            "firstPartyCookies": {},
            "firstPartyCookiesSent": {
                "gscs": 0.000301901982489685,
                "gscv": 0.000301901982489685,
                "gsci": 0.0005031699708161417,
                "_schn": 0.00010063399416322834
            },
            "exampleSites": [
                "washington.org",
                "www.arkansas.com",
                "www.arkansasstateparks.com",
                "www.austintexas.org",
                "www.colorado.com",
                "www.denver.org",
                "www.gulfshores.com",
                "www.visitlasvegas.com"
            ]
        },
        {
            "rule": "getsmartcontent\\.com\\/track",
            "cookies": 0.000302,
            "fingerprinting": 0,
            "subdomains": [
                "s"
            ],
            "apis": {},
            "sites": 3,
            "prevalence": 0.000302,
            "cnames": [],
            "responseHashes": [
                "e3b0c44298fc1c149afbf4c8996fb92427ae41e4649b934ca495991b7852b855"
            ],
            "type": "Ping",
            "firstPartyCookies": {},
            "firstPartyCookiesSent": {
                "gsci": 0.00020126798832645668
            },
            "exampleSites": [
                "washington.org",
                "www.arkansasstateparks.com",
                "www.visitlasvegas.com"
            ]
        },
        {
            "rule": "getsmartcontent\\.com\\/T01JJSTL\\.js",
            "cookies": 0,
            "fingerprinting": 1,
            "subdomains": [
                "cdn"
            ],
            "apis": {
                "Date.prototype.getTime": 1,
                "window.sessionStorage": 1,
                "window.localStorage": 1
            },
            "sites": 2,
            "prevalence": 0.000201,
            "cnames": [],
            "responseHashes": [
                "2a4005160f58261a6e6d001bfdf6886e49155ff714298617e79fdf5a288a9da2"
            ],
            "type": "Script",
            "firstPartyCookies": {},
            "firstPartyCookiesSent": {},
            "exampleSites": [
                "colorado.com",
                "www.gulfshores.com"
            ]
        }
    ],
    "categories": [],
    "performance": {},
    "cookies": 0.000805,
    "topInitiators": [
        {
            "domain": "first party",
            "prevalence": 0.8461538461538461
        },
        {
            "domain": "osano.com",
            "prevalence": 0.07692307692307693
        },
        {
            "domain": "adobedtm.com",
            "prevalence": 0.07692307692307693
        }
    ],
    "types": {
        "Script": 10,
        "Ping": 3
    },
    "nameservers": [
        "ns-1219.awsdns-24.org",
        "ns-1618.awsdns-10.co.uk",
        "ns-416.awsdns-52.com",
        "ns-867.awsdns-44.net"
    ]
}