{
    "domain": "getsitectrl.com",
    "owner": {},
    "source": [
        "DuckDuckGo-US"
    ],
    "prevalence": 0.00134,
    "sites": 198,
    "subdomains": [
        "events"
    ],
    "cnames": [],
    "fingerprinting": 0,
    "resources": [
        {
            "rule": "getsitectrl\\.com\\/api\\/v1\\/events",
            "cookies": 0,
            "fingerprinting": 0,
            "subdomains": [
                "events"
            ],
            "apis": {},
            "sites": 101,
            "prevalence": 0.000684,
            "cnames": [],
            "responseHashes": [
                "c20e5b417bcfd611136fdd69047ad0e5a2d3b8aacd2242ab1d4602e574b4d53b",
                "f8c2972ac36fbe9132afd67f6a07c919ab5a6cb0f406cf6ac614f253fadb7ed1",
                "cf049bfb70b708b76c4b525f194fb9c86a89fe82bf6513505878a16e082a9986",
                "cfdfcd4007d69b39e4d1a3be500f9e7d63d3cf98519214b0f25cda919fc8aaaa",
                "1ae93c143fba4448679fd6687502f1b929b6a9cd331895ef63b7031822b0cd6a",
                "4f80c5903e0dcf45500f4f1f173a3ebea6ed2fd272f4e78982cfb27d775db980",
                "88c11cab3ead50957b74d1467ad4712aa0021b20fd31cf4cd080ec8de5041a75",
                "433bf700d15cee31cb339ac5b19e3b6f6c8a3ff70754ec4eae7efa361597161a",
                "df82ed587a61d7c31554d86fed3cffd61225313197e6550a61bf7c8a19bb76c6",
                "1eb2bf60bc9d538673d17e203162283213fe9f5e7fd85d54e4002c7c5239897a",
                "d9847e1d9ffc5716aa127b684ea1faaa257849b4203da5215b5bd1264393cab0",
                "bc40dbb8c6da802c25492a18d27e440a5a0dc0a5f443f73594a63e6046bb584c",
                "858e703aa9bd5315c6303fe6e867997401f865d11e05e7f5a213c61d819898c7",
                "b595cb27ee8ff1ee9af930a24f3eed6ee81cf27d370c56069651882592b0f4be",
                "76ad90f9c5fd67458944fb0e56537fc129ed4825a73c1680895321e8561bc154",
                "766a9e73d081b7bc2fc5e146caad1504c1040cd147ef3cffe9fbadb37ebe7321",
                "d61d62150bd1976af74bd9921cbedfb90272a794e56063c919cbdc1acec6d7dc",
                "d3ab797b299d1232f0376006cbed962b4f2cf94c2c1e9c98f66772128f471868",
                "d8e2429b943d4b7bb01f1f878a6983f3c13877262fdf0c55512403fe4f59884c",
                "a06f98f7689383d912b60e06eee3f537bca1f4c6e4f484606790347bdd6bca1a",
                "4ce2b5415b8fc0f32c3293291db03746a0173f1a9490dc4e1fbd484cb39a5117",
                "ecaaf9f573a34e6106d50514c6c55b715377b468e57037f5b8afecb81f7451da",
                "46c7e7c92ac2d68001a751bae3fc56c8b6fb4f1d18eea987ef0e959abbd9c0f1",
                "1ecde477f9a41451d189d2c70ca8a7541a60630414606c3e8422b3719496b47f",
                "69fb3651fa0fad7d2ad354a24c57d61a24c22db38a6035f98fc342f84e8c5de2",
                "9605e46c840daac7714268a5cd96d850f548099ce1e392a8582edcea230a5438",
                "f40699b0b75e136bc55fc3e7354ce1f003a47d8198c5df035db73596fb6ec45e",
                "597556d860e6e6979e350091a3c1b0ca1ea057d50a86611d3d11ef851d8d70ee",
                "656243dbffc862578bca3aa41c759550bcf56d9ef06acf718bba1d2bae6fd8fc",
                "360c9445f3cb480b49ac28a6ddae59d4131f38b06b1685cd39f3d12e49034d0d",
                "d68eb7fca62becf17580dc6b9147310f0d18eff3db5ab32ce5b2e74240515e83",
                "204e2191bc2c004f28b42f9acd7dd964b4afc1c6672d0b7b7acefaea79b19bae",
                "8b947fe6defaeb1ad69f21f16cffaaab59501760276b3597d2e17a9e4fc9c71f",
                "a1c177fb7b1704e26491836747615b54e6aded23ff988c6707905a9e9dc2ad72",
                "507022212a507067c16a63196fc15ec04aad4160243aca9d4ac8387c8dc520e9",
                "159d2c63abc85c5ea152b6337b95bff61ac710b63e3ba40cbfd5d6cc92643c83",
                "17af8fc34684eadf78a372c43f8b6cb3edee60f727df3d9725f18534e18dab5e",
                "7f32ae2060b3a14c5b30401459a9067d97766134d78cba103467786534b74b13",
                "92c56060b8fb98cfb9dc4b3e0cdf5e2edfd0748b87e8f2908a9766e21bc9ff64",
                "f7088565cb052c2a79b012c9d190d4c79a2a799dc2f811c852cff3e50106eec9",
                "f1a66a3bc08cf8985094e90fa594bf4cd8e008ddb02ca3954e2bddad094629f4",
                "419413811152e7a1b3ee4d3a5a0a97130f9b5a4410ae83a4195183a51d168b02",
                "b5998261326745d5d1f50b8f2880b15da96ed4255dd7405ec6a96de9380b9a3a",
                "7176e669d0f73f102e270f4550967c1554b6d5c68f88d223288d594d2a2d4159",
                "69382b4737ad3dfcb549e5944d828dc7ac169c9ea4ad8021ab90d7ea325a10b2",
                "9ed6bf52954eff99ba9ee1b707cf00eb98466359b18c05221f5f39cee5bd0893",
                "b1c4574b7e927fb3536942c1bc4d412bc00b923e574ddb77fd36d788de020019",
                "357d52cc79df3fec98a0d5333ea5ef18f2c7714bc3900df4416ec90768f7d2a5",
                "3f2bcc4988e52e88f985ab04a4e99217789d736e28c56b691a5ea0c4bde4a4ef",
                "6bc40b1a0525df03e2524428358d49839d252dbff70627c5d43aacc1f7caa484",
                "dbb6baac038a49db2c3966b0a39da7c79d0e3d745754558cd6e555a025f435e2",
                "040779e4e683f486ce0f6c7b68ef1d8432449de276e7bac6257f0b470173e801",
                "c3a15c739a1ed18ddb9532a39717c54db87c42e59a50ab5eea17de850bcabb67",
                "70b6c70b50e79cfb9afe490df7ef0df7dcbf58a5b1a91d33282931b0ccace134",
                "774943a17879ad4bb7bf08ce5d11cf14ed54608c1a02007c219c3125808e03c6",
                "0c2ccc9bc8a997f87081b385c467d39427bf3870cbc2efae8124436e5a43757a",
                "24f9b2f8766da3649ddef388d82670253e73cc95399d43222646c4a9e5efe617",
                "b659086dacb2b63174a2cfd1e10f40776ec40877c0c26cd5a3237fc628ad8fb3",
                "0819102a83838d02276b7e8af34ece652d783241b55dd90130aa8c9d589b5b85",
                "42579c59d1166198a5c6ba9a1849bf4f6ac552780298461fb52a7eea26a24f54",
                "def67b70e9a8b7b77ec7d65a926391a79ddcc8ed9dbf6be438c32993ccb07637",
                "d00aed1b00d7bbab46bfd341acd961f9c8257738473a2d0297a4cf82cb37b828",
                "b737dd32b72574ff5c532c50e07661d1a47cd56254d3bc854fe54032629f5862",
                "5cfb1754031449c38847e03e9b1a45358bd4e65b08988b3248d4225064da51ae",
                "5f0f46d8049a5c14b6af0b700c8228792985ff9a428614b8fe570d3bcedc18bf",
                "acaf0c9d048fd5e3067a4f63e14d56a4d7c93bafb844bc586f26828d834a8e9f",
                "842c7b5beb79c8891e85f52d043de7888f99e4e5f9e37e9a3bae847b4dbfec2e",
                "f94b0f6a285b04eff803a8c17bafaf0d6a5c2dfea973821cd2f147aed1e5cc88",
                "d6dc2d0ed8e1ae903278a2673f9d6340cce29bccf53d6084f534cb7928a591e5",
                "c38f8bbbc86e65dace1216e3d6db42d3760aac1434f70f3303b25bccf2f3d14c",
                "8cf9e47f3a37c17a5c7afb9c0d060f5208ae4b0e49c434e9da83f02bcd95ebd2",
                "5efd77d9cf169263d40b4f863f533887b880b94380a4d941ae11731af6a2caa8",
                "973673c0c830e9ac97411f59859f46b6a9623de6dcb32b5022142653bd24c809",
                "a34af37987d92d8475be4711d64042162ba160af52913b9118569e069addb9f3",
                "dd2ca9288b293a194fa66e17f62f8282a62aa6cb57574a541f1bb21cd8715c7f",
                "c1cfb6111fca4dbcb0677937b393abb45d95e22f6e3e6e018a966a9ddfd6bc4b",
                "6360099e20a735b6d4a5522d9b2e83d6966e7f78dfb52dcde53af4dea1769531",
                "5296985393ffff9cefc62a618df54e968547bd78d482c390bc86b8b21c74c32b",
                "2f7648a45b3dcb57df8c575e1dbff7af350413795c4d70cbe79c2771d89b1b66",
                "7dfa2653b9dcfaf36ccc434f87355b22cb2ba3e49a93deb6a6c8a7bdf5e1ffb5",
                "943f7e1461ee78d20bf2383930d58642aae7fa2f455afd6845fb19c90b64fb90",
                "ed95daf8285a29408d1eb4983bac2408fc0a1be37adbe02ae8e62d5a280b7683",
                "1834fa0b8e721b0d7e9c15f125c9ebbfdd50c87c4bbcfcb2b3ab84d3bfc45be7",
                "6827f428c882969177ebeb3a3455c7309663097519c866623c42583257b9d694",
                "57014a45308e639b93033141d8cd20246512272771ca115174a2c56b586dd716",
                "3cdb2a5cf9e0928733668408c1228090ec873f21da9e27d30eb73271bb7079e4",
                "b42f45b81b40c54291ee7492d54053d70b681d57bbdaac2316f4a2b416f8e7a6",
                "4636c426924f123c9e91ddc1b790616657183db9ddd45c460c43f889bdd3b1d6",
