{
    "domain": "getsitectrl.com",
    "owner": {},
    "source": [
        "DuckDuckGo-US"
    ],
    "prevalence": 0.00123,
    "sites": 159,
    "subdomains": [
        "events"
    ],
    "cnames": [],
    "fingerprinting": 0,
    "resources": [
        {
            "rule": "getsitectrl\\.com\\/api\\/v1\\/events",
            "cookies": 0,
            "fingerprinting": 0,
            "subdomains": [
                "events"
            ],
            "apis": {},
            "sites": 84,
            "prevalence": 0.000651,
            "cnames": [],
            "responseHashes": [
                "90507d6294785816ce4ffa8e9fff480b7c3a21262eca1f164ad4e01413b1e40f",
                "d5fc900a8a4dbcb6de8c258dc9a8296113b7836f80f9e032d888f25725c55abf",
                "571c6ab02b65509167f693695c884647dbd12bc2ee3fcd155992bd9165da8b73",
                "47a7dce0607af1807b96fe7ac2945f1cc3770e5ca9c609d91917d0e38334227c",
                "293cf85a8cbce24d45d4c5360b3c861c385e33f153d19b3cfb4e5549d84d21b1",
                "a6e407113df6c4b7ec8f9be42377f44cd7db953c501953f1a58ebaf6ea593fbb",
                "8450202d9615115135dfbe6529c564d90abeebd052e3cf7f8c54a74757d51228",
                "fe2bb2ca359cf722a735aeba6b02fde202c4edde0ed035a86d7e495df2298b78",
                "73f7684e9791806671b5e3af25bcbdc67d3cfd405da19178a6a1cbe874d70841",
                "78bc40c22dd11b7e71f2018acc33898b9591d6d4f3eb32667c7b645826651d62",
                "f767272c6241582c6df74f341b9b7ea23265cf984896482694cca83fff8e3006",
                "e12f68b104773a5fcbda15b5849d527602f434987e1d7a4181e0cb63ce5de497",
                "48f81c8816edc333c4ed1152f3af25ff50559f66a7609be6b1f8109dc3eea6e9",
                "9a8f4f77009c4993ce828deebf1ac9beeb7c8fa0cb8719c188ed25772366e29e",
                "ba7a4cc9988640548e14d2be660e99744d9996b36fd734a7c5574550fd29c553",
                "e973e24679af114df75be5790a8ccccd8a8128f993ad8d3a83276f018eb8ce59",
                "4b25ad029ad31bb3de4047708f1d4fe2db2dfac9fbd9fa8d09499df3e94af36d",
                "c6aca2677d652f3a631cd5020019f7cd1cc7b3f8b0df9feb0ef7221e8a4700e6",
                "3c27d5772491d4321805d3c04ee0b3fe080565d02e57927e5b5f0bc0323bdc28",
                "de10adf4527d622fbb9d48607a3ebe042366a28b0c6bdc420f58dc91e4cc0125",
                "f7b05c8af484e8fc43ab9227abdf1a20da08dca6f6a86ac5b2f051a00e8839c5",
                "4e13d197700e1e2fc72ff14888848030ea690811aef226686c738350709367d1",
                "00a453b7bc2aad6957ee1874339b0a60f8e6a98c54b2bbd1d32f41724afcb030",
                "a66485b6f22345bbeaf59f3ad40702559d10a1425e8f27ae0838797a1da4615f",
                "792de457982249660fff0466946796bfed8abfcf039af695a3e9bc0ea14b40d5",
                "27e7491a7ae0162a47847eee6166178c5034677100e98367faef041312528918",
                "d4b1e90b4b9647747dea41eda2cbee9027a19ef19a040ea53c5c24219ee876f2",
                "5c27cacf74dedf55904b0513e4e8b00a4a68d3eb50eb491daa2f18d403c48261",
                "280a7e6b550b91f503b612fc83ffebe6d3a3d383b81e32e8b4fcea7eb91c19b8",
                "06792c12cea5cdfa1c951ec4ed209e9a310abeac8902201ad6f039652d8ff812",
                "3418a091f6cedc09c17087bf1cf0e1e8d637727a8cc659a9957517a8cb3b5a25",
                "0e232b9fd865f31e5f701f0da5b909660a99f4501cf993344653fd94aac611a5",
                "b88aa97c5fe08274970963c305301ea0bc99afc48914a53d50e53b7818413eb9",
                "30f3cee27a86728db2d0ef8f7fd02ac68e155ade18cdfcf0340f5d63208c4aa0",
                "22f3813e9e2f0c8c3001bcec61abe3da97a7135cfd62d882a9d5a7cb60bdbbcc",
                "865a6aafdd38282b94793a051762b36c809c4491affc35963408b620ea3049d0",
                "3339ddc198a155f73e2898aaf97222c5138e13683b8c5b8dfec4d2492ec533fb",
                "eef2965e84fb17db4a557ac2bceb711f8715b17ac5df0fa51f51f4428b709f5a",
                "78c963a3a21b05aef55c944bf65dc3596042e1e4843ee072b5e832aacc123b0b",
                "4aa74d3a598945128dceb30f6ed2a1306f515fda4f3abd28abffb70af6c314df",
                "3b822e8e1e3ac544e719ea566162a38e89e7224dfe343e048fd47e329cf23696",
                "77680adb160525c034a4cda8aae590871de3e85313c95e8ca23f8f2fb7132cb7",
                "9984ca3f58f5898ebd9f8c27b8829f76ad73bdbd33d75dc7312873eea77d146e",
                "9be153bac741e55ddebdfd87ba39666875ae804d7b073f61364de2b7ae9f5d99",
                "4f954f527303cbda831dc92c7c31adc672e4a9ebefd2a9243921c2084004c0c3",
                "bc1cf788c64564887aad4a2e53fe44b5cd27212601ea789608c3516c895c82d5",
                "0b328a06777e2752c808520824d79b3824f36dedebe050bc8927f5a0513f77c3",
                "610db2bfb987d11ae590b342ed94bdfdbadb2af221c8bcea2830bee6accd5014",
                "7d122a894781237d5575db207cf4054215daf61b0dfa4c7c00e4cc34e5b8165e",
                "92cc56093179900e28ac21159f3b45b04fc38a22a143992a9652617080524f44",
                "0fcf74982709cbb9ffe6c9ab41aee1e47a9d4097e29d8dfef45a11282d931cfb",
                "2c29820ec177de20a5b00d600da06221b35b41c3ac2901df7341f4583de965bf",
                "7d4bfb1a51889fe5398d84cd3b1e7377491f00e7ed0e44b9e0a78418b370b156",
                "f53a040cdb6583ab9702c3dc7ab52ce571c790ab216e87036fba7e3561bf7b2a",
                "76934d7fa23527c232dd83d8f300804a8af97a681588670613b99a2784c4cbd6",
                "f3d6f3f485e7265087e7e75113cec7638960c7e2e4a1427ad465e33945e5d213",
                "891affea9154d23c7e60fc4185e88a7f4ccde9b41d0e6b352a907e7052331912",
                "0aae5efe5c028ecb9a44df39eba3129461fcd70b2a002da77139ff8a640b74c7",
                "b99136e8eee7544f664237b1f9139e2bb451c9682e9dd0389d0ca7b3dd29b939",
                "72e0cd51528ee063f3a0fd549f1e3bb85a396e48e6c5b56b95155acd7377749f",
                "6030f2efabb86636e5d283fcc9c39a3fb2067b5a49e0a595d33c72cd46be91a4",
                "4240dfaae4dc9400906b6ebfc076afc10848da7d1432e51a9c3489288cd4d891",
                "6d1f3f9a79407686a8dc5c943cf2f2c5b2d775b2ee8aff8ad5af97a22a62ad7e",
                "51520f0de3635c5d725eb8d61ca569c15fbc13c131db5c75f7bf660f2c33a405",
                "cb284c39e9eff5d1ca0c6c4524afe48202ef06a95fc1cb94a001e183a4208c6d",
                "55965f2b3b47d7343034ca5f69a445407375ec2aa75041b6eb811a4872828e22",
                "6b4dc3ede1ba7ff736bcfc3b62f497fbdab8944e9221947043d6bd68ff109f90",
                "a6d4eafc5a073b5c9c06222f1ed2eefcc7a680a7364f78fcbca90387616be86d",
                "e4d164a7bc4c0fbe393ef2aac6dcfd1edf64bc0f88d0abcee5f47b6427310ab7",
                "e642f98289ab5600a2cdfe4803d92e4d440a8ab31ab8e6f8c4bd29450bd3ce55",
                "0c22a1012e4abb9c9019652c2382a186f4832e54166cc712f5e56ee26a4b9bec",
                "0420df1a6d9fdd4062e70734d0bd6d1d2f6f1c85cdd76da28b16da3733336bf4",
                "58ff8757b2a3987a1a7ea124e52d7f3d8fa5ea08ee97117d4761332fd68514d1",
                "ad92cf6a833ffa3feca58f8c697e00ed75b7405e413f7ded05603549740241be",
                "f13e03160b692403f73d7138f548f653a6065e10071c75ddbbb15669a456c66b",
                "c97fb9da210855ac7d45dd669ec0bab5b4c13c17122ec346fad032bf695ea2a5",
                "adef49fcd522f8102480a6b9295e0725bf9dae7980607735232dfbcb5d61b835",
                "f04946a8a345da6ae1f2f6a0e4fec260289db86a37bbf382d7d6f221d3786980",
                "bf249e02c841fbf21b31cf87acdadcfe80147a8b78aab8afe2b0e3a40ae36651",
                "3c7624ef3505a52df65283803c25a396704980caf482d7d3f3abf0e28d1e759c"
            ],
            "type": "Fetch",
            "firstPartyCookies": {},
            "firstPartyCookiesSent": {},