{
    "domain": "getsmartcontent.com",
    "owner": {},
    "source": [
        "DuckDuckGo-US"
    ],
    "prevalence": 0.00111,
    "sites": 11,
    "subdomains": [
        "s",
        "cdn"
    ],
    "cnames": [],
    "fingerprinting": 1,
    "resources": [
        {
            "rule": "getsmartcontent\\.com\\/serving",
            "cookies": 0.000806,
            "fingerprinting": 0,
            "subdomains": [
                "s"
            ],
            "apis": {},
            "sites": 8,
            "prevalence": 0.000806,
            "cnames": [],
            "responseHashes": [
                "0ddf0848dfedf194121ad024966b7eda715a045516ce46e1703459b618add582",
                "ab7f29c6a6c16d6ba2d0f1abade60f37f009450fb9c8446bcae18016aa1bff16",
                "6cfe11084262326e3a3bb85591a9bdb110c9854f1e9eaebb26c20ab76ee89e14",
                "cd779ad11a80ec00a628556039b951444f7cc6abc76354d2df1850155e5d6a81",
                "64df012384bffb08a763173aa4edf607a0239a835d9bebeb194a033283309b5a",
                "df873e39c3e9116e97442f8b7e97ad664d51a13107c6463cf5b7d0ac905b00a2",
                "1734996e1399365621511099344c2da5d7b7da24aa3ebc374060b74405ea094f"
            ],
            "type": "Script",
            "firstPartyCookies": {},
            "firstPartyCookiesSent": {
                "gsci": 0.0008055583526331688,
                "gscs": 0.0003020843822374383,
                "gscv": 0.0003020843822374383,
                "_schn": 0.0001006947940791461
            },
            "exampleSites": [
                "washington.org",
                "www.arkansas.com",
                "www.arkansasstateparks.com",
                "www.austintexas.org",
                "www.colorado.com",
                "www.denver.org",
                "www.gulfshores.com",
                "www.visitlasvegas.com"
            ]
        },
        {
            "rule": "getsmartcontent\\.com\\/track",
            "cookies": 0.000302,
            "fingerprinting": 0,
            "subdomains": [
                "s"
            ],
            "apis": {},
            "sites": 3,
            "prevalence": 0.000302,
            "cnames": [],
            "responseHashes": [
                "e3b0c44298fc1c149afbf4c8996fb92427ae41e4649b934ca495991b7852b855"
            ],
            "type": "Ping",
            "firstPartyCookies": {},
            "firstPartyCookiesSent": {
                "gsci": 0.0003020843822374383
            },
            "exampleSites": [
                "washington.org",
                "www.arkansasstateparks.com",
                "www.visitlasvegas.com"
            ]
        },
        {
            "rule": "getsmartcontent\\.com\\/T01JJSTL\\.js",
            "cookies": 0.000101,
            "fingerprinting": 1,
            "subdomains": [
                "cdn"
            ],
            "apis": {
                "Date.prototype.getTime": 2,
                "Document.cookie setter": 1,
                "window.sessionStorage": 2,
                "Document.cookie getter": 1,
                "window.localStorage": 2,
                "Navigator.prototype.userAgent": 1
            },
            "sites": 2,
            "prevalence": 0.000201,
            "cnames": [],
            "responseHashes": [
                "2a4005160f58261a6e6d001bfdf6886e49155ff714298617e79fdf5a288a9da2"
            ],
            "type": "Script",
            "firstPartyCookies": {
                "gsci": {
                    "ttl": 63072002,
                    "length": 32,
                    "prevalence": 0.0001006947940791461,
                    "uniqueness": 1
                }
            },
            "firstPartyCookiesSent": {},
            "exampleSites": [
                "colorado.com",
                "www.gulfshores.com"
            ]
        }
    ],
    "categories": [],
    "performance": {},
    "cookies": 0.000806,
    "topInitiators": [
        {
            "domain": "first party",
            "prevalence": 0.8333333333333334
        },
        {
            "domain": "osano.com",
            "prevalence": 0.08333333333333333
        },
        {
            "domain": "adobedtm.com",
            "prevalence": 0.08333333333333333
        }
    ],
    "types": {
        "Script": 10,
        "Ping": 3
    },
    "nameservers": [
        "ns-867.awsdns-44.net",
        "ns-1219.awsdns-24.org",
        "ns-416.awsdns-52.com",
        "ns-1618.awsdns-10.co.uk"
    ]
}