{
    "domain": "gettine.com",
    "owner": {},
    "source": [
        "DuckDuckGo-US"
    ],
    "prevalence": 0.000191,
    "sites": 23,
    "subdomains": [],
    "cnames": [],
    "fingerprinting": 0,
    "resources": [
        {
            "rule": "gettine\\.com\\/api\\/v1\\/prepare\\/ads",
            "cookies": 0,
            "fingerprinting": 0,
            "subdomains": [],
            "apis": {},
            "sites": 22,
            "prevalence": 0.000182,
            "cnames": [],
            "responseHashes": [],
            "type": "Preflight",
            "firstPartyCookies": {},
            "firstPartyCookiesSent": {},
            "exampleSites": [
                "komikseru.me",
                "nudist-movies.top",
                "porno24.tv",
                "peepeebabes.club",
                "boombo.biz",
                "www.free-xxx-free.com",
                "xxxvideo.world",
                "xxxmoviestream.org",
                "www.asianporn.me",
                "pervertslut.com",
                "porn0.me",
                "femefun.com",
                "the-moms.com",
                "www.lk21.mom",
                "pervypals.com",
                "indiansex.top",
                "celebrityarchive.biz",
                "xnxxarby.com",
                "mangaforfree.net",
                "bokepindonesiaviral.online"
            ]
        },
        {
            "rule": "gettine\\.com\\/api\\/v1\\/prepare\\/ads",
            "cookies": 0,
            "fingerprinting": 0,
            "subdomains": [],
            "apis": {},
            "sites": 22,
            "prevalence": 0.000182,
            "cnames": [],
            "responseHashes": [
                "e3b0c44298fc1c149afbf4c8996fb92427ae41e4649b934ca495991b7852b855",
                "c4c6e72b80eb27dd6c6e62d6de58a2adfb25d7e54804f916f83893f5545693ed",
                "a7b4321106543f0b8240948c55cb8fe5e48da353c0e0ef4b1b7cf69e2b5d6731",
                "da0d46f69ab620e74f2b6da29c46dc5494fdbd3c3bc49190a3e4cfbae1139327",
                "ea36f71f6fd4984418f3f7d30262a8a0e56ca005dad906134c1b3e5261a6887b",
                "1797d654f7b5e19b4a85df66aec080fc96dc080dc8d72e61f7e0b7b712da84b7",
                "627915ba58a68b9700e699856607ed9080efd409ad90a85cceb430120b78d0df",
                "fe1536fdfe592fe195e558ab1dc023516c0ba4807aab0425e42fc02d62cbd6bf",
                "4f63c0e3c94ab054f85ad29aec5b1f1ff3a2b9a520f6223d36f661a1b8145f3b",
                "5726cc6b926d5e99d0024eadae7725fb1fbdb61744cc4a70f17166652298d013",
                "9d2d16bd5ce5921582d721469a36c4ea54bdf5ee76f3455bef91b1912a4768dc",
                "c707e68fb7f259f2e86a6090a68b1f79f9aa762bf3926d235b860f98cfa1b862",
                "88d84eba4647d204bff8dfbc5bacdffe66c8655ff997cba56b804d469cf2c459",
                "d509583798923ad288a3b04649e473cb2e9d289ed50c805f1e1007ad7d351408",
                "3c069360b33fd4a3f3fdbfea3be3c4e033a359c5c94b97f96227afc9f3e4a644",
                "6c430a82a2d6127ee7e939dcfd3b0270466e96a35fb78a75f45a3d6a3d4ed71a",
                "6b13562616602913d4c907f73c6ff0eaf25205a1a1e34c4ce49909a5494d42d9",
                "8078c5918a627a9104a05ee17c838059ce0532c120fbea051602f91ea155aaa4",
                "311ce22e8364431a592d3b1f74cca96191204053721f3e6f7b48b4e0bc64b53d"
            ],
            "type": "Fetch",
            "firstPartyCookies": {},
            "firstPartyCookiesSent": {},
            "exampleSites": [
                "indiansex.top",
                "porno24.tv",
                "porn0.me",
                "celebrityarchive.biz",
                "femefun.com",
                "xnxxarby.com",
                "komikseru.me",
                "www.asianporn.me",
                "www.fullfamilyincest.com",
                "boombo.biz",
                "celebrityleakednudes.vip",
                "peepeebabes.club",
                "www.lk21.mom",
                "xxxmoviestream.org",
                "pervertslut.com",
                "xxxvideo.world",
                "pervypals.com",
                "bokepindonesiaviral.online",
                "mangaforfree.net",
                "nudist-movies.top"
            ]
        }
    ],
    "categories": [],
    "performance": {},
    "cookies": 0,
    "topInitiators": [
        {
            "domain": "wpushsdk.com",
            "prevalence": 0.6086956521739131
        },
        {
            "domain": "46d983eade.com",
            "prevalence": 0.2608695652173913
        },
        {
            "domain": "92f83e092d.com",
            "prevalence": 0.043478260869565216
        },
        {
            "domain": "0b19760679.com",
            "prevalence": 0.043478260869565216
        },
        {
            "domain": "5e9163879d.com",
            "prevalence": 0.043478260869565216
        }
    ],
    "types": {
        "Preflight": 22,
        "Fetch": 22
    },
    "nameservers": [
        "ns3.digitalocean.com",
        "ns2.digitalocean.com",
        "ns1.digitalocean.com"
    ]
}