{
    "domain": "gettopple.com",
    "owner": {},
    "source": [
        "DuckDuckGo-US"
    ],
    "prevalence": 0.000203,
    "sites": 30,
    "subdomains": [
        "delivery",
        "engine"
    ],
    "cnames": [],
    "fingerprinting": 1,
    "resources": [
        {
            "rule": "gettopple\\.com\\/ad-provider\\.js",
            "cookies": 0,
            "fingerprinting": 1,
            "subdomains": [
                "delivery"
            ],
            "apis": {
                "Navigator.prototype.userAgent": 5,
                "Navigator.prototype.language": 5,
                "Date.prototype.getTime": 4
            },
            "sites": 11,
            "prevalence": 0.0000745,
            "cnames": [],
            "responseHashes": [
                "ea85e7eae291b96982a59c1102dd709e951fc6d9558b1645a14d396f12597cab"
            ],
            "type": "Script",
            "firstPartyCookies": {},
            "firstPartyCookiesSent": {},
            "exampleSites": [
                "abovethelaw.com",
                "ar15.com",
                "ballotpedia.org",
                "bonginoreport.com",
                "gatdaily.com",
                "utahgunexchange.com",
                "www.americanthinker.com",
                "www.ar15.com",
                "www.everydaymarksman.co",
                "www.mdshooters.com",
                "www.texasguntalk.com"
            ]
        },
        {
            "rule": "gettopple\\.com\\/v1\\/api\\.php",
            "cookies": 0.0000745,
            "fingerprinting": 0,
            "subdomains": [
                "engine"
            ],
            "apis": {},
            "sites": 11,
            "prevalence": 0.0000745,
            "cnames": [],
            "responseHashes": [
                "e2fab361b8559ab6e9e38857004fef119f36c652f3c5347e51afd77f408e9621",
                "3e96734756a95a316634dcc26661ffc354f3539acfe86226c28eb34ed4f28862",
                "939b9e78e379565f14944590fa9b42ebcaa2522a0b6604b986733b624be2ce52",
                "81d796ac18d427fb15c57abcc87dacdc282a37107453d7db464e61a866925885",
                "650f737873e182f1b7e6c0de0da61360eb3c59a4f3f4fcec24312717bb52dcf2",
                "b8b0925449dd3bfc0c1de7ee77d17780ad74d186502c209ee76eda7bfc5069f5",
                "e470b7089d4ae68a1f02a3bacb670857e6f4d28494c4da2999be4d4d3174c9f3",
                "a37b18d26c7561c9ea342fd3e39543780a329fac02c022c4689bd3bf6906a96f",
                "234e8df509849b3ce7746194ab40b4daadeb61e792f71ca13e5990f30ba13fe1",
                "bfb6559b5d23ea52a60abf2d5f47d5d56ceaa9f114e76c77f706d1075f2f82de"
            ],
            "type": "XHR",
            "firstPartyCookies": {},
            "firstPartyCookiesSent": {},
            "exampleSites": [
                "abovethelaw.com",
                "ar15.com",
                "ballotpedia.org",
                "bonginoreport.com",
                "gatdaily.com",
                "utahgunexchange.com",
                "www.americanthinker.com",
                "www.ar15.com",
                "www.everydaymarksman.co",
                "www.mdshooters.com",
                "www.texasguntalk.com"
            ]
        },
        {
            "rule": "gettopple\\.com\\/cimp\\.php",
            "cookies": 0.0000745,
            "fingerprinting": 0,
            "subdomains": [
                "engine"
            ],
            "apis": {},
            "sites": 11,
            "prevalence": 0.0000745,
            "cnames": [],
            "responseHashes": [
                "e3b0c44298fc1c149afbf4c8996fb92427ae41e4649b934ca495991b7852b855"
            ],
            "type": "XHR",
            "firstPartyCookies": {},
            "firstPartyCookiesSent": {},
            "exampleSites": [
                "abovethelaw.com",
                "ar15.com",
                "ballotpedia.org",
                "bonginoreport.com",
                "gatdaily.com",
                "utahgunexchange.com",
                "www.americanthinker.com",
                "www.ar15.com",
                "www.everydaymarksman.co",
                "www.mdshooters.com",
                "www.texasguntalk.com"
            ]
        },
        {
            "rule": "gettopple\\.com\\/tag_gen\\.js",
            "cookies": 0,
            "fingerprinting": 0,
            "subdomains": [
                "delivery"
            ],
            "apis": {},
            "sites": 6,
            "prevalence": 0.0000406,
            "cnames": [],
            "responseHashes": [
                "c15738378fdbb853b5077487a2bc9418eb5e4c7251fe28c795117d6923c2dd4e"
            ],
            "type": "Script",
            "firstPartyCookies": {},
            "firstPartyCookiesSent": {},
            "exampleSites": [
                "aimpoint.us",
                "firearmsdepot.com",
                "globalordnance.com",
                "tuttletwins.com",
                "www.choketube.com",
                "www.silencershop.com"
            ]
        },
        {
            "rule": "gettopple\\.com\\/tag\\.php",
            "cookies": 0.0000271,
            "fingerprinting": 0,
            "subdomains": [
                "engine"
            ],
            "apis": {},
            "sites": 4,
            "prevalence": 0.0000271,
            "cnames": [],
            "responseHashes": [
                "e3b0c44298fc1c149afbf4c8996fb92427ae41e4649b934ca495991b7852b855"
            ],
            "type": "Image",
            "firstPartyCookies": {},
            "firstPartyCookiesSent": {},
            "exampleSites": [
                "firearmsdepot.com",
                "globalordnance.com",
                "www.choketube.com",
                "www.silencershop.com"
            ]
        }
    ],
    "categories": [],
    "performance": {},
    "cookies": 0.000163,
    "topInitiators": [
        {
            "domain": "first party",
            "prevalence": 0.7142857142857143
        },
        {
            "domain": "googlesyndication.com",
            "prevalence": 0.14285714285714285
        },
        {
            "domain": "googletagmanager.com",
            "prevalence": 0.11428571428571428
        },
        {
            "domain": "publir.com",
            "prevalence": 0.02857142857142857
        }
    ],
    "types": {
        "Script": 17,
        "XHR": 22,
        "Image": 4
    },
    "nameservers": [
        "cheryl.ns.cloudflare.com",
        "skip.ns.cloudflare.com"
    ]
}