{
    "domain": "gettran.com",
    "owner": {},
    "source": [
        "DuckDuckGo-US"
    ],
    "prevalence": 0.000257,
    "sites": 31,
    "subdomains": [],
    "cnames": [],
    "fingerprinting": 0,
    "resources": [
        {
            "rule": "gettran\\.com\\/api\\/v1\\/prepare\\/ads",
            "cookies": 0,
            "fingerprinting": 0,
            "subdomains": [],
            "apis": {},
            "sites": 30,
            "prevalence": 0.000249,
            "cnames": [],
            "responseHashes": [
                "e3b0c44298fc1c149afbf4c8996fb92427ae41e4649b934ca495991b7852b855",
                "b803c90ed07f9ec1d7fa0fb563f13123fbd8ffaff9bd33369aa04fb770542dc5",
                "0db87cf3f1f6d58f4f91d7953cdf0f5446868a0279924095d3d49e2058906bdb",
                "599decd1564b920f8c7e236edac8e311c80a4f38e219bb27c63dc97489d11878",
                "0876099ee8caf6377f707520bc60361b1e52be8a96ea1a0900dda0a5a69ac449",
                "e97040f5f911b0cf159b14600ab3184887e7bdc57ccc96a9a833e1e4c097bd06",
                "199e6286034fab00889e05d8d52de24514111472d9596b71cf1272d31c47ffda",
                "363cd94eae2f864560b0a3e5eab34ef06bb0315a8d6406528f84a27fc7dc765c",
                "0a780745237d8a9258f38f3e4aad241fbecb38e687901bcb2333378ec3de2e0d",
                "10f21866e2d611846eaeda567cdd9eddc2f87b74957d392cd21b6f52fe4aaa5e",
                "9b00e825d0b5e9eb990285eeb173d87c3b75d0f9d0bab0605f65f4d05b60f89b",
                "30e6f9a8a93c434a5ca6708caddf4e6d8cdcc7d0ccce68df8bf62f9a0dfe1729",
                "d55455db15b5987e673a1704b5a7097cbfed159abbe026f36cc5b4b9a30690d9",
                "1da6b5d871489e5708f55a9d2353ae4b950ca63a7c1e7d932de11121d191072d",
                "155c79b4cd36c7cce3d8fd62601710ba7e52a642171cccf90b42e9b6b2b29aee",
                "22de116bdf60f5a611d87ffb9c4a3138c9e9426223fdf007e79b3fc6b752ffbb",
                "a5971fea506c60da9536961f86e1b23d52a61b2c93790c51b22849175de902c7",
                "0f39153f50e9c7057b0e3b01e801cfb2cd03c2792b393f3ba0e74db62e046330",
                "2cd59f8982f555d186166094f50a5dd1e361fe4040c2ace08d04de97e878956b",
                "13423a0b974a887c0da03fa6fa272800c6cb18481af17f6687a55b002d25262e",
                "f4920f859633762b020c8371d111a39f0ed7347f90faaa0878b691401ed32980",
                "da0dfb306be5dbcc6065d6cce1e5e3c6cffe87d61fd15dc18215a3730c079019",
                "d1149f3ac63ff0e8ce8ee41cdcb0de04cec6bb8196558bfd087cec4c8de01d74",
                "7ee38477507f6d6194191abbcef5038a9c0f3da838ea7f144bd099209137ff2d",
                "63327afe98bda562abb6e01c73441dc44a730610d89594808ad349b5f7572c2a",
                "092e263b4a0ee87fed91718435b4f19df8d9f625a3e426e7cd0cbea07ad6d27b"
            ],
            "type": "Fetch",
            "firstPartyCookies": {},
            "firstPartyCookiesSent": {},
            "exampleSites": [
                "neekincest.com",
                "peepeebabes.club",
                "hentaiworld.tv",
                "siskins.club",
                "footstockings.com",
                "indiansexbazar.com",
                "www.maturepornvideo.sexy",
                "konulupornxx.shop",
                "bufera.club",
                "bugorfeature.com",
                "nudist-movies.top",
                "porn93.cc",
                "www.xsemok.com",
                "thaiporn.top",
                "1xxxsex.com",
                "xxnxx.fun",
                "indiansex.top",
                "casian.club",
                "homeporno.biz",
                "pornodomaha.com"
            ]
        },
        {
            "rule": "gettran\\.com\\/api\\/v1\\/prepare\\/ads",
            "cookies": 0,
            "fingerprinting": 0,
            "subdomains": [],
            "apis": {},
            "sites": 30,
            "prevalence": 0.000249,
            "cnames": [],
            "responseHashes": [],
            "type": "Preflight",
            "firstPartyCookies": {},
            "firstPartyCookiesSent": {},
            "exampleSites": [
                "indiansexbazar.com",
                "www.xsemok.com",
                "porn93.cc",
                "pornodomaha.com",
                "jungespornovideo.com",
                "bugorfeature.com",
                "konulupornxx.shop",
                "1xxxsex.com",
                "bufera.club",
                "nudcelebs.com",
                "siskins.club",
                "tube.perverzija.com",
                "www.perverttube.com",
                "bokepindonesiaviral.online",
                "footstockings.com",
                "thaiporn.top",
                "desipornphoto.com",
                "peepeebabes.club",
                "prelesti.pro",
                "nudist-movies.top"
            ]
        }
    ],
    "categories": [],
    "performance": {},
    "cookies": 0,
    "topInitiators": [
        {
            "domain": "wpushsdk.com",
            "prevalence": 0.4838709677419355
        },
        {
            "domain": "46d983eade.com",
            "prevalence": 0.25806451612903225
        },
        {
            "domain": "92f83e092d.com",
            "prevalence": 0.0967741935483871
        },
        {
            "domain": "5e9163879d.com",
            "prevalence": 0.0967741935483871
        },
        {
            "domain": "0b19760679.com",
            "prevalence": 0.03225806451612903
        },
        {
            "domain": "926b9cdb4d.com",
            "prevalence": 0.03225806451612903
        }
    ],
    "types": {
        "Fetch": 30,
        "Preflight": 30
    },
    "nameservers": [
        "ns3.digitalocean.com",
        "ns1.digitalocean.com",
        "ns2.digitalocean.com"
    ]
}