{
    "domain": "getyong.com",
    "owner": {},
    "source": [
        "DuckDuckGo-US"
    ],
    "prevalence": 0.000237,
    "sites": 35,
    "subdomains": [],
    "cnames": [],
    "fingerprinting": 0,
    "resources": [
        {
            "rule": "getyong\\.com\\/api\\/v1\\/prepare\\/ads",
            "cookies": 0,
            "fingerprinting": 0,
            "subdomains": [],
            "apis": {},
            "sites": 32,
            "prevalence": 0.000217,
            "cnames": [],
            "responseHashes": [
                "e3b0c44298fc1c149afbf4c8996fb92427ae41e4649b934ca495991b7852b855",
                "3bf7d45361b29a96e828a01ee7fd35b8275488ce01fc9abc55999bee4796fbd8",
                "3dd238cc53c304b7d5e96bac62e5b0f25a0c1415a99f83a25c5a22058e5281bc",
                "03b0a767d3246efde3c9545c9086b7ed1e130c70dde583461fb47e0116f1c368",
                "1b343789f59f0f17731fcd2f14518d2e4a21d6d2751d864e7c9f01818a219110",
                "9be302108e4625f966cdac0115f1356f74ecb4bfe8d7d60ac0282397fcb05729",
                "218e0d3e4374bfcabcc81d5d27cd47d876560dc23adee254433c69f34e798fe4",
                "6c3167b350d6f703a6d0bb56d556d5900528283d2c895073a403a22766928198",
                "1d52f6c6a9f8f08ff76980aef8f404286778208e36cdecfbb6be4fab90b0a64f"
            ],
            "type": "Fetch",
            "firstPartyCookies": {},
            "firstPartyCookiesSent": {},
            "exampleSites": [
                "alivegore.com",
                "the-moms.com",
                "pandamovies.pw",
                "nudcelebs.com",
                "celebdeepfakes.net",
                "deadhouse.org",
                "boomba.club",
                "www.pornjv.com",
                "2799777.com",
                "bollywoodporn.pro",
                "m.porn555.com",
                "porn-image.net",
                "indian-porn.pro",
                "jp.xero.porn",
                "naked.titis.org",
                "www.xnxx-downloader.net",
                "www.xsemok.com",
                "porno24.tv",
                "www.hindilinks4u.autos",
                "javpornsite.com"
            ]
        },
        {
            "rule": "getyong\\.com\\/api\\/v1\\/prepare\\/ads",
            "cookies": 0,
            "fingerprinting": 0,
            "subdomains": [],
            "apis": {},
            "sites": 32,
            "prevalence": 0.000217,
            "cnames": [],
            "responseHashes": [],
            "type": "Preflight",
            "firstPartyCookies": {},
            "firstPartyCookiesSent": {},
            "exampleSites": [
                "2799777.com",
                "porn-image.net",
                "naked.titis.org",
                "alivegore.com",
                "indian-porn.pro",
                "boomba.club",
                "fuckmovs.pro",
                "the-moms.com",
                "deadhouse.org",
                "bollywoodporn.pro",
                "animeporno.club",
                "jp.xero.porn",
                "javpornsite.com",
                "porno24.tv",
                "porn93.cc",
                "www.hindilinks4u.autos",
                "celebdeepfakes.net",
                "m.porn555.com",
                "pandamovies.pw",
                "homeporno.biz"
            ]
        }
    ],
    "categories": [],
    "performance": {},
    "cookies": 0,
    "topInitiators": [
        {
            "domain": "wpushsdk.com",
            "prevalence": 0.5675675675675675
        },
        {
            "domain": "aea00d7aef.com",
            "prevalence": 0.24324324324324326
        },
        {
            "domain": "e695e3444e.com",
            "prevalence": 0.08108108108108109
        },
        {
            "domain": "ec03f488e8.com",
            "prevalence": 0.08108108108108109
        },
        {
            "domain": "first party",
            "prevalence": 0.02702702702702703
        }
    ],
    "types": {
        "Fetch": 32,
        "Preflight": 32
    },
    "nameservers": [
        "ns1.digitalocean.com",
        "ns2.digitalocean.com",
        "ns3.digitalocean.com"
    ]
}