{
    "domain": "getyong.com",
    "owner": {},
    "source": [
        "DuckDuckGo-US"
    ],
    "prevalence": 0.000302,
    "sites": 39,
    "subdomains": [],
    "cnames": [],
    "fingerprinting": 0,
    "resources": [
        {
            "rule": "getyong\\.com\\/api\\/v1\\/prepare\\/ads",
            "cookies": 0,
            "fingerprinting": 0,
            "subdomains": [],
            "apis": {},
            "sites": 35,
            "prevalence": 0.000271,
            "cnames": [],
            "responseHashes": [
                "e3b0c44298fc1c149afbf4c8996fb92427ae41e4649b934ca495991b7852b855",
                "a4d86c46e49651ffbb61e40459fc0f2fb8a97208b250c90c28d8f40d6a244024",
                "81b4ef2ed31f58739537eeeb6723b46f8cceeb65f0a6ee415d895f1b52356a19",
                "c85f0ca6a174d999d1af6a674d21879796a3af468455a697a1f6086019887ba9",
                "786662354fab6f6f8813e622429c9a6509b6d6902587873e4704aeb78f149e9d",
                "3eddac2d7222110478ada584da54188a7e4a23df3b83cb52b355462e7bd79be4",
                "806bed9ba3b31d324071dad27919f9898bda395251d4a47c639a16a75a668322",
                "8b4eb391fc515fb0d6b5e1ed24f379b72486035b3b36104ce04b3f0d40c9e22b",
                "185a3f2d93181b7806b4efceee61466b992c16afdc13d81179abc3683d3ee4f8",
                "38b6963a59d536b85315f25b2a41097259a05d93019e8d11c62e13fa90ab2de6",
                "2d19aa24fd4c8beef4af3d86fd4365c3f283876568342fc97b9032bdde022b4d",
                "301a5f8a574aac65b13735515d100c5179c1d2d8cf7996449a7b708128eded49",
                "32e186516e6fb37133fefa353620aed6d9c4f0a9105fc5a4314ee69ae6a7f405"
            ],
            "type": "Fetch",
            "firstPartyCookies": {},
            "firstPartyCookiesSent": {},
            "exampleSites": [
                "thepiratebay.org",
                "gayporno24.com",
                "xhamster.pet",
                "www.hentaihome.net",
                "www.anime-tube.pw",
                "beautifulhairypussy.com",
                "komikseru.me",
                "www.cn.jtube.space",
                "celebdeepfakes.net",
                "javpornsite.com",
                "javhdo.net",
                "dramacute.cyou",
                "www.uvporn.com",
                "pornsex-pics.com",
                "pornopodborka.pro",
                "www.anime-tube.space",
                "xvideosxl.com",
                "boombo.biz",
                "xporn.to",
                "leyings.com"
            ]
        },
        {
            "rule": "getyong\\.com\\/api\\/v1\\/prepare\\/ads",
            "cookies": 0,
            "fingerprinting": 0,
            "subdomains": [],
            "apis": {},
            "sites": 35,
            "prevalence": 0.000271,
            "cnames": [],
            "responseHashes": [],
            "type": "Preflight",
            "firstPartyCookies": {},
            "firstPartyCookiesSent": {},
            "exampleSites": [
                "thepiratebay.org",
                "javhdo.net",
                "showboob.com",
                "www.jtube.space",
                "taboodaddy.com",
                "komikin.me",
                "xvideosxl.com",
                "375hw.com",
                "www.cn.jtube.space",
                "mydesi.xyz",
                "pornsex-pics.com",
                "www.hentaihome.net",
                "www.anime-tube.space",
                "gayporno24.com",
                "www.xmegadrive.com",
                "extremescatporn.com",
                "beautifulhairypussy.com",
                "www.uvporn.com",
                "xhamster.pet",
                "dramacute.cyou"
            ]
        }
    ],
    "categories": [],
    "performance": {},
    "cookies": 0,
    "topInitiators": [
        {
            "domain": "wpushsdk.com",
            "prevalence": 0.5348837209302325
        },
        {
            "domain": "3841f4b0c4.com",
            "prevalence": 0.3488372093023256
        },
        {
            "domain": "5608bd4f7e.com",
            "prevalence": 0.09302325581395349
        },
        {
            "domain": "913d3aa571.com",
            "prevalence": 0.023255813953488372
        }
    ],
    "types": {
        "Fetch": 35,
        "Preflight": 35
    },
    "nameservers": [
        "ns3.digitalocean.com",
        "ns2.digitalocean.com",
        "ns1.digitalocean.com"
    ]
}