{
    "domain": "giosgusercontent.com",
    "owner": {},
    "source": [
        "DuckDuckGo-US"
    ],
    "prevalence": 0.000216,
    "sites": 32,
    "subdomains": [
        "7325f55c-511b-4f41-b932-a1b4c4cfcb2b.interactions",
        "c0b6d6e5-401b-4bd7-b5e4-79c357b07dfc.interactions",
        "e8f8e834-394f-413f-9271-fd9bdaa7fb0c.interactions",
        "410c027a-2062-4fa7-8800-6afcc3ef69b7.interactions",
        "d27f12d0-cdbe-43d7-a290-715a8b614264.interactions",
        "90dc2a48-b233-42c9-a0cb-fe8af7fea6c8.interactions",
        "cdn",
        "1235.clients",
        "2645.clients"
    ],
    "cnames": [],
    "fingerprinting": 0,
    "resources": [
        {
            "rule": "giosgusercontent\\.com\\/live\\.js",
            "cookies": 0,
            "fingerprinting": 0,
            "subdomains": [
                "7325f55c-511b-4f41-b932-a1b4c4cfcb2b.interactions",
                "c0b6d6e5-401b-4bd7-b5e4-79c357b07dfc.interactions"
            ],
            "apis": {},
            "sites": 2,
            "prevalence": 0.0000135,
            "cnames": [],
            "responseHashes": [
                "d5d16f168f6cf78d723f18a06655e27692044e604df57edb9dfd838db9850de8"
            ],
            "type": "Script",
            "firstPartyCookies": {},
            "firstPartyCookiesSent": {},
            "exampleSites": [
                "sydan.fi",
                "www.yliopistonapteekki.fi"
            ]
        },
        {
            "rule": "giosgusercontent\\.com\\/live\\.json",
            "cookies": 0,
            "fingerprinting": 0,
            "subdomains": [
                "e8f8e834-394f-413f-9271-fd9bdaa7fb0c.interactions",
                "410c027a-2062-4fa7-8800-6afcc3ef69b7.interactions",
                "d27f12d0-cdbe-43d7-a290-715a8b614264.interactions",
                "90dc2a48-b233-42c9-a0cb-fe8af7fea6c8.interactions"
            ],
            "apis": {},
            "sites": 5,
            "prevalence": 0.0000338,
            "cnames": [],
            "responseHashes": [
                "30ff71e143c8deb886ec33712a885095435f73f8f6564a0a3af93f5e4b090a2b",
                "2e7bfdcaddfad3b5a6848901111f91e4ad4c8bfde8c7875c4753c282a7d3e537",
                "c440bfa0f14c6396ff66dd758f7fac8352a6852c0ff6bcc161d001913281f817",
                "7efbf530e38d99d07558fc2c5f433d99593803aaf34e43029df6d5caa31127b4"
            ],
            "type": "Fetch",
            "firstPartyCookies": {},
            "firstPartyCookiesSent": {},
            "exampleSites": [
                "apotekhjartat.se",
                "www.apotekhjartat.se",
                "www.keva.fi",
                "www.ruohonjuuri.fi",
                "ytk.fi"
            ]
        },
        {
            "rule": "giosgusercontent\\.com\\/assets\\/7773\\/xVt6jPU9Dc209iraSHWSQ4F6PzV2AI\\.otf",
            "cookies": 0,
            "fingerprinting": 0,
            "subdomains": [
                "cdn"
            ],
            "apis": {},
            "sites": 2,
            "prevalence": 0.0000135,
            "cnames": [],
            "responseHashes": [
                "d4d265a90403d432834127fbcd4fc140a956d7cbfdc4d2ee02377e7db9e8f492"
            ],
            "type": "Font",
            "firstPartyCookies": {},
            "firstPartyCookiesSent": {},
            "exampleSites": [
                "apotekhjartat.se",
                "www.apotekhjartat.se"
            ]
        },
        {
            "rule": "giosgusercontent\\.com\\/cd\\/1235\\/dfdbp\\/",
            "cookies": 0.00000676,
            "fingerprinting": 0,
            "subdomains": [
                "1235.clients"
            ],
            "apis": {},
            "sites": 2,
            "prevalence": 0.0000135,
            "cnames": [],
            "responseHashes": [],
            "type": "Document",
            "firstPartyCookies": {},
            "firstPartyCookiesSent": {},
            "exampleSites": [
                "asiakastieto.fi",
                "www.asiakastieto.fi"
            ]
        },
        {
            "rule": "giosgusercontent\\.com\\/assets\\/5634\\/xDWEONnZFx5RWx69YmNy6aZ2y0BGeN\\.png",
            "cookies": 0,
            "fingerprinting": 0,
            "subdomains": [
                "cdn"
            ],
            "apis": {},
            "sites": 2,
            "prevalence": 0.0000135,
            "cnames": [],
            "responseHashes": [
                "83f7eb4131598503257a9ced1abcfeb4c5cb31153c5f7eac6de14ec19bb3c081"
            ],
            "type": "Image",
            "firstPartyCookies": {},
            "firstPartyCookiesSent": {},
            "exampleSites": [
                "keva.fi",
                "www.keva.fi"
            ]
        },
        {
            "rule": "giosgusercontent\\.com\\/assets\\/1\\/HXqa2fXeylfnjZbpNmyXeW82ryNyMf\\.svg",
            "cookies": 0,
            "fingerprinting": 0,
            "subdomains": [
                "cdn"
            ],
            "apis": {},
            "sites": 2,
            "prevalence": 0.0000135,
            "cnames": [],
            "responseHashes": [
                "e34d73ad7ad350040e4d9e45e34cf8afca6ff569afcb4c8f94837449225e2fee"
            ],
            "type": "Image",
            "firstPartyCookies": {},
            "firstPartyCookiesSent": {},
            "exampleSites": [
                "ruohonjuuri.fi",
                "www.ruohonjuuri.fi"
            ]
        },
        {
            "rule": "giosgusercontent\\.com\\/assets\\/5237\\/2f1usZWV4tV9LHfamH2sTJ9F6nXLLS\\.woff2",
            "cookies": 0,
            "fingerprinting": 0,
            "subdomains": [
                "cdn"
            ],
            "apis": {},
            "sites": 2,
            "prevalence": 0.0000135,
            "cnames": [],
            "responseHashes": [
                "86e60be876fe7227e543308df5c51294174a5dd37d367487db8cf6fca096973f"
            ],
            "type": "Font",
            "firstPartyCookies": {},
            "firstPartyCookiesSent": {},
            "exampleSites": [
                "tokmanni.fi",
                "www.tokmanni.fi"
            ]
        },
        {
            "rule": "giosgusercontent\\.com\\/img\\/customer\\/domain\\/hFwX1m8MAiNLrlg6vf0RKGdnuIacWx\\.png",
            "cookies": 0,
            "fingerprinting": 0,
            "subdomains": [
                "cdn"
            ],
            "apis": {},
            "sites": 2,
            "prevalence": 0.0000135,
            "cnames": [],
            "responseHashes": [
                "9a76fb87324707175ba07c7c273e30b226b37ad6e698a638170b6dff08ed46f8"
            ],
            "type": "Image",
            "firstPartyCookies": {},
            "firstPartyCookiesSent": {},
            "exampleSites": [
                "veikonkone.fi",
                "www.veikonkone.fi"
            ]
        },
        {
            "rule": "giosgusercontent\\.com\\/static\\/visitor\\/css\\/giosg\\/images\\/indicator_con_problem\\.png",
            "cookies": 0,
            "fingerprinting": 0,
            "subdomains": [
                "2645.clients"
            ],
            "apis": {},
            "sites": 2,
            "prevalence": 0.0000135,
            "cnames": [],
            "responseHashes": [
                "5fe1e51791d85cb6c0f9f0c12af9303994484df8b67261d6232ebedcd3916212"
            ],
            "type": "Image",
            "firstPartyCookies": {},
            "firstPartyCookiesSent": {},
            "exampleSites": [
                "veikonkone.fi",
                "www.veikonkone.fi"
            ]
        },
        {
            "rule": "giosgusercontent\\.com\\/static\\/visitor\\/css\\/giosg\\/images\\/indicatoryellow\\.png",
            "cookies": 0,
            "fingerprinting": 0,
            "subdomains": [
                "2645.clients"
            ],
            "apis": {},
            "sites": 2,
            "prevalence": 0.0000135,
            "cnames": [],