{
    "domain": "goaffpro.com",
    "owner": {},
    "source": [
        "DuckDuckGo-US"
    ],
    "prevalence": 0.000291,
    "sites": 43,
    "subdomains": [
        "api",
        "static"
    ],
    "cnames": [],
    "fingerprinting": 1,
    "resources": [
        {
            "rule": "goaffpro\\.com\\/loader\\.js",
            "cookies": 0,
            "fingerprinting": 1,
            "subdomains": [
                "api"
            ],
            "apis": {
                "Document.cookie getter": 19
            },
            "sites": 22,
            "prevalence": 0.000149,
            "cnames": [],
            "responseHashes": [
                "460d7d9084921ef19cfcc3c84d1e0b24d8adb3882084d5a28b4ab54813dc1d00",
                "e3b0c44298fc1c149afbf4c8996fb92427ae41e4649b934ca495991b7852b855",
                "09b02de9c070aa18f343a666c9d5c86e7e41ff6b7f99996edae49d95cf54bf00",
                "36b82b830aa3fd21eecc9789efd7e7853819a2461bad993e65d2f6982ff2375e",
                "6ebb5382548ff007bdca76e2eefc0ff1a2fa5bf1e7b4a7bb9ac19575c8e79265",
                "7f1281ade5fe0e4d7a47eb30d24e651d1bcb9015c946da92d86c6c0bf7b55c64",
                "ecf39fd419f90d1f291d15ef1698a6d0cf6e8a5e725d8ce2d67ebf4a6115c81f",
                "120e44a416a7e36f98ef0d65b78081900ed7257204baad0edd674708ff4bd36c",
                "cb81af8170ca3ebcd6c510bdde80842f973f23eb597847543d6c15fc5aa67e60",
                "799316511b8eface4a1e21999d31481aeb59a7a3f280c4d2307467acaf63408b",
                "5c49870de1df3658e7e4fb481090287092fcdba422d39a24b99524034855b2d3",
                "f79b94bf467b3f79c07703c7ab8a5bf8af06881eba2b7e2de6bb65be87b8377e",
                "cccf68c65e56362515874bd454dee15f1aee7ff34b2fb4f4c8f7d38195d26afe",
                "6f70e2688db816ba005fa59cd4b812522757c753e82837376e9456bca7d32e87",
                "ee84e7513a8842031659a552e63456367bd328d52c1d08951c87fe754d00c9f6",
                "6d52e01a3d0a21c781a40943679f384452cbe5b5e76544b4fd9fca7a48b8d315",
                "31520ade08571e6dc33e9db037d10429e482b2141dd0476776d1fdfba3e02e69",
                "1f72f316b58bf85aa0e2777d30e24623d4ff7c9c5bf388c1da4136d79da385df",
                "16c54ce8cfdb220dafc0b9cd4a337b1cb6ee40d819e89bd317d8f31a49d50405",
                "9827719f3b34072c59c00be1df404bb6e5b2038d5433f3153c0f81f195ee347e"
            ],
            "type": "Script",
            "firstPartyCookies": {},
            "firstPartyCookiesSent": {},
            "exampleSites": [
                "pimax.com",
                "shopblackrifle.com",
                "ifi-audio.com",
                "psychedelic.support",
                "www.myupchar.com",
                "originmaine.com",
                "acinfinity.com",
                "cultivateelevate.com",
                "www.uloversdoll.com",
                "hellomood.co",
                "3dgunbuilder.com",
                "signaturesolar.com",
                "www.righttobear.com",
                "www.imago-images.de",
                "www.oneida-air.com",
                "haleystrategic.com",
                "store.jockofuel.com",
                "priwatt.de",
                "rockyourglock.com",
                "www.marcypro.com"
            ]
        },
        {
            "rule": "goaffpro\\.com\\/cross-domain-sharing-innner-frame\\.html",
            "cookies": 0,
            "fingerprinting": 0,
            "subdomains": [
                "static"
            ],
            "apis": {},
            "sites": 3,
            "prevalence": 0.0000203,
            "cnames": [],
            "responseHashes": [],
            "type": "Document",
            "firstPartyCookies": {},
            "firstPartyCookiesSent": {},
            "exampleSites": [
                "originmaine.com",
                "renpho.com",
                "store.jockofuel.com"
            ]
        }
    ],
    "categories": [],
    "performance": {},
    "cookies": 0,
    "topInitiators": [
        {
            "domain": "first party",
            "prevalence": 0.8928571428571429
        },
        {
            "domain": "shopify.com",
            "prevalence": 0.10714285714285714
        }
    ],
    "types": {
        "Script": 22,
        "Document": 3
    },
    "nameservers": [
        "noah.ns.cloudflare.com",
        "ivy.ns.cloudflare.com"
    ]
}