{
    "domain": "goaffpro.com",
    "owner": {},
    "source": [
        "DuckDuckGo-US"
    ],
    "prevalence": 0.00029,
    "sites": 35,
    "subdomains": [
        "api",
        "static"
    ],
    "cnames": [],
    "fingerprinting": 1,
    "resources": [
        {
            "rule": "goaffpro\\.com\\/loader\\.js",
            "cookies": 0,
            "fingerprinting": 1,
            "subdomains": [
                "api"
            ],
            "apis": {
                "Document.cookie getter": 13
            },
            "sites": 18,
            "prevalence": 0.000149,
            "cnames": [],
            "responseHashes": [
                "c2a3d21bce53bf9f60256384428806e4c1fa0aba51a329e7b51825fdca7c70f4",
                "3fa11b525318af0e3c39b4f8bbe64b53473bb1f7db8f499b82087c2a09c89d8a",
                "b8e5a9c9613c77f6d776b7f772bcb1ba8d108b33e32a1270407e9e03bf1a3d99",
                "8cdf4c51c9a7f315b572d3c37fbb6a14c6ac52ac2d1d4ed0461d4461b361c2d8",
                "73480637021072f4a336e87e04d0f16b561cfed56755a3f66aaeac9050476a14",
                "a0c6f4d580de0463ed1aa148b6a1a96581cc7d4d78ae2b68e3b8c9fddecad784",
                "4408853627308c00ab468351bdbd9ba283e8af4671a9f8df3c3cfa4043a82cbb",
                "f8e6b0316d9c0e1ef3e3dc273e4cf1a665fcd906eb30c84932f356450aa2c5b4",
                "4e28d0e5df171c994a76de2ce77bde9f226d5d6ae5140615b5a0a0258c818910",
                "a1f12949ae29ecb7d8b70102747f25aae6f067578db1ed50aa092c7d42dde32a",
                "55aadd954ad3712076a55252d53d8856fdb876fd47f1df3860134a2d838dc0d2",
                "9bf5b48a0857d6e0dc07d500f5fdb163b31d0a9f3b69074dd0fbd9b476948b78",
                "430bc881e35c0f7d616104becd217569ffdc75e0fc33fe22ed188478a01e38a7",
                "e3b0c44298fc1c149afbf4c8996fb92427ae41e4649b934ca495991b7852b855",
                "89b5ef25fb0452b144d245c58c7e6b8fa7544514700caf66dcbd99442c8ee824",
                "0110a70b439c279b37436eba18feebcbf6ab6238988f00303fa3a2ef72c03206"
            ],
            "type": "Script",
            "firstPartyCookies": {},
            "firstPartyCookiesSent": {},
            "exampleSites": [
                "3dgunbuilder.com",
                "acinfinity.com",
                "builtwithscience.com",
                "cultivateelevate.com",
                "dailyclout.io",
                "ecommerce-platforms.com",
                "haleystrategic.com",
                "hellomood.co",
                "ifi-audio.com",
                "originmaine.com",
                "psychedelic.support",
                "rockyourglock.com",
                "signaturesolar.com",
                "store.jockofuel.com",
                "www.creality.com",
                "www.imago-images.de",
                "www.myupchar.com",
                "www.righttobear.com"
            ]
        },
        {
            "rule": "goaffpro\\.com\\/cross-domain-sharing-innner-frame\\.html",
            "cookies": 0,
            "fingerprinting": 1,
            "subdomains": [
                "static"
            ],
            "apis": {
                "window.localStorage": 1
            },
            "sites": 3,
            "prevalence": 0.0000249,
            "cnames": [],
            "responseHashes": [
                "e803caa67eb0a2f34fba4ad9b14b263df67f53aae17737d47e31bca0f7b3842b"
            ],
            "type": "Document",
            "firstPartyCookies": {},
            "firstPartyCookiesSent": {},
            "exampleSites": [
                "originmaine.com",
                "store.jockofuel.com",
                "www.xtool.com"
            ]
        }
    ],
    "categories": [],
    "performance": {},
    "cookies": 0,
    "topInitiators": [
        {
            "domain": "first party",
            "prevalence": 0.92
        },
        {
            "domain": "shopify.com",
            "prevalence": 0.08
        }
    ],
    "types": {
        "Script": 18,
        "Document": 3
    },
    "nameservers": [
        "noah.ns.cloudflare.com",
        "ivy.ns.cloudflare.com"
    ]
}