{
    "domain": "gol.bg",
    "owner": {},
    "source": [
        "DuckDuckGo-US"
    ],
    "prevalence": 0.0000136,
    "sites": 2,
    "subdomains": [
        "www"
    ],
    "cnames": [],
    "fingerprinting": 0,
    "resources": [
        {
            "rule": "gol\\.bg\\/media\\/files\\/resized\\/article\\/200x113\\/a10\\/f820904b97d8eb735c5f7efeb4f38a10-9762123\\.jpg",
            "cookies": 0.0000136,
            "fingerprinting": 0,
            "subdomains": [
                "www"
            ],
            "apis": {},
            "sites": 2,
            "prevalence": 0.0000136,
            "cnames": [],
            "responseHashes": [
                "7829ffb5b2cdd108371753c9b84b725416097da206ee26b4963fb3b45a4059c5"
            ],
            "type": "Image",
            "firstPartyCookies": {},
            "firstPartyCookiesSent": {},
            "exampleSites": [
                "dnes.bg",
                "www.dnes.bg"
            ]
        },
        {
            "rule": "gol\\.bg\\/media\\/files\\/resized\\/article\\/200x113\\/46f\\/407e5beb6757609f0ba180002a26646f-55cffde11ce17f13f5141f0d348d5bc9-44\\.jpg",
            "cookies": 0.0000136,
            "fingerprinting": 0,
            "subdomains": [
                "www"
            ],
            "apis": {},
            "sites": 2,
            "prevalence": 0.0000136,
            "cnames": [],
            "responseHashes": [
                "1000b1723dbd09bd8c294b4ee23b63014a47d7926524e33d73e4c66b577daa94"
            ],
            "type": "Image",
            "firstPartyCookies": {},
            "firstPartyCookiesSent": {},
            "exampleSites": [
                "dnes.bg",
                "www.dnes.bg"
            ]
        },
        {
            "rule": "gol\\.bg\\/media\\/files\\/resized\\/article\\/200x113\\/e20\\/cfb2036618fdb690bfcf8711800e5e20-d00089badb22e936bc0331f6ffb5d4c9-7605359cba6f4018394f8def02ca7408-8445fee0b0da51694937b6092a564093-e529e1bf78313a660f57c427b6119e26-1\\.jpg",
            "cookies": 0.0000136,
            "fingerprinting": 0,
            "subdomains": [
                "www"
            ],
            "apis": {},
            "sites": 2,
            "prevalence": 0.0000136,
            "cnames": [],
            "responseHashes": [
                "6059db7c3282325d7d9f000f23d61fce868c1ea184ba1a407f209fc2925bdfb8"
            ],
            "type": "Image",
            "firstPartyCookies": {},
            "firstPartyCookiesSent": {},
            "exampleSites": [
                "dnes.bg",
                "www.dnes.bg"
            ]
        },
        {
            "rule": "gol\\.bg\\/media\\/files\\/resized\\/article\\/200x113\\/58e\\/91b1b524082d8e905d7fccb5a70d458e-1-14\\.jpg",
            "cookies": 0.0000136,
            "fingerprinting": 0,
            "subdomains": [
                "www"
            ],
            "apis": {},
            "sites": 2,
            "prevalence": 0.0000136,
            "cnames": [],
            "responseHashes": [
                "fdb3ed0e308f0adf6e0d9c9ff15f4c0ea8ea0245aea9ad5908b40549b5466b7f"
            ],
            "type": "Image",
            "firstPartyCookies": {},
            "firstPartyCookiesSent": {},
            "exampleSites": [
                "dnes.bg",
                "www.dnes.bg"
            ]
        }
    ],
    "categories": [],
    "performance": {},
    "cookies": 0.0000136,
    "topInitiators": [
        {
            "domain": "first party",
            "prevalence": 1
        }
    ],
    "types": {
        "Image": 8
    },
    "nameservers": [
        "ns5.gotobg.net",
        "ns6.gotobg.net"
    ]
}