{
    "domain": "goosetension.com",
    "owner": {},
    "source": [
        "DuckDuckGo-US"
    ],
    "prevalence": 0.0000498,
    "sites": 6,
    "subdomains": [],
    "cnames": [],
    "fingerprinting": 2,
    "resources": [
        {
            "rule": "goosetension\\.com\\/11\\/61\\/29\\/1161294bdf84d07019f576208d7911a6\\.js",
            "cookies": 0.0000166,
            "fingerprinting": 2,
            "subdomains": [],
            "apis": {
                "Document.cookie getter": 2,
                "Document.cookie setter": 2,
                "window.innerWidth": 2,
                "Notification.permission": 2,
                "Navigator.prototype.plugins": 2,
                "Navigator.prototype.languages": 2
            },
            "sites": 2,
            "prevalence": 0.0000166,
            "cnames": [],
            "responseHashes": [
                "9aa8bdc4bb72d4c062711558cdadefbfa69712551141e8d9574ac45fecbacbf5"
            ],
            "type": "Script",
            "firstPartyCookies": {
                "dom3ic8zudi28v8lr6fgphwffqoz0j6c": {
                    "ttl": 604800,
                    "length": 44,
                    "prevalence": 0.000016583472910897,
                    "uniqueness": 1
                },
                "sb_page_1161294bdf84d07019f576208d7911a6": {
                    "ttl": 2880,
                    "length": 1,
                    "prevalence": 0.000016583472910897,
                    "uniqueness": 0.5
                },
                "sb_idelay_1161294bdf84d07019f576208d7911a6": {
                    "ttl": -1,
                    "length": 1,
                    "prevalence": 0.000016583472910897,
                    "uniqueness": 0.5
                },
                "sb_delay_1161294bdf84d07019f576208d7911a6": {
                    "ttl": -1,
                    "length": 1,
                    "prevalence": 0.000016583472910897,
                    "uniqueness": 0.5
                },
                "sb_onpage_1161294bdf84d07019f576208d7911a6": {
                    "ttl": null,
                    "length": 1,
                    "prevalence": 0.000016583472910897,
                    "uniqueness": 0.5
                },
                "sb_main_1161294bdf84d07019f576208d7911a6": {
                    "ttl": 2880,
                    "length": 1,
                    "prevalence": 0.000016583472910897,
                    "uniqueness": 0.5
                },
                "sb_count_1161294bdf84d07019f576208d7911a6": {
                    "ttl": 2880,
                    "length": 1,
                    "prevalence": 0.000016583472910897,
                    "uniqueness": 0.5
                },
                "pbpr0tpuw4isk85t8yg3jb2lj5vqf": {
                    "ttl": 11,
                    "length": 29,
                    "prevalence": 0.000016583472910897,
                    "uniqueness": 1
                }
            },
            "firstPartyCookiesSent": {},
            "exampleSites": [
                "javhdporn.net",
                "www2.javhdporn.net"
            ]
        },
        {
            "rule": "goosetension\\.com\\/2b\\/d8\\/d3\\/2bd8d300136a6fd50bcb5a7f3f4a12fa\\.js",
            "cookies": 0.0000166,
            "fingerprinting": 2,
            "subdomains": [],
            "apis": {
                "Document.cookie getter": 2,
                "Document.cookie setter": 2,
                "window.innerWidth": 2,
                "Notification.permission": 2,
                "Navigator.prototype.plugins": 2,
                "Navigator.prototype.languages": 2
            },
            "sites": 2,
            "prevalence": 0.0000166,
            "cnames": [],
            "responseHashes": [
                "8f5342442e17fec67a27d45151778b7abcd232d8d2456221aa2e7e18ebe1512e"
            ],
            "type": "Script",
            "firstPartyCookies": {
                "dom3ic8zudi28v8lr6fgphwffqoz0j6c": {
                    "ttl": 604800,
                    "length": 44,
                    "prevalence": 0.000016583472910897,
                    "uniqueness": 1
                },
                "sb_page_2bd8d300136a6fd50bcb5a7f3f4a12fa": {
                    "ttl": 2881,
                    "length": 1,
                    "prevalence": 0.000016583472910897,
                    "uniqueness": 0.5
                },
                "sb_idelay_2bd8d300136a6fd50bcb5a7f3f4a12fa": {
                    "ttl": 0,
                    "length": 1,
                    "prevalence": 0.000016583472910897,
                    "uniqueness": 0.5
                },
                "sb_delay_2bd8d300136a6fd50bcb5a7f3f4a12fa": {
                    "ttl": 0,
                    "length": 1,
                    "prevalence": 0.000016583472910897,
                    "uniqueness": 0.5
                },
                "sb_onpage_2bd8d300136a6fd50bcb5a7f3f4a12fa": {
                    "ttl": null,
                    "length": 1,
                    "prevalence": 0.000016583472910897,
                    "uniqueness": 0.5
                },
                "sb_main_2bd8d300136a6fd50bcb5a7f3f4a12fa": {
                    "ttl": 2881,
                    "length": 1,
                    "prevalence": 0.000016583472910897,
                    "uniqueness": 0.5
                },
                "sb_count_2bd8d300136a6fd50bcb5a7f3f4a12fa": {
                    "ttl": 2881,
                    "length": 1,
                    "prevalence": 0.000016583472910897,
                    "uniqueness": 0.5
                },
                "pbpr0tpuw4isk85t8yg3jb2lj5vqf": {
                    "ttl": 11,
                    "length": 19,
                    "prevalence": 0.000016583472910897,
                    "uniqueness": 0.5
                }
            },
            "firstPartyCookiesSent": {},
            "exampleSites": [
                "bestjavporn.com",
                "www4.bestjavporn.com"
            ]
        },
        {
            "rule": "goosetension\\.com\\/bd\\/c5\\/cb\\/bdc5cb8b2e296781c619654a74511b5d\\.js",
            "cookies": 0.0000166,
            "fingerprinting": 2,
            "subdomains": [],
            "apis": {
                "Document.cookie getter": 2,
                "Document.cookie setter": 2,
                "window.innerWidth": 2,
                "Notification.permission": 2,
                "Navigator.prototype.plugins": 2,
                "Navigator.prototype.languages": 2
            },
            "sites": 2,
            "prevalence": 0.0000166,
            "cnames": [],
            "responseHashes": [
                "f9329a0993ef2e47faf159d9c2705aee456692ba1d96a07f6bf1c69339b1c7db"
            ],
            "type": "Script",
            "firstPartyCookies": {
                "dom3ic8zudi28v8lr6fgphwffqoz0j6c": {
                    "ttl": 604800,
                    "length": 44,
                    "prevalence": 0.000016583472910897,
                    "uniqueness": 1
                },
                "sb_page_bdc5cb8b2e296781c619654a74511b5d": {
                    "ttl": 2881,
                    "length": 1,
                    "prevalence": 0.000016583472910897,
                    "uniqueness": 0.5
                },
                "sb_idelay_bdc5cb8b2e296781c619654a74511b5d": {
                    "ttl": 0,
                    "length": 1,
                    "prevalence": 0.000016583472910897,
                    "uniqueness": 0.5
                },
                "sb_delay_bdc5cb8b2e296781c619654a74511b5d": {
                    "ttl": 0,
                    "length": 1,
                    "prevalence": 0.000016583472910897,
                    "uniqueness": 0.5
                },
                "sb_onpage_bdc5cb8b2e296781c619654a74511b5d": {
                    "ttl": null,
                    "length": 1,
                    "prevalence": 0.000016583472910897,