{
    "domain": "gorgias.chat",
    "owner": {},
    "source": [
        "DuckDuckGo-US"
    ],
    "prevalence": 0.00121,
    "sites": 12,
    "subdomains": [
        "client-builds.production",
        "config",
        "assets"
    ],
    "cnames": [],
    "fingerprinting": 2,
    "resources": [
        {
            "rule": "gorgias\\.chat\\/new_bundle\\/gorgias-chat-bundle-loader\\.js",
            "cookies": 0,
            "fingerprinting": 0,
            "subdomains": [
                "client-builds.production"
            ],
            "apis": {},
            "sites": 3,
            "prevalence": 0.000302,
            "cnames": [],
            "responseHashes": [
                "b338ec0530429bce626a55ea6bdcfc9c1d5c367fc2901927b3ca7c4087d30dd9",
                "65075afb503e57912091e86dcd2f61281099d32ce05334389ee1d588af5d6976"
            ],
            "type": "Script",
            "firstPartyCookies": {},
            "firstPartyCookiesSent": {},
            "exampleSites": [
                "drinkcirkul.com",
                "mypatriotsupply.com",
                "wethepeopleholsters.com"
            ]
        },
        {
            "rule": "gorgias\\.chat\\/gorgias-chat-bundle\\.js",
            "cookies": 0,
            "fingerprinting": 2,
            "subdomains": [
                "config"
            ],
            "apis": {
                "Date.prototype.getTimezoneOffset": 11,
                "window.localStorage": 11,
                "Date.prototype.getTime": 11,
                "window.innerWidth": 11,
                "window.innerHeight": 11,
                "window.sessionStorage": 11,
                "Event.prototype.timeStamp": 11
            },
            "sites": 11,
            "prevalence": 0.00111,
            "cnames": [],
            "responseHashes": [
                "645a56b1c8f06fa8269eb1b26cd843ce4492f8edddfc990ed909903887601854",
                "aae764077894f8eacb39dd81347d40ff9a74bdc90cadebeae75f8fbe45387ea2",
                "bfd5e84c5d7279f5585a58f1a21adac0f1cfd107d453aceeaf97a81f55d28cc9",
                "255147172776873a3ba0ef14e6ee98ba03a35ffa68aa8b8fa80f9da2673d9d79",
                "76d074acd7be04fca6c1bdc2cec62a36aeeace160804e0700dac278427aae042",
                "8823817d48298be2c23603fc2f9b4a83ecd25ff78193453618185ef2f0420536",
                "049ca9ebff336c0158b5c70be03a880f7362d1ff82f7108e9123244f89714840",
                "fe02649f05cdf644d328d709f5c86b4f1214b6b3101e5029421099d95e73bf45",
                "5297790afcf43bd546b9277984e79d83d728a1479b96f052f913f2eefff29b74",
                "57f36d7cf2d565a05e796d16726b13c378b2908d6c8a901fcda5488207347359"
            ],
            "type": "Script",
            "firstPartyCookies": {},
            "firstPartyCookiesSent": {},
            "exampleSites": [
                "drinkcirkul.com",
                "mypatriotsupply.com",
                "solgaard.co",
                "thetourguy.com",
                "travelpro.com",
                "wethepeopleholsters.com",
                "www.80percentarms.com",
                "www.berkeyfilters.com",
                "www.dlttrading.com",
                "www.pinkcherry.com",
                "www.skiessentials.com"
            ]
        },
        {
            "rule": "gorgias\\.chat\\/f66c3e28a308709b01c1c5539502aae7d3f33eff\\/static\\/js\\/836\\.js",
            "cookies": 0,
            "fingerprinting": 0,
            "subdomains": [
                "assets"
            ],
            "apis": {},
            "sites": 10,
            "prevalence": 0.00101,
            "cnames": [],
            "responseHashes": [
                "e3b0c44298fc1c149afbf4c8996fb92427ae41e4649b934ca495991b7852b855"
            ],
            "type": "Other",
            "firstPartyCookies": {},
            "firstPartyCookiesSent": {},
            "exampleSites": [
                "drinkcirkul.com",
                "mypatriotsupply.com",
                "solgaard.co",
                "thetourguy.com",
                "wethepeopleholsters.com",
                "www.80percentarms.com",
                "www.berkeyfilters.com",
                "www.dlttrading.com",
                "www.pinkcherry.com",
                "www.skiessentials.com"
            ]
        },
        {
            "rule": "gorgias\\.chat\\/f66c3e28a308709b01c1c5539502aae7d3f33eff\\/static\\/js\\/gcmw\\.js",
            "cookies": 0,
            "fingerprinting": 0,
            "subdomains": [
                "assets"
            ],
            "apis": {},
            "sites": 10,
            "prevalence": 0.00101,
            "cnames": [],
            "responseHashes": [
                "e3b0c44298fc1c149afbf4c8996fb92427ae41e4649b934ca495991b7852b855"
            ],
            "type": "Other",
            "firstPartyCookies": {},
            "firstPartyCookiesSent": {},
            "exampleSites": [
                "drinkcirkul.com",
                "mypatriotsupply.com",
                "solgaard.co",
                "thetourguy.com",
                "wethepeopleholsters.com",
                "www.80percentarms.com",
                "www.berkeyfilters.com",
                "www.dlttrading.com",
                "www.pinkcherry.com",
                "www.skiessentials.com"
            ]
        },
        {
            "rule": "gorgias\\.chat\\/f66c3e28a308709b01c1c5539502aae7d3f33eff\\/static\\/js\\/836\\.js",
            "cookies": 0,
            "fingerprinting": 0,
            "subdomains": [
                "assets"
            ],
            "apis": {},
            "sites": 4,
            "prevalence": 0.000403,
            "cnames": [],
            "responseHashes": [
                "21a590a0888825adb8ebc79cfecf5300f99b82475d43728cfbdb0260de6fc27a"
            ],
            "type": "Script",
            "firstPartyCookies": {},
            "firstPartyCookiesSent": {},
            "exampleSites": [
                "drinkcirkul.com",
                "wethepeopleholsters.com",
                "www.berkeyfilters.com",
                "www.skiessentials.com"
            ]
        },
        {
            "rule": "gorgias\\.chat\\/f66c3e28a308709b01c1c5539502aae7d3f33eff\\/static\\/js\\/690\\.js",
            "cookies": 0,
            "fingerprinting": 1,
            "subdomains": [
                "assets"
            ],
            "apis": {
                "Navigator.prototype.userAgent": 4
            },
            "sites": 4,
            "prevalence": 0.000403,
            "cnames": [],
            "responseHashes": [
                "e279ac7d537c304951feac614db4568152418301a47d351095b817a16cfedc2b"
            ],
            "type": "Script",
            "firstPartyCookies": {},
            "firstPartyCookiesSent": {},
            "exampleSites": [
                "drinkcirkul.com",
                "wethepeopleholsters.com",
                "www.berkeyfilters.com",
                "www.skiessentials.com"
            ]
        },
        {
            "rule": "gorgias\\.chat\\/f66c3e28a308709b01c1c5539502aae7d3f33eff\\/static\\/js\\/campaigns\\.js",
            "cookies": 0,
            "fingerprinting": 0,
            "subdomains": [
                "assets"
            ],
            "apis": {},
            "sites": 4,
            "prevalence": 0.000403,
            "cnames": [],
            "responseHashes": [
                "5b197da5722ef51feafa57cd89aec485e8cc7231b4e0c518bf53971f4885611b"
            ],
            "type": "Script",
            "firstPartyCookies": {},
            "firstPartyCookiesSent": {},
            "exampleSites": [
                "drinkcirkul.com",
                "wethepeopleholsters.com",
                "www.berkeyfilters.com",
                "www.skiessentials.com"
            ]
        },
        {
            "rule": "gorgias\\.chat\\/f66c3e28a308709b01c1c5539502aae7d3f33eff\\/static\\/js\\/amplitude\\.js",
            "cookies": 0.000805,
            "fingerprinting": 1,