{
    "domain": "gorillanation.com",
    "owner": {},
    "source": [
        "DuckDuckGo-US"
    ],
    "prevalence": 0.000088,
    "sites": 13,
    "subdomains": [
        "geo"
    ],
    "cnames": [],
    "fingerprinting": 1,
    "resources": [
        {
            "rule": "gorillanation\\.com\\/geo\\.php",
            "cookies": 0.0000542,
            "fingerprinting": 1,
            "subdomains": [
                "geo"
            ],
            "apis": {
                "Document.cookie setter": 8
            },
            "sites": 8,
            "prevalence": 0.0000542,
            "cnames": [],
            "responseHashes": [
                "4528fee5e8c2f413767089b131b8409373a801acc3c9d33e79b00b99cd3839c5",
                "5d493decd28fccde55553dba5520d502c43d552bc60ebbbf81044be4ce394f72",
                "9fd42c239c45f4ff947370dd3e4bfe9226be69ee2d125118cc02932bab977f1c",
                "7af715962c4a9cdffd6dfd1b88b06d3a443fcac3f7a4ee3ff9c3966b43510792",
                "e1c70420c27e372fa27e0789cf3beccd02ff27c6999722d548ee15cce4fe69cd",
                "56c7fdcdda1b9c7493f0cd5905c2e553899ecb57ed43d4de4ab5cd07e66350a4",
                "3998a504dddf4f7a0996abaa0c5a905b4aa51a89e610d1d19e4e1835aef12a63"
            ],
            "type": "Script",
            "firstPartyCookies": {
                "gn_country": {
                    "ttl": 604803,
                    "length": 2,
                    "prevalence": 0.000054178885133991156,
                    "uniqueness": 0.125
                },
                "visitor_country": {
                    "ttl": 604803,
                    "length": 2,
                    "prevalence": 0.000054178885133991156,
                    "uniqueness": 0.125
                }
            },
            "firstPartyCookiesSent": {},
            "exampleSites": [
                "momtastic.com",
                "babyandbump.momtastic.com",
                "cattime.com",
                "dogtime.com",
                "www.liveoutdoors.com",
                "www.playstationlifestyle.net",
                "www.sherdog.com",
                "www.thefashionspot.com"
            ]
        }
    ],
    "categories": [],
    "performance": {},
    "cookies": 0.0000813,
    "topInitiators": [
        {
            "domain": "geoedge.be",
            "prevalence": 0.7142857142857143
        },
        {
            "domain": "first party",
            "prevalence": 0.2857142857142857
        }
    ],
    "types": {
        "Script": 8
    },
    "nameservers": [
        "tara.ns.cloudflare.com",
        "piotr.ns.cloudflare.com"
    ]
}