{
    "domain": "gorillanation.com",
    "owner": {},
    "source": [
        "DuckDuckGo-US"
    ],
    "prevalence": 0.0000814,
    "sites": 12,
    "subdomains": [
        "geo"
    ],
    "cnames": [],
    "fingerprinting": 1,
    "resources": [
        {
            "rule": "gorillanation\\.com\\/geo\\.php",
            "cookies": 0.000061,
            "fingerprinting": 1,
            "subdomains": [
                "geo"
            ],
            "apis": {
                "Document.cookie setter": 9
            },
            "sites": 9,
            "prevalence": 0.000061,
            "cnames": [],
            "responseHashes": [
                "71c2e98fcf7fc874a96beea3a9e9b61303c86cb5d3694b3d07b46c7a47834ec2",
                "eb08e10232b87763d968365b89c0225fd83d63d6d5db1e7833388a3f287d8624",
                "f2a0b3d1ffe421da9bebcbf139b826bd352290cf5d655fe3645dd5df6f688a7c",
                "20754a2f0b40810061aa13256ab6d2ca997007d62f54fc0a0a6d53e4c420849c",
                "440a45323e01626eb879970f0360d4d556380437eba1abb1c26d07dc6658632e",
                "ef52e99fe698ab61183e525a531b45b3459b627ba419101662eccdd8827aa1f1",
                "0963953fa4fbe0f79b683142ac07b3fb45769c963be4fb0406f320b04b0d68e7"
            ],
            "type": "Script",
            "firstPartyCookies": {
                "gn_country": {
                    "ttl": 604802,
                    "length": 2,
                    "prevalence": 0.00006103350061033501,
                    "uniqueness": 0.1111111111111111
                },
                "visitor_country": {
                    "ttl": 604802,
                    "length": 2,
                    "prevalence": 0.00006103350061033501,
                    "uniqueness": 0.1111111111111111
                }
            },
            "firstPartyCookiesSent": {},
            "exampleSites": [
                "momtastic.com",
                "babyandbump.momtastic.com",
                "cattime.com",
                "dogtime.com",
                "www.playstationlifestyle.net",
                "www.realitytea.com",
                "www.sherdog.com",
                "www.thefashionspot.com",
                "www.wrestlezone.com"
            ]
        }
    ],
    "categories": [],
    "performance": {},
    "cookies": 0.0000814,
    "topInitiators": [
        {
            "domain": "geoedge.be",
            "prevalence": 0.75
        },
        {
            "domain": "first party",
            "prevalence": 0.25
        }
    ],
    "types": {
        "Script": 9
    },
    "nameservers": [
        "tara.ns.cloudflare.com",
        "piotr.ns.cloudflare.com"
    ]
}