{
    "domain": "greysummergo.biz",
    "owner": {},
    "source": [
        "DuckDuckGo-US"
    ],
    "prevalence": 0.00014,
    "sites": 18,
    "subdomains": [],
    "cnames": [],
    "fingerprinting": 1,
    "resources": [
        {
            "rule": "greysummergo\\.biz\\/",
            "cookies": 0.0000775,
            "fingerprinting": 1,
            "subdomains": [],
            "apis": {
                "Notification.permission": 7
            },
            "sites": 10,
            "prevalence": 0.0000775,
            "cnames": [],
            "responseHashes": [
                "61a5eb37078921a2d14eae596b3d3a95519f45861f86ee2a3451141727cf3404",
                "0a8a806dbbd0c7e60230fa58fa226499eaff35431a77680971c5564ce1ba13e7",
                "bc54ce7c0a885e16ea4c51716d047fb2235697666863713a0a47b85f69f078be",
                "22ae710a729e5234bebb6e0f435ec4f352b58a2a9b09026ef5fad40d89b82661",
                "13fa7ab9e09cfe6ad2a7f3b4484604cc00d30a1800e490e1b4c21cd4ddb892f1",
                "c23f43068956b9572887b4b2f8a79a8a93ae2f7b1fb79e9f9f61d3f9ad8bc218",
                "cf9815f1594c9e030a4497caa55700eaf7b2025d674ae714f2e43afd5878c8e4",
                "95a9717f94a43cf654d67c36003e2dcb8d774e243a7880572a4b60e479b4644d",
                "0c3b32ca7d955c0104149c44d6f9f25bbb40035b98456d32d2ee92ff7d4fb91d"
            ],
            "type": "Script",
            "firstPartyCookies": {},
            "firstPartyCookiesSent": {},
            "exampleSites": [
                "astloch.com",
                "cdxdvd.com",
                "davidhlawsonfoundation.org",
                "foodiefitness.org",
                "haenerblock.com",
                "theinstituteofbeer.com",
                "www.ckpbank.net",
                "www.lasostashop.com",
                "www.massgymnastics.org",
                "www.moonshine-maker.com"
            ]
        }
    ],
    "categories": [],
    "performance": {},
    "cookies": 0.00014,
    "topInitiators": [
        {
            "domain": "first party",
            "prevalence": 1
        }
    ],
    "types": {
        "Script": 10
    },
    "nameservers": [
        "tom.ns.cloudflare.com",
        "fiona.ns.cloudflare.com"
    ]
}