{
    "domain": "greysummergo.biz",
    "owner": {},
    "source": [
        "DuckDuckGo-US"
    ],
    "prevalence": 0.000155,
    "sites": 23,
    "subdomains": [],
    "cnames": [],
    "fingerprinting": 1,
    "resources": [
        {
            "rule": "greysummergo\\.biz\\/",
            "cookies": 0.0000811,
            "fingerprinting": 1,
            "subdomains": [],
            "apis": {
                "Notification.permission": 9
            },
            "sites": 12,
            "prevalence": 0.0000811,
            "cnames": [],
            "responseHashes": [
                "d14c5e6de73152842d540fd54880536549646ebabb1c64592d225a030a0326db",
                "bd48c6c611364300bce3899661729388e6a0643e7d1b2d80e501ec20ce8d3928",
                "6d306575ec23ac324eb4b9cf58ca973d03fcf47be464afd95d76beb1d34dc518",
                "07b634a2f9df41d09914a7f190421ea9aa4e75f28988659a530de3d60e7be681",
                "888cdeb62393fcaf9fe8bd77307bceb09b0daabbc53f1169cb723292eeb5d435",
                "eb293767975daa0e984e4a664fa146ba6735336b741bc7c64fb54a5177c81ed1",
                "74bf28687b72a1e3bfaa876cc5ff11a0596015def1cdb6272a7d75adb5892962",
                "e8e712a81ba4c2572bd1fdea0a96e887784319e515ab16776fcc916356951dcc",
                "1ae1e31c1a3f3a569b2866e17ae365bb0b59f9233b1902b5bb318a947e0ca349",
                "d38c7cdf1df356455a0b1cada8846a0049104e3fa42cdba6155964039132b698",
                "fbf5feb60a084db426bf12086e96d080a73049ff638c4650d74cee39d8b232ac"
            ],
            "type": "Script",
            "firstPartyCookies": {},
            "firstPartyCookiesSent": {},
            "exampleSites": [
                "astloch.com",
                "bipbap.ru",
                "cornerstonefbo.com",
                "davidhlawsonfoundation.org",
                "foodiefitness.org",
                "haenerblock.com",
                "mrmcw.org",
                "natural-mag.com",
                "theinstituteofbeer.com",
                "www.ckpbank.net",
                "www.massgymnastics.org",
                "www.moonshine-maker.com"
            ]
        }
    ],
    "categories": [],
    "performance": {},
    "cookies": 0.000155,
    "topInitiators": [
        {
            "domain": "first party",
            "prevalence": 1
        }
    ],
    "types": {
        "Script": 12
    },
    "nameservers": [
        "fiona.ns.cloudflare.com",
        "tom.ns.cloudflare.com"
    ]
}