{
    "domain": "grxchange.gr",
    "owner": {},
    "source": [
        "DuckDuckGo-US"
    ],
    "prevalence": 0.000176,
    "sites": 26,
    "subdomains": [
        "x"
    ],
    "cnames": [],
    "fingerprinting": 0,
    "resources": [
        {
            "rule": "grxchange\\.gr\\/ads",
            "cookies": 0,
            "fingerprinting": 0,
            "subdomains": [
                "x"
            ],
            "apis": {},
            "sites": 14,
            "prevalence": 0.0000949,
            "cnames": [],
            "responseHashes": [
                "1cfcfc0a3d507cac18fee71ccf49670e359ea61c58fac106bbab633be954ee4f",
                "19a8ef5511aaf26ab07651a67b7aeab707ad82bbb2b30691696ff6ffa6ac04ff",
                "0b1799ef45c293ac9404dc3dd241308747f06aa2968c158435ae5dd221361f09",
                "c18db71511f148cfc28181e0c37e19655b0dd9dd01221f4ab0d38b7b38379790",
                "66f4748d2515eb95accbb0df1593a9fd11cca5badde7ffd5ea4aa232bea5c30d",
                "dae23684a74c7c5f00116d1c7283220c9feb0262e78750dc0085355ef399e79c",
                "b84fd3f3a2e2477428e456d0e82723f339f3b27dfb689e0dd9e25b43d20d91ce",
                "5a470e96e5d87c71a1d9254be63d7cf7852aae0ac90b83f34be12d6b294eaf32",
                "13f635dc8964f51b1d979fb941aa819e01fda8f9948d97e19d0c51e271f4ae19",
                "5d3ae9bbd351cf584a9a68943ba1330008332ed1b2d6835931b3f9c87626b24b",
                "9f1c829d7da42284905bda5d0b3653057c158b46a0999c8b8091e630e4207f58",
                "154c6618573a585bb54273832eac637b6437707946741659a1077a6c0a903c7a",
                "142555b348b7799ed80164906c4d3dd2e3a38157c3984d0d269b37469739e9d9"
            ],
            "type": "XHR",
            "firstPartyCookies": {},
            "firstPartyCookiesSent": {
                "cookies.js_dtest": 0.00001356300013563,
                "parsely_uuid": 0.00001356300013563,
                "lotame_domain_check": 0.000020344500203445003
            },
            "exampleSites": [
                "meteo.gr",
                "sportdog.gr",
                "www.alphatv.gr",
                "www.athinorama.gr",
                "www.capital.gr",
                "www.car.gr",
                "www.iefimerida.gr",
                "www.lifo.gr",
                "www.meteo.gr",
                "www.news247.gr",
                "www.sport-fm.gr",
                "www.sport24.gr",
                "www.thetoc.gr",
                "www.zougla.gr"
            ]
        }
    ],
    "categories": [],
    "performance": {},
    "cookies": 0,
    "topInitiators": [
        {
            "domain": "adman.gr",
            "prevalence": 0.95
        },
        {
            "domain": "first party",
            "prevalence": 0.025
        },
        {
            "domain": "cloudflare.com",
            "prevalence": 0.025
        }
    ],
    "types": {
        "XHR": 14
    },
    "nameservers": [
        "phaistos.phaistosnetworks.gr",
        "onderon.phaistosnetworks.gr",
        "dnsdt.phaistosnetworks.gr"
    ]
}