{
    "domain": "headerlift.com",
    "owner": {},
    "source": [
        "DuckDuckGo-US"
    ],
    "prevalence": 0.000454,
    "sites": 67,
    "subdomains": [
        "pub",
        "ana"
    ],
    "cnames": [],
    "fingerprinting": 0,
    "resources": [
        {
            "rule": "headerlift\\.com\\/opphb",
            "cookies": 0,
            "fingerprinting": 0,
            "subdomains": [
                "pub"
            ],
            "apis": {},
            "sites": 39,
            "prevalence": 0.000264,
            "cnames": [],
            "responseHashes": [
                "2924dda88fcfa6d0d88800b9385a9ed30675e3c7cfb012a6a6a78ebd725ef888",
                "c84c9799db59054ed2349e614bce824b82382533890b9a0337d620ebb0fb9afc",
                "c6919afd60830fc277a360d84c660d065f9062b2cb7ae405145e3998593129cf",
                "23a15dd6842dc0bd088c34ca66aa80bfe08e517b525c825d485c1c63efc34055",
                "42dfd901dc94157cbc88a4963f015f8f91a565b02e48240581874b55da558b3b",
                "abb7210951a6a94bc06e92ea137f160aa32c537abf2b2ad4123fb3b83dc12aa3",
                "e0b1a0ff011a0349b3a8446167aff11c47fee091ff1b356eb604b5f98c4a29e5",
                "796066426d788c57d03d4840e5348c988083eabdb3723479a89985d9bc7062b8",
                "188f787707f0754628ccb3113b5bb56aad6403a3ac37b6958cfd088985f67b34",
                "3f372b915582f3dcfcb757e2c609b5f8489663a5088a6a97cb6a745d99baba23",
                "73df4783d39f384f8a96a6e37a35051db2ca93398c7ecb0de98c3522cf331f7f",
                "968112bc3ca86ef944ca0b49417c21a0b3ea68555b7c6ce07032f0dd1903a842",
                "65b3db2572310ad67ad089035a22c76960a24435cfeaaa55b8116567f62e039f",
                "f70d4b67a654134eacc5caac00453604fe428545abf21abde0ae6af36c39bd74",
                "765871a29d1de46f8350f3ee18f5d9d5017ca17200a8207d10cba2e65ec6b850",
                "0269e88c6d881e3326f8d1cd851ba725089f5c342510b12e4828444f9768d48f",
                "0cd169320b979a76a4d92479dd923d9639d29b864129436390f333926a27d06d",
                "4efbcd36e5d013cb3e4aa78ce9545cbb81fb2c0b960eed330400a9dfb03e9566",
                "47f249d221e377486335be24a2ac315f7c9df35923af0e66cdc1b18b6c8650c9",
                "4fe6dde8b27b7109c35c64984d55cc816425f848778c9782c6a7303b0d0301be",
                "19622875ba367efe61acd5901d1c973e275705ec10c4c7f3edd38231dfccf3e9",
                "19be9a99dc4cd621b85064d0614a88663a5e002b64a3cb059a6f2a77588db854",
                "1683387d21d24447fc4535f2d4f5e07c2f9eb5763126c567d61dc45e706b01fc",
                "5dafb18531ca76bfef9e5d732c38ae2f1bbeb7d77d51ebdbf1584597bb83c82c",
                "b0d9aa08c4f09a0374ecfc62e778c7f52cc4d94c686bb7ac3307e420cee6a288",
                "fce1fd8bf855caf1115f88cffcbf2ab2e06b2e465b3a9ae218f8706e8cb7c54c",
                "16e1e0b4d9ecda0a110a723aaac643d3871c0cf2a880e79b650fe9b51d032a5e",
                "71a606ff001ed081fa50b47a96074ddd0f345f9369b46aeb5f92a212dd301834",
                "39818a3312a3d9114f98743dba7878450696144ef369460289d49602491279e6",
                "0f332ba6a8afd3b540700c59912a2247718ab2466fd0d9e6eaf4f8f2716fb0cf",
                "164b16976d2b95f00f344a4194b26ecc06d0bca88b05654b5a7f69e252b2b2da",
                "b6fa9ce8db73f5eda1fd6252c42996db283434925f7cc0731b17a9fedeafcd15",
                "632e0c9ba5896d3ebe021ee7fc9f90f759ad314419f65fdc6ce25d29e34c727f",
                "c3107cfd172f15506a181840b622af40a4a5d16ad2c7df390826e76eee582861",
                "57c93b6241e62af8ec1e536ed2ebd2f316631fec3d5f827f07ac4510fdff10ed",
                "6fcd4e1224c905925ef9ab84a14f21629e5679ecbf9b594192c275c2d83ef205"
            ],
            "type": "Fetch",
            "firstPartyCookies": {},
            "firstPartyCookiesSent": {
                "hcatFrom": 0.000020317081925246682,
                "lotame_domain_check": 0.0001151301309097312
            },
            "exampleSites": [
                "www.gry.pl",
                "fun.chicagotribune.com",
                "www.1001spiele.de",
                "www.1001jeux.fr",
                "www.games.co.uk",
                "www.gamesgames.com",
                "www.yourlittleblackbook.me",
                "speellingo.nl",
                "spele.nl",
                "www.hurriyet.com.tr",
                "www.drifted.com",
                "www.gioco.it",
                "hurriyet.com.tr",
                "www.milliyet.com.tr",
                "www.spiele-umsonst.de",
                "www.juegos.com",
                "www.gazetevatan.com",
                "www.tvinfo.de",
                "www.kidsproof.nl",
                "kizi.com"
            ]
        },
        {
            "rule": "headerlift\\.com\\/event",
            "cookies": 0,
            "fingerprinting": 0,
            "subdomains": [
                "ana"
            ],
            "apis": {},
            "sites": 11,
            "prevalence": 0.0000745,
            "cnames": [],
            "responseHashes": [],
            "type": "Fetch",
            "firstPartyCookies": {},
            "firstPartyCookiesSent": {
                "hcatFrom": 0.0000067723606417488944,
                "lotame_domain_check": 0.00004740652449224226
            },
            "exampleSites": [
                "hurriyet.com.tr",
                "www.1001spiele.de",
                "www.agame.com",
                "www.drifted.com",
                "www.elkspel.nl",
                "www.gamesgames.com",
                "www.jeux-gratuits.com",
                "www.kidsproof.nl",
                "www.okokorecepten.nl",
                "www.spiele-umsonst.de",
                "www.toolshero.com"
            ]
        },
        {
            "rule": "headerlift\\.com\\/event",
            "cookies": 0,
            "fingerprinting": 0,
            "subdomains": [
                "ana"
            ],
            "apis": {},
            "sites": 2,
            "prevalence": 0.0000135,
            "cnames": [],
            "responseHashes": [
                "e3b0c44298fc1c149afbf4c8996fb92427ae41e4649b934ca495991b7852b855"
            ],
            "type": "Image",
            "firstPartyCookies": {},
            "firstPartyCookiesSent": {},
            "exampleSites": [
                "minijuegos.com",
                "www.miniplay.com"
            ]
        }
    ],
    "categories": [],
    "performance": {},
    "cookies": 0,
    "topInitiators": [
        {
            "domain": "improvedigital.com",
            "prevalence": 0.90625
        },
        {
            "domain": "gamedistribution.com",
            "prevalence": 0.052083333333333336
        },
        {
            "domain": "first party",
            "prevalence": 0.020833333333333332
        },
        {
            "domain": "googletagmanager.com",
            "prevalence": 0.020833333333333332
        }
    ],
    "types": {
        "Fetch": 50,
        "Image": 2
    },
    "nameservers": [
        "max.ns.cloudflare.com",
        "mimi.ns.cloudflare.com"
    ]
}