{
    "domain": "hentaibaka.one",
    "owner": {},
    "source": [
        "DuckDuckGo-US"
    ],
    "prevalence": 0.000149,
    "sites": 18,
    "subdomains": [
        "b1"
    ],
    "cnames": [],
    "fingerprinting": 0,
    "resources": [
        {
            "rule": "hentaibaka\\.one\\/api\\/spots\\/296902",
            "cookies": 0.0000829,
            "fingerprinting": 0,
            "subdomains": [
                "b1"
            ],
            "apis": {},
            "sites": 10,
            "prevalence": 0.0000829,
            "cnames": [],
            "responseHashes": [
                "5956d874c1e0b716d1586b7a5979a4d0cfcce3ca8a19906d6ab159952bd368bb",
                "89810d045ef463e6aee31e524e6bc4a55185582ea2d97fa04cadd3d6fa171374",
                "136f254ecaa811f063538f0c1f188b5fcc7177b734a4af1a33258e8147f44b3d",
                "60f6ea7800727209601c4b362632a9721786a5476e32436de5073f557a795ba3",
                "6f1d7b347d65cbca29761d34b130fb15780d0e4b0c0a555a0d13dc9216b6580f",
                "42bbbfaf57a6c6619bfb12f1706f4993ac4b799c07995108fb7728c201cd634c",
                "4293ac581220ea22b505cd1375ad911d9b716a060f40a4a42e30e9a8bc3823cd",
                "c163f1a36e35e6539855cfc09ab0947f4476ee23af7c5309c4725ee53c89c802",
                "5639eb2f3becf54345b73dad25bc50f007d4f5e3cb55b6a0bab51e222f5de2f9"
            ],
            "type": "Document",
            "firstPartyCookies": {},
            "firstPartyCookiesSent": {},
            "exampleSites": [
                "3d-porn.net",
                "www.3d-porn.net",
                "www.freesexcomics.pro",
                "www.porn-manga.com",
                "www.sexcomics.one",
                "www.toonsex.pics",
                "www.vipmatureporn.com",
                "www.xxx-cartoons.com",
                "www.xxxhentai.net",
                "www.xxxyoung.pro"
            ]
        }
    ],
    "categories": [],
    "performance": {},
    "cookies": 0.000149,
    "topInitiators": [
        {
            "domain": "ekogate.club",
            "prevalence": 0.6206896551724138
        },
        {
            "domain": "zenfield.pro",
            "prevalence": 0.3103448275862069
        },
        {
            "domain": "first party",
            "prevalence": 0.06896551724137931
        }
    ],
    "types": {
        "Document": 10
    },
    "nameservers": [
        "arch.ns.cloudflare.com",
        "chloe.ns.cloudflare.com"
    ]
}