{
    "domain": "hentaibaka.one",
    "owner": {},
    "source": [
        "DuckDuckGo-US"
    ],
    "prevalence": 0.000264,
    "sites": 34,
    "subdomains": [
        "b1"
    ],
    "cnames": [],
    "fingerprinting": 0,
    "resources": [
        {
            "rule": "hentaibaka\\.one\\/api\\/spots\\/296902",
            "cookies": 0.000147,
            "fingerprinting": 0,
            "subdomains": [
                "b1"
            ],
            "apis": {},
            "sites": 19,
            "prevalence": 0.000147,
            "cnames": [],
            "responseHashes": [
                "47425ea57fce247b65a9aaa84d1453d86f3794a6cce4b2a8727e08429b0238ec",
                "96cc0a094b7fae9b7ad30d38bb824a80ef6b2ff6a5a77f954b8bea716a4a1eb1",
                "55e3d9c367c854a3d79c5889a3659f4fabb5f2ef35b1bda59f48650ab0848b69",
                "973fe738c3c7271de8e38c0b29bb8a5d9d5a278237d131a7c519bf46b1058153",
                "e2c4d553c64d02632a23d8b80546596ca8fb06360ca7e3e6029d16e04a51741e",
                "7b4e41884c012417df9b7378cdb1e9c32517f594412012743ed7dd28ad98f90f",
                "d4a67d1c155fea103b94d8d453b67139b63badf2e04ad5dfb67e46ba57aab645",
                "901050d69345259f7fe8fe32fffb24b416d7b0fa1872064e1036fdb67d5ab595",
                "49971cf9031d6a19c8edfe00cd059ee8a42818adbeacde4d9d40244f7438b33a",
                "e4c675497db68d0102960aadc91a5fb03708e0cab643e22cfa700d7e210dcdd7",
                "da805875543bcc3e0cd1873c0ccafc958ba272ff8729ffb361ebd0f238795710",
                "b53f768b3138e9581d0470d16cde4a7b260b36f9ded7e624d689a65ffefba0f7",
                "b8d9788f71407eaf04562c3bf24e540ad27837c172fcd475211a30eea9c98b51",
                "d4b789c325ae10fbe9d8d20dff1abb1550446ff84c07c65f4f43106856777aed",
                "ff6e8bb8d5d08aa7caae59852108a90f7ef6419b1762d4a0b629e526af438681",
                "95183968fcb9a95d5576108ba44caa4290b0e0641a5590dbe2df972b835191d1",
                "79aeba41637aadcc6004e8a8a65712b574493fc1b76f4a1a7d860462aef82391",
                "f4d01a1132fae269cc1c69897fc608e8e5b874a2ce033b8208ffef2e858d0e20"
            ],
            "type": "Document",
            "firstPartyCookies": {},
            "firstPartyCookiesSent": {},
            "exampleSites": [
                "hentaicomics.pro",
                "mangaporno.pro",
                "www.3d-porn.net",
                "www.3dporntoon.com",
                "www.cartoonporn.pics",
                "www.freesexcomics.pro",
                "www.hentaicomics.pro",
                "www.hentaisexpics.com",
                "www.indianpornpics.pro",
                "www.milfpussypic.com",
                "www.porn-manga.com",
                "www.porncomics.me",
                "www.sexcomics.one",
                "www.xxx-cartoons.com",
                "www.xxxcomicsex.com",
                "www.xxxhentai.net",
                "www.xxxtooncomics.com",
                "www.xxxyoung.pro",
                "xxxgirls.pro"
            ]
        }
    ],
    "categories": [],
    "performance": {},
    "cookies": 0.000264,
    "topInitiators": [
        {
            "domain": "ekogate.club",
            "prevalence": 0.6530612244897959
        },
        {
            "domain": "zenfield.pro",
            "prevalence": 0.24489795918367346
        },
        {
            "domain": "first party",
            "prevalence": 0.10204081632653061
        }
    ],
    "types": {
        "Document": 19
    },
    "nameservers": [
        "chloe.ns.cloudflare.com",
        "arch.ns.cloudflare.com"
    ]
}