{
    "domain": "hit.ua",
    "owner": {},
    "source": [
        "DuckDuckGo-US"
    ],
    "prevalence": 0.000434,
    "sites": 64,
    "subdomains": [
        "c"
    ],
    "cnames": [],
    "fingerprinting": 0,
    "resources": [
        {
            "rule": "hit\\.ua\\/hit",
            "cookies": 0.000237,
            "fingerprinting": 0,
            "subdomains": [
                "c"
            ],
            "apis": {},
            "sites": 37,
            "prevalence": 0.000251,
            "cnames": [],
            "responseHashes": [
                "f4eef8263281c0b26486637831251059757bc3fdc4c3a48045a8ef8646b36e8f",
                "49fc3fc8024f9a5c86cf7272631d77d731a9bf39d0c7f34c1820797c80477000",
                "ad0d53371cc28375cc483ea36b501522a7bb7e00a5ba46c6369a6cc78d51801b",
                "5a69e75d40320f13e1e0ee561341f91a4c7b478ad285ae9a92f94134d0442e30",
                "dedc3b4b98be89022c1fc46f993fc796fc242e732967f8525017fba0a87cedc3",
                "55e92b6f309ce60253c2f8dc99f5740857c8fb5be13e7c5979cad8356ffdbecf"
            ],
            "type": "Image",
            "firstPartyCookies": {},
            "firstPartyCookiesSent": {},
            "exampleSites": [
                "nv.ua",
                "nicesexphotos.com",
                "www.gangrapeporn.com",
                "sex-pornpics.com",
                "marionetka.com",
                "hizliporno.site",
                "telegraf.com.ua",
                "pornrape.net",
                "rapexnxx.com",
                "pornsex-pics.com",
                "montanathefilm.ru",
                "wow.pornoboss.tv",
                "seks-ru.net",
                "pornohayvanli.club",
                "gayrapeporn.net",
                "rapexxx.net",
                "milfpornpics.biz",
                "violentporn.net",
                "hayvanpornhub.site",
                "pornoag.com"
            ]
        },
        {
            "rule": "hit\\.ua\\/hit",
            "cookies": 0.00000678,
            "fingerprinting": 0,
            "subdomains": [
                "c"
            ],
            "apis": {},
            "sites": 3,
            "prevalence": 0.0000203,
            "cnames": [],
            "responseHashes": [
                "dfff21496a8fb84a515a0266a47519a53862e6e90d6128b4fd687f4359cf2864",
                "59ccf7c6b37e4df253dbceb1526bc1cc3aebb6a066edf6a23523b5669b4a4470"
            ],
            "type": "Script",
            "firstPartyCookies": {},
            "firstPartyCookiesSent": {},
            "exampleSites": [
                "sexpornotales.org",
                "sexreliz.org",
                "sum.in.ua"
            ]
        }
    ],
    "categories": [],
    "performance": {},
    "cookies": 0.00038,
    "topInitiators": [
        {
            "domain": "first party",
            "prevalence": 1
        }
    ],
    "types": {
        "Image": 37,
        "Script": 3
    },
    "nameservers": [
        "nsd1.srv53.org",
        "nsb3.srv53.net",
        "nsa1.srv53.net",
        "nsd1.srv53.com",
        "nsd3.srv53.net",
        "nsc2.srv53.org",
        "nsb3.srv53.com",
        "nsa3.srv53.org",
        "nsc2.srv53.net",
        "nsb1.srv53.org",
        "nsc1.srv53.com",
        "nsa4.srv53.com"
    ]
}