{
    "domain": "imdserve.com",
    "owner": {},
    "source": [
        "DuckDuckGo-US"
    ],
    "prevalence": 0.000101,
    "sites": 15,
    "subdomains": [
        "related-content-production.headless"
    ],
    "cnames": [],
    "fingerprinting": 0,
    "resources": [
        {
            "rule": "imdserve\\.com\\/",
            "cookies": 0,
            "fingerprinting": 0,
            "subdomains": [
                "related-content-production.headless"
            ],
            "apis": {},
            "sites": 16,
            "prevalence": 0.000108,
            "cnames": [],
            "responseHashes": [
                "2c0e6beaedd77e0daf54389c88c2c052d7b3232dbf9aac558c1bed71608d9ec0",
                "5aa7191d65802626330f09dcdca80d7593eb9c87e9f4efa3134ed91b48b2c735",
                "07c2af80e3e0994238142dfe4dd2ebde378321bfa46e9763ca6385c4896823eb",
                "d5cf92acb14c7d4e496342d1dcef712b5ea3f94e9f2853dead53698c1cf8e62b",
                "d395aec44750049a2b97ef7fb9c20cdee6316a124e65518e63627ab953730cc6",
                "f279b7c2a55e5eb55ff12bb10adc2430c3ce75115888d226fa48cb1594efda5b",
                "d725fa7bfa629f9c5cb73b8cf40af46085f8380e70a520ebfaf9ff3088d0256e",
                "1a87dc9f470437040645b571c26b0f4cf0179268ec6370487cce27de01b35e1a",
                "937632ed02791ffd5bdf6f0565819886d6b2104134b1920c7f8b63e01d78feb3",
                "a623760ea91e45367b751796b13e1f3949d9dd676e821ee2bf901c62737669b4",
                "0786d1c9f52182ac0ef7979eb8222cb2e9a13c6d2f854c259af8d990ddcafb82",
                "92f73b47134f2dedc71216af56fa3a1a8700f42d83490bd9941fe26938529d76",
                "64f15d020c31f64b3da647240d022600c4fca6434453e2fdc6a1db0e826f112b",
                "77a8ddb37fb0c7488a6418a8b97dbbe87497324340ddd8a92ae2cc9b7670a5ab",
                "c8e53cfdce9bf1659b891021ec710c89ed079a63af8f6371cd6d53ec20fcdc96"
            ],
            "type": "Fetch",
            "firstPartyCookies": {},
            "firstPartyCookiesSent": {},
            "exampleSites": [
                "220triathlon.com",
                "www.220triathlon.com",
                "www.bbcgoodfood.com",
                "www.bikeradar.com",
                "www.classical-music.com",
                "www.countryfile.com",
                "www.discoverwildlife.com",
                "www.gardenersworld.com",
                "www.gardensillustrated.com",
                "www.gathered.how",
                "www.historyextra.com",
                "www.madeformums.com",
                "www.olivemagazine.com",
                "www.radiotimes.com",
                "www.sciencefocus.com",
                "www.skyatnightmagazine.com"
            ]
        }
    ],
    "categories": [],
    "performance": {},
    "cookies": 0,
    "topInitiators": [
        {
            "domain": "first party",
            "prevalence": 1
        }
    ],
    "types": {
        "Fetch": 16
    },
    "nameservers": [
        "ns1.imdserve.com",
        "ns2.imdserve.com",
        "ns3.imdserve.com",
        "ns4.imdserve.com",
        "ns5.imdserve.com",
        "ns6.imdserve.com"
    ]
}