{
    "domain": "impressionmedia.cz",
    "owner": {},
    "source": [
        "DuckDuckGo-US"
    ],
    "prevalence": 0.0000746,
    "sites": 11,
    "subdomains": [
        "hb"
    ],
    "cnames": [],
    "fingerprinting": 0,
    "resources": [
        {
            "rule": "impressionmedia\\.cz\\/statistics\\/cmpTimeout\\.php",
            "cookies": 0,
            "fingerprinting": 0,
            "subdomains": [
                "hb"
            ],
            "apis": {},
            "sites": 6,
            "prevalence": 0.0000407,
            "cnames": [],
            "responseHashes": [
                "0ef66a60136c7aec2ad05710ab1818cc86b9aa5dbbcda3bdc2f7f5029644e04f",
                "4ba74e660450d96cb4cf7650dd45cdbd0b65f94c74f93489e6ee8ff5ec69ed71",
                "76e650dbe30b01cb7e7d8d2d4425a4b5401189ac5efc50d713b27140be4ba78c",
                "141c5e8f41f79059d3b23644e33cc93fa0178939aa13105ce5c74939de7310ce",
                "255ef52fea88f8942eddd68773bae127d79a4b520d3dfdf94072544eb258c9e0"
            ],
            "type": "XHR",
            "firstPartyCookies": {},
            "firstPartyCookiesSent": {},
            "exampleSites": [
                "cesky-jazyk.cz",
                "www.cesky-jazyk.cz",
                "www.extra.cz",
                "www.in-pocasi.cz",
                "www.meteocentrum.cz",
                "www.toprecepty.cz"
            ]
        },
        {
            "rule": "impressionmedia\\.cz\\/statistics\\/bidderRequestsShortAuctionSum\\.php",
            "cookies": 0,
            "fingerprinting": 0,
            "subdomains": [
                "hb"
            ],
            "apis": {},
            "sites": 6,
            "prevalence": 0.0000407,
            "cnames": [],
            "responseHashes": [
                "911c24045c8202146ce42cb475d16b20c18c5fd9374207003948777b1ddc7632",
                "6b6415c6347e5040a2dea01173efdbd557fb0a5d2c87f165ec7f624d78a3210a",
                "c1a804fd575f2cdd92f60523e629feb26fdb0e7c43c5ef83cd6d4b6f283b3bcb",
                "5eea06c874733b29aff12de26f14ad2b3f9b4ab59560be4f2dac54058e7bff7e",
                "057ae55d0a18e022c34ddae998408cd082a6beac24d12034f26023e6439bb3af"
            ],
            "type": "XHR",
            "firstPartyCookies": {},
            "firstPartyCookiesSent": {},
            "exampleSites": [
                "cesky-jazyk.cz",
                "www.cesky-jazyk.cz",
                "www.fdb.cz",
                "www.in-pocasi.cz",
                "www.meteocentrum.cz",
                "www.toprecepty.cz"
            ]
        },
        {
            "rule": "impressionmedia\\.cz\\/statistics\\/allWithoutWon2\\.php",
            "cookies": 0,
            "fingerprinting": 0,
            "subdomains": [
                "hb"
            ],
            "apis": {},
            "sites": 2,
            "prevalence": 0.0000136,
            "cnames": [],
            "responseHashes": [
                "8ef229e044c428a65e4ca773b717cfffa215d6189f62ff42cc15fdea16b8a218"
            ],
            "type": "Document",
            "firstPartyCookies": {},
            "firstPartyCookiesSent": {},
            "exampleSites": [
                "extra.cz",
                "www.extra.cz"
            ]
        },
        {
            "rule": "impressionmedia\\.cz\\/statistics\\/bidsReceived\\.php",
            "cookies": 0,
            "fingerprinting": 0,
            "subdomains": [
                "hb"
            ],
            "apis": {},
            "sites": 2,
            "prevalence": 0.0000136,
            "cnames": [],
            "responseHashes": [
                "19fe4717dcf410fa7f15c2015cf8cf126f866a936312ad944136ded8464ef213"
            ],
            "type": "XHR",
            "firstPartyCookies": {},
            "firstPartyCookiesSent": {},
            "exampleSites": [
                "in-pocasi.cz",
                "www.in-pocasi.cz"
            ]
        },
        {
            "rule": "impressionmedia\\.cz\\/statistics\\/bidsWon\\.php",
            "cookies": 0,
            "fingerprinting": 0,
            "subdomains": [
                "hb"
            ],
            "apis": {},
            "sites": 2,
            "prevalence": 0.0000136,
            "cnames": [],
            "responseHashes": [
                "bb1336a32f15dad4673814261dbfdd55a2d99cd716d6010c8d9c35d53968c188"
            ],
            "type": "XHR",
            "firstPartyCookies": {},
            "firstPartyCookiesSent": {},
            "exampleSites": [
                "in-pocasi.cz",
                "www.in-pocasi.cz"
            ]
        }
    ],
    "categories": [],
    "performance": {},
    "cookies": 0,
    "topInitiators": [
        {
            "domain": "jsdelivr.net",
            "prevalence": 1
        }
    ],
    "types": {
        "XHR": 16,
        "Document": 2
    },
    "nameservers": [
        "dns1.impressionmedia.cz",
        "ns1.lbox.cz"
    ]
}