{
    "domain": "influ2.com",
    "owner": {},
    "source": [
        "DuckDuckGo-US"
    ],
    "prevalence": 0.000102,
    "sites": 15,
    "subdomains": [
        "www",
        "t"
    ],
    "cnames": [],
    "fingerprinting": 0,
    "resources": [
        {
            "rule": "influ2\\.com\\/tracker",
            "cookies": 0,
            "fingerprinting": 0,
            "subdomains": [
                "www"
            ],
            "apis": {},
            "sites": 9,
            "prevalence": 0.000061,
            "cnames": [],
            "responseHashes": [
                "9aff673854c4ea0254d9473f2b5bf5bd9ba834bc8eb6c1996ab2d07f2cf353a2",
                "dbee53210683cca0eeee0d043488f290c52743ed26bef296397a04f5d550a41d",
                "1fe8f9c9578fb49f56887791e546713ff0be0cc4fbf8e9b515e2362b6592d1c7",
                "9ad0fd8f76881ba54705c3a2eb2318f99541e409342842771c61468572237bc0",
                "20ee15e48920a009e005da7025edaec9034134f5671cc1b0c3d6f864f0a9350d",
                "a32dd64930e2d26c2b519ae93c1b4272dfa9ee6b567850e6c1404802b73be583",
                "16ad04fe2e4a4753374440239e85fec2aa6f7dc4c77501ef1fd3690706fca443",
                "4bbd4c288635e08a93a034be9977feb4d042ad0b272237a541cdac8cc8d4e71d"
            ],
            "type": "Script",
            "firstPartyCookies": {},
            "firstPartyCookiesSent": {},
            "exampleSites": [
                "cloudera.com",
                "community.cloudera.com",
                "spacelift.io",
                "wheniwork.com",
                "www.datadoghq.com",
                "www.lightspeedhq.com",
                "www.nvidia.com",
                "www.ptc.com",
                "www.rittal.com"
            ]
        },
        {
            "rule": "influ2\\.com\\/u\\/",
            "cookies": 0.000061,
            "fingerprinting": 0,
            "subdomains": [
                "t"
            ],
            "apis": {},
            "sites": 9,
            "prevalence": 0.000061,
            "cnames": [],
            "responseHashes": [
                "6a92ef5a4170ce11203b5b093bbfac794c0583cd6dfb99a5723c589cd3a8fc54",
                "406c4bb363d45ec7585c817f130811e9f6a8bcee63d1b605410610e4b44909e0",
                "e3770503345aad0af2ba4a920014f414ebc65173756f9f599ef53c1f014500ac",
                "3eabecaa732379013260850a88a3c0e632c9a0736ad3ed36019f2a6eedf491ae",
                "61b4bec53785f6c6a582bd9f7222bb124299724d655270e9645a077f8607c75c",
                "8122082b836cd72fa0d8671a2dcfc717972017c0d90022c22a3768f2da94a1d9",
                "cf6b87a7e4c3357262e80eb7c75e7484dc3c7ddf6764a2f704ba41f9e3f96d4f",
                "b28612ba60306741ecad184b226c608eb65873ffe7fcf6335a4a0becbc0304b0"
            ],
            "type": "XHR",
            "firstPartyCookies": {},
            "firstPartyCookiesSent": {},
            "exampleSites": [
                "cloudera.com",
                "community.cloudera.com",
                "spacelift.io",
                "wheniwork.com",
                "www.datadoghq.com",
                "www.lightspeedhq.com",
                "www.nvidia.com",
                "www.ptc.com",
                "www.rittal.com"
            ]
        },
        {
            "rule": "influ2\\.com\\/p\\/vt\\/",
            "cookies": 0.000061,
            "fingerprinting": 0,
            "subdomains": [
                "t"
            ],
            "apis": {},
            "sites": 9,
            "prevalence": 0.000061,
            "cnames": [],
            "responseHashes": [
                "609528a7af01128ef65d4574328372750177a25286eb5d9cab473b9bd8f3bbe8"
            ],
            "type": "Image",
            "firstPartyCookies": {},
            "firstPartyCookiesSent": {
                "gpv_url": 0.000013554635346422592
            },
            "exampleSites": [
                "cloudera.com",
                "community.cloudera.com",
                "spacelift.io",
                "wheniwork.com",
                "www.datadoghq.com",
                "www.lightspeedhq.com",
                "www.nvidia.com",
                "www.ptc.com",
                "www.rittal.com"
            ]
        }
    ],
    "categories": [],
    "performance": {},
    "cookies": 0.000102,
    "topInitiators": [
        {
            "domain": "first party",
            "prevalence": 0.4166666666666667
        },
        {
            "domain": "googletagmanager.com",
            "prevalence": 0.3333333333333333
        },
        {
            "domain": "adobedtm.com",
            "prevalence": 0.08333333333333333
        },
        {
            "domain": "cloudflare.com",
            "prevalence": 0.08333333333333333
        },
        {
            "domain": "datadoghq-browser-agent.com",
            "prevalence": 0.08333333333333333
        }
    ],
    "types": {
        "Script": 9,
        "XHR": 9,
        "Image": 9
    },
    "nameservers": [
        "dns1.registrar-servers.com",
        "dns2.registrar-servers.com"
    ]
}