{
    "domain": "influ2.com",
    "owner": {},
    "source": [
        "DuckDuckGo-US"
    ],
    "prevalence": 0.0000949,
    "sites": 14,
    "subdomains": [
        "www",
        "t"
    ],
    "cnames": [],
    "fingerprinting": 0,
    "resources": [
        {
            "rule": "influ2\\.com\\/tracker",
            "cookies": 0,
            "fingerprinting": 0,
            "subdomains": [
                "www"
            ],
            "apis": {},
            "sites": 8,
            "prevalence": 0.0000543,
            "cnames": [],
            "responseHashes": [
                "9aff673854c4ea0254d9473f2b5bf5bd9ba834bc8eb6c1996ab2d07f2cf353a2",
                "dbee53210683cca0eeee0d043488f290c52743ed26bef296397a04f5d550a41d",
                "1fe8f9c9578fb49f56887791e546713ff0be0cc4fbf8e9b515e2362b6592d1c7",
                "9ad0fd8f76881ba54705c3a2eb2318f99541e409342842771c61468572237bc0",
                "a32dd64930e2d26c2b519ae93c1b4272dfa9ee6b567850e6c1404802b73be583",
                "4bbd4c288635e08a93a034be9977feb4d042ad0b272237a541cdac8cc8d4e71d"
            ],
            "type": "Script",
            "firstPartyCookies": {},
            "firstPartyCookiesSent": {},
            "exampleSites": [
                "cloudera.com",
                "community.cloudera.com",
                "spacelift.io",
                "wheniwork.com",
                "www.datadoghq.com",
                "www.nvidia.com",
                "www.nvidia.de",
                "www.rittal.com"
            ]
        },
        {
            "rule": "influ2\\.com\\/u\\/",
            "cookies": 0.0000543,
            "fingerprinting": 0,
            "subdomains": [
                "t"
            ],
            "apis": {},
            "sites": 8,
            "prevalence": 0.0000543,
            "cnames": [],
            "responseHashes": [
                "3d549727dac5ee4d4d02669aca0c3de0a67d6dcd9b5317c80bf151044660a021",
                "d7395cbbf3828416c9a00ee9d5d27032b35c98d3c0448b3cfe2b4a83aed90ff7",
                "956b2b400ae1c0de2c6d30f70cd012aa38c7a569902a5a465fdb2597aea440bc",
                "40556e0ff7b37f1edfea0a4419e90e4a1aa806340033ea12266b280a12ad4316",
                "69efa8e8c6d83e76e61035722f2a418d83958c6872a099c4711296c42c152c71",
                "65320f47b5f5bdad3acd6a346ea29b173bad7c8491dab4efa8c496d2962983b1",
                "8e234222798c74c1aa6e13a5d39fe2e925f1856b2c795e502b2a94fa11bd44d7"
            ],
            "type": "XHR",
            "firstPartyCookies": {},
            "firstPartyCookiesSent": {},
            "exampleSites": [
                "cloudera.com",
                "community.cloudera.com",
                "spacelift.io",
                "wheniwork.com",
                "www.datadoghq.com",
                "www.nvidia.com",
                "www.nvidia.de",
                "www.rittal.com"
            ]
        },
        {
            "rule": "influ2\\.com\\/p\\/vt\\/",
            "cookies": 0.0000543,
            "fingerprinting": 0,
            "subdomains": [
                "t"
            ],
            "apis": {},
            "sites": 8,
            "prevalence": 0.0000543,
            "cnames": [],
            "responseHashes": [
                "609528a7af01128ef65d4574328372750177a25286eb5d9cab473b9bd8f3bbe8"
            ],
            "type": "Image",
            "firstPartyCookies": {},
            "firstPartyCookiesSent": {
                "gpv_url": 0.00001356300013563
            },
            "exampleSites": [
                "cloudera.com",
                "community.cloudera.com",
                "spacelift.io",
                "wheniwork.com",
                "www.datadoghq.com",
                "www.nvidia.com",
                "www.nvidia.de",
                "www.rittal.com"
            ]
        }
    ],
    "categories": [],
    "performance": {},
    "cookies": 0.0000949,
    "topInitiators": [
        {
            "domain": "first party",
            "prevalence": 0.2727272727272727
        },
        {
            "domain": "googletagmanager.com",
            "prevalence": 0.2727272727272727
        },
        {
            "domain": "adobedtm.com",
            "prevalence": 0.18181818181818182
        },
        {
            "domain": "cloudflare.com",
            "prevalence": 0.09090909090909091
        },
        {
            "domain": "bizible.com",
            "prevalence": 0.09090909090909091
        },
        {
            "domain": "nvidia.com",
            "prevalence": 0.09090909090909091
        }
    ],
    "types": {
        "Script": 8,
        "XHR": 8,
        "Image": 8
    },
    "nameservers": [
        "dns1.registrar-servers.com",
        "dns2.registrar-servers.com"
    ]
}