{
    "domain": "inskinad.com",
    "owner": {},
    "source": [
        "DuckDuckGo-US"
    ],
    "prevalence": 0.000757,
    "sites": 112,
    "subdomains": [
        "mfad",
        "cdn",
        "t"
    ],
    "cnames": [],
    "fingerprinting": 2,
    "resources": [
        {
            "rule": "inskinad\\.com\\/api\\/v2",
            "cookies": 0.000351,
            "fingerprinting": 0,
            "subdomains": [
                "mfad"
            ],
            "apis": {},
            "sites": 56,
            "prevalence": 0.000378,
            "cnames": [],
            "responseHashes": [
                "2ca91682da4e5bb9d94b8dd0dbb4fc6c00a475f3b2b52838ff0ade3ea8a9b31b",
                "88e419351242e2df425c834dff224c30fb2d6b22a844a8be43f4a4915e8d7bfe",
                "d7bd7be57bf29e66814a2703c6e3b18462f3d2de55c83c0b4c17dafe24f0e4f7",
                "06118a8f4e6721609c5d484562478f0504792dc2f4c3a2e8d9074eb201be7020",
                "f76690de9389209789ec06f32af5579ae422ff9c7c06c8a661d0236924f1e0dd",
                "ca1dd0b3e85a31a9606a1c41d4bbe743bd105c3c6fb60d65442bcfbf408f04d2",
                "bed82956887e932a447e217706745b587eff664619321f54eb708231ede5d6ae",
                "fe2ffcaaab64c617720d0a7f3f1a0b64aa7430e3d7f442038dd1de77bb61edf1",
                "f8f86a72af790f45e0686bace3b6f66ff59445aa428b833f03a4e8870c13379c",
                "0e5f34eed7dd0c61e4cbdc4a6363b056a310c90eb073e3928eedb5f9d96f157f",
                "8647a315d62a7f85b21282135f2cdb9ec1418798d4b27dd3a7da6cb12e3b6b4a",
                "911a5fd3a33d10a8d5eb78fb2cb8017688f7918ead216a51f3cf7533fac62e72",
                "b591f7a5b4dab47a917085e90d7598eb4c51ab60b4b46cd5e3ab6ed45d44c51f",
                "909645d8265d0da44c787db11316dd12a5a8a4c9680911630eb9021c7b4527f1",
                "e01153a2e6aa992339c8697663675c90524e559b141ce54157529cb3f499bc20",
                "32d9ba328b3828bf8a6b9843fb9ecc487de22a60023a65b39248f68cee95704e",
                "8d9e1833726416e98df9b0cb5d10fcc9309f3ac3734c9098375af087e87c5d94",
                "2bbf82815894a40d816f44e96537038c63d9fbbf64f85e6e1d342fc1074229a2",
                "ae609ed4220deb0da60429922a37597d9cb9137039a1f0b2eff32e231debb56c",
                "e390ef0557a99ac3e8feb4d2def3b9432997ffe6304eca4e93f23914d92e23d1",
                "f44ad52888fffe058f4e31aa84491b56ae69a139dd55f4fdb91e30be5eac44d4",
                "728999fecb66e65dc1e904209ecc7162104137f46d673f083350324df41370c3",
                "439c53e967fb40e5cf975146dcdec598f7689e501ce2be4e3e6cb1e3f5bd3653",
                "25ab7e2b7054b368f462108c46067c49df3f1000ba275547e8c229b263184d20",
                "d918ddb0361815d59ad40167a312f1f500be27d8386656c7e772155d28233775",
                "296f41fea27acc788cfaf651ada20051d5b720f0dc21a17a63afcad8b114f7c4",
                "5397dad971ad606a28d0428408123b13330ef6bfe9ecb97349c78b5ed9adbef2",
                "053a33383c42438c7f7e80fbd9a86563e6a16724af0c83df91e1a911dc307449",
                "f31386efe42bfa45c03fa9632c7fd958050fe0bc837ebf6c2156ad37e9bb4d6b",
                "24b55479058a7a1a7dd3a55a81ef4611601340424021e4bf2576bedf7f9edf3e",
                "c7f75a075ed0bb3bacf9cb591813eac587bd18c89ee3346ed3ce99a5a215c1ef",
                "ccea25040ada757c52b139f5a03ea204c3bb9ec1dab679da4e427398714a4e38",
                "b8a162cd305ec78bd85f8e1b5a31a3e2c944fd560aa5f0e17e6b76de4c008e6b",
                "42e32a69a37449262c831ea42fa57e7e1383835b50bd83b70b5d85e3666c0ab3",
                "c1b65c5d3cc3246b7707d5c83e1387611ea96f05c087d0d0d59656ff89587f92",
                "caf43df78d2578f8a61a737f9ddf2dd04e2a3214ce1031a23c6b5a506515fd4c",
                "a5bb0f3da4277d92e1c8e9d72a602f989ae582fa12c4c9958e8835d1b37bed30",
                "723171a4e55a1717ca07bd452e41f513ee6b0670c8900350fcd8b1892aa7d76a",
                "3ffd3693a46362233fc059bf0edf134216c1d203e0f28444616d30cd4399a556"
            ],
            "type": "XHR",
            "firstPartyCookies": {},
            "firstPartyCookiesSent": {},
            "exampleSites": [
                "metro.co.uk",
                "www.boerse-online.de",
                "www.southwalesargus.co.uk",
                "www.eadt.co.uk",
                "www.theaustralian.com.au",
                "www.deliaonline.com",
                "www.heraldscotland.com",
                "www.bodyandsoul.com.au",
                "www.visordown.com",
                "www.dailytelegraph.com.au",
                "www.at5.nl",
                "www.oxfordmail.co.uk",
                "www.watfordobserver.co.uk",
                "www.dorsetecho.co.uk",
                "www.countypress.co.uk",
                "www.glasgowtimes.co.uk",
                "www.eveningnews24.co.uk",
                "www.news.com.au",
                "www.greatbritishlife.co.uk",
                "www.universfreebox.com"
            ]
        },
        {
            "rule": "inskinad\\.com\\/isfe\\/publishercode\\/125683\\/default\\.js",
            "cookies": 0,
            "fingerprinting": 1,
            "subdomains": [
                "cdn"
            ],
            "apis": {
                "Date.prototype.getTime": 37,
                "Navigator.prototype.userAgent": 37,
                "Screen.prototype.width": 21
            },
            "sites": 37,
            "prevalence": 0.00025,
            "cnames": [],
            "responseHashes": [
                "ac7fde75ba7be1d483c6d400b93600c3db0a9146e358f7cc18f9757d60ffe7e0"
            ],
            "type": "Script",
            "firstPartyCookies": {},
            "firstPartyCookiesSent": {},
            "exampleSites": [
                "www.eadt.co.uk",
                "www.bournemouthecho.co.uk",
                "www.oxfordmail.co.uk",
                "www.leaderlive.co.uk",
                "www.nwemail.co.uk",
                "www.theboltonnews.co.uk",
                "www.edp24.co.uk",
                "www.falmouthpacket.co.uk",
                "www.countypress.co.uk",
                "www.lancashiretelegraph.co.uk",
                "bournemouthecho.co.uk",
                "www.eveningnews24.co.uk",
                "www.sthelensstar.co.uk",
                "www.theargus.co.uk",
                "www.thenational.scot",
                "www.thenorthernecho.co.uk",
                "www.yorkpress.co.uk",
                "www.southwalesargus.co.uk",
                "www.gazette-news.co.uk",
                "www.wirralglobe.co.uk"
            ]
        },
        {
            "rule": "inskinad\\.com\\/isfe\\/4\\.1\\/js\\/integration\\/base\\.js",
            "cookies": 0,
            "fingerprinting": 1,
            "subdomains": [
                "cdn"
            ],
            "apis": {
                "Date.prototype.getTime": 41,
                "Navigator.prototype.userAgent": 41,
                "Screen.prototype.width": 41,
                "Screen.prototype.height": 41,
                "window.localStorage": 41,
                "Document.cookie getter": 41,
                "window.innerWidth": 38
            },
            "sites": 42,
            "prevalence": 0.000284,
            "cnames": [],
            "responseHashes": [
                "56d25b586376c8351628383d8df8b7ce56af3330af6c955b2c3076a3468d4ee0"
            ],
            "type": "Script",
            "firstPartyCookies": {},
            "firstPartyCookiesSent": {},