{
    "domain": "intelliad.de",
    "owner": {},
    "source": [
        "DuckDuckGo-US"
    ],
    "prevalence": 0.0000405,
    "sites": 6,
    "subdomains": [
        "t13",
        "t23"
    ],
    "cnames": [],
    "fingerprinting": 1,
    "resources": [
        {
            "rule": "intelliad\\.de\\/hfpc\\.min\\.js",
            "cookies": 0.000027,
            "fingerprinting": 1,
            "subdomains": [
                "t13"
            ],
            "apis": {
                "Document.cookie getter": 4,
                "Date.prototype.getTime": 4,
                "Document.cookie setter": 4
            },
            "sites": 4,
            "prevalence": 0.000027,
            "cnames": [],
            "responseHashes": [
                "b95aa3f47aa13e07f6874689ff02c2a7757bd71dd61177c9ebbb55508fc7bb7d"
            ],
            "type": "Script",
            "firstPartyCookies": {
                "ia-5333437323236323131303": {
                    "ttl": 2592005,
                    "length": 110,
                    "prevalence": 0.000013515887926257316,
                    "uniqueness": 1
                },
                "ia-5323435373136323131303": {
                    "ttl": 2592010,
                    "length": 110,
                    "prevalence": 0.000006757943963128658,
                    "uniqueness": 1
                },
                "ia-1353737373136323131303": {
                    "ttl": 2592005,
                    "length": 110,
                    "prevalence": 0.000006757943963128658,
                    "uniqueness": 1
                }
            },
            "firstPartyCookiesSent": {},
            "exampleSites": [
                "astroshop.de",
                "www.astroshop.de",
                "www.bankofscotland.de",
                "www.watchmaster.com"
            ]
        },
        {
            "rule": "intelliad\\.de\\/crossdevice\\.php",
            "cookies": 0.000027,
            "fingerprinting": 0,
            "subdomains": [
                "t23"
            ],
            "apis": {},
            "sites": 4,
            "prevalence": 0.000027,
            "cnames": [],
            "responseHashes": [
                "75eedd03ca14c2686489197f4ee5a2bc2c285a6e6a93659c1b9660f3e34c3300",
                "289b57cb34f5f48bc66545542b0a24a966cca6efd33027e93d4d6263f876ba54",
                "ba844bfd0045d78e9d17f82fc5c530f875816ba1412ab6ce8d564be5302e01cb"
            ],
            "type": "Script",
            "firstPartyCookies": {},
            "firstPartyCookiesSent": {},
            "exampleSites": [
                "astroshop.de",
                "www.astroshop.de",
                "www.bankofscotland.de",
                "www.watchmaster.com"
            ]
        },
        {
            "rule": "intelliad\\.de\\/cl\\/5333437323236323131303\\.js",
            "cookies": 0.0000135,
            "fingerprinting": 1,
            "subdomains": [
                "t13"
            ],
            "apis": {
                "Document.cookie getter": 2,
                "Date.prototype.getTime": 2,
                "Document.cookie setter": 2,
                "Navigator.prototype.appVersion": 2
            },
            "sites": 2,
            "prevalence": 0.0000135,
            "cnames": [],
            "responseHashes": [
                "319026d08e16a4dc283747bdc7bc43eb006311c5bee45253b0fcb4a82a9d1dab"
            ],
            "type": "Script",
            "firstPartyCookies": {
                "ia_bncl_5333437323236323131303": {
                    "ttl": 305,
                    "length": 51,
                    "prevalence": 0.000013515887926257316,
                    "uniqueness": 1
                },
                "ia_c4dc_5333437323236323131303": {
                    "ttl": 1805,
                    "length": 1,
                    "prevalence": 0.000013515887926257316,
                    "uniqueness": 0.5
                },
                "ia_u4pc_5333437323236323131303": {
                    "ttl": 864005,
                    "length": 1,
                    "prevalence": 0.000013515887926257316,
                    "uniqueness": 0.5
                }
            },
            "firstPartyCookiesSent": {},
            "exampleSites": [
                "astroshop.de",
                "www.astroshop.de"
            ]
        },
        {
            "rule": "intelliad\\.de\\/bnc\\.php",
            "cookies": 0.000027,
            "fingerprinting": 0,
            "subdomains": [
                "t23"
            ],
            "apis": {},
            "sites": 4,
            "prevalence": 0.000027,
            "cnames": [],
            "responseHashes": [
                "d346801abbf9bb4e9e9a055239053d4ab5596514304f601a6c70604187acb744"
            ],
            "type": "Image",
            "firstPartyCookies": {},
            "firstPartyCookiesSent": {
                "ia-5333437323236323131303": 0.000013515887926257316,
                "ia-5323435373136323131303": 0.000006757943963128658,
                "ia-1353737373136323131303": 0.000006757943963128658
            },
            "exampleSites": [
                "astroshop.de",
                "www.astroshop.de",
                "www.bankofscotland.de",
                "www.watchmaster.com"
            ]
        },
        {
            "rule": "intelliad\\.de\\/mct\\.php",
            "cookies": 0.000027,
            "fingerprinting": 0,
            "subdomains": [
                "t23"
            ],
            "apis": {},
            "sites": 4,
            "prevalence": 0.000027,
            "cnames": [],
            "responseHashes": [
                "d346801abbf9bb4e9e9a055239053d4ab5596514304f601a6c70604187acb744"
            ],
            "type": "Image",
            "firstPartyCookies": {},
            "firstPartyCookiesSent": {
                "ia-5333437323236323131303": 0.000013515887926257316,
                "ia-5323435373136323131303": 0.000006757943963128658,
                "ia-1353737373136323131303": 0.000006757943963128658
            },
            "exampleSites": [
                "astroshop.de",
                "www.astroshop.de",
                "www.bankofscotland.de",
                "www.watchmaster.com"
            ]
        },
        {
            "rule": "intelliad\\.de\\/c2\\.php",
            "cookies": 0.000027,
            "fingerprinting": 0,
            "subdomains": [
                "t23"
            ],
            "apis": {},
            "sites": 4,
            "prevalence": 0.000027,
            "cnames": [],
            "responseHashes": [
                "d346801abbf9bb4e9e9a055239053d4ab5596514304f601a6c70604187acb744"
            ],
            "type": "Image",
            "firstPartyCookies": {},
            "firstPartyCookiesSent": {
                "ia-5333437323236323131303": 0.000013515887926257316,
                "ia-5323435373136323131303": 0.000006757943963128658,
                "ia-1353737373136323131303": 0.000006757943963128658
            },
            "exampleSites": [
                "astroshop.de",
                "www.astroshop.de",
                "www.bankofscotland.de",
                "www.watchmaster.com"
            ]
        },
        {
            "rule": "intelliad\\.de\\/cl\\/5323435373136323131303\\.js",
            "cookies": 0.0000135,
            "fingerprinting": 1,
            "subdomains": [
                "t13"
            ],
            "apis": {
                "Document.cookie getter": 2,
                "Date.prototype.getTime": 2,
                "Document.cookie setter": 2,
                "Navigator.prototype.appVersion": 2
            },
            "sites": 2,
            "prevalence": 0.0000135,
            "cnames": [],
            "responseHashes": [
                "47fa395ca2fe5d6d36dcaa28f2fe652acbf50a39233bf8205ed684643a3074c8"
            ],
            "type": "Script",