{
    "domain": "intelliad.de",
    "owner": {},
    "source": [
        "DuckDuckGo-US"
    ],
    "prevalence": 0.000062,
    "sites": 8,
    "subdomains": [
        "t13",
        "t23"
    ],
    "cnames": [],
    "fingerprinting": 1,
    "resources": [
        {
            "rule": "intelliad\\.de\\/hfpc\\.min\\.js",
            "cookies": 0.000031,
            "fingerprinting": 1,
            "subdomains": [
                "t13"
            ],
            "apis": {
                "Document.cookie getter": 4,
                "Date.prototype.getTime": 4,
                "Document.cookie setter": 4
            },
            "sites": 4,
            "prevalence": 0.000031,
            "cnames": [],
            "responseHashes": [
                "b95aa3f47aa13e07f6874689ff02c2a7757bd71dd61177c9ebbb55508fc7bb7d"
            ],
            "type": "Script",
            "firstPartyCookies": {
                "ia-5333437323236323131303": {
                    "ttl": 2592002,
                    "length": 110,
                    "prevalence": 0.000015508324092956893,
                    "uniqueness": 1
                },
                "ia-5323435373136323131303": {
                    "ttl": 2592009,
                    "length": 110,
                    "prevalence": 0.000007754162046478447,
                    "uniqueness": 1
                },
                "ia-1353737373136323131303": {
                    "ttl": 2592004,
                    "length": 110,
                    "prevalence": 0.000007754162046478447,
                    "uniqueness": 1
                }
            },
            "firstPartyCookiesSent": {},
            "exampleSites": [
                "astroshop.de",
                "www.astroshop.de",
                "www.bankofscotland.de",
                "www.watchmaster.com"
            ]
        },
        {
            "rule": "intelliad\\.de\\/crossdevice\\.php",
            "cookies": 0.000031,
            "fingerprinting": 0,
            "subdomains": [
                "t23"
            ],
            "apis": {},
            "sites": 4,
            "prevalence": 0.000031,
            "cnames": [],
            "responseHashes": [
                "17cac78b5dcc8e734af296e89e465c1ec0446f95ad263c86894d59ec6c73777f",
                "dd5403eb2d383b7f447a564c6ddc0bfe3990592172a355034667098ee71b9756",
                "5c441fde6d400d9b9f7d58a69cc4f199d581533f04d70ddb72b797cc2688c020"
            ],
            "type": "Script",
            "firstPartyCookies": {},
            "firstPartyCookiesSent": {},
            "exampleSites": [
                "astroshop.de",
                "www.astroshop.de",
                "www.bankofscotland.de",
                "www.watchmaster.com"
            ]
        },
        {
            "rule": "intelliad\\.de\\/cl\\/5333437323236323131303\\.js",
            "cookies": 0.0000155,
            "fingerprinting": 1,
            "subdomains": [
                "t13"
            ],
            "apis": {
                "Document.cookie getter": 2,
                "Date.prototype.getTime": 2,
                "Document.cookie setter": 2,
                "Navigator.prototype.appVersion": 2
            },
            "sites": 2,
            "prevalence": 0.0000155,
            "cnames": [],
            "responseHashes": [
                "319026d08e16a4dc283747bdc7bc43eb006311c5bee45253b0fcb4a82a9d1dab"
            ],
            "type": "Script",
            "firstPartyCookies": {
                "ia_bncl_5333437323236323131303": {
                    "ttl": 302,
                    "length": 53,
                    "prevalence": 0.000015508324092956893,
                    "uniqueness": 1
                },
                "ia_c4dc_5333437323236323131303": {
                    "ttl": 1802,
                    "length": 1,
                    "prevalence": 0.000015508324092956893,
                    "uniqueness": 0.5
                },
                "ia_u4pc_5333437323236323131303": {
                    "ttl": 864002,
                    "length": 1,
                    "prevalence": 0.000015508324092956893,
                    "uniqueness": 0.5
                }
            },
            "firstPartyCookiesSent": {},
            "exampleSites": [
                "astroshop.de",
                "www.astroshop.de"
            ]
        },
        {
            "rule": "intelliad\\.de\\/bnc\\.php",
            "cookies": 0.000031,
            "fingerprinting": 0,
            "subdomains": [
                "t23"
            ],
            "apis": {},
            "sites": 4,
            "prevalence": 0.000031,
            "cnames": [],
            "responseHashes": [
                "d346801abbf9bb4e9e9a055239053d4ab5596514304f601a6c70604187acb744"
            ],
            "type": "Image",
            "firstPartyCookies": {},
            "firstPartyCookiesSent": {
                "ia-5333437323236323131303": 0.000015508324092956893,
                "ia-5323435373136323131303": 0.000007754162046478447,
                "ia-1353737373136323131303": 0.000007754162046478447
            },
            "exampleSites": [
                "astroshop.de",
                "www.astroshop.de",
                "www.bankofscotland.de",
                "www.watchmaster.com"
            ]
        },
        {
            "rule": "intelliad\\.de\\/mct\\.php",
            "cookies": 0.000031,
            "fingerprinting": 0,
            "subdomains": [
                "t23"
            ],
            "apis": {},
            "sites": 4,
            "prevalence": 0.000031,
            "cnames": [],
            "responseHashes": [
                "d346801abbf9bb4e9e9a055239053d4ab5596514304f601a6c70604187acb744"
            ],
            "type": "Image",
            "firstPartyCookies": {},
            "firstPartyCookiesSent": {
                "ia-5333437323236323131303": 0.000015508324092956893,
                "ia-5323435373136323131303": 0.000007754162046478447,
                "ia-1353737373136323131303": 0.000007754162046478447
            },
            "exampleSites": [
                "astroshop.de",
                "www.astroshop.de",
                "www.bankofscotland.de",
                "www.watchmaster.com"
            ]
        },
        {
            "rule": "intelliad\\.de\\/c2\\.php",
            "cookies": 0.000031,
            "fingerprinting": 0,
            "subdomains": [
                "t23"
            ],
            "apis": {},
            "sites": 4,
            "prevalence": 0.000031,
            "cnames": [],
            "responseHashes": [
                "d346801abbf9bb4e9e9a055239053d4ab5596514304f601a6c70604187acb744"
            ],
            "type": "Image",
            "firstPartyCookies": {},
            "firstPartyCookiesSent": {
                "ia-5333437323236323131303": 0.000015508324092956893,
                "ia-5323435373136323131303": 0.000007754162046478447,
                "ia-1353737373136323131303": 0.000007754162046478447
            },
            "exampleSites": [
                "astroshop.de",
                "www.astroshop.de",
                "www.bankofscotland.de",
                "www.watchmaster.com"
            ]
        },
        {
            "rule": "intelliad\\.de\\/cl\\/5323435373136323131303\\.js",
            "cookies": 0.0000155,
            "fingerprinting": 1,
            "subdomains": [
                "t13"
            ],
            "apis": {
                "Document.cookie getter": 2,
                "Date.prototype.getTime": 2,
                "Document.cookie setter": 2,
                "Navigator.prototype.appVersion": 2
            },
            "sites": 2,
            "prevalence": 0.0000155,
            "cnames": [],
            "responseHashes": [
                "47fa395ca2fe5d6d36dcaa28f2fe652acbf50a39233bf8205ed684643a3074c8"
            ],
            "type": "Script",