{
    "domain": "intellimizeio.com",
    "owner": {},
    "source": [
        "DuckDuckGo-US"
    ],
    "prevalence": 0.000156,
    "sites": 23,
    "subdomains": [
        "117259316",
        "117626863",
        "117259329",
        "117936053",
        "117756657",
        "117259328",
        "117859081",
        "117464609",
        "117351982",
        "117776529",
        "117330432"
    ],
    "cnames": [],
    "fingerprinting": 1,
    "resources": [
        {
            "rule": "intellimizeio\\.com\\/storage\\.html",
            "cookies": 0,
            "fingerprinting": 1,
            "subdomains": [
                "117259316",
                "117626863",
                "117259329",
                "117936053",
                "117756657",
                "117259328",
                "117859081",
                "117464609",
                "117351982",
                "117776529",
                "117330432"
            ],
            "apis": {
                "Intl.DateTimeFormat.prototype.resolvedOptions": 13,
                "Date.prototype.getTime": 13,
                "window.localStorage": 9
            },
            "sites": 13,
            "prevalence": 0.0000882,
            "cnames": [],
            "responseHashes": [
                "45a9b7b8a96b87fe0f5e4a3c690db20af26f05749c55f84cfaa2a4e5ee87134e",
                "80d33b4c40bd9f7c8764f9ef7d0b25103b2604e0da0f9b5f9e1c466b52f10dca",
                "42ac6e791c56259f157391366a8fbefacd2be351ebe3d9c7542f0280610aab2a",
                "893880238893f527030edb487f520417e100128c4298e87f74dded1a0cfac2b4",
                "6bb857b3127a7a1fe53d04329b5badc4e37fe9aa12bba868b9f21700f9a99031",
                "2658f7a178c26ac275b1dbe55773413af81507ea8cfe8e184f36f809935e92a3",
                "ae488238651a39633b4b2e687524650a3f47ccfaf48e70de21540d6ab7d2128e",
                "ccf296c44c5101220c70311af5a687ccf7fa122b3d4b3ea08d02f8d82ed7723f",
                "04c0d3122d6a96f21dec9f92e484e0aeb14482749bd4bbb81abe25725d70b912",
                "934872f2ce18294cbfcc3a852886aa6eb2c6837dfec8b9d72258d60f711c923a",
                "e0b2383c5812e6e9a6172f7e8fa16a59ed57671e7c96ee8b4d51a052aecd1fd7"
            ],
            "type": "Document",
            "firstPartyCookies": {},
            "firstPartyCookiesSent": {},
            "exampleSites": [
                "tableau.com",
                "kb.tableau.com",
                "www.avant.com",
                "www.blackriflecoffee.com",
                "www.clio.com",
                "www.coupa.com",
                "www.genealogybank.com",
                "www.mercari.com",
                "www.mongodb.com",
                "www.okta.com",
                "www.tableau.com",
                "www.whoop.com",
                "www.zenefits.com"
            ]
        }
    ],
    "categories": [],
    "performance": {},
    "cookies": 0,
    "topInitiators": [
        {
            "domain": "intellimize.co",
            "prevalence": 1
        }
    ],
    "types": {
        "Document": 13
    },
    "nameservers": [
        "ns-1481.awsdns-57.org",
        "ns-605.awsdns-11.net",
        "ns-441.awsdns-55.com",
        "ns-1974.awsdns-54.co.uk"
    ]
}