{
    "domain": "ipdata.co",
    "owner": {},
    "source": [
        "DuckDuckGo-US"
    ],
    "prevalence": 0.000398,
    "sites": 48,
    "subdomains": [
        "api"
    ],
    "cnames": [],
    "fingerprinting": 0,
    "resources": [
        {
            "rule": "ipdata\\.co\\/",
            "cookies": 0,
            "fingerprinting": 0,
            "subdomains": [
                "api"
            ],
            "apis": {},
            "sites": 20,
            "prevalence": 0.000166,
            "cnames": [],
            "responseHashes": [
                "3f87c2dd6ab0203766f3804fbf14275dc04069feab519f5763c417f0b1dc2dc9",
                "36e13d266f60ec540eef96891e756ecf3a06dd6a22f36e89d0539f3a08121540",
                "d6371368647aa46f1f7afc434162e6174c0b02ba141b7975cb9b830fa9187a26",
                "da386c2e1b52fe6e3d2a8ee5fa212406107d0404fd64ee0089f0e95bec885924",
                "5aabdec7b9e8f779863f7bd7b316ada212b54f32cc354388bae278ec13c83f8c",
                "54eb3870fc582dc986f949887972f52cea8c22a28f40164ba7040c7c45065de3",
                "37d405e92bef036983d8cc80a3090b58828cd50e6c65fdc051df69346c13b67a",
                "35bd89904be95343ba92a82acc8d65f2fe8bf4a79ebfe1ddb6d0364598a437a0",
                "2cd99e301a5c04f1e6bc47f8c44fccae64e36c5d0ec1e44e591499a0d791ca77",
                "1aff643f98f34923d30750a122dcce10f1fe1e74031a0924bd994f13067c25ec",
                "63790ba954a9636cef3ddf388ff4a3f1ff81fa9c543a8e122e4cedd51692eacd",
                "0d24d623a7d0d3d7c6353a473fdb1d4a79ad348e65a133fc6bf23242f7474f60",
                "b9664bd654cea5eb4d4410c4e7184ffa2e34aa35eef9385f4511865b0ef5562f",
                "b7d1f657c2120f21919aa50e4f21aaac0e9478683eed065fb35e460387caba4b",
                "830ef81304bddf7ead19e563e71f2a81c78ed1ee28e5005eab634942960ec106",
                "a6a06fc1b12ba8118bebd42c183404d23708e384578719b0eb6b1fad569febd7",
                "ae1d9f43dbf247ec3ba6f5e567c68f1f4c6166f80621f572bb31b6580793ddd4",
                "60eda940d2e12a5baa9326fbb5cae833519377caba91e8ab16523fd0f6d574b8"
            ],
            "type": "XHR",
            "firstPartyCookies": {},
            "firstPartyCookiesSent": {},
            "exampleSites": [
                "brilliant.org",
                "edmtrain.com",
                "iliabeauty.com",
                "lectricebikes.com",
                "navage.com",
                "smartfinancial.com",
                "www.ahs.com",
                "www.cuisinart.com",
                "www.deccanherald.com",
                "www.endurancewarranty.com",
                "www.getkisi.com",
                "www.homeserve.com",
                "www.hrw.org",
                "www.medicareadvantage.com",
                "www.mossberg.com",
                "www.qunol.com",
                "www.solar.com",
                "www.ssmhealth.com",
                "www.stilt.com",
                "www.tommyjohn.com"
            ]
        },
        {
            "rule": "ipdata\\.co\\/",
            "cookies": 0,
            "fingerprinting": 0,
            "subdomains": [
                "api"
            ],
            "apis": {},
            "sites": 4,
            "prevalence": 0.0000332,
            "cnames": [],
            "responseHashes": [
                "0d24d623a7d0d3d7c6353a473fdb1d4a79ad348e65a133fc6bf23242f7474f60",
                "155f937922323b4fcdc0b846fde13caef37485f3ef65931b9872cd4e8ae00fab",
                "da8de7c893f7d17a9f15036b91f14b8e115e17a6ecdd639182e7ba2b1481f2d2"
            ],
            "type": "Fetch",
            "firstPartyCookies": {},
            "firstPartyCookiesSent": {},
            "exampleSites": [
                "australiansuper.com",
                "www.hrw.org",
                "www.jefferspet.com",
                "www.peepers.com"
            ]
        },
        {
            "rule": "ipdata\\.co\\/",
            "cookies": 0,
            "fingerprinting": 0,
            "subdomains": [
                "api"
            ],
            "apis": {},
            "sites": 4,
            "prevalence": 0.0000332,
            "cnames": [],
            "responseHashes": [
                "e3b0c44298fc1c149afbf4c8996fb92427ae41e4649b934ca495991b7852b855",
                "49b7e5e20cb232ca51aeac91d872da09c5e78cdbe62e6f1989e85ea756b3afb3",
                "bfcf45017ef5ce2b3e5d5ad14056049d264992799fabe0a682bac0e7c99cec98"
            ],
            "type": "Script",
            "firstPartyCookies": {},
            "firstPartyCookiesSent": {},
            "exampleSites": [
                "freedommunitions.com",
                "www.freedommunitions.com",
                "www.responsibletravel.com",
                "www.wearpepper.com"
            ]
        }
    ],
    "categories": [],
    "performance": {},
    "cookies": 0,
    "topInitiators": [
        {
            "domain": "first party",
            "prevalence": 0.5471698113207547
        },
        {
            "domain": "shopify.com",
            "prevalence": 0.16981132075471697
        },
        {
            "domain": "msecnd.net",
            "prevalence": 0.07547169811320754
        },
        {
            "domain": "azureedge.net",
            "prevalence": 0.05660377358490566
        },
        {
            "domain": "bigcommerce.com",
            "prevalence": 0.03773584905660377
        },
        {
            "domain": "d1knh3b6uo8q16.cloudfront.net",
            "prevalence": 0.03773584905660377
        },
        {
            "domain": "vtexassets.com",
            "prevalence": 0.03773584905660377
        },
        {
            "domain": "osano.com",
            "prevalence": 0.03773584905660377
        }
    ],
    "types": {
        "XHR": 20,
        "Fetch": 4,
        "Script": 4
    },
    "nameservers": [
        "ns-1132.awsdns-13.org",
        "ns-851.awsdns-42.net",
        "ns-272.awsdns-34.com",
        "ns-1668.awsdns-16.co.uk"
    ]
}