{
    "domain": "ipgeolocation.io",
    "owner": {},
    "source": [
        "DuckDuckGo-US"
    ],
    "prevalence": 0.000295,
    "sites": 38,
    "subdomains": [
        "api"
    ],
    "cnames": [],
    "fingerprinting": 0,
    "resources": [
        {
            "rule": "ipgeolocation\\.io\\/getip",
            "cookies": 0,
            "fingerprinting": 0,
            "subdomains": [
                "api"
            ],
            "apis": {},
            "sites": 3,
            "prevalence": 0.0000233,
            "cnames": [],
            "responseHashes": [
                "339d02faf6c2a0cc37d8bac109a81503bbbb1a97f3e1d885148cd76e252ec3bb"
            ],
            "type": "XHR",
            "firstPartyCookies": {},
            "firstPartyCookiesSent": {},
            "exampleSites": [
                "dunelm.com",
                "www.houseofbruar.com",
                "www.hughes.co.uk"
            ]
        },
        {
            "rule": "ipgeolocation\\.io\\/ipgeo",
            "cookies": 0.0000543,
            "fingerprinting": 0,
            "subdomains": [
                "api"
            ],
            "apis": {},
            "sites": 15,
            "prevalence": 0.000116,
            "cnames": [],
            "responseHashes": [
                "108e8de76ea9810ba22f2ad6c75cf7e812668bffd33e451a2f8ba3e3eb89ffb9",
                "0b61f6712ea357ce166f7e5ed11af0736469627c25037b077bd1a11e41f88381",
                "f5a544eec3fae6605ea11e88c9632b5405bcb17d784260bd9fa52caecce740ab",
                "9d919fde73bf2c9b29895db62fbec890e7f64f249d8fd4e3d3f1cb03a69a5b31",
                "fece80c76c01446388d76a97a963b1c336928afb7e5e8a04d5a4a2b79dcd2cd4",
                "6e204230a6260830676ac15fab8e2cedfb9d440792b1cd1d1f49fab92fcfd9db",
                "c74088fe377d7ca2c52e3d408226e7ebb8a60a789eb5aab32294671aa36bb7ec",
                "38fdd52fa71cd410c3d336df525d2bab7239eed58561ea6483f5b153b26c5588",
                "53cd47b37779febcea1b20d7265f8530b76799f87f7b3a5605bc49385257e7b3",
                "6fa1f2c37ec6d6a3f58e236d7e50679eda2c5de692e52463a1a420ab8a085ec5",
                "c9f809610e419fb19c13aa2f3aefcc038313d4dda724bd5559963a658ec3d123",
                "0f98c167dd309a6ce915058ec9581eeb7156729d1ea8c1f3208e1adb77479ac2"
            ],
            "type": "XHR",
            "firstPartyCookies": {},
            "firstPartyCookiesSent": {},
            "exampleSites": [
                "groupe-reussite.fr",
                "navage.com",
                "skyyvodka.com",
                "thcphysicians.com",
                "totalgymdirect.com",
                "videotron.com",
                "www.calculators.tech",
                "www.ghostlifestyle.com",
                "www.gianttiger.com",
                "www.homage.com",
                "www.mous.co",
                "www.pandaexpress.com",
                "www.performancelab.com",
                "www.robotshop.com",
                "www.trulieve.com"
            ]
        },
        {
            "rule": "ipgeolocation\\.io\\/ipgeo",
            "cookies": 0,
            "fingerprinting": 0,
            "subdomains": [
                "api"
            ],
            "apis": {},
            "sites": 5,
            "prevalence": 0.0000388,
            "cnames": [],
            "responseHashes": [
                "e67dc2114809a937443b6429519f5515529e81585185bb0fea8256b0b1a6ce06",
                "5cd33f42c0c7393427277671aceeb7cd733788b793b90e05222e56d06ed015fa",
                "5eca051c455097353bf3351f7d8997fca25acc507475af6dff4581f6c8434577",
                "014abcc6b4a1dfc1995b2ec76777d652cfb76334d023d12f8b2595a1f6c47294"
            ],
            "type": "Fetch",
            "firstPartyCookies": {},
            "firstPartyCookiesSent": {},
            "exampleSites": [
                "purelei.com",
                "simplelooseleaf.com",
                "www.orientwatchusa.com",
                "www.positivegrid.com",
                "www.upliftdesk.com"
            ]
        }
    ],
    "categories": [],
    "performance": {},
    "cookies": 0.000101,
    "topInitiators": [
        {
            "domain": "first party",
            "prevalence": 0.27906976744186046
        },
        {
            "domain": "shopify.com",
            "prevalence": 0.27906976744186046
        },
        {
            "domain": "datadoghq-browser-agent.com",
            "prevalence": 0.11627906976744186
        },
        {
            "domain": "bigcommerce.com",
            "prevalence": 0.09302325581395349
        },
        {
            "domain": "jsdelivr.net",
            "prevalence": 0.06976744186046512
        },
        {
            "domain": "jquery.com",
            "prevalence": 0.046511627906976744
        },
        {
            "domain": "conferwith.io",
            "prevalence": 0.046511627906976744
        },
        {
            "domain": "ajax.googleapis.com",
            "prevalence": 0.046511627906976744
        },
        {
            "domain": "d2fj3s7h83rb61.cloudfront.net",
            "prevalence": 0.023255813953488372
        }
    ],
    "types": {
        "XHR": 18,
        "Fetch": 5
    },
    "nameservers": [
        "cheryl.ns.cloudflare.com",
        "nash.ns.cloudflare.com"
    ]
}