{
    "domain": "ipgeolocation.io",
    "owner": {},
    "source": [
        "DuckDuckGo-US"
    ],
    "prevalence": 0.000299,
    "sites": 36,
    "subdomains": [
        "api"
    ],
    "cnames": [],
    "fingerprinting": 0,
    "resources": [
        {
            "rule": "ipgeolocation\\.io\\/ipgeo",
            "cookies": 0.0000663,
            "fingerprinting": 0,
            "subdomains": [
                "api"
            ],
            "apis": {},
            "sites": 14,
            "prevalence": 0.000116,
            "cnames": [],
            "responseHashes": [
                "e1f46dd500789ff6bdf708a3a6df9f07f3083e89da0238bbfa2d2dba2a64da58",
                "8fd8e652b49fa55860d53f53e7442a09a83bff96dac3a555cf198a0282ebf498",
                "fe0409a97355a8d1269fb643b9f1fda5e2464044da08f98593099127892f1cc8",
                "85b44eb997325a406506943d54a78d4e98777cce2083d890cc8e66ea7ca24ca9",
                "16095b6026c69033e4480f5f91fcfed8ad22363e7ba89931ec948c95a4126ace",
                "824559dc85fa74e66e395d326c179d134bbf2b594bcdc3f39be229e1acd3f976",
                "0415e7933a0f7fb7d6681aa0b625fa51280933279f7d2510fdc52441a44c120d",
                "b5aa2f1d7ebd7f8851fae1a2a27e86fca86b68961147da7757ad1b6534b0cb21",
                "49c9c7195a87dbe1c889c00329faab4b9e60e909277eaa7f35a46beb1e289ebd",
                "cfc482f7ad261ed55868b1e2dfc9eed63cb3ec18b6b5deefd39cefe63fa1d3c5",
                "f5a544eec3fae6605ea11e88c9632b5405bcb17d784260bd9fa52caecce740ab",
                "0f98c167dd309a6ce915058ec9581eeb7156729d1ea8c1f3208e1adb77479ac2",
                "e243636d324e29a8c3714af28d70600f653f25390ee0060158bcc125003de4b9"
            ],
            "type": "XHR",
            "firstPartyCookies": {},
            "firstPartyCookiesSent": {},
            "exampleSites": [
                "groupe-reussite.fr",
                "navage.com",
                "www.airthings.com",
                "www.calculators.tech",
                "www.ghostlifestyle.com",
                "www.gianttiger.com",
                "www.leidos.com",
                "www.mous.co",
                "www.pandaexpress.com",
                "www.performancelab.com",
                "www.robotshop.com",
                "www.tenthousand.cc",
                "www.trulieve.com",
                "www.uti.edu"
            ]
        },
        {
            "rule": "ipgeolocation\\.io\\/ipgeo",
            "cookies": 0,
            "fingerprinting": 0,
            "subdomains": [
                "api"
            ],
            "apis": {},
            "sites": 5,
            "prevalence": 0.0000415,
            "cnames": [],
            "responseHashes": [
                "98e290e20bfbd7923b64d9dd0cae4c686e0a6a7484b71b95aa64c21d6c300911",
                "726d5fd5a68918c5c750d6cc2744557c266cb434ea07df90d4a20762b9ae45b7",
                "8c8d6d4eb3e93961e4c92dada01584964a031581eb59c44c9605aa25a56b05e0",
                "1cac59900c711685690ed383dc8f8f261bed294de73ff235e7b2182f95dd14d3"
            ],
            "type": "Fetch",
            "firstPartyCookies": {},
            "firstPartyCookiesSent": {},
            "exampleSites": [
                "simplelooseleaf.com",
                "www.ohpolly.com",
                "www.orientwatchusa.com",
                "www.positivegrid.com",
                "www.upliftdesk.com"
            ]
        },
        {
            "rule": "ipgeolocation\\.io\\/ipgeo",
            "cookies": 0,
            "fingerprinting": 0,
            "subdomains": [
                "api"
            ],
            "apis": {},
            "sites": 3,
            "prevalence": 0.0000249,
            "cnames": [],
            "responseHashes": [],
            "type": "Preflight",
            "firstPartyCookies": {},
            "firstPartyCookiesSent": {},
            "exampleSites": [
                "airthings.com",
                "www.airthings.com",
                "www.ohpolly.com"
            ]
        },
        {
            "rule": "ipgeolocation\\.io\\/getip",
            "cookies": 0,
            "fingerprinting": 0,
            "subdomains": [
                "api"
            ],
            "apis": {},
            "sites": 2,
            "prevalence": 0.0000166,
            "cnames": [],
            "responseHashes": [
                "339d02faf6c2a0cc37d8bac109a81503bbbb1a97f3e1d885148cd76e252ec3bb"
            ],
            "type": "XHR",
            "firstPartyCookies": {},
            "firstPartyCookiesSent": {},
            "exampleSites": [
                "hughes.co.uk",
                "www.hughes.co.uk"
            ]
        }
    ],
    "categories": [],
    "performance": {},
    "cookies": 0.000116,
    "topInitiators": [
        {
            "domain": "shopify.com",
            "prevalence": 0.3902439024390244
        },
        {
            "domain": "first party",
            "prevalence": 0.21951219512195122
        },
        {
            "domain": "jsdelivr.net",
            "prevalence": 0.12195121951219512
        },
        {
            "domain": "bigcommerce.com",
            "prevalence": 0.0975609756097561
        },
        {
            "domain": "datadoghq-browser-agent.com",
            "prevalence": 0.04878048780487805
        },
        {
            "domain": "conferwith.io",
            "prevalence": 0.04878048780487805
        },
        {
            "domain": "ajax.googleapis.com",
            "prevalence": 0.04878048780487805
        },
        {
            "domain": "getelevar.com",
            "prevalence": 0.024390243902439025
        }
    ],
    "types": {
        "XHR": 16,
        "Fetch": 5,
        "Preflight": 3
    },
    "nameservers": [
        "nash.ns.cloudflare.com",
        "cheryl.ns.cloudflare.com"
    ]
}