{
    "domain": "ipp-meredith.com",
    "owner": {},
    "source": [
        "DuckDuckGo-US"
    ],
    "prevalence": 0.000191,
    "sites": 23,
    "subdomains": [
        "cookie-stream"
    ],
    "cnames": [],
    "fingerprinting": 0,
    "resources": [
        {
            "rule": "ipp-meredith\\.com\\/v1\\/s",
            "cookies": 0.0000995,
            "fingerprinting": 0,
            "subdomains": [
                "cookie-stream"
            ],
            "apis": {},
            "sites": 12,
            "prevalence": 0.0000995,
            "cnames": [],
            "responseHashes": [
                "3e9abc777c77f6bc590088280934c5094b4d1c84415f53a988a50d0b9470c0fa"
            ],
            "type": "Script",
            "firstPartyCookies": {},
            "firstPartyCookiesSent": {
                "muuid_origin": 0.000082917364554485,
                "muuid_source": 0.000049750418732691,
                "muuid_date": 0.000082917364554485,
                "first_request_id": 0.000082917364554485,
                "globalTI_SID": 0.000099500837465382,
                "muuid_link": 0.0000912091010099335,
                "muuid_session": 0.0000912091010099335,
                "muuid_channel": 0.0000912091010099335,
                "muuid_current_channel": 0.0000912091010099335,
                "_pnxd": 0.0000414586822772425,
                "_dor": 0.000049750418732691,
                "_li_dcdm_c": 0.0000746256280990365,
                "mt.v": 0.0000248752093663455,
                "_gcl_au": 0.0000082917364554485,
                "mt.g.5f640441": 0.0000082917364554485,
                "OptanonConsent": 0.0000082917364554485,
                "visit_ts": 0.0000082917364554485
            },
            "exampleSites": [
                "ew.com",
                "peopleenespanol.com",
                "www.agriculture.com",
                "www.allpeoplequilt.com",
                "www.cookinglight.com",
                "www.dailypaws.com",
                "www.eatingwell.com",
                "www.marthastewart.com",
                "www.midwestliving.com",
                "www.myrecipes.com",
                "www.parenting.com",
                "www.woodmagazine.com"
            ]
        }
    ],
    "categories": [],
    "performance": {},
    "cookies": 0.000191,
    "topInitiators": [
        {
            "domain": "googletagmanager.com",
            "prevalence": 0.9565217391304348
        },
        {
            "domain": "first party",
            "prevalence": 0.043478260869565216
        }
    ],
    "types": {
        "Script": 12
    },
    "nameservers": [
        "ns-1235.awsdns-26.org",
        "ns-1629.awsdns-11.co.uk",
        "ns-1005.awsdns-61.net",
        "ns-452.awsdns-56.com"
    ]
}