{
    "domain": "isenselabs.com",
    "owner": {},
    "source": [
        "DuckDuckGo-US"
    ],
    "prevalence": 0.000705,
    "sites": 7,
    "subdomains": [
        "gdpr.apps"
    ],
    "cnames": [],
    "fingerprinting": 0,
    "resources": [
        {
            "rule": "isenselabs\\.com\\/users\\/versioning",
            "cookies": 0,
            "fingerprinting": 0,
            "subdomains": [
                "gdpr.apps"
            ],
            "apis": {},
            "sites": 7,
            "prevalence": 0.000705,
            "cnames": [],
            "responseHashes": [
                "f25be8eda6c6cc02110dae4bdfbbe0869b0c621d82a8c20c71823c0d415609db",
                "d2e5c24046821acb88d21c305ecdec52fb53abd2d8436ba6c8d6c6180d70a538",
                "7f636dab2af0492fb577d974a36f07805699d6db171717a6f1262bc33cbc52a4",
                "aec7b4a2d8a2f6d7ecc1b8eb25bb50b36541c4fb75261953d2598fa717f38f28",
                "d58740e124f88064ca8089868c0b81205e87278787f30a88487758eeb5f0e844",
                "f6e730a752ee2bfc11d5b9faf8bec5c1863dbc3ad0cb5781415dc1ecf1a762c7"
            ],
            "type": "Fetch",
            "firstPartyCookies": {},
            "firstPartyCookiesSent": {},
            "exampleSites": [
                "bicyclewarehouse.com",
                "culturesforhealth.com",
                "stetson.com",
                "www.harrisseeds.com",
                "www.keenfootwear.com",
                "www.neweracap.com",
                "www.yandy.com"
            ]
        },
        {
            "rule": "isenselabs\\.com\\/users\\/getCookieConsentSettings",
            "cookies": 0,
            "fingerprinting": 0,
            "subdomains": [
                "gdpr.apps"
            ],
            "apis": {},
            "sites": 7,
            "prevalence": 0.000705,
            "cnames": [],
            "responseHashes": [
                "c96a29cc29f1218e883084a28d43982b91d683c4de4a4a1b3957127cbfb35629",
                "0fb03830f6fd971e027e0c7625b544288c587ad352c7713feac63aa4328a62c4",
                "38b904a1cf83df048360fb2480571b749fd98d57e11f1afdffb5a74a78166fea",
                "d5f9cc02581e0ff3cb5dd610f9446f9b6daeae04ade7832b293b52efaba0f410",
                "383c789b06683d9f40b901835651e64b1a55e9e85c7795af83034782d42dc134"
            ],
            "type": "Fetch",
            "firstPartyCookies": {},
            "firstPartyCookiesSent": {},
            "exampleSites": [
                "bicyclewarehouse.com",
                "culturesforhealth.com",
                "stetson.com",
                "www.harrisseeds.com",
                "www.keenfootwear.com",
                "www.neweracap.com",
                "www.yandy.com"
            ]
        }
    ],
    "categories": [],
    "performance": {},
    "cookies": 0,
    "topInitiators": [
        {
            "domain": "shopify.com",
            "prevalence": 0.8571428571428571
        },
        {
            "domain": "d2fk970j0emtue.cloudfront.net",
            "prevalence": 0.14285714285714285
        }
    ],
    "types": {
        "Fetch": 14
    },
    "nameservers": [
        "ns-132.awsdns-16.com",
        "ns-882.awsdns-46.net",
        "ns-1084.awsdns-07.org",
        "ns-2001.awsdns-58.co.uk"
    ]
}