{
    "domain": "isenselabs.com",
    "owner": {},
    "source": [
        "DuckDuckGo-US"
    ],
    "prevalence": 0.000588,
    "sites": 87,
    "subdomains": [
        "gdpr.apps"
    ],
    "cnames": [],
    "fingerprinting": 0,
    "resources": [
        {
            "rule": "isenselabs\\.com\\/users\\/versioning",
            "cookies": 0,
            "fingerprinting": 0,
            "subdomains": [
                "gdpr.apps"
            ],
            "apis": {},
            "sites": 51,
            "prevalence": 0.000345,
            "cnames": [],
            "responseHashes": [
                "dbdbefc48c90b7adee7ca4751ead9d78456afe44e65413254fc528612d906b11",
                "7afceefaabc3cc3920d102db9f5b44c03e3a95457191cca2802c5d9202a3544f",
                "cbd6b98e0aeecb434cfedac80a6c03ad3dccf624e871813c8fe939808aaae932",
                "ff5a56789a80781d3abb51037138ffb11d6081eafea14ce71feedf53d5b1062d",
                "08deccd75c9d8f28024219c87a11cf77d0da80dd2af09ee81f76ad5897cf1a3f",
                "6dd81844c6c9d95236f4ff6963467f88c524b77438db5a42240bd522c6caaf65",
                "1d2fecdc9c2df0dfbf32d843749b998334ef71f68b3b77cae42502c26f756866",
                "caa6e9367ee1b1d1945778c04dbb114edf92920994196b47ab1371148a620e6c",
                "ed0dcd08c764a346f49753878c6a629d23a2fe35d37c0007d85903790f000f3b",
                "f92c194f408caf685a70a97465bf16e1dbafaa6a811b0133706b1ceb40269087",
                "0ba1fdfe1d2a99edf280121636432dd2a51583e9aec6780ea031c6546dba0938",
                "257b3003aca7418e06b1b3498c93fc39bff7f4e52f5fd9b088e437cdfa97a0e7",
                "3cb4665e19c68ca0131b9fb92870ee06274be6b408abdc52e510ae891cc153c4",
                "238ade9544c6c88b64524a7e0f16cb2bd4448d0917a8fb1bd580813613c3c2f4",
                "f8059832fba7b7d3a5b7fdac562aa2b9b7d66715aee57293f2ac97dbe31ccace",
                "93e5cce8b57ec301689c1c68b162339e036a7bd5f1857d60c66d36061ad8a506",
                "34bfa5233e33bda49cf7606d7da2cde1945dfef9298af5e80b278981694c5017",
                "d696ac0f58d07abf474c24062a26af53d939abdef13b9a830bdd98021993ec7a",
                "3395ba14997ed9d96ecb1335f65f120b1dd7186ff7bf04dd452cac5eb7e3f4ff",
                "4658a00f199bbcefd546cfe358ec6e97575bf9a5a783efc613a57a1be75af6d9",
                "6c4f95fa941e1d6191a62ab9a37706af0e521309d403e3a47fa254f4c489f91b",
                "cd9b44c3efb20c1904c99d223c4c210c8e3585bdd67b0522b38bae020e6ad9ad",
                "9a3508cf62b34bd15d7605aeac49f1bff3e4235fb774664bfe0e93911b40739e",
                "8bd46c42126912377cfb2b1b220c12f73d9cd03c37de1d79a3807b47e4d63253",
                "ccecb904af15ee477406fd2847ba1b34b8abfdd03e3d2279500e975a89aa9f7e",
                "e446ea68692005a382f6ffc1a4cdca4872eef40cd2fa64ad24240531808ad197",
                "c60e76e48598ad592cd4b3ce6f80129b3b82ad031d1ac78b92d97386a6c8d9b1",
                "62be86a63238c772af73357fc054dafb8b24ff871a135693b1e45e075611b0a0",
                "125280d85982d24837886ebc3b7c7f83c07be80b925db257c758dea6d0f59f56",
                "fb9240316d8e55be46834a2ec6f06e62c353b6275c8c8b1d2c4e8de723dbd5e9",
                "3da5178840d9bca12995bb180f9663ff78ffdffd512cc30638773a7200eb3de2",
                "4920e6794a6d885bedd6da5d76b9e474131837a04c765368804e06322ded79fa",
                "6700c1f7d0e9e1d0f52244a0b049780e842b231a27e1ec7d8c38ac6c08c936bc",
                "c4720d836a2c2fd56403e92ad8b1cbdabd845819c83b633801367a567efce263",
                "f7248c125b3fae35a9746034a619babcba3dc98f2b7227ae04d14b34df206e0a",
                "89eb45d170ad4720eaedfe73da60588b89ef5492ccd364d3ea9afdb1c65d0a30",
                "3f61aa77911a513df7cfc0e48cf8702bb3d52f4b3e2a19d8c233d0e44de8b015",
                "3ee2726ea09bf3cdc7422039794cdba593e3a29def0b656c9fc937c4e6409f63",
                "ab228a2d1dd20bde333efdaace5b183ce1546e7a2b5cce54ee88d41f296ad279",
                "489fb76fe72ea0eff274e57b88401bb249ed57e9bcc5f23f54581a45c830e798",
                "d5af87855d5724b5f15003135263e70b1f875e0264607df14a61cc698d7e0ded",
                "9aed467d5f059168e264717d9fd3f79ef944716a6e3a19d500cfc114547c26d4",
                "0b8574c8c1a4a774b6c364645eff17c53fe13c0313bb347a7ce4a523f1913daa",
                "814f4ddb9ebfb1b83d483edf804df42b6a227dcb5145ab639b615596978a7616",
                "9f34843f0f34e4616c10e655e6f4603c384ef5d984eda2fbef16a64a834b0ddf",
                "fae8c46da61d398dfed66bdceb2b5b0a2b0f53954a1cddc73ed54518e9755d56",
                "5b0255e14fd71fe5d93dadf6ae1c38e5871bf3e5122da643ea1a7b1cbf8a11a4",
                "6bf48693f7bbb6c61b4e56edfcbed53da33340f44e4a0fb8ba7b88ee272c0df3",
                "c13092ceafa102065d37a53bb5bf10ef5d263f18caa7d73a09791c03032f7c9d"
            ],
            "type": "Fetch",
            "firstPartyCookies": {},
            "firstPartyCookiesSent": {},
            "exampleSites": [
                "yellowstonetvshop.com",
                "trueclassictees.com",
                "stockroom.com",
                "www.explodingkittens.com",
                "www.thelasthunt.com",
                "mediamarkt.pt",
                "us.kef.com",
                "www.gloriousgaming.com",
                "rhinoshield.io",
                "stetson.com",
                "lectricebikes.com",
                "www.shocksurplus.com",
                "brickhousenutrition.com",
                "www.kuiu.com",
                "www.svsound.com",
                "us.moccamaster.com",
                "nakednutrition.com",
                "www.myteadrop.com",
                "vegamour.com",
                "www.lionbrand.com"
            ]
        },
        {
            "rule": "isenselabs\\.com\\/users\\/getCookieConsentSettings",
            "cookies": 0,
            "fingerprinting": 0,
            "subdomains": [
                "gdpr.apps"
            ],
            "apis": {},
            "sites": 47,
            "prevalence": 0.000318,
            "cnames": [],
            "responseHashes": [
                "38b904a1cf83df048360fb2480571b749fd98d57e11f1afdffb5a74a78166fea",
                "014863ac424f7837db8ce7b54063d71bd1b7d0a673e37738d829ab7d96f7c47c",
                "8dc61835811ab96d3d5ceb518a9fbeeabe4b38adf6f6511769736919fb1f17df",
                "1c05396662801b2a97cd7f15553f2701394dd1181efc3c10f87ef946d723c9dc",
                "69f893e1c7ed4203bb2e07e307670cd98a65a86619d06396946f8e3481ea5c4b",
                "67811824eeba6ef4a6e9e5f756f4e5884ef3ee4afcfd46de4d0f45e1680435cc",
                "679a7b72d0dcccef6362a2dc68bc4e4371e44c5a7094b26f9b4e28a863584100",
                "630e868e0743d024839ff50777d230ed7954f595532e6709cabeabf491d17270",
                "ef1d7b42daa20712fa4079ecab750ebc44a9dcd8f7d43b5fba21cd1fe1b7ad7c",
                "d789d94d485b1c8085e5684954154ebccfa61f8d144ba1858648bdd97295d2b1",
                "3ed92cc147b126fd5dd5c734333df485ac9b6d5f7aa5302340c5cd32ca555c3f",
                "30a57807ec39369df9c1ee214020a2af925dfa6cb273e562c843dff2ddbf6444",
                "3684996dab2a04d229b66e77e8135b88fc364cfe06c27f8dc7acc8c339b6c6d2",
                "bdda20775edaad233eb124b67076600a0baf50f7e4e6b0a36513eecbeb225bd8",
                "24ccc3ae277b737813ddda327e53deaad2f9f39a126dca6af68a6d3864302e3e",
                "d6ed0352ae0f1c78486709226900c3ba76d673860dadc90782a4a6c3d1cc2061"
            ],
            "type": "Fetch",
            "firstPartyCookies": {},
            "firstPartyCookiesSent": {},