{
    "domain": "isenselabs.com",
    "owner": {},
    "source": [
        "DuckDuckGo-US"
    ],
    "prevalence": 0.00157,
    "sites": 232,
    "subdomains": [
        "gdpr.apps",
        "storelocator.apps"
    ],
    "cnames": [],
    "fingerprinting": 0,
    "resources": [
        {
            "rule": "isenselabs\\.com\\/users\\/versioning",
            "cookies": 0,
            "fingerprinting": 0,
            "subdomains": [
                "gdpr.apps"
            ],
            "apis": {},
            "sites": 120,
            "prevalence": 0.000814,
            "cnames": [],
            "responseHashes": [
                "c97861b5cb471906a77d244ddb61e0e564309e93d74af40d9abff16d448facc9",
                "7140e7fdbef20df4911ddf03067ac0e4b0773875a7d769d63840547354041f6e",
                "802533c6abb3d88a361ff623410a5915e84e39ce8fa9e9d7c3f65710f806395d",
                "9fc03c1efa45330f737c47503b45d6c6fe8624c55fbc87a7360f2b47aeda114a",
                "027ca2181f87c582964a90595356045f9d719885d9fc75202b15b8e59c9939e4",
                "a8c3101ca33e4aa38d522c36bd047e6db7862c858ecf447f651c66494b776e65",
                "2dd838ee0faeb21a8981d1a9155d337f18ff36e93bc74b2efc545757f604350e",
                "c1238e8b1b719182fae1eb0a3eaf3727441d4183cd226c10246dbf14a04077cf",
                "76961626102b55095632aff992a92e83002c73f52400942437f29f414d796425",
                "57850c3e6f94339a9af57178045f29b20f2050ee8a7e488d02992f8960c536f3",
                "1ed0d32d108cd09d45d87405ddf4aebe8a8062db9bad48a0f75bfa32bd1dc6c1",
                "ac4e563f8bd08998da9f1e0cd6322c7ca5db0e527e846fab7ddde98116116ec0",
                "c3fa5dbbe5ed4f2e2bb7acd465d15b3ac587f70d178d7741fd3dd83ab77c0b27",
                "da676e6ba9258413adae3b77cbf75f649303dfdba94dbbf65e81bfd20c4d24ce",
                "a8124cfefac4cfbb61bbbd2960556875380d397710ebd93be0ecbaf0e69e2819",
                "e7c305d5509ecd78930b0cef48321f32a217a1d595378d7ead6d54657d50ceb2",
                "3479ebd134e7ed28372acf90a4963a26d8880b8aba0a2d5aaafed8a629cff9df",
                "5bf781e27f212a49419d48c44e5c73a7e375e4798624d5d13b8b7478dceeb308",
                "e581a3871848324261f880c3cff0f40fc6f29b3d0f07e0174ea739e4bf101838",
                "57723e6a342ed6e153dc6d6e0f08b3b43424c110696108b65a56da730bbdbf8e",
                "1c6d02fdfab385bd30060bdb8d255477c32db14d9f8d9626b73d73562e080772",
                "111f7d409b59c06f723989388d78ff0479d0ad7a973649cadf19e49955ca3459",
                "eaa793304f3cefb2459a26eb99a9fb4623eacc5d4ca2ad54c2cc0aff33da0c37",
                "d0b378fd38fac385d667ada485db1ae51e8c2c984b3dd1ae573b44a9ece1575d",
                "d113062e51655ab883df473384889d591ef4d1d047ee3b4e12525e759de5212d",
                "4a789f9eab5c087c6c1e33fe3db279b158e2503f33822656a9a360284ba81b6b",
                "83aafdb11c77cf04ac5f67db7cb30aa679df88e25a5772d534f23bfe2d166cb2",
                "00c3299ac362b44e8699c86cdb913d111b8428c400724c847cfe065bd45987ae",
                "bd07c3513065ebe084f2babc4a688f899edce6989b9491550e4494bb1c93ca8e",
                "9b33e588f017441361f3098b3bb331b75bad2ad6f093521af331adbe87dfd13c",
                "0b2d2712589f5bd640b6921989e5f1f63fa331e7e55b967fee0ff4d081ce1f2f",
                "e3ca09e0e66bca02f40b74c1147f65f52cab24abfd3438fd0924d2842d6dfa9a",
                "c7865d7e7f7a758414e87cca1dd6627908d662c9acf9a7df54042440da201fb2",
                "a1b4e13b9e1f6e14bc7a36160b49119d01ff6bfdd72a1f5a9c7d5277ef565a53",
                "c2c90c5b9a199c3a83413fe9cace6434cec89688b4be76add84be955afeb6daf",
                "6477bf0522b15ae8af834cc97c774b1bca945faf87aa6cb7748087dbe010c1bd",
                "13d7cb850a5dd08cee5c720553965080016abc8b270e2217dfd53f5f917bcaa6",
                "26d5d31f81069541f24ca7212e0235a0a7a2724b57c9429b73643b64aac3924d",
                "3212dc9de09eb779cb96cd86547bb6679e91e347d5982dde5d46c0849ff78cd9",
                "c45d0d294d7a3cf8881d194ad1005bbf7ff65f668d85ff0f007a3f92bf1bbdbc",
                "005e3638f89a48cc8fd4c4aa80f394f751a1a55c82078679a67cd7a6a40b6f9f",
                "0fc2c78c4805c1aed376135e38b4ec3bd5bbe49ddc41b7be5c72e54b9bd64b53",
                "80e8fc9ae3f0b11f4868c16f0c8d05d84887d265ba5fef8fcfdf7352211d27bc",
                "896480b1214ce0248be4d842839357c96134e2f32e7077d3ebbc36579d52f48e",
                "bdd3a18c02cf18ca1f8cfc9d03098bfc263f71e47922f62cda7b691c660cfda0",
                "fcde33b6a54bde0f35e2fb8f5f262f2ef021ab3a62f38d51de41e1c2f79f98c2",
                "92cc7ae719ef807499169c7daa8f6c9080d579abc9c935453094889998cbf295",
                "f2ed1c97fdd2e594a1b95fffffcb55b79fd5494873e303fbea7facd54ddc03f7",
                "bafef8288c1a50fdf543724f262c7165cf0ab6660598ca4fe95ce4392c32ae64",
                "ea0428023b2f36128b8b88bdd463608ba9a153eac7ba9e2265ae66dba2c43e12",
                "03ed3a1617d281b14316a709ff1988855965ee27c9a5dbfab641829cd0455da5",
                "a4b97e801a39e346ac787cdb946ee85dc228f3118307dc7ac56b740abf27cf9f",
                "01648754e45e9d1f68e9db0dc12af7c0eb5570f8ac384d21485d51919c7777fb",
                "b04f5afedb61b3050027c71b7a0371f9265aa10b278b5f9b8e872fb19349526a",
                "82adf67812c8a3d69680190be0df18c0e2fcf8d15359fed95539756434717a46",
                "b05514aff81ba8f8e92d8d6ff35a43c71daa91091b54ad875209049c25a95959",
                "1bff3e0d3bfedbd0ce12f69a9dc642bc66f3b13a9f1b6824b19e38c843a709ce",
                "88e54401d010ad1f0d1e4044e320414d29f60d8050e4b25db6469ab912af0532",
                "7fb47e005ce5d9e2df3f275ef56365eee3d4e22e255168262086c2e8789d4823",
                "2c5e8c1ac19f282477584080a000ae58de53f458cc09d2b91549a74c53e46d18",
                "c86934b184710ce2a48b497624ec3899f62be60998c32b22e097e65987ebcfa2",
                "4f460b1f961d761cf6d7f0d6d21e3ee8b30dd4d474a1c198f75557826c499d00",
                "f3bd10c390b2ff6a25ddb15ddce64acba530623d0221190b32608fe847238912",
                "c979a6c24a23fc16789c8cb49fba442cfb794fe1cad648370bf7b740fce5136b",
                "7ac21007d87ab6735c68481740474ffb1680e8077081b42e55003ba853f48927",
                "1c892bb97fcd92f569d46cede70b5fec3de68440b2dea720e137fb6d5f8814de",
                "d37d6e5f628cbba24d75b213ef1ce8d5c6af05697366b69924580a876c5e5c38",
                "a6c25035b69589d72502950835fa1c354f2f3f163b0533f4730a57f36de2a1fe",
                "17601fdfd1ea5998d741b9dc290993570b85ac06b92ea4b93e554fdedbf6ad00",
                "8520a09cfd1893b06c230e2cc9da221b0e8bb1c333a9a2fa5ba3de2014a78bad",
                "770f1587aa0fad51735bc82d749d6bb500b71a8c4ea51500f456ae4e1cfdb8dd",
                "8a705011be104c9c0fe5d337ab5fe75d8fd60e52b0ef4ea5f343d37b3933762c",
                "958a16211c1d4c50de128a33da5794580877beb5fdee3e5de60f875f7e1f97a1",
                "72e9d42305fa19b640fef4c3d9c249ceffc350183d75ad02bed3ca92e18d6e72",
                "8ebe8d90f6e18c3241f27cce7cf7236711c47e6943969b365352642906e5cc81",
                "5adf7542b22eb42b9605f56fdbc9b9039fbb3a30dc4ff335c45d6b716d5d1297",
                "9f7e88a1d5d0301e36670c7bb73325332238d6b03dfc3664c0d51116d36d8873",
                "5ded4d726a2a5305e7efbabca8910748482f7c17816748d5371afcb231dd7a10",
                "4f9e245085b71506a89c5868d7fa80aadb63eb6a2cb157adc3643a5acfe4da24",
                "5bbfcb9848aedf669ff141d8c85da77ef806f6dae80be616897456bd172bc304",
                "d0704ce1548eef8de74926403687bd461dabaee98fca4c7a3b8fc655aeb8460e",
                "d527109b0921c6f17e38caf0d2eb2caaa4a6ae5993384a8aece24daea1128bf1",
                "bbddfeea90120a4154ee46f46aeb4dca22ae279f2b31a76686a0076a944d2912",
                "fe466a00d5eb64547af85252f66a5a4ce679dad620317f2ff490292d49b8c19a",
                "313bf42ace2f833254244f0c6d3e490dd33d9f27179392edb2adc686527decdd",
                "97392f8f97a02438e282421c6efb1feab0c29b3cdc6632d01aba5c36a5a07c76",
                "3201c322dc99b005c72a5438df435c13a6696aea07155894b41f8b4aeb8851d5",
