{
    "domain": "ivstracker.net",
    "owner": {},
    "source": [
        "DuckDuckGo-US"
    ],
    "prevalence": 0.000339,
    "sites": 50,
    "subdomains": [
        "hdrbd",
        "a",
        "r"
    ],
    "cnames": [],
    "fingerprinting": 1,
    "resources": [
        {
            "rule": "ivstracker\\.net\\/hbplacementsservices\\/3000861",
            "cookies": 0,
            "fingerprinting": 1,
            "subdomains": [
                "hdrbd"
            ],
            "apis": {
                "Navigator.prototype.userAgent": 26,
                "Navigator.prototype.cookieEnabled": 26,
                "window.sessionStorage": 26
            },
            "sites": 27,
            "prevalence": 0.000183,
            "cnames": [],
            "responseHashes": [
                "ed654618be05d2107a7f1161dcf679696b2d11473ed2f4064a76b386492c50d7",
                "7c37a1b6c8143c5b39db66e10fee3a50897e0ecf0c227c386bd92e456671e84d",
                "d5a5244794e1cf41e874f84804a4f7214add82443caed9a40c17d7f745dff511",
                "c5d520775d81ad4eafaa342b60043ef4d8536951a3ac0df8628ee4a2dd008157",
                "1f0d7d16919ebf31a0fabe031209e1e21eaa18c45a87a735ed429731e6707408",
                "1c2740f3426012e87cf84feba622d3a55ff343b39e20d2ab3ff2f665eeec8252",
                "4bc0b749bd6b48c60404a8167a1261d80a0c1cb9d40f77eaabcdb943f4ee2bcd",
                "da0622c376f69c851ae1bf05c6332f6d5be564aa4a862e8f74bf4d34bfa02a99",
                "c515bde1608b570bd05bdb6de91a014f2f886d4386f7a07890c549295c102c06",
                "4d7200ba2474d87f0a06d1b4232b440830ac9cd4abd1d54c45eaec3c32a1b685",
                "bf1c1dc686802d62efe07938af21c940c466f3cae9a3609e7b55673b60f170d6",
                "9050acefe8dd8b8560dfe22bc0effec24b676434e5aa3095559dc4f78098980e",
                "7276dfba07d3bb888aaac2e6de49191d86899cd8cbadd10bbf1b5f3fb993373e",
                "f51b7f0884056d355054decb436431ec6874a503609060995eb167a6de338cab",
                "0471db374d5213f7c9c1e9986f7851540949e991257a9f5f15a3b42b82b58267",
                "1ea463c72b551969fb0b2fa2f88a8bc5e8d8414199cc1cae4819da4cf08248d8",
                "15a43f0cb3256715b3499f4de239a95c5d201f6748324482064548ef7b25c686",
                "94b6b8b646544cfc8336e735a619166b59c698a7e04fe5e702176fc972a806e3",
                "8988c8690515ba6963b297205df4aac650e28f34c6973d3ebef54bbacc38ce9a",
                "1392ad407618f14182d2d4bec786e0dae91b8c718528101e194364c5c62cee31",
                "9bf2506499f6fe31526347b19c3290d96293f62995db62c5371b74e5508f7ea8",
                "c46888ebfefd4e9fb5e1ff51bd3cacf258bee9acc30d15cd33f29f19f2c11d16",
                "f74338d199b2d99641c0681a77018552c87d3678457ff4ec72c3a477a6621a36",
                "5db7ed984770bd20bbe32b167056f5f0b0a7b443d04de3f63036c8f71c796cfd"
            ],
            "type": "Script",
            "firstPartyCookies": {},
            "firstPartyCookiesSent": {},
            "exampleSites": [
                "kupang.tribunnews.com",
                "jabar.tribunnews.com",
                "makassar.tribunnews.com",
                "palembang.tribunnews.com",
                "kaltim.tribunnews.com",
                "tribunnews.com",
                "pekanbaru.tribunnews.com",
                "batam.tribunnews.com",
                "banjarmasin.tribunnews.com",
                "wartakota.tribunnews.com",
                "sulbar.tribunnews.com",
                "style.tribunnews.com",
                "www.tribunnews.com",
                "pontianak.tribunnews.com",
                "manado.tribunnews.com",
                "surabaya.tribunnews.com",
                "medan.tribunnews.com",
                "jambi.tribunnews.com",
                "sumsel.tribunnews.com",
                "sultra.tribunnews.com"
            ]
        },
        {
            "rule": "ivstracker\\.net\\/prod\\/gethotspotsjson",
            "cookies": 0,
            "fingerprinting": 0,
            "subdomains": [
                "a"
            ],
            "apis": {},
            "sites": 30,
            "prevalence": 0.000203,
            "cnames": [],
            "responseHashes": [
                "cc8677fc071a55c236b392ed4d3b52b9cd019c2f2bf7ce27e74538fe408dad9b"
            ],
            "type": "XHR",
            "firstPartyCookies": {},
            "firstPartyCookiesSent": {
                "lotame_domain_check": 0.000006777317673211296
            },
            "exampleSites": [
                "surabaya.tribunnews.com",
                "ph.theasianparent.com",
                "m.tribunnews.com",
                "lampung.tribunnews.com",
                "jambi.tribunnews.com",
                "jateng.tribunnews.com",
                "batam.tribunnews.com",
                "bangka.tribunnews.com",
                "jatim.tribunnews.com",
                "manado.tribunnews.com",
                "www.gridoto.com",
                "suryamalang.tribunnews.com",
                "makassar.tribunnews.com",
                "sumsel.tribunnews.com",
                "hai.grid.id",
                "tribunnews.com",
                "pekanbaru.tribunnews.com",
                "palembang.tribunnews.com",
                "pontianak.tribunnews.com",
                "bali.tribunnews.com"
            ]
        },
        {
            "rule": "ivstracker\\.net\\/prod\\/getvastxml",
            "cookies": 0.0000136,
            "fingerprinting": 0,
            "subdomains": [
                "a"
            ],
            "apis": {},
            "sites": 2,
            "prevalence": 0.0000136,
            "cnames": [],
            "responseHashes": [
                "e73d45566bd762946d0b8c848adb8f3bfd8be39b97c4800b8d925badaad852b2"
            ],
            "type": "Fetch",
            "firstPartyCookies": {},
            "firstPartyCookiesSent": {},
            "exampleSites": [
                "fajar.co.id",
                "www.islampos.com"
            ]
        },
        {
            "rule": "ivstracker\\.net\\/prod\\/vast",
            "cookies": 0.0000136,
            "fingerprinting": 0,
            "subdomains": [
                "r"
            ],
            "apis": {},
            "sites": 2,
            "prevalence": 0.0000136,
            "cnames": [],
            "responseHashes": [],
            "type": "Fetch",
            "firstPartyCookies": {},
            "firstPartyCookiesSent": {},
            "exampleSites": [
                "fajar.co.id",
                "www.islampos.com"
            ]
        },
        {
            "rule": "ivstracker\\.net\\/hbplacementsservices\\/3000252",
            "cookies": 0,
            "fingerprinting": 1,
            "subdomains": [
                "hdrbd"
            ],
            "apis": {
                "Navigator.prototype.userAgent": 2,
                "Navigator.prototype.cookieEnabled": 2,
                "window.sessionStorage": 2
            },
            "sites": 2,
            "prevalence": 0.0000136,
            "cnames": [],
            "responseHashes": [
                "b68a9b063223945b49761891a0a580f26a413c0a56e17b289118d502c16aed70"
            ],
            "type": "Script",
            "firstPartyCookies": {},
            "firstPartyCookiesSent": {},
            "exampleSites": [
                "brilio.net",
                "www.brilio.net"
            ]
        },
        {
            "rule": "ivstracker\\.net\\/hbplacementsservices\\/3001402",
            "cookies": 0,
            "fingerprinting": 1,
            "subdomains": [
                "hdrbd"
            ],
            "apis": {
                "Navigator.prototype.userAgent": 2,
                "Navigator.prototype.cookieEnabled": 2,
                "window.sessionStorage": 2
            },
            "sites": 2,
            "prevalence": 0.0000136,
            "cnames": [],
            "responseHashes": [
                "598027d2cddf5b163f910d97baeead53301797d77808d7da9b2e009049da831d"
            ],