{
    "domain": "jixie.media",
    "owner": {},
    "source": [
        "DuckDuckGo-US"
    ],
    "prevalence": 0.000738,
    "sites": 89,
    "subdomains": [
        "scripts",
        "stream",
        "recommendation"
    ],
    "cnames": [],
    "fingerprinting": 1,
    "resources": [
        {
            "rule": "jixie\\.media\\/jxpublisher_3_1\\.min\\.js",
            "cookies": 0.000315,
            "fingerprinting": 1,
            "subdomains": [
                "scripts"
            ],
            "apis": {
                "Document.cookie getter": 36,
                "Navigator.prototype.userAgent": 36,
                "Date.prototype.getTime": 38,
                "window.localStorage": 38,
                "Document.cookie setter": 38
            },
            "sites": 44,
            "prevalence": 0.000365,
            "cnames": [],
            "responseHashes": [
                "0176863de3bf5a5c0ac3709af265be96e0a77cbf40cc624cfdebcc36ab9f1475",
                "0f41c358e7f9195b4c5239b57c5b04ea2e6364f35e0c113d30a50553c8bac033",
                "e493634275e0fea397e82452da63de1606bff6fd6e0dae757c9f900f08db7b8a"
            ],
            "type": "Script",
            "firstPartyCookies": {
                "_jxx": {
                    "ttl": 31622412,
                    "length": 36,
                    "prevalence": 0.000298502512396146,
                    "uniqueness": 1
                },
                "_jxxs": {
                    "ttl": 1812,
                    "length": 47,
                    "prevalence": 0.000298502512396146,
                    "uniqueness": 1
                },
                "_jxtdid": {
                    "ttl": 5180413,
                    "length": 36,
                    "prevalence": 0.0002736273030298005,
                    "uniqueness": 1
                },
                "_jx": {
                    "ttl": 31622412,
                    "length": 36,
                    "prevalence": 0.000298502512396146,
                    "uniqueness": 1
                },
                "_jxs": {
                    "ttl": 1812,
                    "length": 47,
                    "prevalence": 0.000298502512396146,
                    "uniqueness": 1
                },
                "_jxtoko": {
                    "ttl": 86407,
                    "length": 76,
                    "prevalence": 0.000016583472910897,
                    "uniqueness": 1
                }
            },
            "firstPartyCookiesSent": {},
            "exampleSites": [
                "lifestyle.kompas.com",
                "internasional.kompas.com",
                "www.kompasiana.com",
                "www.bola.com",
                "tribunnews.com",
                "medan.tribunnews.com",
                "www.kompas.tv",
                "jabar.tribunnews.com",
                "jambi.tribunnews.com",
                "megapolitan.kompas.com",
                "video.tribunnews.com",
                "bangka.tribunnews.com",
                "kupang.tribunnews.com",
                "hai.grid.id",
                "tekno.kompas.com",
                "makassar.tribunnews.com",
                "www.kompas.com",
                "manado.tribunnews.com",
                "pontianak.tribunnews.com",
                "kalbar.harianhaluan.com"
            ]
        },
        {
            "rule": "jixie\\.media\\/jxosm\\.1\\.0\\.min\\.js",
            "cookies": 0,
            "fingerprinting": 1,
            "subdomains": [
                "scripts"
            ],
            "apis": {
                "window.localStorage": 38,
                "Document.cookie getter": 38,
                "Navigator.prototype.userAgent": 20,
                "window.innerHeight": 18,
                "Screen.prototype.width": 1
            },
            "sites": 39,
            "prevalence": 0.000323,
            "cnames": [],
            "responseHashes": [
                "43fc30127ac56b6eb6374ee5bbbd79a0b74cd9c46dd079fb0e50fe47a56b2751",
                "1988956e702c016c1c5c95fc03e038c5a1f994a965bfc0f37655d8d20dea8a2f"
            ],
            "type": "Script",
            "firstPartyCookies": {},
            "firstPartyCookiesSent": {},
            "exampleSites": [
                "internasional.kompas.com",
                "pontianak.tribunnews.com",
                "pekanbaru.tribunnews.com",
                "lampung.tribunnews.com",
                "m.tribunnews.com",
                "megapolitan.kompas.com",
                "jateng.tribunnews.com",
                "www.kompas.com",
                "kaltim.tribunnews.com",
                "www.kompasiana.com",
                "kalbar.harianhaluan.com",
                "regional.kompas.com",
                "www.kompas.tv",
                "kalteng.tribunnews.com",
                "money.kompas.com",
                "medan.tribunnews.com",
                "www.sehatq.com",
                "health.kompas.com",
                "jambi.tribunnews.com",
                "tribunnews.com"
            ]
        },
        {
            "rule": "jixie\\.media\\/onescript\\/Te267Ckc0n\\/jx-Te33267EnmTw\\.min\\.js",
            "cookies": 0,
            "fingerprinting": 0,
            "subdomains": [
                "scripts"
            ],
            "apis": {},
            "sites": 4,
            "prevalence": 0.0000332,
            "cnames": [],
            "responseHashes": [
                "c4bb74a6f7c7778cdf89de5c560e326dcfdadf7b0abf98bb933b83b7865dd0b4"
            ],
            "type": "Script",
            "firstPartyCookies": {},
            "firstPartyCookiesSent": {},
            "exampleSites": [
                "tempo.co",
                "dunia.tempo.co",
                "metro.tempo.co",
                "nasional.tempo.co"
            ]
        },
        {
            "rule": "jixie\\.media\\/jxpublisher_3_1c\\.min\\.js",
            "cookies": 0.0000498,
            "fingerprinting": 1,
            "subdomains": [
                "scripts"
            ],
            "apis": {
                "Document.cookie getter": 7,
                "Navigator.prototype.userAgent": 7,
                "window.localStorage": 6,
                "Document.cookie setter": 6
            },
            "sites": 7,
            "prevalence": 0.000058,
            "cnames": [],
            "responseHashes": [
                "57c88465796f6b8484120bf5fbe39a847487f60b5c8b3ec8b9b8beae3eb563f2"
            ],
            "type": "Script",
            "firstPartyCookies": {
                "_jxx": {
                    "ttl": 31622412,
                    "length": 36,
                    "prevalence": 0.000049750418732691,
                    "uniqueness": 1
                },
                "_jx": {
                    "ttl": 31622412,
                    "length": 36,
                    "prevalence": 0.000049750418732691,
                    "uniqueness": 1
                },
                "_jxxs": {
                    "ttl": 1212,
                    "length": 58,
                    "prevalence": 0.000049750418732691,
                    "uniqueness": 1
                },
                "_jxs": {
                    "ttl": 1212,
                    "length": 58,
                    "prevalence": 0.000049750418732691,
                    "uniqueness": 1
                },
                "_jxtdid": {
                    "ttl": 5266809,
                    "length": 36,
                    "prevalence": 0.000049750418732691,
                    "uniqueness": 1
                },
                "_jxtoko": {
                    "ttl": 2674809,
                    "length": 76,
                    "prevalence": 0.000049750418732691,
                    "uniqueness": 1
                }
            },
            "firstPartyCookiesSent": {},