{
    "domain": "kataweb.it",
    "owner": {},
    "source": [
        "DuckDuckGo-US"
    ],
    "prevalence": 0.000162,
    "sites": 24,
    "subdomains": [
        "oasjs",
        "scripts",
        "data"
    ],
    "cnames": [],
    "fingerprinting": 1,
    "resources": [
        {
            "rule": "kataweb\\.it\\/adsetup_cmp\\.js",
            "cookies": 0.000027,
            "fingerprinting": 1,
            "subdomains": [
                "oasjs"
            ],
            "apis": {
                "Navigator.prototype.userAgent": 4,
                "Document.cookie getter": 4,
                "Date.prototype.getTime": 4,
                "Document.cookie setter": 4,
                "window.localStorage": 4
            },
            "sites": 4,
            "prevalence": 0.000027,
            "cnames": [],
            "responseHashes": [
                "75ec836d35e6f337f6136fb6af7b4339d3b518939d0aef8aae1acb6525a207f9",
                "d264724acd96d35d30489ee28381677b7da08d68b91d53b93d8131423908c67f",
                "cd08d282e7472819589b2bb49096db6488e3712ad4641803b1fd16cece5027fd"
            ],
            "type": "Script",
            "firstPartyCookies": {
                "kw_1pc_enableds": {
                    "ttl": 311040002,
                    "length": 4,
                    "prevalence": 0.000027031775852514632,
                    "uniqueness": 0.25
                },
                "kw_prevUsrSts": {
                    "ttl": 31536002,
                    "length": 5,
                    "prevalence": 0.000027031775852514632,
                    "uniqueness": 0.25
                }
            },
            "firstPartyCookiesSent": {},
            "exampleSites": [
                "repubblica.it",
                "dizionari.repubblica.it",
                "ricerca.repubblica.it",
                "www.repubblica.it"
            ]
        },
        {
            "rule": "kataweb\\.it\\/wt\\/wt\\.js",
            "cookies": 0,
            "fingerprinting": 0,
            "subdomains": [
                "scripts"
            ],
            "apis": {},
            "sites": 13,
            "prevalence": 0.0000879,
            "cnames": [],
            "responseHashes": [
                "2a1464d3fbaa10b5fadaf268089a9b01bd1bce12feeeec327997b99f32e8c3ed",
                "ac27d78d500f9f6576a47286befb097b39e13570efaa5d78e70cc55355414f28",
                "ac7c18b46e4e7706f48858cf62145115141f1e75c36ba14c7468431fa3c05714",
                "8785453e532890e3f1df0df88796e7d45b28893cc1eb068f71e2f12d1732464a",
                "f8408f406ee6c9c6bee73dc088b157d74e42a1068d47e8f34f1bb6ce22146ac2",
                "3b00b86ad3ec9e0f2eef35d921965f8078738c60a4a1a1c2c5698665a93a3733",
                "feac4f890d3c79514db51af0eec414783e0f68fb7c7bf14a4ce549322c18e90c",
                "7a6ebc5eece23dfa1793c290bcee71eb99b7df142bcc37a2a3a8cac75e64423a",
                "fd6d2c063956e3be0f0766cec68c38919da2e5736abc95bdd21cf59b78c29e42",
                "c6cc70a469695440509165ce9a4fa1dc37f500d82da6df0f1cffcdea43ecf160",
                "3b3b2436e6ada7566b0fd9413f48bc472128325297e29de8dead9664e7a9f230",
                "01aa117695caa1e91d74023ca45feaa22d00b91e0019638c90c6e231ca22dc98"
            ],
            "type": "Script",
            "firstPartyCookies": {},
            "firstPartyCookiesSent": {},
            "exampleSites": [
                "repubblica.it",
                "dizionari.repubblica.it",
                "ilpiccolo.gelocal.it",
                "mattinopadova.gelocal.it",
                "messaggeroveneto.gelocal.it",
                "ricerca.repubblica.it",
                "tribunatreviso.gelocal.it",
                "www.deejay.it",
                "www.huffingtonpost.it",
                "www.ilsecoloxix.it",
                "www.lastampa.it",
                "www.mymovies.it",
                "www.repubblica.it"
            ]
        },
        {
            "rule": "kataweb\\.it\\/storage\\/contentsense\\/consigli-feed\\/images\\/6-rss-imperdibili-ebay-v03\\.jpg",
            "cookies": 0,
            "fingerprinting": 0,
            "subdomains": [
                "data"
            ],
            "apis": {},
            "sites": 5,
            "prevalence": 0.0000338,
            "cnames": [],
            "responseHashes": [
                "7b5d1508a4536e245e3537b0225f3e39dac9010e2f41d6e4d97ebadc62de1326"
            ],
            "type": "Image",
            "firstPartyCookies": {},
            "firstPartyCookiesSent": {},
            "exampleSites": [
                "gelocal.it",
                "mattinopadova.gelocal.it",
                "messaggeroveneto.gelocal.it",
                "tribunatreviso.gelocal.it",
                "www.ilsecoloxix.it"
            ]
        },
        {
            "rule": "kataweb\\.it\\/storage\\/contentsense\\/consigli-feed\\/images\\/8-rss-friggitrici-tutte-insieme\\.jpg",
            "cookies": 0,
            "fingerprinting": 0,
            "subdomains": [
                "data"
            ],
            "apis": {},
            "sites": 5,
            "prevalence": 0.0000338,
            "cnames": [],
            "responseHashes": [
                "57137990861d1ea7831488fe8605ec91be2e711283019bbee8c0c9383054353f"
            ],
            "type": "Image",
            "firstPartyCookies": {},
            "firstPartyCookiesSent": {},
            "exampleSites": [
                "gelocal.it",
                "mattinopadova.gelocal.it",
                "messaggeroveneto.gelocal.it",
                "tribunatreviso.gelocal.it",
                "www.ilsecoloxix.it"
            ]
        },
        {
            "rule": "kataweb\\.it\\/storage\\/contentsense\\/consigli-feed\\/images\\/20-vetrine-termoventilatori\\.jpg",
            "cookies": 0,
            "fingerprinting": 0,
            "subdomains": [
                "data"
            ],
            "apis": {},
            "sites": 5,
            "prevalence": 0.0000338,
            "cnames": [],
            "responseHashes": [
                "7526d54484567c63b5a5b1862b5f267e47b48221119efa21594616c73d5d6dc7"
            ],
            "type": "Image",
            "firstPartyCookies": {},
            "firstPartyCookiesSent": {},
            "exampleSites": [
                "gelocal.it",
                "mattinopadova.gelocal.it",
                "messaggeroveneto.gelocal.it",
                "tribunatreviso.gelocal.it",
                "www.ilsecoloxix.it"
            ]
        },
        {
            "rule": "kataweb\\.it\\/storage\\/contentsense\\/consigli-feed\\/images\\/23-vetrine-yeedi-vac-max\\.jpg",
            "cookies": 0,
            "fingerprinting": 0,
            "subdomains": [
                "data"
            ],
            "apis": {},
            "sites": 5,
            "prevalence": 0.0000338,
            "cnames": [],
            "responseHashes": [
                "bdf152cfe9e6623f5bf2fe409d76e72a196dbe36a0efce3891fc8ffff4972a61"
            ],
            "type": "Image",
            "firstPartyCookies": {},
            "firstPartyCookiesSent": {},
            "exampleSites": [
                "gelocal.it",
                "mattinopadova.gelocal.it",
                "messaggeroveneto.gelocal.it",
                "tribunatreviso.gelocal.it",
                "www.ilsecoloxix.it"
            ]
        },
        {
            "rule": "kataweb\\.it\\/adsetup_pcmp\\.js",
            "cookies": 0.0000135,
            "fingerprinting": 1,
            "subdomains": [
                "oasjs"
            ],
            "apis": {
                "Navigator.prototype.userAgent": 2,
                "Document.cookie getter": 2,
                "Date.prototype.getTime": 2,
                "Document.cookie setter": 2,
                "window.localStorage": 2
            },
            "sites": 2,
            "prevalence": 0.0000135,
            "cnames": [],