{
    "domain": "kctag.net",
    "owner": {},
    "source": [
        "DuckDuckGo-US"
    ],
    "prevalence": 0.000109,
    "sites": 16,
    "subdomains": [
        "js",
        "t2"
    ],
    "cnames": [],
    "fingerprinting": 1,
    "resources": [
        {
            "rule": "kctag\\.net\\/kias-aponeode\\.js",
            "cookies": 0,
            "fingerprinting": 1,
            "subdomains": [
                "js"
            ],
            "apis": {
                "Date.prototype.getTime": 2,
                "Navigator.prototype.userAgent": 2,
                "Document.cookie getter": 2,
                "window.innerWidth": 2,
                "window.innerHeight": 2
            },
            "sites": 2,
            "prevalence": 0.0000136,
            "cnames": [],
            "responseHashes": [
                "2e1a6eae13ec1d74de41b4c9eee7147d661727b602f7170cd71c65ab5a2f9090"
            ],
            "type": "Script",
            "firstPartyCookies": {},
            "firstPartyCookiesSent": {},
            "exampleSites": [
                "aponeo.de",
                "www.aponeo.de"
            ]
        },
        {
            "rule": "kctag\\.net\\/live\\/json",
            "cookies": 0,
            "fingerprinting": 0,
            "subdomains": [
                "t2"
            ],
            "apis": {},
            "sites": 9,
            "prevalence": 0.000061,
            "cnames": [],
            "responseHashes": [
                "110b5608d8fd541a74a5dfbd8b593f887e7408da3bc83251f4623184358bcfb2",
                "f1bec822b8445b3bba1fa0c8b9e54f6720f6c759129b6dfb61be0487e0d91f56",
                "a04971966155d0276dd96dc6dc3696a1c584f3f2fb5f5fd40affbce97e9d75c4",
                "89950bad40dc07e9ac4caa8700ba7e916ad58e3e422c243ae2b91d48aae2aee9",
                "ee3bf881cd7b1f4a10a4a48a59fa6566054921c45f4cd9c145302619e1be8d1c",
                "5c29da90c02f8a932d6bbd7bb8383d0e55e5c5ea81f9954a58cd50a7afcdf650",
                "81fd04189a73668aee896c4771a0de670a78d4b418e70944af93d06d8538c613",
                "256945f8f0604d9c7044cc2fc117058d7960e02b0efd405093041146db404b13"
            ],
            "type": "Script",
            "firstPartyCookies": {},
            "firstPartyCookiesSent": {
                "ksid": 0.000006781500067815
            },
            "exampleSites": [
                "aponeo.de",
                "www.aponeo.de",
                "www.apomio.de",
                "www.docmorris.de",
                "www.expert-technomarkt.de",
                "www.medikamente-per-klick.de",
                "www.medizinfuchs.de",
                "www.medpex.de",
                "www.sanicare.de"
            ]
        },
        {
            "rule": "kctag\\.net\\/kias-apomiode\\.js",
            "cookies": 0,
            "fingerprinting": 1,
            "subdomains": [
                "js"
            ],
            "apis": {
                "Date.prototype.getTime": 2,
                "Navigator.prototype.userAgent": 2,
                "Document.cookie getter": 2,
                "window.innerWidth": 2
            },
            "sites": 2,
            "prevalence": 0.0000136,
            "cnames": [],
            "responseHashes": [
                "7edb472adcbad96acafee2bc2f473e00343e84c91b0b5880d30a648e4f3d9585"
            ],
            "type": "Script",
            "firstPartyCookies": {},
            "firstPartyCookiesSent": {},
            "exampleSites": [
                "apomio.de",
                "www.apomio.de"
            ]
        },
        {
            "rule": "kctag\\.net\\/kias-expert-technomarkt\\.js",
            "cookies": 0.0000136,
            "fingerprinting": 1,
            "subdomains": [
                "js"
            ],
            "apis": {
                "Date.prototype.getTime": 2,
                "Navigator.prototype.userAgent": 2,
                "Document.cookie getter": 2,
                "Document.cookie setter": 2,
                "window.innerWidth": 2,
                "window.innerHeight": 2
            },
            "sites": 2,
            "prevalence": 0.0000136,
            "cnames": [],
            "responseHashes": [
                "d57281f93bf310a7f01b00ab729af5d70b19b66c88d55e46b99bed0c6bb79ec4"
            ],
            "type": "Script",
            "firstPartyCookies": {
                "ksid": {
                    "ttl": null,
                    "length": 24,
                    "prevalence": 0.00001356300013563,
                    "uniqueness": 1
                }
            },
            "firstPartyCookiesSent": {},
            "exampleSites": [
                "expert-technomarkt.de",
                "www.expert-technomarkt.de"
            ]
        },
        {
            "rule": "kctag\\.net\\/kias-mpk\\.js",
            "cookies": 0,
            "fingerprinting": 1,
            "subdomains": [
                "js"
            ],
            "apis": {
                "Date.prototype.getTime": 2,
                "Navigator.prototype.userAgent": 2,
                "Document.cookie getter": 2,
                "window.innerWidth": 2,
                "window.innerHeight": 2
            },
            "sites": 2,
            "prevalence": 0.0000136,
            "cnames": [],
            "responseHashes": [
                "94bf918aa9341b11324066e1328b09baba32c0352d78ea27cb416dff544e381f"
            ],
            "type": "Script",
            "firstPartyCookies": {},
            "firstPartyCookiesSent": {},
            "exampleSites": [
                "medikamente-per-klick.de",
                "www.medikamente-per-klick.de"
            ]
        },
        {
            "rule": "kctag\\.net\\/kias-medizinfuchsde\\.js",
            "cookies": 0,
            "fingerprinting": 1,
            "subdomains": [
                "js"
            ],
            "apis": {
                "Date.prototype.getTime": 2,
                "Navigator.prototype.userAgent": 2,
                "Document.cookie getter": 2,
                "window.innerWidth": 2,
                "window.innerHeight": 2
            },
            "sites": 2,
            "prevalence": 0.0000136,
            "cnames": [],
            "responseHashes": [
                "2ce68a1a35152e5dbbfced54c0e475ee1a3131b61c7d8b0ace9a4b60a593ae56"
            ],
            "type": "Script",
            "firstPartyCookies": {},
            "firstPartyCookiesSent": {},
            "exampleSites": [
                "medizinfuchs.de",
                "www.medizinfuchs.de"
            ]
        },
        {
            "rule": "kctag\\.net\\/kias-medpex\\.js",
            "cookies": 0,
            "fingerprinting": 1,
            "subdomains": [
                "js"
            ],
            "apis": {
                "Date.prototype.getTime": 2,
                "Navigator.prototype.userAgent": 2,
                "Document.cookie getter": 2,
                "window.innerWidth": 2,
                "window.innerHeight": 1
            },
            "sites": 2,
            "prevalence": 0.0000136,
            "cnames": [],
            "responseHashes": [
                "6cf6a55de9cf8dc8b3e844287ffb9aace4c91f161fc1bd8b80d752d68d9b2a9e"
            ],
            "type": "Script",
            "firstPartyCookies": {},
            "firstPartyCookiesSent": {},
            "exampleSites": [
                "medpex.de",
                "www.medpex.de"
            ]
        },
        {
            "rule": "kctag\\.net\\/kias-sanicare\\.js",
            "cookies": 0,
            "fingerprinting": 1,
            "subdomains": [
                "js"
            ],
            "apis": {
                "Date.prototype.getTime": 2,
                "Navigator.prototype.userAgent": 2,
                "Document.cookie getter": 2,
                "window.innerWidth": 2,
                "window.innerHeight": 1
            },
            "sites": 2,
            "prevalence": 0.0000136,
            "cnames": [],