{
    "domain": "kdmttk.com",
    "owner": {},
    "source": [
        "DuckDuckGo-US"
    ],
    "prevalence": 0.000136,
    "sites": 20,
    "subdomains": [],
    "cnames": [],
    "fingerprinting": 0,
    "resources": [
        {
            "rule": "kdmttk\\.com\\/get_data",
            "cookies": 0.0000746,
            "fingerprinting": 0,
            "subdomains": [],
            "apis": {},
            "sites": 14,
            "prevalence": 0.0000949,
            "cnames": [],
            "responseHashes": [
                "e3b0c44298fc1c149afbf4c8996fb92427ae41e4649b934ca495991b7852b855",
                "a4c0bf944103588862c091a26c3f9d1fd505fecfd2770c9ac54d3f3be28bc87f",
                "203d0f4a3853371530c2006534e730906ff0a535615a159497cd3ab3b99d03d7",
                "cabb52f4dde8b985b8292317954f2ceb73f5249eb1bc2ac13138ef0983f072d0",
                "5714e20b200f6a370f5be246334695f0f1c6f41da65e28e1c0b87dc5de459e04",
                "7a700e21e111306de1478942a3ef0485b81b25a84a768bb5f76af08a4780bab0",
                "5aa33589d610eaa0c4b84330d203fd8cbc53c497377abadcbfccbeb508d6e16a",
                "f82518d32c3466eb48fe54e6e797b07e628714fecac5be8bc8988986f15f1ac6",
                "f25455477098f4f3f59e303a29e391a0414f60d6f5792617ca96241f428ec593",
                "1f37ff6b5f306eee7afab668bbccb4f35d60ebbdeaac952cb440270f42d8c99c"
            ],
            "type": "XHR",
            "firstPartyCookies": {},
            "firstPartyCookiesSent": {},
            "exampleSites": [
                "avtika.ru",
                "doramatv.live",
                "du-lya.ru",
                "fermilon.ru",
                "freesoft.ru",
                "kslift.ru",
                "lemzspb.ru",
                "losst.pro",
                "memepedia.ru",
                "mozaiyka.ru",
                "podborkino.com",
                "shop-modern.ru",
                "www.list-org.com",
                "www.sport-express.ru"
            ]
        }
    ],
    "categories": [],
    "performance": {},
    "cookies": 0.000102,
    "topInitiators": [
        {
            "domain": "yandex.ru",
            "prevalence": 1
        }
    ],
    "types": {
        "XHR": 14
    },
    "nameservers": [
        "pns101.cloudns.net",
        "pns102.cloudns.net",
        "pns103.cloudns.net",
        "pns104.cloudns.net"
    ]
}