{
    "domain": "kiosked.com",
    "owner": {},
    "source": [
        "DuckDuckGo-US"
    ],
    "prevalence": 0.00031,
    "sites": 40,
    "subdomains": [
        "scripts",
        "events",
        "resources"
    ],
    "cnames": [],
    "fingerprinting": 2,
    "resources": [
        {
            "rule": "kiosked\\.com\\/loader\\/kiosked-loader\\.js",
            "cookies": 0,
            "fingerprinting": 2,
            "subdomains": [
                "scripts"
            ],
            "apis": {
                "window.localStorage": 26,
                "Navigator.prototype.userAgent": 26,
                "window.sessionStorage": 25,
                "Date.prototype.getTime": 25,
                "Document.cookie getter": 24,
                "window.innerWidth": 18,
                "window.innerHeight": 16,
                "Navigator.prototype.platform": 16,
                "Screen.prototype.width": 11,
                "Screen.prototype.height": 11,
                "Navigator.prototype.appVersion": 13,
                "Navigator.prototype.appName": 1,
                "NavigatorUAData.prototype.getHighEntropyValues": 1,
                "Navigator.prototype.cookieEnabled": 1,
                "Navigator.prototype.doNotTrack": 6,
                "Navigator.prototype.language": 6,
                "Screen.prototype.colorDepth": 1,
                "Date.prototype.getTimezoneOffset": 1
            },
            "sites": 27,
            "prevalence": 0.000209,
            "cnames": [],
            "responseHashes": [
                "eea34a482a2bf9ac1b95ce2f1810d9013c135915667f051919bea164ac9cc986",
                "9d0d878b52824820d484574cba13a150cba91f4a74f28d6c603eabaec7c76f2b",
                "f224f8d1fc2e1da6f77bb8315e71c23e4aaec5e1d3d20e9e6442dfc0081d09aa",
                "7d4db3faf24cd087a15343aabb9a0b06e6b842675985f81cb3fc5fa98bf1d2df",
                "f3898cef3e0df9b03199e166c1247329cb8b0cd4ebf747920a00152a1a0adcce",
                "5a474ff8f797847a6b02b49add1c3549b5c1a63223c48bb5c2557388811db1d3",
                "f09a7b684d7d0c942b583894df2a260d4c2e68e0b15d8803ce5e5c948ef6c4f0",
                "33c3a27d8c02797f9966ec7f4ad6f73c1c3c322e448fa7c9a32dbff21b20ce60",
                "ed9c2abd9042203ab25aded899f081157f9485ebf5be11994c2c40df913fdfb4",
                "a8ba061c673dbcfcb7c4ae00286e6741d29ec2d8d960e28899a8ba8e0c9745a8",
                "70a7fb750b1771e449303b10c1ac0e9a7b6d268c4871e21ff16ad208380841b7",
                "1ef21734757cc6b2470f03148c0fb1db554b4f8aa8a4d742af88af57f9ba1251",
                "746c99c697c0719572c7908277a8e6754a682c433999cb5c8b1a5b787c5bee8b",
                "df169a638e12b0599e9be283746e0b7d737050e7a80a8574f82360af0c7c6670",
                "34ba0e0fff8d08e579e6a31882707489ec694daebac23766e373932389966e1a",
                "28d42e8ae220684946eb0fa751d1bc4fb0b8b9d8eae3882a7b9492793695b800",
                "898e3fb2ed6d1b65570ff468e553d6d6000628235cabab3da82b0e1a1d7ab143",
                "3c78cd3953786d010ba35eb18e79da61788b20bf4c99e32e208c6739a97c366e",
                "844d821b2963e16a4ee6573a95ce4e5c76f17fd7d2411d3331937eef595b78b4",
                "1982e28a11359138d2f40cca1c7b9039efa1c95e250506fde1880629ad932fcf",
                "833e229dfc9a3788f96c6319cc141cd0fed93b9664ee276f882995627a779fb1",
                "1360000add39c57c41658caafa8338369f8de0991dba3b45c6d1efe92230cea6",
                "0bd0eb76cb74a62d4ec2691789213953ded27177aafe807115372d0b4da265af",
                "330bb153650b23b2cdebc4348a86dd1e2ad630afc0ab8ff94e6448deccf84e14",
                "24352e4d86054b29dc297c2eb08567aacc0a7dada825e01ccbc94e4b674d88b4",
                "f6fcde5dfe7b81f2f36c4ca446f43573b8537dba148677aa69e9dc8ef1665597"
            ],
            "type": "Script",
            "firstPartyCookies": {},
            "firstPartyCookiesSent": {},
            "exampleSites": [
                "www.clublexus.com",
                "dodgeforum.com",
                "chevroletforum.com",
                "vetsbenefits.net",
                "www.thegardenisland.com",
                "honda-tech.com",
                "militarymachine.com",
                "www.milliyet.com.tr",
                "www.gazeteduvar.com.tr",
                "www.favecrafts.com",
                "www.allfreecrochet.com",
                "www.favequilts.com",
                "www.corvetteforum.com",
                "thegolfnewsnet.com",
                "www.pauladeen.com",
                "www.mrfood.com",
                "www.allfreeknitting.com",
                "www.f150forum.com",
                "www.allfreesewing.com",
                "mbworld.org"
            ]
        },
        {
            "rule": "kiosked\\.com\\/u",
            "cookies": 0,
            "fingerprinting": 0,
            "subdomains": [
                "events"
            ],
            "apis": {},
            "sites": 2,
            "prevalence": 0.0000155,
            "cnames": [],
            "responseHashes": [
                "ac554a4ea8b34bbb80db013e14be195ebc986f82f24e5b18b0ea9032ef561f57"
            ],
            "type": "XHR",
            "firstPartyCookies": {},
            "firstPartyCookiesSent": {},
            "exampleSites": [
                "dodgeforum.com",
                "honda-tech.com"
            ]
        },
        {
            "rule": "kiosked\\.com\\/loader\\/kiosked-ad\\.js",
            "cookies": 0,
            "fingerprinting": 2,
            "subdomains": [
                "scripts"
            ],
            "apis": {
                "window.localStorage": 3,
                "Navigator.prototype.userAgent": 3,
                "window.sessionStorage": 3,
                "Date.prototype.getTime": 3,
                "Navigator.prototype.platform": 3,
                "window.innerWidth": 3,
                "window.innerHeight": 3,
                "Screen.prototype.width": 1,
                "Screen.prototype.height": 1,
                "Navigator.prototype.appVersion": 1,
                "Navigator.prototype.appName": 1
            },
            "sites": 3,
            "prevalence": 0.0000233,
            "cnames": [],
            "responseHashes": [
                "57f34f1297b05d20b3f8e139b625b9e541e85157b1a67e84bae3ea61d4bd4ed9",
                "50fac0c4868f538e70fe9e8088fc5cff9509dd610afcdf062b6c82e1614009c6"
            ],
            "type": "Script",
            "firstPartyCookies": {},
            "firstPartyCookiesSent": {},
            "exampleSites": [
                "game8.co",
                "says.com",
                "www.cnnturk.com"
            ]
        },
        {
            "rule": "kiosked\\.com\\/demo\\/releases\\/v1\\.2\\.0\\/demo-manifest\\.json",
            "cookies": 0,
            "fingerprinting": 0,
            "subdomains": [
                "resources"
            ],
            "apis": {},
            "sites": 2,
            "prevalence": 0.0000155,
            "cnames": [],
            "responseHashes": [
                "ec0ae6fa8699ac77ce1575aff6ee5c3c12d95208bb77c3d585d2ea7e72a0ee98"
            ],
            "type": "XHR",
            "firstPartyCookies": {},
            "firstPartyCookiesSent": {},
            "exampleSites": [
                "militarymachine.com",
                "nerdist.com"
            ]
        }
    ],
    "categories": [],
    "performance": {},
    "cookies": 0,
    "topInitiators": [
        {
            "domain": "first party",
            "prevalence": 0.627906976744186
        },
        {
            "domain": "doubleclick.net",
            "prevalence": 0.16279069767441862
        },
        {
            "domain": "amazon-adsystem.com",
            "prevalence": 0.13953488372093023
        },
        {
            "domain": "cookielaw.org",
            "prevalence": 0.023255813953488372
        },
        {
            "domain": "includemodal.com",