{
    "domain": "leadintel.io",
    "owner": {},
    "source": [
        "DuckDuckGo-US"
    ],
    "prevalence": 0.000217,
    "sites": 28,
    "subdomains": [],
    "cnames": [],
    "fingerprinting": 1,
    "resources": [
        {
            "rule": "leadintel\\.io\\/login-check",
            "cookies": 0,
            "fingerprinting": 1,
            "subdomains": [],
            "apis": {
                "Document.cookie getter": 3
            },
            "sites": 16,
            "prevalence": 0.000124,
            "cnames": [],
            "responseHashes": [
                "2beb9f379e472ae38eaa6ff3715d1e8bedd9dcf00e7cf40f88c88e03cf38c022",
                "d600dd343d523908392205243c52f8cf2b09e75995a58aa265ee8009a7238506",
                "710b379ace0dc08700ba0f35e7f201218a8cb279fb2b24c1ab2bc4655be92130",
                "92405b708e5bb0164e5423c763a1739964d8ac9ee51da38d2e45c389d4d9698b",
                "6050860e23f678b12cafdb6d965cf465828197fbc095e4b114aa375aa7bf202c",
                "457a2bdd9e69ee6667648e07f861a9db2c1c2a339b917e4006a7126292ab8c81",
                "49d6d08d20e20237ddff83d0ba0b3634a956828e5f3c23858b0fe34a41df388f",
                "47952436c13b5872c8840a88a829029da048aeea01588390f3a88d71a63197f2",
                "599e09a7b07d32059a3ad5c68fcf86171a253e1aa3a5faefa4f75fa7cdf553a6"
            ],
            "type": "Script",
            "firstPartyCookies": {},
            "firstPartyCookiesSent": {
                "cookies.js_dtest": 0.00008529578251126292,
                "parsely_uuid": 0.00008529578251126292,
                "dnsDisplayed": 0.000038770810232392236,
                "signedLspa": 0.000038770810232392236
            },
            "exampleSites": [
                "horseandhound.co.uk",
                "forums.horseandhound.co.uk",
                "forums.ybw.com",
                "www.countrylife.co.uk",
                "www.decanter.com",
                "www.homebuilding.co.uk",
                "www.homesandgardens.com",
                "www.horseandhound.co.uk",
                "www.livingetc.com",
                "www.mbr.co.uk",
                "www.nexttv.com",
                "www.shootinguk.co.uk",
                "www.tvtechnology.com",
                "www.whathifi.com",
                "www.womanandhome.com",
                "www.yachtingworld.com"
            ]
        },
        {
            "rule": "leadintel\\.io\\/track",
            "cookies": 0.000101,
            "fingerprinting": 0,
            "subdomains": [],
            "apis": {},
            "sites": 13,
            "prevalence": 0.000101,
            "cnames": [],
            "responseHashes": [
                "e760f94757b7da21dc78cef4c49f1080306ca742f965e4ef01bdab036bab3130",
                "b7481cfbb2e4c06a51c7acfba4aa0670b79042c682446a3dd027822e54defc66",
                "b852b4f46c8d71436d62567eb8365d26e7f63d7646b622d6f044597d6895ff41",
                "c5db22086b332a747cdac2e17815422d5a2e66ace0a7ff5b8bf32fda3408d665",
                "42f69b5e824c753ec2ee6996a2268bcd5ee54daeb1a4fcd4a5ac282868b9fe77",
                "b756530d4903900ce24df446e2178acfcd38c2282b739442ab95954c652a75ed",
                "2ec6b203148a45c324fb39a2ab66222e706f2a1e78f859cd0d117ca862a3ffd3",
                "2eb22054fd8e18802284a44a2b917795d7d08a861cbd5296e17d4fcbb1a00ab1",
                "d5db97200eed40ede26043647018ea45bfa410d6720c28ba5e13e7c2e30177ae",
                "67d7138529adda19eaec7668cf9c318bb1a851a48f94582e60df516a688ce2b7",
                "8e89787f4f72fedd1a78cbcac41633ce1df23eff25abe376f22d0d25e7b3f660",
                "1a90620c63cc6ae762b07fde182d8f019cf800c2fbac4af60c0f4510ce1e12c0"
            ],
            "type": "Script",
            "firstPartyCookies": {},
            "firstPartyCookiesSent": {
                "cookies.js_dtest": 0.00006203329637182757,
                "parsely_uuid": 0.00006203329637182757,
                "__pid": 0.000015508324092956893,
                "dnsDisplayed": 0.000023262486139435343,
                "signedLspa": 0.000023262486139435343,
                "_li_dcdm_c": 0.000015508324092956893,
                "_cats": 0.000007754162046478447,
                "lotame_domain_check": 0.000007754162046478447
            },
            "exampleSites": [
                "horseandhound.co.uk",
                "forums.horseandhound.co.uk",
                "forums.ybw.com",
                "www.countrylife.co.uk",
                "www.decanter.com",
                "www.homebuilding.co.uk",
                "www.horseandhound.co.uk",
                "www.mbr.co.uk",
                "www.nexttv.com",
                "www.shootinguk.co.uk",
                "www.tvtechnology.com",
                "www.whathifi.com",
                "www.yachtingworld.com"
            ]
        },
        {
            "rule": "leadintel\\.io\\/li\\/event",
            "cookies": 0,
            "fingerprinting": 0,
            "subdomains": [],
            "apis": {},
            "sites": 2,
            "prevalence": 0.0000155,
            "cnames": [],
            "responseHashes": [
                "1866961a029c65376fefb7f2ba1e6187e09ff50ea58d97dedfd72c197947d002"
            ],
            "type": "Image",
            "firstPartyCookies": {},
            "firstPartyCookiesSent": {
                "cookies.js_dtest": 0.000007754162046478447,
                "parsely_uuid": 0.000007754162046478447
            },
            "exampleSites": [
                "countrylife.co.uk",
                "www.countrylife.co.uk"
            ]
        }
    ],
    "categories": [],
    "performance": {},
    "cookies": 0.000178,
    "topInitiators": [
        {
            "domain": "d39ion77s0ucuz.cloudfront.net",
            "prevalence": 0.7166666666666667
        },
        {
            "domain": "d4el4parm0zb3.cloudfront.net",
            "prevalence": 0.2833333333333333
        }
    ],
    "types": {
        "Script": 29,
        "Image": 2
    },
    "nameservers": [
        "ns-887.awsdns-46.net",
        "ns-1508.awsdns-60.org",
        "ns-31.awsdns-03.com",
        "ns-1841.awsdns-38.co.uk"
    ]
}