{
    "domain": "linkconnector.com",
    "owner": {
        "name": "LinkConnector Corporation",
        "displayName": "LinkConnector"
    },
    "source": [
        "DuckDuckGo-US"
    ],
    "prevalence": 0.000503,
    "sites": 5,
    "subdomains": [
        "www"
    ],
    "cnames": [],
    "fingerprinting": 1,
    "resources": [
        {
            "rule": "linkconnector\\.com\\/uts_lp\\.php",
            "cookies": 0.000503,
            "fingerprinting": 1,
            "subdomains": [
                "www"
            ],
            "apis": {
                "Document.cookie getter": 5,
                "window.localStorage": 5,
                "Date.prototype.getTime": 5,
                "Document.cookie setter": 5
            },
            "sites": 5,
            "prevalence": 0.000503,
            "cnames": [],
            "responseHashes": [
                "896d2b34ddd96eaf3c00c78cc0e61860dd74460a9f9b8c36e6c7bd24013d52b6",
                "dbb0ea7c0875ce05423fff3fe603472a3f846324b844317dbafe0d61f4fa8189",
                "d8ca8f6add7cc9ed0999ba2681cb499ad86c85cc5ef96c502d7aa7a1b6d5ef19",
                "a3a019ef275dfd38fc85c3ca517dd0d464f40f2ba8e4a4c4aea5f7b1cc68b183"
            ],
            "type": "Script",
            "firstPartyCookies": {
                "uts_id": {
                    "ttl": 157680003,
                    "length": 17,
                    "prevalence": 0.0005034739703957305,
                    "uniqueness": 1
                },
                "LCUTS_UID_900133": {
                    "ttl": 3604,
                    "length": 6,
                    "prevalence": 0.0002013895881582922,
                    "uniqueness": 0.5
                },
                "LCUTS_UID_900216": {
                    "ttl": 3600,
                    "length": 6,
                    "prevalence": 0.0001006947940791461,
                    "uniqueness": 1
                },
                "LCUTS_UID_901602": {
                    "ttl": 3602,
                    "length": 6,
                    "prevalence": 0.0001006947940791461,
                    "uniqueness": 1
                },
                "LCUTS_UID_901609": {
                    "ttl": 3605,
                    "length": 6,
                    "prevalence": 0.0001006947940791461,
                    "uniqueness": 1
                }
            },
            "firstPartyCookiesSent": {
                "LCUTS_UID_900133": 0.0002013895881582922,
                "LCUTS_UID_900216": 0.0001006947940791461,
                "LCUTS_UID_901602": 0.0001006947940791461,
                "LCUTS_UID_901609": 0.0001006947940791461
            },
            "exampleSites": [
                "wondershare.com",
                "recoverit.wondershare.com",
                "www.gunsinternational.com",
                "www.minitool.com",
                "www.videoproc.com"
            ]
        },
        {
            "rule": "linkconnector\\.com\\/tu\\.php",
            "cookies": 0.000302,
            "fingerprinting": 0,
            "subdomains": [
                "www"
            ],
            "apis": {},
            "sites": 3,
            "prevalence": 0.000302,
            "cnames": [],
            "responseHashes": [
                "942fa519ebb6234f59c3d8c8c66c6b2671b69364c1c31a6788f722e4baca9a94"
            ],
            "type": "Image",
            "firstPartyCookies": {},
            "firstPartyCookiesSent": {
                "IR_gbd": 0.0002013895881582922,
                "_uetsid": 0.0002013895881582922,
                "_uetvid": 0.0002013895881582922,
                "_ga": 0.0006041687644748766,
                "_gid": 0.0003020843822374383,
                "_gcl_au": 0.0001006947940791461,
                "_ga_24WTSJBD5B": 0.0001006947940791461,
                "_ga_DF1Q1ZJHP3": 0.0001006947940791461
            },
            "exampleSites": [
                "wondershare.com",
                "recoverit.wondershare.com",
                "www.gunsinternational.com"
            ]
        },
        {
            "rule": "linkconnector\\.com\\/js\\/uts_uid\\.php",
            "cookies": 0.000302,
            "fingerprinting": 0,
            "subdomains": [
                "www"
            ],
            "apis": {},
            "sites": 3,
            "prevalence": 0.000302,
            "cnames": [],
            "responseHashes": [
                "942fa519ebb6234f59c3d8c8c66c6b2671b69364c1c31a6788f722e4baca9a94"
            ],
            "type": "Image",
            "firstPartyCookies": {},
            "firstPartyCookiesSent": {
                "LCUTS_UID_900133": 0.0002013895881582922,
                "LCUTS_UID_900216": 0.0001006947940791461
            },
            "exampleSites": [
                "wondershare.com",
                "recoverit.wondershare.com",
                "www.gunsinternational.com"
            ]
        },
        {
            "rule": "linkconnector\\.com\\/uts_clickcounts\\.php",
            "cookies": 0,
            "fingerprinting": 0,
            "subdomains": [
                "www"
            ],
            "apis": {},
            "sites": 3,
            "prevalence": 0.000302,
            "cnames": [],
            "responseHashes": [
                "e3b0c44298fc1c149afbf4c8996fb92427ae41e4649b934ca495991b7852b855"
            ],
            "type": "Script",
            "firstPartyCookies": {},
            "firstPartyCookiesSent": {
                "LCUTS_UID_900216": 0.0001006947940791461,
                "LCUTS_UID_901602": 0.0001006947940791461,
                "LCUTS_UID_901609": 0.0001006947940791461
            },
            "exampleSites": [
                "gunsinternational.com",
                "www.minitool.com",
                "www.videoproc.com"
            ]
        }
    ],
    "categories": [],
    "performance": {},
    "cookies": 0.000503,
    "topInitiators": [
        {
            "domain": "first party",
            "prevalence": 0.6
        },
        {
            "domain": "googletagmanager.com",
            "prevalence": 0.4
        }
    ],
    "types": {
        "Script": 8,
        "Image": 6
    },
    "nameservers": [
        "edna.ns.cloudflare.com",
        "sri.ns.cloudflare.com"
    ]
}