{
    "domain": "linkconnector.com",
    "owner": {
        "name": "LinkConnector Corporation",
        "displayName": "LinkConnector"
    },
    "source": [
        "DuckDuckGo-US"
    ],
    "prevalence": 0.000481,
    "sites": 71,
    "subdomains": [
        "www",
        "cdn"
    ],
    "cnames": [],
    "fingerprinting": 1,
    "resources": [
        {
            "rule": "linkconnector\\.com\\/uts_lp\\.php",
            "cookies": 0.00023,
            "fingerprinting": 1,
            "subdomains": [
                "www"
            ],
            "apis": {
                "Document.cookie getter": 31,
                "window.localStorage": 31,
                "Date.prototype.getTime": 34,
                "Document.cookie setter": 31
            },
            "sites": 34,
            "prevalence": 0.00023,
            "cnames": [],
            "responseHashes": [
                "f2b8fd439b0fea6a67ba7b6c845f6a0ab754a9dcdcb89eea8c82eda81cb7eecc",
                "22d927bda8bcfac06d0a506bc9d74017858cdd000ec3570a31102b706dfbd461",
                "d90739c5734431cad9d01f3dd1821ae14d3a7e5f27f4fa680413e3b13acfdab0",
                "2b8e0bc195f603ea7d6be454e4c17064c8367faeda1d98ae7013ec68a2c33ae1",
                "dddab3a2d6cd19364e23a3269336f34078317bcc6eaab16482e5a263c3f1dd05",
                "e6ac0f9cafe6a3ca738a99c35357795203cbf6263c579039815ae5c7a5916317",
                "8510c8ad4772c486f724088c7f7fcaa663c7e8048c28d9207663b9e222532fa1",
                "0709fd75b84bbf8b080460e5e0a824c76ee7eaf831bc63b62f28842743556e5e",
                "0d4da8dbab6050e3ee7e343ba48cbf402e55ffff75b4588d7d413cba1afcbea9",
                "c26929887f5b016fb087aef8e7667a8ad7b9938bc7cae49bd75d4e386f29c6a3",
                "b5baa8328b5a289b934b24c07562ef1142fd7a58b5d5ed0391167b991c7a5ac3",
                "848a5bb2e595c7a17e59eb27b18e64bca9acf21849348aa84627eadcb3f6fa0f",
                "8f0e41dc751db26738cb44d392a5392c98d220dc4a0cdf55c18801bcede93f99",
                "c79b4016beef41a69827e94e8cc100e47373d9def6be0a468862cf0ce3609541",
                "50a9d4340552d92b8ae2a4676bf826f0347917ced04fc953477f0934ab6f9638",
                "1b7d4e76f6f018e86f7ba7dde20b16efc2ee36a08cc2ddbfbc060b99b7bd5c31",
                "20900fcb0386390dc9db0c56cbec36656b4b1757e499eced1fe5048f53c1c2b6",
                "a3eda9553f80e371ef84e1e61b046bef8f76eb9e4cec1c9d7e08e4b353a9bbc2",
                "0614a3ce4b7bbcef1d377683a79faaf85266e47a28c9ddbc0ac62942bd42c2a1",
                "bd5ee67ff58d171b35f034a4eede876b7952a630be707454a4a3a76a164d4bc8",
                "62a838c1e0192b3b3f98bcabf0c7c57bebd6ad5bc855224dbabfec7ad0fe3d0b",
                "36bcc803e5b32607b54f0af23db7965723192f122f531ecbeecba7f78f0ec2be",
                "0ea2abe7efc6f5817a519c079b22fea93a98d282b3ae0a817593a7cab34ef0e7",
                "8440a5e14293c9081e94682cb2c640534ca3d1b718474da420050a742797be1c",
                "e87a1a1dbf1b3c6b2b5cb8a7df786853436118f49e99fabf6d848883e88bf3c6",
                "9588258813b379f117bca5293d7d56b01b172aa892e3802ac848215110b1a8fa",
                "627cf2f1e8b4ea116001aa146af086dafd1b5f0afa0c33855684321d6ef11d3e",
                "19ff6424beac3abdb41ca9d30588ff25c1fdc8d57a54d8856f835c0578db780f",
                "1527c947f06a28c3a5862e3ba73c9815dd3ce884567ff844f541b778b9d0db78",
                "a5c354395c18e4fece0973bf64c9bc8c423df5baf19dc9124aef6b0622677871",
                "3702de040c197c9ac6615f73426d77453c48b84953e39ec399b78d2f65a7ad30",
                "cb0e09a18e0f0652065d01bf6c07adc2975891314c28160390d2dc7680830516",
                "7c8cb194976137c29f1981b108bc3613b438b2f7df5d54988d374ce61e88b130"
            ],
            "type": "Script",
            "firstPartyCookies": {
                "uts_id": {
                    "ttl": 157680002,
                    "length": 17,
                    "prevalence": 0.00021009542398612015,
                    "uniqueness": 1
                },
                "LCUTS_UID_901952": {
                    "ttl": 3601,
                    "length": 6,
                    "prevalence": 0.000006777271741487746,
                    "uniqueness": 1
                },
                "LCUTS_UID_901814": {
                    "ttl": 3601,
                    "length": 6,
                    "prevalence": 0.000006777271741487746,
                    "uniqueness": 1
                },
                "LCUTS_UID_901602": {
                    "ttl": 3602,
                    "length": 6,
                    "prevalence": 0.000027109086965950985,
                    "uniqueness": 0.25
                },
                "LCUTS_UID_900133": {
                    "ttl": 3603,
                    "length": 6,
                    "prevalence": 0.00008132726089785297,
                    "uniqueness": 0.08333333333333333
                },
                "LCUTS_UID_901731": {
                    "ttl": 3600,
                    "length": 6,
                    "prevalence": 0.000006777271741487746,
                    "uniqueness": 1
                },
                "LCUTS_UID_901600": {
                    "ttl": 3605,
                    "length": 6,
                    "prevalence": 0.000006777271741487746,
                    "uniqueness": 1
                },
                "LCUTS_UID_901938": {
                    "ttl": 3604,
                    "length": 6,
                    "prevalence": 0.000006777271741487746,
                    "uniqueness": 1
                },
                "LCUTS_UID_900594": {
                    "ttl": 3604,
                    "length": 6,
                    "prevalence": 0.000013554543482975493,
                    "uniqueness": 0.5
                },
                "LCUTS_UID_900507": {
                    "ttl": 3602,
                    "length": 6,
                    "prevalence": 0.000006777271741487746,
                    "uniqueness": 1
                },
                "LCUTS_UID_901518": {
                    "ttl": 3602,
                    "length": 6,
                    "prevalence": 0.000013554543482975493,
                    "uniqueness": 0.5
                },
                "LCUTS_UID_900188": {
                    "ttl": 3602,
                    "length": 6,
                    "prevalence": 0.000006777271741487746,
                    "uniqueness": 1
                },
                "LCUTS_UID_901443": {
                    "ttl": 3603,
                    "length": 6,
                    "prevalence": 0.000006777271741487746,
                    "uniqueness": 1
                },
                "LCUTS_UID_901808": {
                    "ttl": 3603,
                    "length": 6,
                    "prevalence": 0.000006777271741487746,
                    "uniqueness": 1
                },
                "LCUTS_UID_900113": {
                    "ttl": 3613,
                    "length": 6,
                    "prevalence": 0.000006777271741487746,
                    "uniqueness": 1
                },
                "LCUTS_UID_901609": {
                    "ttl": 3600,
                    "length": 6,
                    "prevalence": 0.000006777271741487746,
                    "uniqueness": 1
                }
            },
            "firstPartyCookiesSent": {
                "LCUTS_UID_901952": 0.000006777271741487746,
                "LCUTS_UID_901814": 0.000006777271741487746,
                "LCUTS_UID_901602": 0.000027109086965950985,
                "LCUTS_UID_900133": 0.00008132726089785297,
                "LCUTS_UID_901731": 0.000006777271741487746,
                "LCUTS_UID_901600": 0.000006777271741487746,
                "LCUTS_UID_901938": 0.000006777271741487746,
                "LCUTS_UID_900594": 0.000013554543482975493,
                "LCUTS_UID_900507": 0.000006777271741487746,
                "LCUTS_UID_901518": 0.000013554543482975493,
                "LCUTS_UID_900188": 0.000006777271741487746,