{
    "domain": "linkconnector.com",
    "owner": {
        "name": "LinkConnector Corporation",
        "displayName": "LinkConnector"
    },
    "source": [
        "DuckDuckGo-US"
    ],
    "prevalence": 0.000488,
    "sites": 72,
    "subdomains": [
        "www",
        "cdn"
    ],
    "cnames": [],
    "fingerprinting": 1,
    "resources": [
        {
            "rule": "linkconnector\\.com\\/uts_lp\\.php",
            "cookies": 0.00023,
            "fingerprinting": 1,
            "subdomains": [
                "www"
            ],
            "apis": {
                "Document.cookie getter": 29,
                "window.localStorage": 29,
                "Date.prototype.getTime": 29,
                "Document.cookie setter": 29
            },
            "sites": 34,
            "prevalence": 0.00023,
            "cnames": [],
            "responseHashes": [
                "7a3e6cbf83964585cd54482fe3cdbad0526d60ca7458b9b1830d73606d0d681a",
                "c925cdeafa63e133ae4140b37934e7aa5b174a14856b9e71457ea32adca1695c",
                "cb01253efda1b762a15967ce275de3e7b23331f6442bec098cfb1abbccd47279",
                "30fa7464ed6ccdba58c0ad8275de4ab37859be68ece6847dcf1f8307115910cf",
                "7c8d86c2e5cf03342d6d1c6b067a2affb894f9c338af5bcb54b56dc9cc40659a",
                "231f16c7ce4be40e3fcdf5161ae4e6e27884946c9bd3372ea141a2be7afa90d7",
                "f86bf7d50b3e5c088da70706ab4a5a77f2f05caf1e18d57606dd723865d3f345",
                "ebdfba28e0f29f57bd854c6265e7b2c7b985b66c38e6e953569f308c7c8bc274",
                "cdbc9754141e17dbd662588a57134ce998de16697b5ac403972f930bec53a0ba",
                "367d57aced82a5312add3121b18bbd367664eacc493fe28b05a142300c3b0189",
                "06868865c1ad85f721a641a033f335a093c55587f0d62a37de2e00f410c4cbde",
                "95322dd82fbbd6ccd6c5ed649a64123ed32ddc5a78b440e5a15156fdb7f9d85e",
                "9e6b419576d79117339092bcfdc7a2867f4b20a75c2939094b4ed12ae36f77c4",
                "ef60d0bc0a9cb25cc8e187cfceb3b3e442d879188337ea619be98f569e9198ab",
                "d6758b3609bd8915d21914529259eea3b5b34631ab4281ef53979198e99fa6e7",
                "c11dc8a021ac15a56e866b60b60a9ee60a234e594322c507115711e0c698a7ec",
                "6656370322eae5c2c15dd2bf355ab1ab2476d2c8106c5b8f05fca74d42cd8116",
                "a342122155004e9fd9eb6550b95160cb12e3516aef315670c1148572b41e5884",
                "164101355fd869688e38336e7175e7e73226f85f5e70e4ecfa31dc2ae8b7522e",
                "daad6ed546c908c2b5c41ed905cc597388416b640c379d8a7e586e49cc4f86de",
                "7dfc8bb27812d4a97842cb6d2767cdc5e457ff15a312a794eccc317d406814ad",
                "b73cb5a7d73b131d95049a92cf782fd8ebda4cde89fc7bcd69c6dc33cc1fb1dd",
                "131c27331216eb6f13a54a515451bbb857046cd918b61ffe197cc107688f7e54",
                "7736fb90ab6c9a104104c94bbcf17ac0ca3a29a976173a2785fe6ba7ab4f61d7",
                "a6d620cf6725a6efec865708ac37d6e64d9fb2381a2a41d6d3c6f128d7d3f11e",
                "3ff126e7747d3eabd372c69d04102efe705729e9d6db3f40191ae953ee5a4b77",
                "a1a24df0ce67f82521dc6a76a679093d1c0ab8e14ed4f317f7f3d4960a6fddc2",
                "fbcf45ba2e6fe68af6dcf5bb5d6033f1f33f4718dc8e0eaf3b8715374369b3ba",
                "148889feb39543d0ebe4171a3fa715f64dd115498b37ab7fe5ff285de33d540c",
                "36adec9bf3139f1b5f187e5de215aa07f4a78c1024315c70736a7200f2f6317a",
                "60d0c340ecb92050896e4297693327c7032a2ec1249ede34d72ba64d196a90fe",
                "2870d98eeac1ef0b39bd21bc8f42244ccde245f1d703084607f1cac793caf7ea",
                "45ed282f00742d8f64e7e4d91f8fab143cdbf55b4708fb1035eb9e8d739afe00"
            ],
            "type": "Script",
            "firstPartyCookies": {
                "uts_id": {
                    "ttl": 157680002,
                    "length": 17,
                    "prevalence": 0.00019639845861071795,
                    "uniqueness": 1
                },
                "LCUTS_UID_901952": {
                    "ttl": 3602,
                    "length": 6,
                    "prevalence": 0.0000067723606417488944,
                    "uniqueness": 1
                },
                "LCUTS_UID_901814": {
                    "ttl": 3600,
                    "length": 6,
                    "prevalence": 0.0000067723606417488944,
                    "uniqueness": 1
                },
                "LCUTS_UID_901602": {
                    "ttl": 3602,
                    "length": 6,
                    "prevalence": 0.000020317081925246682,
                    "uniqueness": 0.3333333333333333
                },
                "LCUTS_UID_900133": {
                    "ttl": 3602,
                    "length": 6,
                    "prevalence": 0.00007449596705923783,
                    "uniqueness": 0.09090909090909091
                },
                "LCUTS_UID_901600": {
                    "ttl": 3604,
                    "length": 6,
                    "prevalence": 0.0000067723606417488944,
                    "uniqueness": 1
                },
                "LCUTS_UID_901938": {
                    "ttl": 3604,
                    "length": 6,
                    "prevalence": 0.0000067723606417488944,
                    "uniqueness": 1
                },
                "LCUTS_UID_900594": {
                    "ttl": 3603,
                    "length": 6,
                    "prevalence": 0.000013544721283497789,
                    "uniqueness": 0.5
                },
                "LCUTS_UID_901948": {
                    "ttl": 3601,
                    "length": 6,
                    "prevalence": 0.0000067723606417488944,
                    "uniqueness": 1
                },
                "LCUTS_UID_900507": {
                    "ttl": 3603,
                    "length": 6,
                    "prevalence": 0.0000067723606417488944,
                    "uniqueness": 1
                },
                "LCUTS_UID_901518": {
                    "ttl": 3602,
                    "length": 6,
                    "prevalence": 0.000013544721283497789,
                    "uniqueness": 0.5
                },
                "LCUTS_UID_900188": {
                    "ttl": 3602,
                    "length": 6,
                    "prevalence": 0.0000067723606417488944,
                    "uniqueness": 1
                },
                "LCUTS_UID_901443": {
                    "ttl": 3609,
                    "length": 6,
                    "prevalence": 0.0000067723606417488944,
                    "uniqueness": 1
                },
                "LCUTS_UID_901808": {
                    "ttl": 3599,
                    "length": 6,
                    "prevalence": 0.0000067723606417488944,
                    "uniqueness": 1
                },
                "LCUTS_UID_900113": {
                    "ttl": 3615,
                    "length": 6,
                    "prevalence": 0.0000067723606417488944,
                    "uniqueness": 1
                },
                "LCUTS_UID_901609": {
                    "ttl": 3600,
                    "length": 6,
                    "prevalence": 0.0000067723606417488944,
                    "uniqueness": 1
                }
            },
            "firstPartyCookiesSent": {
                "LCUTS_UID_901952": 0.0000067723606417488944,
                "LCUTS_UID_901814": 0.0000067723606417488944,
                "LCUTS_UID_901602": 0.000020317081925246682,
                "LCUTS_UID_900133": 0.00007449596705923783,
                "LCUTS_UID_901600": 0.0000067723606417488944,
                "LCUTS_UID_901938": 0.0000067723606417488944,
                "LCUTS_UID_900594": 0.000013544721283497789,
                "LCUTS_UID_901948": 0.0000067723606417488944,
                "LCUTS_UID_900507": 0.0000067723606417488944,
                "LCUTS_UID_901518": 0.000013544721283497789,
                "LCUTS_UID_900188": 0.0000067723606417488944,