{
    "domain": "listhub.net",
    "owner": {
        "name": "Listhub",
        "displayName": "Listhub"
    },
    "source": [
        "DuckDuckGo-US"
    ],
    "prevalence": 0.000169,
    "sites": 25,
    "subdomains": [
        "tracking"
    ],
    "cnames": [],
    "fingerprinting": 1,
    "resources": [
        {
            "rule": "listhub\\.net\\/scripts\\/la\\.js",
            "cookies": 0.000027,
            "fingerprinting": 1,
            "subdomains": [
                "tracking"
            ],
            "apis": {
                "Date.prototype.getTime": 1
            },
            "sites": 4,
            "prevalence": 0.000027,
            "cnames": [],
            "responseHashes": [
                "170b7c20d2fa380c71b907588f30e18bc262b9debcbbd80f67aae1c93da5b58c",
                "f8b52247e6b889b80aa0b3ed48f2fea9126a24ac2be9c034004ae7974fe5c7da",
                "9647bb5dc7551a680812fdc22242d1f1d6e13b0ef268b405d49a910fbab22032"
            ],
            "type": "Script",
            "firstPartyCookies": {},
            "firstPartyCookiesSent": {},
            "exampleSites": [
                "century21.com",
                "commercial.century21.com",
                "www.century21.com",
                "www.har.com"
            ]
        },
        {
            "rule": "listhub\\.net\\/la\\.min\\.js",
            "cookies": 0.000108,
            "fingerprinting": 1,
            "subdomains": [
                "tracking"
            ],
            "apis": {
                "Date.prototype.getTime": 8
            },
            "sites": 16,
            "prevalence": 0.000108,
            "cnames": [],
            "responseHashes": [
                "9271940f2a0f77c72e40b7c4cb23c21404cd2fa0dbdfea7ec1bf9ce18dd37bc6",
                "4204de52edbde4caf200aa56dd74fac651aadcb59878108fcdc4eadf53a33295",
                "5b8758b917784b7767d813ee75c8a19bd7d525eca441e445648409c8a0f6d5eb",
                "df8a25260010842e447a49e3e7d72637b2aef4cc87b271a1e29bc0f606525394",
                "7975bf3f50d9a4d3cf8c02fa91f4a828b8638f45408e026736d0f1db2bf95d29",
                "6c45bdb7ba39d3b1e95d8efb72342d43eac0437928b39e6c2463156c05ada94b",
                "197f4b51f654092215d27872b53867abaa57157035166ba51cb5c7aabd1916db",
                "1c7ed51ccfb14f32d1e870afff5dc3f5cb5903e7adc82ec29f0327a4e6856698",
                "773264733a2f0767012776644b6595957d232a1c1fe0cb9dfbc1a6bd77768517",
                "0b9ce08252c794bb672065b9cf3d8c893138aea57405bcd838cfba56055cdfac",
                "e2833d6f7315c2d62143fddd33406fab277c67d81fb6a192e6c249a47355cc8a",
                "7c1c0fa01cf48ca63b4f4dec34b0ffa98a9c30bd4159d671f13a868cf937122e",
                "ce75153197cda7b9cd28c5508f28af064e8ae9cc5ec43482a2bf82ad5c598bf0",
                "b620a593a2825b02962b6bf8f8b1f9707f2ba8be5a64223589a5fcd3b24eceb2",
                "11e6068d5eb054175eac6f1f4a1a92242016e8288103a49b127d059cfaf03aa9"
            ],
            "type": "Script",
            "firstPartyCookies": {},
            "firstPartyCookiesSent": {},
            "exampleSites": [
                "uphomes.com",
                "www.apartmentguide.com",
                "www.beachhouse.com",
                "www.cabinhomes.com",
                "www.iproperty.com.my",
                "www.lakehouse.com",
                "www.land.com",
                "www.landandfarm.com",
                "www.landsofamerica.com",
                "www.landwatch.com",
                "www.longandfoster.com",
                "www.mobilehome.net",
                "www.propertyshark.com",
                "www.realestatebook.com",
                "www.realtytrac.com",
                "www.rentals.com"
            ]
        },
        {
            "rule": "listhub\\.net\\/tracker",
            "cookies": 0.0000541,
            "fingerprinting": 0,
            "subdomains": [
                "tracking"
            ],
            "apis": {},
            "sites": 8,
            "prevalence": 0.0000541,
            "cnames": [],
            "responseHashes": [
                "77b1d2c0857d4e95d4c2ae7aa0abc5aaafa6bd4581b31203d1592759c26f5c44"
            ],
            "type": "Image",
            "firstPartyCookies": {},
            "firstPartyCookiesSent": {
                "_schn": 0.000006757943963128658
            },
            "exampleSites": [
                "uphomes.com",
                "www.apartmentguide.com",
                "www.har.com",
                "www.lakehouse.com",
                "www.landsofamerica.com",
                "www.longandfoster.com",
                "www.mobilehome.net",
                "www.rentals.com"
            ]
        },
        {
            "rule": "listhub\\.net\\/batch",
            "cookies": 0.0000135,
            "fingerprinting": 0,
            "subdomains": [
                "tracking"
            ],
            "apis": {},
            "sites": 2,
            "prevalence": 0.0000135,
            "cnames": [],
            "responseHashes": [
                "e3b0c44298fc1c149afbf4c8996fb92427ae41e4649b934ca495991b7852b855"
            ],
            "type": "XHR",
            "firstPartyCookies": {},
            "firstPartyCookiesSent": {},
            "exampleSites": [
                "beachhouse.com",
                "www.propertyshark.com"
            ]
        }
    ],
    "categories": [],
    "performance": {},
    "cookies": 0.000169,
    "topInitiators": [
        {
            "domain": "first party",
            "prevalence": 0.5641025641025641
        },
        {
            "domain": "land.com",
            "prevalence": 0.3333333333333333
        },
        {
            "domain": "googletagmanager.com",
            "prevalence": 0.07692307692307693
        },
        {
            "domain": "tiqcdn.com",
            "prevalence": 0.02564102564102564
        }
    ],
    "types": {
        "Script": 20,
        "Image": 8,
        "XHR": 2
    },
    "nameservers": [
        "ns-1307.awsdns-35.org",
        "ns-1995.awsdns-57.co.uk",
        "ns-244.awsdns-30.com",
        "ns-563.awsdns-06.net"
    ]
}