{
    "domain": "listhub.net",
    "owner": {
        "name": "Listhub",
        "displayName": "Listhub"
    },
    "source": [
        "DuckDuckGo-US"
    ],
    "prevalence": 0.000163,
    "sites": 24,
    "subdomains": [
        "tracking"
    ],
    "cnames": [],
    "fingerprinting": 1,
    "resources": [
        {
            "rule": "listhub\\.net\\/scripts\\/la\\.js",
            "cookies": 0.0000271,
            "fingerprinting": 1,
            "subdomains": [
                "tracking"
            ],
            "apis": {
                "Date.prototype.getTime": 2
            },
            "sites": 4,
            "prevalence": 0.0000271,
            "cnames": [],
            "responseHashes": [
                "485dcaa5fbd0ebca52eec02004723806a901062ad5a5947d388bb2eee57dac57",
                "13b4778d9034ced315dcc70789135765b1e9efe8c10466a58cc8c8ffe88f4a92",
                "131c6f6eb317d06f2f850d45657f41473ece2f7521d2af183c71675ef6eca0a4"
            ],
            "type": "Script",
            "firstPartyCookies": {},
            "firstPartyCookiesSent": {},
            "exampleSites": [
                "century21.com",
                "commercial.century21.com",
                "www.century21.com",
                "www.har.com"
            ]
        },
        {
            "rule": "listhub\\.net\\/la\\.min\\.js",
            "cookies": 0.0000814,
            "fingerprinting": 1,
            "subdomains": [
                "tracking"
            ],
            "apis": {
                "Date.prototype.getTime": 5
            },
            "sites": 12,
            "prevalence": 0.0000814,
            "cnames": [],
            "responseHashes": [
                "22a3509fce4d6608b1143a32f3d5725c2b5f6faccf7b5efd995f1ae9f3a266a5",
                "74e0d22fe66597a6da0989ac090d628120aa01baccc505700dd6015b21a9f340",
                "dea65a0c0edb4041d272300d88ebe8fbe51b8948bb2025f55ff690bcf10e4941",
                "c38f2fab31d88e07792a6e8e274bc86c4b9560f6804aad0800e71ff3c11f481c",
                "28b28592f3f5b546958c41aac77e04d9bdeba7087ee8f1efd7ed1ab2a74e292c",
                "7552364ed3382792dad41ca3b50ed424d7c2cd77d724afc6a62f1f1d00dc6744",
                "d93e34af68faeac9b72f1394c8962dcce9cf5544885ffc6d8326afa4a6cabb2e",
                "68a65452f11dfd3bd2d627be9a45d05d2eaaea3975a00637cb55df7416a6a304",
                "a9f32729c8601d02b3674b08e76cc75619d12ab20416a7a5585a4eea1ffa8605",
                "33934a6833ecb47245f21fca6e0a11c15f176558507c7fe41314ac6717b799c7",
                "e50bacdb56002869fa0f680d2e18aaf9e5b575e33b427fe76fcd2f77a68eddee"
            ],
            "type": "Script",
            "firstPartyCookies": {},
            "firstPartyCookiesSent": {},
            "exampleSites": [
                "uphomes.com",
                "www.beachhouse.com",
                "www.cabinhomes.com",
                "www.lakehouse.com",
                "www.land.com",
                "www.landandfarm.com",
                "www.landwatch.com",
                "www.landsoftexas.com",
                "www.landsofamerica.com",
                "www.realestatebook.com",
                "www.realtytrac.com",
                "www.rentals.com"
            ]
        },
        {
            "rule": "listhub\\.net\\/tracker",
            "cookies": 0.0000543,
            "fingerprinting": 0,
            "subdomains": [
                "tracking"
            ],
            "apis": {},
            "sites": 8,
            "prevalence": 0.0000543,
            "cnames": [],
            "responseHashes": [
                "77b1d2c0857d4e95d4c2ae7aa0abc5aaafa6bd4581b31203d1592759c26f5c44"
            ],
            "type": "Image",
            "firstPartyCookies": {},
            "firstPartyCookiesSent": {},
            "exampleSites": [
                "uphomes.com",
                "www.century21.com",
                "www.har.com",
                "www.lakehouse.com",
                "www.landwatch.com",
                "www.landsofamerica.com",
                "www.landsoftexas.com",
                "www.rentals.com"
            ]
        }
    ],
    "categories": [],
    "performance": {},
    "cookies": 0.000163,
    "topInitiators": [
        {
            "domain": "land.com",
            "prevalence": 0.5576923076923077
        },
        {
            "domain": "first party",
            "prevalence": 0.36538461538461536
        },
        {
            "domain": "googletagmanager.com",
            "prevalence": 0.07692307692307693
        }
    ],
    "types": {
        "Script": 16,
        "Image": 8
    },
    "nameservers": [
        "ns-244.awsdns-30.com",
        "ns-563.awsdns-06.net",
        "ns-1307.awsdns-35.org",
        "ns-1995.awsdns-57.co.uk"
    ]
}