{
    "domain": "listhub.net",
    "owner": {
        "name": "Listhub",
        "displayName": "Listhub"
    },
    "source": [
        "DuckDuckGo-US"
    ],
    "prevalence": 0.000176,
    "sites": 26,
    "subdomains": [
        "tracking"
    ],
    "cnames": [],
    "fingerprinting": 1,
    "resources": [
        {
            "rule": "listhub\\.net\\/scripts\\/la\\.js",
            "cookies": 0.0000271,
            "fingerprinting": 0,
            "subdomains": [
                "tracking"
            ],
            "apis": {},
            "sites": 4,
            "prevalence": 0.0000271,
            "cnames": [],
            "responseHashes": [
                "b08f5a606ad287015171f46abdca55ede1c05cf06f8baef6b1b95c01dab86ae0",
                "583c9b1c67ac0abd1783f174f93edd643dc4bf5417bf57a629d5779b4447760e",
                "ca4de79e22971f5d4af9d0e781ea61c3932be6eebe3e4e599b655a7cbcd51b90"
            ],
            "type": "Script",
            "firstPartyCookies": {},
            "firstPartyCookiesSent": {},
            "exampleSites": [
                "century21.com",
                "commercial.century21.com",
                "www.century21.com",
                "www.har.com"
            ]
        },
        {
            "rule": "listhub\\.net\\/la\\.min\\.js",
            "cookies": 0.000088,
            "fingerprinting": 1,
            "subdomains": [
                "tracking"
            ],
            "apis": {
                "Date.prototype.getTime": 3
            },
            "sites": 13,
            "prevalence": 0.000088,
            "cnames": [],
            "responseHashes": [
                "15de3898326beb536194cfc789447cacd682c084c122e3d0fa6f1b20617179d6",
                "6fd8738dcef1af3a46138944ddcb2ccf959580360b88505d65bab01a28e6c95b",
                "2bd1e88ddc452178be067f1e51c73fd64b944c7d03c2ee1d6560bf68d76866f6",
                "f76db0d15cd206189842eac77afe4c56358357b1ebc219d0cf6b8999f2f79a89",
                "37140ee5254f045d168b3ba2f7c96699cad183647f83974d0a5597b03b94cab2",
                "d208bdc7867288e1cd54711aa5ac20c83b5551815bcb35b00ee246c046703207",
                "12f2b4cd802add7de364c0df9b14d5146a757517ff10933c51863309fbe806d2",
                "9dc74048825d6e12596c386b6d31b7b134310ec0e6bc542f9366615d29c6a416",
                "52efd82092a766b0c6c8743176faf97376fd7806b011754181b2a092849ee522",
                "78604b4870754e6a1a649f2a21e0905e4a8f12255447351f533606549bdbe32f",
                "a49a027f5515a46c75d320e4ead6010feb60c540adab4a61cfe38cc53bbb75ba",
                "d229e055f3bd02f13ad3f145e5e970f7ae070b36d5ac4a6c2fffc17e906f68af"
            ],
            "type": "Script",
            "firstPartyCookies": {},
            "firstPartyCookiesSent": {},
            "exampleSites": [
                "landandfarm.com",
                "uphomes.com",
                "www.cabinhomes.com",
                "www.golfhomes.com",
                "www.iproperty.com.my",
                "www.land.com",
                "www.landandfarm.com",
                "www.landwatch.com",
                "www.longandfoster.com",
                "www.properstar.com",
                "www.realestatebook.com",
                "www.realtytrac.com",
                "www.rentals.com"
            ]
        },
        {
            "rule": "listhub\\.net\\/tracker",
            "cookies": 0.0000406,
            "fingerprinting": 0,
            "subdomains": [
                "tracking"
            ],
            "apis": {},
            "sites": 6,
            "prevalence": 0.0000406,
            "cnames": [],
            "responseHashes": [
                "77b1d2c0857d4e95d4c2ae7aa0abc5aaafa6bd4581b31203d1592759c26f5c44"
            ],
            "type": "Image",
            "firstPartyCookies": {},
            "firstPartyCookiesSent": {},
            "exampleSites": [
                "uphomes.com",
                "www.har.com",
                "www.landsearch.com",
                "www.landwatch.com",
                "www.longandfoster.com",
                "www.rentals.com"
            ]
        },
        {
            "rule": "listhub\\.net\\/scripts\\/la\\.min\\.js",
            "cookies": 0.0000135,
            "fingerprinting": 0,
            "subdomains": [
                "tracking"
            ],
            "apis": {},
            "sites": 2,
            "prevalence": 0.0000135,
            "cnames": [],
            "responseHashes": [
                "cfe5f154806b55a1ddd9b058523891c243134f3e232295ee3b90afc26a1e970e"
            ],
            "type": "Script",
            "firstPartyCookies": {},
            "firstPartyCookiesSent": {},
            "exampleSites": [
                "newhomesource.com",
                "www.newhomesource.com"
            ]
        }
    ],
    "categories": [],
    "performance": {},
    "cookies": 0.000176,
    "topInitiators": [
        {
            "domain": "first party",
            "prevalence": 0.9066666666666666
        },
        {
            "domain": "googletagmanager.com",
            "prevalence": 0.08
        },
        {
            "domain": "tiqcdn.com",
            "prevalence": 0.013333333333333334
        }
    ],
    "types": {
        "Script": 19,
        "Image": 6
    },
    "nameservers": [
        "ns-244.awsdns-30.com",
        "ns-1995.awsdns-57.co.uk",
        "ns-563.awsdns-06.net",
        "ns-1307.awsdns-35.org"
    ]
}