{
    "domain": "logbase.io",
    "owner": {},
    "source": [
        "DuckDuckGo-US"
    ],
    "prevalence": 0.000223,
    "sites": 33,
    "subdomains": [
        "upsell-app",
        "cdn",
        "slots-app"
    ],
    "cnames": [],
    "fingerprinting": 1,
    "resources": [
        {
            "rule": "logbase\\.io\\/setup",
            "cookies": 0,
            "fingerprinting": 0,
            "subdomains": [
                "upsell-app"
            ],
            "apis": {},
            "sites": 15,
            "prevalence": 0.000102,
            "cnames": [],
            "responseHashes": [],
            "type": "Preflight",
            "firstPartyCookies": {},
            "firstPartyCookiesSent": {},
            "exampleSites": [
                "bigmouthtoothbrush.com",
                "bulletproofdiesel.com",
                "chastity-devices.com",
                "flyinmiata.com",
                "thesatanictemple.com",
                "wildcrush.co.uk",
                "www.18650batterystore.com",
                "www.fenixlighting.com",
                "www.goretroid.com",
                "www.honeyflow.com",
                "www.jackery.com",
                "www.jlab.com",
                "www.strikeman.io",
                "www.thecubicle.com",
                "www.toyworld.com.au"
            ]
        },
        {
            "rule": "logbase\\.io\\/setup",
            "cookies": 0,
            "fingerprinting": 0,
            "subdomains": [
                "upsell-app"
            ],
            "apis": {},
            "sites": 15,
            "prevalence": 0.000102,
            "cnames": [],
            "responseHashes": [
                "27333f393a91e593249a56775220e9b0d5031ccaa998032716bcf6e8dcff8b39",
                "b726f865fd089a0abb66fb10fd8d08174bcc6d772aa3f6d6302ad1a34a6a53f9",
                "16ec09a2bdd79bc59e644eb5814ae02133402619d3b81f4c7fcb4c0c339b6843",
                "b33b68191c5407b1b93a3a5b33ec797a97a27fb16957d811a82f5bf940652a78",
                "63034aa41b9ae2804c109406ed1291727fbc68ade5594921b367071f2bd257b5",
                "38e171b5d17dcaf47c3fb6d63537bc5f982b151df7ef09aa3dae025379014ed8",
                "bd5a3a4e23c2a06d2d147607c4780b61e943c9a9cd3940dc133ac6b697a9bfb0",
                "414b335b09df3ce7790a77e0c65f5925287a931f5574129294d6b0b3a85cbd34",
                "e0671bbdda17badc6242ef2fc58a8472586b3e986220ccfce3892cd0cb398472",
                "8fa7fb09271d6689e000102b490440f5461ef536e509123bdd8e295e9321a0c7",
                "6f37ba3f47a2cae340d5836f65b97c9cbe7ebd9b7eb3cbcd7d5d76cb7beba756",
                "a8ba44df6360647bce37e54149d021eefe80b17d22f35fe94a3e695c7dcf640f",
                "e8c783349400f64cd007c8f3ae62c986b238ed390286847a07862915c1c10d08"
            ],
            "type": "XHR",
            "firstPartyCookies": {},
            "firstPartyCookiesSent": {},
            "exampleSites": [
                "bigmouthtoothbrush.com",
                "bulletproofdiesel.com",
                "chastity-devices.com",
                "flyinmiata.com",
                "thesatanictemple.com",
                "wildcrush.co.uk",
                "www.18650batterystore.com",
                "www.fenixlighting.com",
                "www.goretroid.com",
                "www.honeyflow.com",
                "www.jackery.com",
                "www.jlab.com",
                "www.strikeman.io",
                "www.thecubicle.com",
                "www.toyworld.com.au"
            ]
        },
        {
            "rule": "logbase\\.io\\/lb-upsell-wrapper\\.js",
            "cookies": 0,
            "fingerprinting": 0,
            "subdomains": [
                "cdn"
            ],
            "apis": {},
            "sites": 3,
            "prevalence": 0.0000203,
            "cnames": [],
            "responseHashes": [
                "a8bb8330a2b3f858b82db8e25053db7386e288546fcad6544ff9b9d9fdba3eff"
            ],
            "type": "Script",
            "firstPartyCookies": {},
            "firstPartyCookiesSent": {},
            "exampleSites": [
                "bigmouthtoothbrush.com",
                "www.goretroid.com",
                "www.jlab.com"
            ]
        },
        {
            "rule": "logbase\\.io\\/lb-upsell\\.js",
            "cookies": 0,
            "fingerprinting": 1,
            "subdomains": [
                "upsell-app"
            ],
            "apis": {
                "window.localStorage": 11,
                "Navigator.prototype.userAgent": 1,
                "Date.prototype.getTime": 1
            },
            "sites": 12,
            "prevalence": 0.0000813,
            "cnames": [],
            "responseHashes": [
                "494e5669c5ee189a5ed4cb8e226b6fd1bb374ef91c46977f69e39b5a9a3ca06f"
            ],
            "type": "Script",
            "firstPartyCookies": {},
            "firstPartyCookiesSent": {},
            "exampleSites": [
                "bulletproofdiesel.com",
                "chastity-devices.com",
                "flyinmiata.com",
                "thesatanictemple.com",
                "wildcrush.co.uk",
                "www.18650batterystore.com",
                "www.fenixlighting.com",
                "www.honeyflow.com",
                "www.jackery.com",
                "www.strikeman.io",
                "www.thecubicle.com",
                "www.toyworld.com.au"
            ]
        },
        {
            "rule": "logbase\\.io\\/lb-upsell-components\\/lb-upsell-components\\.esm\\.js",
            "cookies": 0,
            "fingerprinting": 0,
            "subdomains": [
                "upsell-app"
            ],
            "apis": {},
            "sites": 12,
            "prevalence": 0.0000813,
            "cnames": [],
            "responseHashes": [
                "bba1f6f8bf020c9a5c8bf92393bcace829f66f27b5e8de9ce19ed1d25f61b2ad"
            ],
            "type": "Script",
            "firstPartyCookies": {},
            "firstPartyCookiesSent": {},
            "exampleSites": [
                "bulletproofdiesel.com",
                "chastity-devices.com",
                "flyinmiata.com",
                "thesatanictemple.com",
                "wildcrush.co.uk",
                "www.18650batterystore.com",
                "www.fenixlighting.com",
                "www.honeyflow.com",
                "www.jackery.com",
                "www.strikeman.io",
                "www.thecubicle.com",
                "www.toyworld.com.au"
            ]
        },
        {
            "rule": "logbase\\.io\\/lb-upsell-components\\/p-181eccd1\\.js",
            "cookies": 0,
            "fingerprinting": 0,
            "subdomains": [
                "upsell-app"
            ],
            "apis": {},
            "sites": 12,
            "prevalence": 0.0000813,
            "cnames": [],
            "responseHashes": [
                "be29eeafb1943e7cccf5e28c8e35b0fca6a7a67c1972c2c8b76d6f2dca0e77a8"
            ],
            "type": "Script",
            "firstPartyCookies": {},
            "firstPartyCookiesSent": {},
            "exampleSites": [
                "bulletproofdiesel.com",
                "chastity-devices.com",
                "flyinmiata.com",
                "thesatanictemple.com",
                "wildcrush.co.uk",
                "www.18650batterystore.com",
                "www.fenixlighting.com",
                "www.honeyflow.com",
                "www.jackery.com",
                "www.strikeman.io",
                "www.thecubicle.com",
                "www.toyworld.com.au"
            ]
        },
        {
            "rule": "logbase\\.io\\/lb-upsell-components\\/p-28a12108\\.entry\\.js",
            "cookies": 0,
            "fingerprinting": 0,
            "subdomains": [
                "upsell-app"
            ],
            "apis": {},
            "sites": 10,
            "prevalence": 0.0000677,
            "cnames": [],