{
    "domain": "logbase.io",
    "owner": {},
    "source": [
        "DuckDuckGo-US"
    ],
    "prevalence": 0.000248,
    "sites": 32,
    "subdomains": [
        "upsell-app",
        "cdn",
        "slots-app"
    ],
    "cnames": [],
    "fingerprinting": 1,
    "resources": [
        {
            "rule": "logbase\\.io\\/setup",
            "cookies": 0,
            "fingerprinting": 0,
            "subdomains": [
                "upsell-app"
            ],
            "apis": {},
            "sites": 15,
            "prevalence": 0.000116,
            "cnames": [],
            "responseHashes": [],
            "type": "Preflight",
            "firstPartyCookies": {},
            "firstPartyCookiesSent": {},
            "exampleSites": [
                "bernedirect.com",
                "chastity-devices.com",
                "daisous.com",
                "deweys.com",
                "fireballtool.com",
                "lumitherapy.co.uk",
                "thesatanictemple.com",
                "www.18650batterystore.com",
                "www.fenixlighting.com",
                "www.goretroid.com",
                "www.jackery.com",
                "www.jlab.com",
                "www.strikeman.io",
                "www.toyworld.co.nz",
                "www.toyworld.com.au"
            ]
        },
        {
            "rule": "logbase\\.io\\/setup",
            "cookies": 0,
            "fingerprinting": 0,
            "subdomains": [
                "upsell-app"
            ],
            "apis": {},
            "sites": 15,
            "prevalence": 0.000116,
            "cnames": [],
            "responseHashes": [
                "b726f865fd089a0abb66fb10fd8d08174bcc6d772aa3f6d6302ad1a34a6a53f9",
                "5a9b0548369aec0d8d61d8653fde2c68351e1e2c134698560207f786dbaf27f3",
                "b19231702471ffe7f1382c435ed93d9ec5ce736c190af7a089653a9047600ca0",
                "8af135d8298748ff9233694f2f8036ab4ede5bc97030991fee6f8f9240ded844",
                "9fa899a8566edf0ad5ca91404c85fd141a9bc39008295e61e3ad0d37c38f973b",
                "9010d2da1d91732399513a04066311a9bcb02a860aa3f05ff41b8610bd947e1b",
                "d122ca1812d038d207f833f0f2324a00226e088d72d4625e9ebe0af62ab271c4",
                "ed4107f0c677e6178fe5e86a67d1b4388d3b843fe6ec8e59b4f41295b09feca9",
                "b51eab24e66efc8d90fe837d840e9a19baf0772f4b67ef857d82154338f50ef8",
                "e8c783349400f64cd007c8f3ae62c986b238ed390286847a07862915c1c10d08"
            ],
            "type": "XHR",
            "firstPartyCookies": {},
            "firstPartyCookiesSent": {},
            "exampleSites": [
                "bernedirect.com",
                "chastity-devices.com",
                "daisous.com",
                "deweys.com",
                "fireballtool.com",
                "lumitherapy.co.uk",
                "thesatanictemple.com",
                "www.18650batterystore.com",
                "www.fenixlighting.com",
                "www.goretroid.com",
                "www.jackery.com",
                "www.jlab.com",
                "www.strikeman.io",
                "www.toyworld.co.nz",
                "www.toyworld.com.au"
            ]
        },
        {
            "rule": "logbase\\.io\\/lb-upsell-wrapper\\.js",
            "cookies": 0,
            "fingerprinting": 0,
            "subdomains": [
                "cdn"
            ],
            "apis": {},
            "sites": 4,
            "prevalence": 0.000031,
            "cnames": [],
            "responseHashes": [
                "a8bb8330a2b3f858b82db8e25053db7386e288546fcad6544ff9b9d9fdba3eff"
            ],
            "type": "Script",
            "firstPartyCookies": {},
            "firstPartyCookiesSent": {},
            "exampleSites": [
                "bernedirect.com",
                "fireballtool.com",
                "www.goretroid.com",
                "www.jlab.com"
            ]
        },
        {
            "rule": "logbase\\.io\\/lb-upsell\\.js",
            "cookies": 0,
            "fingerprinting": 1,
            "subdomains": [
                "upsell-app"
            ],
            "apis": {
                "window.localStorage": 9
            },
            "sites": 11,
            "prevalence": 0.0000853,
            "cnames": [],
            "responseHashes": [
                "d450cd9a4197ce4962d49253aa996db82f997be3f250a5969e7105eb33ce7cdd"
            ],
            "type": "Script",
            "firstPartyCookies": {},
            "firstPartyCookiesSent": {},
            "exampleSites": [
                "chastity-devices.com",
                "daisous.com",
                "deweys.com",
                "lumitherapy.co.uk",
                "thesatanictemple.com",
                "www.18650batterystore.com",
                "www.fenixlighting.com",
                "www.jackery.com",
                "www.strikeman.io",
                "www.toyworld.co.nz",
                "www.toyworld.com.au"
            ]
        },
        {
            "rule": "logbase\\.io\\/lb-upsell-components\\/lb-upsell-components\\.esm\\.js",
            "cookies": 0,
            "fingerprinting": 0,
            "subdomains": [
                "upsell-app"
            ],
            "apis": {},
            "sites": 10,
            "prevalence": 0.0000775,
            "cnames": [],
            "responseHashes": [
                "692f79a5669c10b07a6d6efff64ab9f0f0d6d3cdcd9d6e41cc6a9554bdd5e508"
            ],
            "type": "Script",
            "firstPartyCookies": {},
            "firstPartyCookiesSent": {},
            "exampleSites": [
                "chastity-devices.com",
                "daisous.com",
                "deweys.com",
                "thesatanictemple.com",
                "www.18650batterystore.com",
                "www.fenixlighting.com",
                "www.jackery.com",
                "www.strikeman.io",
                "www.toyworld.co.nz",
                "www.toyworld.com.au"
            ]
        },
        {
            "rule": "logbase\\.io\\/lb-upsell-components\\/p-181eccd1\\.js",
            "cookies": 0,
            "fingerprinting": 0,
            "subdomains": [
                "upsell-app"
            ],
            "apis": {},
            "sites": 10,
            "prevalence": 0.0000775,
            "cnames": [],
            "responseHashes": [
                "be29eeafb1943e7cccf5e28c8e35b0fca6a7a67c1972c2c8b76d6f2dca0e77a8"
            ],
            "type": "Script",
            "firstPartyCookies": {},
            "firstPartyCookiesSent": {},
            "exampleSites": [
                "chastity-devices.com",
                "daisous.com",
                "deweys.com",
                "thesatanictemple.com",
                "www.18650batterystore.com",
                "www.fenixlighting.com",
                "www.jackery.com",
                "www.strikeman.io",
                "www.toyworld.co.nz",
                "www.toyworld.com.au"
            ]
        },
        {
            "rule": "logbase\\.io\\/lb-upsell-components\\/p-28a12108\\.entry\\.js",
            "cookies": 0,
            "fingerprinting": 0,
            "subdomains": [
                "upsell-app"
            ],
            "apis": {},
            "sites": 5,
            "prevalence": 0.0000388,
            "cnames": [],
            "responseHashes": [
                "12caf3ccef20462e7c3ec4c2df5fd5c10b4bf2a9a638369d7ac7ddb252b8eabd"
            ],
            "type": "Script",
            "firstPartyCookies": {},
            "firstPartyCookiesSent": {},
            "exampleSites": [
                "thesatanictemple.com",
                "www.18650batterystore.com",
                "www.fenixlighting.com",
                "www.jackery.com",
                "www.toyworld.com.au"
            ]
        },
        {
            "rule": "logbase\\.io\\/lb-upsell-components\\/p-a2208f7c\\.entry\\.js",
            "cookies": 0,