{
    "domain": "logbase.io",
    "owner": {},
    "source": [
        "DuckDuckGo-US"
    ],
    "prevalence": 0.000224,
    "sites": 33,
    "subdomains": [
        "upsell-app",
        "cdn",
        "slots-app"
    ],
    "cnames": [],
    "fingerprinting": 1,
    "resources": [
        {
            "rule": "logbase\\.io\\/setup",
            "cookies": 0,
            "fingerprinting": 0,
            "subdomains": [
                "upsell-app"
            ],
            "apis": {},
            "sites": 15,
            "prevalence": 0.000102,
            "cnames": [],
            "responseHashes": [],
            "type": "Preflight",
            "firstPartyCookies": {},
            "firstPartyCookiesSent": {},
            "exampleSites": [
                "bigmouthtoothbrush.com",
                "bulletproofdiesel.com",
                "chastity-devices.com",
                "flyinmiata.com",
                "thesatanictemple.com",
                "wildcrush.co.uk",
                "www.18650batterystore.com",
                "www.fenixlighting.com",
                "www.goretroid.com",
                "www.honeyflow.com",
                "www.jackery.com",
                "www.jlab.com",
                "www.strikeman.io",
                "www.thecubicle.com",
                "www.toyworld.com.au"
            ]
        },
        {
            "rule": "logbase\\.io\\/setup",
            "cookies": 0,
            "fingerprinting": 0,
            "subdomains": [
                "upsell-app"
            ],
            "apis": {},
            "sites": 15,
            "prevalence": 0.000102,
            "cnames": [],
            "responseHashes": [
                "d1f8cc48ceb1c24a0789bb59421f87550745a237b185803f075057a12358ba34",
                "b726f865fd089a0abb66fb10fd8d08174bcc6d772aa3f6d6302ad1a34a6a53f9",
                "2fb2539def3cc710f4d2d7a34f39c0d668f2a2be083073de72cda255b4d64be9",
                "4a95e04c01cb76207b68e305313db0ac6a1e084cacfbc90a0f09213d0ec01a4a",
                "63034aa41b9ae2804c109406ed1291727fbc68ade5594921b367071f2bd257b5",
                "aa4adfedb5dc18b623314442d37938395923ccf4e09c148da148564e54af415e",
                "019a19c477d4df64624afd1a548742366172be7109397bb5bc7edf8d89a73d37",
                "cfe59a3ccd26022da0e13a2ace859ffde011596f8f6d945061c798931b1c48f4",
                "086c292e36d0e2766fd124a47daa4d61c4bafc370e96a06608593034a7b4e054",
                "cf13a637a8d21c92a581eee7d061b6145575ed2f79f6698ec9e44c5a18a5b719",
                "dd6d71d8a08d15caa9ae79b940faeb8d794c6620b9bcc266bc0fe7810d39e10c",
                "8e149d2d9b42763874bc9f36d981b1a09b5ef556527d7cfe2e2c3a3738a013af",
                "e8c783349400f64cd007c8f3ae62c986b238ed390286847a07862915c1c10d08"
            ],
            "type": "XHR",
            "firstPartyCookies": {},
            "firstPartyCookiesSent": {},
            "exampleSites": [
                "bigmouthtoothbrush.com",
                "bulletproofdiesel.com",
                "chastity-devices.com",
                "flyinmiata.com",
                "thesatanictemple.com",
                "wildcrush.co.uk",
                "www.18650batterystore.com",
                "www.fenixlighting.com",
                "www.goretroid.com",
                "www.honeyflow.com",
                "www.jackery.com",
                "www.jlab.com",
                "www.strikeman.io",
                "www.thecubicle.com",
                "www.toyworld.com.au"
            ]
        },
        {
            "rule": "logbase\\.io\\/lb-upsell-wrapper\\.js",
            "cookies": 0,
            "fingerprinting": 0,
            "subdomains": [
                "cdn"
            ],
            "apis": {},
            "sites": 3,
            "prevalence": 0.0000203,
            "cnames": [],
            "responseHashes": [
                "a8bb8330a2b3f858b82db8e25053db7386e288546fcad6544ff9b9d9fdba3eff"
            ],
            "type": "Script",
            "firstPartyCookies": {},
            "firstPartyCookiesSent": {},
            "exampleSites": [
                "bigmouthtoothbrush.com",
                "www.goretroid.com",
                "www.jlab.com"
            ]
        },
        {
            "rule": "logbase\\.io\\/lb-upsell\\.js",
            "cookies": 0,
            "fingerprinting": 1,
            "subdomains": [
                "upsell-app"
            ],
            "apis": {
                "window.localStorage": 12
            },
            "sites": 12,
            "prevalence": 0.0000813,
            "cnames": [],
            "responseHashes": [
                "99b8e0c2b83e23fb7d5f835e41e2a404fdd0a72cc20fcd1d49e74e325efabbe4"
            ],
            "type": "Script",
            "firstPartyCookies": {},
            "firstPartyCookiesSent": {},
            "exampleSites": [
                "bulletproofdiesel.com",
                "chastity-devices.com",
                "flyinmiata.com",
                "thesatanictemple.com",
                "wildcrush.co.uk",
                "www.18650batterystore.com",
                "www.fenixlighting.com",
                "www.honeyflow.com",
                "www.jackery.com",
                "www.strikeman.io",
                "www.thecubicle.com",
                "www.toyworld.com.au"
            ]
        },
        {
            "rule": "logbase\\.io\\/lb-upsell-components\\/lb-upsell-components\\.esm\\.js",
            "cookies": 0,
            "fingerprinting": 0,
            "subdomains": [
                "upsell-app"
            ],
            "apis": {},
            "sites": 12,
            "prevalence": 0.0000813,
            "cnames": [],
            "responseHashes": [
                "ca1e930a0a9a63c65b884aaf690f0358fd48d22c813d5c515d6fbf7860ce14ec"
            ],
            "type": "Script",
            "firstPartyCookies": {},
            "firstPartyCookiesSent": {},
            "exampleSites": [
                "bulletproofdiesel.com",
                "chastity-devices.com",
                "flyinmiata.com",
                "thesatanictemple.com",
                "wildcrush.co.uk",
                "www.18650batterystore.com",
                "www.fenixlighting.com",
                "www.honeyflow.com",
                "www.jackery.com",
                "www.strikeman.io",
                "www.thecubicle.com",
                "www.toyworld.com.au"
            ]
        },
        {
            "rule": "logbase\\.io\\/lb-upsell-components\\/p-181eccd1\\.js",
            "cookies": 0,
            "fingerprinting": 0,
            "subdomains": [
                "upsell-app"
            ],
            "apis": {},
            "sites": 12,
            "prevalence": 0.0000813,
            "cnames": [],
            "responseHashes": [
                "be29eeafb1943e7cccf5e28c8e35b0fca6a7a67c1972c2c8b76d6f2dca0e77a8"
            ],
            "type": "Script",
            "firstPartyCookies": {},
            "firstPartyCookiesSent": {},
            "exampleSites": [
                "bulletproofdiesel.com",
                "chastity-devices.com",
                "flyinmiata.com",
                "thesatanictemple.com",
                "wildcrush.co.uk",
                "www.18650batterystore.com",
                "www.fenixlighting.com",
                "www.honeyflow.com",
                "www.jackery.com",
                "www.strikeman.io",
                "www.thecubicle.com",
                "www.toyworld.com.au"
            ]
        },
        {
            "rule": "logbase\\.io\\/lb-upsell-components\\/p-f94476fd\\.entry\\.js",
            "cookies": 0,
            "fingerprinting": 0,
            "subdomains": [
                "upsell-app"
            ],
            "apis": {},
            "sites": 10,
            "prevalence": 0.0000678,
            "cnames": [],
            "responseHashes": [
                "25f165c4a59e39f85810ef367ddac2ac8ba977bf9825592666fd023336ec26c8"
            ],