{
    "domain": "luxcdn.com",
    "owner": {},
    "source": [
        "DuckDuckGo-US"
    ],
    "prevalence": 0.000373,
    "sites": 55,
    "subdomains": [
        "s"
    ],
    "cnames": [],
    "fingerprinting": 2,
    "resources": [
        {
            "rule": "luxcdn\\.com\\/hbadx\\/",
            "cookies": 0,
            "fingerprinting": 0,
            "subdomains": [],
            "apis": {},
            "sites": 29,
            "prevalence": 0.000197,
            "cnames": [],
            "responseHashes": [
                "08ffe62121e192751dbfd24688e4f7f8f9e20c632d14931c1ab2db4b4137c9e5",
                "defd6df02b9386e21800b86cc9bb232c461f089685b47d6bbcfae98ed025fd20",
                "1cd5fc178ca249ad5bc0e11e3b4cf46cb8c8cd341e316599224d15c7fd4c9f66",
                "5cfc44ab09f91951c84ca46c8ef458ab51f3674a219e5dd0285775ecd5f85476",
                "17bcd1d0a776d4183c8886cd47be489c333e814e5ab00d072b49958b9c48cf06",
                "984b13cce0282483919f20187540076224206866d3615ba8e39173dd5d9ce38f",
                "52fcdec5e467ae5150edcb85c21ec5a69ccb12ed70f89ef85f4f1e25ee61c1e2",
                "63d92258d344f175f9ab04dfd467340f3654863fda35c1e0c9da6b3394d1480f",
                "de0666417cdea3bccef9623bd6ecc93a0e884d7c697bca8717b846865acee136",
                "f8ecf31927e83cf1ca039211364d8b1ca61abafa07a66df50823a9f4df58123a",
                "cc6331ccfefc6229c734b8f7db204c66d910cdf9168e2900ce4212800afa7321",
                "eb1b7a6198deeb05f99c74e260e8caa98ee128c1c5bb327bb838ff846835c18e",
                "62650bf0887deefaec716963c76793d35f3f515f5385b1c52f8b89631c147a4f",
                "8793a14a980dad565afd6d00958e4637a77301b9f1e328aee289ba2ba8b210b4",
                "5e9d373aad35a04afbb6965272442a30c154839bba13e2d60bc8a7c1ae273656",
                "99566a3e582b7534d5ce6764322fe9521dd0d07de747710b954b3a6f6bbd382a",
                "3218888b3001632b14b20da444fe67425137b2f0e02e2148b222fe61f3e9ac85",
                "598685e8711b7192a3188ebdbf4bd214bd51068d2137980f877cf73700119fce",
                "211c4ad198bc204b21cd0a45ae1d366c094f8e52f99d134101b2bad2a200a78e",
                "72f4a0667156bc06dbccc5cdb98166831b1663dbbbc6b0d6bedfc20db56601d7",
                "574776b1de311ac2da656679d8b9fd4ebf7c194f87dc2a774c6365d6e542b25d",
                "5696ac8610c8fd756136f09e3518c2a9ac89292981306d9e0c4bfbf4f5809339",
                "4caf7a6e171dd9adb28ffc1367ee7414f04595a73328980ecadcd6bab06a2e0e",
                "1b7873855d8ece5a9f9d0109bfeebba792a2b60b39419ab615ec286a55fb4c60",
                "756ee371aac6ee74068c777c152b58eb7da37a51a413f4456652955c1ab00932",
                "d6b377a08894f390079d2b09c88f5324fa06b3b7c3cffb09a01e3478e0ccb5c1",
                "3bc8f2921f7bfadfca77dbe35d1a689cfbaf742dbc2c30749fd4a008bd1bfac3",
                "65ea77303d2dad988bdc32b670db11d66b1652d91538359048d5f7122c0a8d98"
            ],
            "type": "Script",
            "firstPartyCookies": {},
            "firstPartyCookiesSent": {},
            "exampleSites": [
                "freesoft.ru",
                "medportal.ru",
                "www.kleo.ru",
                "studopedia.su",
                "www.tourister.ru",
                "fr.abcdef.wiki",
                "kakpishem.ru",
                "de.abcdef.wiki",
                "kartaslov.ru",
                "assistentus.ru",
                "zagony.ru",
                "ppt.ru",
                "lumpics.ru",
                "gotovim-doma.ru",
                "it.abcdef.wiki",
                "stopgame.ru",
                "www.calend.ru",
                "nl.abcdef.wiki",
                "www.astromeridian.ru",
                "es.abcdef.wiki"
            ]
        },
        {
            "rule": "luxcdn\\.com\\/t\\/222800\\/360_light\\.js",
            "cookies": 0,
            "fingerprinting": 2,
            "subdomains": [
                "s"
            ],
            "apis": {
                "Navigator.prototype.userAgent": 8,
                "Date.prototype.getTime": 8,
                "Document.cookie getter": 8,
                "window.localStorage": 8,
                "Navigator.prototype.connection": 8,
                "window.innerWidth": 8,
                "window.innerHeight": 8,
                "Element.prototype.getClientRects": 8,
                "Navigator.prototype.language": 8,
                "Navigator.prototype.cookieEnabled": 8,
                "window.sessionStorage": 8
            },
            "sites": 8,
            "prevalence": 0.0000543,
            "cnames": [],
            "responseHashes": [
                "2e0810963b35b80ece375759a641667173ea72b17c9b630189efa7e471668f9a",
                "eab6fab72fcd707eae19722553c643f3493ea18d1c3ac17709a96912c8b9d757",
                "2760e46f13f7f872126c46854781a0c6512cee08617f0dbcf836ca11916c8e47",
                "b3c4c6f0b17663602e1be6f59743d587a1051ecb42abdcfb628631690df70b2c",
                "5000764bbbc448ed32ae317d0893a9fe4c1f68462b1092f66ac1d81c20909d2a",
                "363ea0d5bfa968fac5efbe9d5384ded2e90a02d85f65b15bf232951e8fe03bbc",
                "49037ee1fb009d8edceac4ca3cd91646926968c24fa77f241f39706e11309e54"
            ],
            "type": "Script",
            "firstPartyCookies": {},
            "firstPartyCookiesSent": {},
            "exampleSites": [
                "abcdef.wiki",
                "de.abcdef.wiki",
                "es.abcdef.wiki",
                "fr.abcdef.wiki",
                "it.abcdef.wiki",
                "nl.abcdef.wiki",
                "pl.abcdef.wiki",
                "ru.abcdef.wiki"
            ]
        },
        {
            "rule": "luxcdn\\.com\\/clickiotag_log\\/",
            "cookies": 0,
            "fingerprinting": 0,
            "subdomains": [],
            "apis": {},
            "sites": 24,
            "prevalence": 0.000163,
            "cnames": [],
            "responseHashes": [
                "741dcb6c4d7694296ef4e7687728ba36c28c47c320f757712bac0bdcd5bed3ba",
                "4648d3921ce8ca14b24ce6d0bc93632633efe1f15c959be1138e8b131d8adfc3",
                "0d56a4d1eae30002ccffe373cb9cb7f2b027e076e49cfb40e92b2ff6924d6e25",
                "db127424497237635ea1f50325ddc84b6fb4d9bbe67180b85b3b1432be72dea4",
                "8704dc23656825864f918d686eee444417179956a94cd3c4749567c40201646e",
                "fef7e7510794bee0fc5e2c664ec7f4453640a7829e3a63e30151b2aea4547348",
                "8aaae9058dbb85fc1ea527c6b9722494a7bda843416f6957fa4f82c1f895efe3",
                "5372e7bbc2606be0a8a051beb8025070de88043313c1ac48fa6c483be035a91d",
                "8179140a834680d8707cd7b1a12b016092e75ae4ad4f85e5ba7766bda2ddafbd",
                "b6a1fe215665139b84bdd2a2c0d7175f0e555425a9e22c7b773d295b38ba9d33",
                "b15c166405cc9e7a5883c371df66b73c23559f1620a1ab05fb8a0ba4b8f262c7",
                "b66ac409f9be505f529dcadb34f62c2f9ebf53e5ba9a19bd10e4ac8a29047cac",
                "2abd2ccddbabf3e31f4e3da1cbe66e16f2f07fcc6e7015a6869fcade07362eee",
                "a33798b64139d3521389b2ad866d4a94c54c02d45a3427ec03fede609d85f473",
                "f3430e2afcafaebfa0cdf364dcd8e50ab9e7228f2452822104d4d8f7e1f1a28c",
                "3b40203a22d8416d66a417ddfe26aca33f06d5f999084390d4ae3078ad7361e8",
                "edce1029bb5f1d8eccc8c08d2fecccd8afe984219fdd3f459f19cbe023eb1686",
                "9649dc8e92b8aab92d5ed641446e5a0a7a268d13610210f9a5eabfeda041a5c7",
                "04e1b5171484ffc791fa8c6df207165035a4da0498f4be17a1411873e292133b",
                "6144c9e20e4555def0afba40eeec66b02be2a67f96da5769fdf4a5836ef35ece",
                "5efbca2258244e7034678a691feb0a5ff88c5b3fb31667096a5f8ff2b64d47ad",
                "2f1f4c721723f4930d2d961e154da18107361afc5e89ab6964a943c3b81cec06",
                "870fab152032090c0034e8d928e20681a8b2148bc961020c56fd2a54450dfb6a"
            ],
            "type": "Script",
            "firstPartyCookies": {},
            "firstPartyCookiesSent": {},