{
    "domain": "luxcdn.com",
    "owner": {},
    "source": [
        "DuckDuckGo-US"
    ],
    "prevalence": 0.00038,
    "sites": 49,
    "subdomains": [
        "s"
    ],
    "cnames": [],
    "fingerprinting": 2,
    "resources": [
        {
            "rule": "luxcdn\\.com\\/hbadx\\/",
            "cookies": 0,
            "fingerprinting": 0,
            "subdomains": [],
            "apis": {},
            "sites": 24,
            "prevalence": 0.000186,
            "cnames": [],
            "responseHashes": [
                "e03bdb8a4e53a2b40211c316426d42c7f90fddb3e48071e2ff1adcbe34eda613",
                "b51db3419fbfabf9b6c485dae44fcbda1d3ca59f2c5f003d69664f4c81683937",
                "86ca48fa9615028287ccf018828f8e07704032713e208b52a21f7b933868dd71",
                "f3fd41a2dae2a7c6bd3461ad1e80feca12f3cb0cda75cf4afb8f77cf20898186",
                "1c7d78654949e2c6db05931a399e3406355f1d8108d0156b38afaf78fe0b1c91",
                "b7f8e4e866172ecd2845bd8267c392cf9f6a3a4d919d4364092934b2f7eaa6ac",
                "91773681895d864e6b386d169480764448183b1c50409db4326e3f0aca8874db",
                "4bc28f85dbad01fcc884ef12d28139159b93284c345b9f2f53e0f6530a4ebb3c",
                "9ccef5814127d4319036763d6eb69500e63f45e15c6eeaae22c983f018333940",
                "8f5a731b50e5af73196068c3a9ef4ab4fa40132feda4ddf5c0104f208b8a2dbf",
                "3975f8d62fdc94ab7e6bde1f3d6a96e873b52bc9559df977f8c286d96cda891c",
                "c9bf405bb26ba54f700739724ccadbef8e43f4dcf6c9acb2f4b570c29817a916",
                "489ce005ce33c524f406a17977f0b76db53b3732b2fa6868e5dd3157f848fd54",
                "e6b744af28a5098a8cfe5e054d4507538e6992572b422a72212748548e08e377",
                "44692659832fb088046dbd7c6f868aad8272eeb7dcb1f996ba862dc360e2640c",
                "b0e8aba692e5250fd9f15ec8b60e62908119faaf0a8133c60c07a2e7ab12a7d2",
                "c8b7eb1c68574e1fd46fa0a106ce53b078599369d6d82dd92e6e455c29d6cc6b",
                "3d14deef966987ff22f65bedbc75dd89723b65fa7f67801ae46c9a6ad125850e",
                "556a2853291e8e33acab7c0047ca3f2be457a00ad9293775ea5bdb72eadc0103",
                "25e93f2a0f5c52ed7e6b6c73dd1a8a4355cc05b6d809b565eb6c54c77e12a497",
                "967b6aa4ad6114ff5b092b86a67a5430de28e73eb422466d12feaed55dde6637",
                "3e50a63b95798491cd5c61cf98cdabff241b80b223be9cd721e99299107ecaa1"
            ],
            "type": "Script",
            "firstPartyCookies": {},
            "firstPartyCookiesSent": {},
            "exampleSites": [
                "stopgame.ru",
                "it.abcdef.wiki",
                "www.tourister.ru",
                "deti-online.com",
                "freesoft.ru",
                "ru.abcdef.wiki",
                "pronedra.ru",
                "www.calend.ru",
                "www.astromeridian.ru",
                "studopedia.org",
                "kartaslov.ru",
                "letsplayers.ru",
                "www.kleo.ru",
                "sinonim.org",
                "zagony.ru",
                "lumpics.ru",
                "studopedia.su",
                "kakpishem.ru",
                "nl.abcdef.wiki",
                "es.abcdef.wiki"
            ]
        },
        {
            "rule": "luxcdn\\.com\\/t\\/222800\\/360_light\\.js",
            "cookies": 0,
            "fingerprinting": 2,
            "subdomains": [
                "s"
            ],
            "apis": {
                "Navigator.prototype.userAgent": 7,
                "Date.prototype.getTime": 7,
                "Document.cookie getter": 7,
                "window.localStorage": 7,
                "Navigator.prototype.connection": 7,
                "window.innerWidth": 7,
                "window.innerHeight": 7,
                "Element.prototype.getClientRects": 7,
                "Navigator.prototype.language": 7,
                "Navigator.prototype.cookieEnabled": 7,
                "window.sessionStorage": 7
            },
            "sites": 7,
            "prevalence": 0.0000543,
            "cnames": [],
            "responseHashes": [
                "f94e59ebfa84da6d888d9a4af3d45879639fd49485fdb2f8fc06c51e87d6e1e2",
                "b3ab1d6f6730ebdaba5bbb4b17d2b60837bf7f85f1210a27024a9cba3114642e",
                "6f434ae39c76fcc20085e07a2f81ddb0fe90295c59e69be92d9c3829a3a34e67",
                "99fef0ff4156cd0731fe9c5a94534da5987d62874c488f93a52d97ded7028a6a",
                "32b2e34e61c61af92e6a865a0ad7dacb7d894131e35931b4284e401f2277085b",
                "fc9e42a3d3f7665eecdc49b3226796586c7f74815e0a852616e80114dcf951c8"
            ],
            "type": "Script",
            "firstPartyCookies": {},
            "firstPartyCookiesSent": {},
            "exampleSites": [
                "abcdef.wiki",
                "de.abcdef.wiki",
                "es.abcdef.wiki",
                "fr.abcdef.wiki",
                "it.abcdef.wiki",
                "nl.abcdef.wiki",
                "ru.abcdef.wiki"
            ]
        },
        {
            "rule": "luxcdn\\.com\\/clickiotag_log\\/",
            "cookies": 0,
            "fingerprinting": 0,
            "subdomains": [],
            "apis": {},
            "sites": 21,
            "prevalence": 0.000163,
            "cnames": [],
            "responseHashes": [
                "d79c6b58f342af5b98a29e9e20ce9d411c71577d8ac32e90e58ec40f01e186ee",
                "d23b0b589d699c00faedb9be6c0ae24faa2c480a6da5f12cdb3a32ee872abad6",
                "e746c7e5b8d5d8a44082403dbd4090550e53e3ad60bd69ddfbee9f945785e60b",
                "a4c0d9d5ff6143e41806317532fb57656d8a35ff0487419aacf89790acbbddb7",
                "6280514fda8c4a6293db236c0e46693954df11e4b6ba9aecb337d05cd1cfa46b",
                "9d1ef729fdd649e4720f5779b5df29c65a6f4e1d21e65eb6e466bb4b66917162",
                "eaa23eca9878ae98707144b08d4a7abbb353d1cbb8268d9c028e635dbc12f714",
                "13ab1a986ad87437c2359229ce3a4f972db57d331727436707f5291f00f2a36e",
                "4ecb8da64495b33477578ae3989884484d3fe69c0a6a28e595735737ddc2f825",
                "61122dde0637c8173f933d4f570b3d7781d66028f1aa862f33970074fcfa9299",
                "bdccdfb0d8415d937b79962af4f50413fb3a30536d3f13234f6adf1ca7d0f2fb",
                "b7fe2e0a42135bcf69dbf882fa0b27ccba8187cc096a5d8cffe556c8bdcc4d14",
                "7aca6dce2ad0e39414e25511d55fbb2eac677c3a0a08b9a5f9c0374685fd4139",
                "5064f778142670f220a7325082a92958f180b9daa21c0c873d38c234d21940d1",
                "7cfe566d04865c1dbd4b1cff11e48e386b5f1989a6042e1a14c40a7885b7f898",
                "cd1ed86551d4d05de947cbd48a423518f2b91b45e27c664bf9034e3ecf58c164",
                "5135bb3d46ba8f8437ce1c4da7e578935d98e32934166b4fe326fa82f4b5fec0",
                "aa0a1f07ad3c27696b89b7ab96b86037636570673dacc4909a8d1f22a071ba5c",
                "0dc47fc1f39e5f9379a8194f4e72db9a2d6c8a162a9aa8abf39d99211268bd4d"
            ],
            "type": "Script",
            "firstPartyCookies": {},
            "firstPartyCookiesSent": {},
            "exampleSites": [
                "studopedia.su",
                "sinonim.org",
                "kartaslov.ru",
                "es.abcdef.wiki",
                "www.kleo.ru",
                "it.abcdef.wiki",
                "nl.abcdef.wiki",
                "ru.abcdef.wiki",
                "pronedra.ru",
                "studopedia.org",
                "www.calend.ru",
                "fr.abcdef.wiki",
                "zagony.ru",
                "www.tourister.ru",
                "lumpics.ru",
                "de.abcdef.wiki",
                "kakpishem.ru",
                "studopedia.ru",
                "www.astromeridian.ru",
                "deti-online.com"
            ]
        },
        {
            "rule": "luxcdn\\.com\\/t\\/222328\\/360_light\\.js",
            "cookies": 0,
            "fingerprinting": 2,
            "subdomains": [
                "s"
            ],