{
    "domain": "maptiler.com",
    "owner": {},
    "source": [
        "DuckDuckGo-US"
    ],
    "prevalence": 0.000287,
    "sites": 37,
    "subdomains": [
        "api",
        "cdn"
    ],
    "cnames": [],
    "fingerprinting": 1,
    "resources": [
        {
            "rule": "maptiler\\.com\\/tiles\\/v3\\/tiles\\.json",
            "cookies": 0,
            "fingerprinting": 0,
            "subdomains": [
                "api"
            ],
            "apis": {},
            "sites": 16,
            "prevalence": 0.000124,
            "cnames": [],
            "responseHashes": [
                "8c30a910ceea20c43db6a326f87c5d888e3a44cff9d308ae05c01bf83444133f",
                "702c27d084e2c868b483ae472fc3a0b56d3fc983912e38a430862aad91318b58",
                "43b0d889f31669ff9b709ccbfefe3250d06872bc3c6d069533dd3ec99593d8a3",
                "ef8084d6ad563cf787edab183e2f0012ec23303b4c4e6f7114f26ebae2efc5eb",
                "25e029b581a1b42114a2d9871403ed8e5fc67b759606368730d7c460a54b9065",
                "ef59ef399e7307932c9a4b22d5618fc58e6e128649fa68eb98bf5745aadbfee3",
                "db316b342074cee3dfcc60954589f872678ea240a28dda6b93c1ce08d42a95ee",
                "4752a3835ba6e0bdaf7719e9be45d19b0187eaac7c61622e569855f990786fa1",
                "352f7dffb05e37df166dde6036b2090539f6f47326f29d176b0c77a497947d10",
                "9e9a6261da336db5b2f327f6ed694032adf07426ee5dbe08a0b40a646ec8ce7f",
                "8377cfdfe39a6443f9ef199bf28d4fb67261ed6b5a9254f355fca664809c0c29",
                "29f8e4774b83127dfd309695a09cc39bf30059c914b92cdf239e9d79fec272e2",
                "5f3ea29debc5cd276760afeddfe53f66a513ec219f562442b35d3394f64f5b90"
            ],
            "type": "Fetch",
            "firstPartyCookies": {},
            "firstPartyCookiesSent": {},
            "exampleSites": [
                "livingcost.org",
                "petrolspy.com.au",
                "pjtrailers.com",
                "planefinder.net",
                "www.animalshelter.net",
                "www.barbershops.net",
                "www.daft.ie",
                "www.fleamarketmalls.com",
                "www.gloucestershire.gov.uk",
                "www.michigan.org",
                "www.myswitzerland.com",
                "www.oslo.kommune.no",
                "www.partir.com",
                "www.rosesdiscountstores.com",
                "www.sublet.com",
                "www.webvalid.de"
            ]
        },
        {
            "rule": "maptiler\\.com\\/fonts\\/Noto%20Sans%20Regular\\/0-255\\.pbf",
            "cookies": 0,
            "fingerprinting": 0,
            "subdomains": [
                "api"
            ],
            "apis": {},
            "sites": 9,
            "prevalence": 0.0000698,
            "cnames": [],
            "responseHashes": [
                "6a97d4e4d0d2a5d69a678250529a22b6f7acb6be1cd8794005b12e934afe61b5"
            ],
            "type": "Fetch",
            "firstPartyCookies": {},
            "firstPartyCookiesSent": {},
            "exampleSites": [
                "livingcost.org",
                "petrolspy.com.au",
                "www.animalshelter.net",
                "www.barbershops.net",
                "www.fleamarketmalls.com",
                "www.michigan.org",
                "www.oslo.kommune.no",
                "www.rosesdiscountstores.com",
                "www.sublet.com"
            ]
        },
        {
            "rule": "maptiler\\.com\\/fonts\\/Noto%20Sans%20Italic\\/0-255\\.pbf",
            "cookies": 0,
            "fingerprinting": 0,
            "subdomains": [
                "api"
            ],
            "apis": {},
            "sites": 2,
            "prevalence": 0.0000155,
            "cnames": [],
            "responseHashes": [
                "37f062fcbfb3a165e502d910db6e981e1997f4635d31d6ab8ab64f85382bb68a"
            ],
            "type": "Fetch",
            "firstPartyCookies": {},
            "firstPartyCookiesSent": {},
            "exampleSites": [
                "livingcost.org",
                "www.michigan.org"
            ]
        },
        {
            "rule": "maptiler\\.com\\/tiles\\/landcover\\/tiles\\.json",
            "cookies": 0,
            "fingerprinting": 0,
            "subdomains": [
                "api"
            ],
            "apis": {},
            "sites": 3,
            "prevalence": 0.0000233,
            "cnames": [],
            "responseHashes": [
                "813231cfe13b37189fa36d3ab684356e0fce0de4d9a261821c702c046ed6389b",
                "b743d9b37f133b5e43f2e997938c75f6093ea251cbb2c23fe8d60665115ebf21"
            ],
            "type": "Fetch",
            "firstPartyCookies": {},
            "firstPartyCookiesSent": {},
            "exampleSites": [
                "planefinder.net",
                "www.myswitzerland.com",
                "www.rosesdiscountstores.com"
            ]
        },
        {
            "rule": "maptiler\\.com\\/fonts\\/Roboto%20Regular,Noto%20Sans%20Regular\\/0-255\\.pbf",
            "cookies": 0,
            "fingerprinting": 0,
            "subdomains": [
                "api"
            ],
            "apis": {},
            "sites": 5,
            "prevalence": 0.0000388,
            "cnames": [],
            "responseHashes": [
                "88e7fef007c047dad399f33023db58fe360b31dee0440c5cdc2670fe1137feb6"
            ],
            "type": "Fetch",
            "firstPartyCookies": {},
            "firstPartyCookiesSent": {},
            "exampleSites": [
                "planefinder.net",
                "www.animalshelter.net",
                "www.barbershops.net",
                "www.fleamarketmalls.com",
                "www.rosesdiscountstores.com"
            ]
        },
        {
            "rule": "maptiler\\.com\\/fonts\\/Roboto%20Medium,Noto%20Sans%20Regular\\/0-255\\.pbf",
            "cookies": 0,
            "fingerprinting": 0,
            "subdomains": [
                "api"
            ],
            "apis": {},
            "sites": 3,
            "prevalence": 0.0000233,
            "cnames": [],
            "responseHashes": [
                "ff0f35c268eb4c1544754604f2156cf409c5322c5e927bdd533e3086916e3218"
            ],
            "type": "Fetch",
            "firstPartyCookies": {},
            "firstPartyCookiesSent": {},
            "exampleSites": [
                "planefinder.net",
                "www.animalshelter.net",
                "www.fleamarketmalls.com"
            ]
        },
        {
            "rule": "maptiler\\.com\\/fonts\\/Roboto%20Condensed%20Italic,Noto%20Sans%20Italic\\/0-255\\.pbf",
            "cookies": 0,
            "fingerprinting": 0,
            "subdomains": [
                "api"
            ],
            "apis": {},
            "sites": 5,
            "prevalence": 0.0000388,
            "cnames": [],
            "responseHashes": [
                "961989e461ea9b04d9587e4937471d6a2b4b0c8781199cf084681beeb153d5ee"
            ],
            "type": "Fetch",
            "firstPartyCookies": {},
            "firstPartyCookiesSent": {},
            "exampleSites": [
                "planefinder.net",
                "www.animalshelter.net",
                "www.barbershops.net",
                "www.fleamarketmalls.com",
                "www.rosesdiscountstores.com"
            ]
        },
        {
            "rule": "maptiler\\.com\\/ol-mapbox-style\\/v5\\.0\\.2\\/olms\\.js",
            "cookies": 0,
            "fingerprinting": 1,
            "subdomains": [
                "cdn"
            ],
            "apis": {
                "CanvasRenderingContext2D.prototype.measureText": 2
            },
            "sites": 2,
            "prevalence": 0.0000155,
            "cnames": [],
            "responseHashes": [
                "9984a1c34b8ae856c18e26389923f5569ef772cfc85c87790dc3fb8cd4bc8b91"
            ],
            "type": "Script",
            "firstPartyCookies": {},