{
    "domain": "matelso.de",
    "owner": {},
    "source": [
        "DuckDuckGo-US"
    ],
    "prevalence": 0.0000407,
    "sites": 6,
    "subdomains": [
        "rns"
    ],
    "cnames": [],
    "fingerprinting": 1,
    "resources": [
        {
            "rule": "matelso\\.de\\/webtracking\\/4\\/",
            "cookies": 0.0000271,
            "fingerprinting": 1,
            "subdomains": [
                "rns"
            ],
            "apis": {
                "Document.cookie getter": 4,
                "Document.cookie setter": 4,
                "Date.prototype.getTime": 4
            },
            "sites": 4,
            "prevalence": 0.0000271,
            "cnames": [],
            "responseHashes": [
                "62ce2cb00736cda029de5446c89766c86bd18a00e4bf153d23072fefddea6a10",
                "375f49acae44c17050965b4847733591949aab63b67c55f0e1ea3b617f79e7ca",
                "6b0238fb2d0f6d3bd5f500e20bbe5bcc19e9fa83c436576742130ebc1781e4b7"
            ],
            "type": "Script",
            "firstPartyCookies": {
                "mat_tel": {
                    "ttl": 61516803,
                    "length": 36,
                    "prevalence": 0.000027109270692845184,
                    "uniqueness": 1
                },
                "mat_ep": {
                    "ttl": 2592003,
                    "length": 42,
                    "prevalence": 0.000027109270692845184,
                    "uniqueness": 1
                }
            },
            "firstPartyCookiesSent": {},
            "exampleSites": [
                "dachdecker.com",
                "www.dachdecker.com",
                "www.elektriker.org",
                "www.gartenbau.org"
            ]
        },
        {
            "rule": "matelso\\.de\\/webtracking\\/4\\/config",
            "cookies": 0,
            "fingerprinting": 0,
            "subdomains": [
                "rns"
            ],
            "apis": {},
            "sites": 4,
            "prevalence": 0.0000271,
            "cnames": [],
            "responseHashes": [
                "c806ae1394dac11ff8ce4428f3468453aa658aa57ee04dfc56d8644838b366dc",
                "b5c0bedc279283333db41e68910952808386ee32f52024a41422cddf285e1160",
                "aa9b16ac4180e6942f4116615d5485f6087fbd39512ada4e89f1289c6078d677"
            ],
            "type": "XHR",
            "firstPartyCookies": {},
            "firstPartyCookiesSent": {},
            "exampleSites": [
                "dachdecker.com",
                "www.dachdecker.com",
                "www.elektriker.org",
                "www.gartenbau.org"
            ]
        },
        {
            "rule": "matelso\\.de\\/webtracking\\/4\\/collect",
            "cookies": 0,
            "fingerprinting": 0,
            "subdomains": [
                "rns"
            ],
            "apis": {},
            "sites": 4,
            "prevalence": 0.0000271,
            "cnames": [],
            "responseHashes": [
                "565339bc4d33d72817b583024112eb7f5cdf3e5eef0252d6ec1b9c9a94e12bb3"
            ],
            "type": "XHR",
            "firstPartyCookies": {},
            "firstPartyCookiesSent": {},
            "exampleSites": [
                "dachdecker.com",
                "www.dachdecker.com",
                "www.elektriker.org",
                "www.gartenbau.org"
            ]
        },
        {
            "rule": "matelso\\.de\\/webtracking\\/4\\/collect",
            "cookies": 0,
            "fingerprinting": 0,
            "subdomains": [
                "rns"
            ],
            "apis": {},
            "sites": 4,
            "prevalence": 0.0000271,
            "cnames": [],
            "responseHashes": [],
            "type": "Preflight",
            "firstPartyCookies": {},
            "firstPartyCookiesSent": {},
            "exampleSites": [
                "dachdecker.com",
                "www.dachdecker.com",
                "www.elektriker.org",
                "www.gartenbau.org"
            ]
        }
    ],
    "categories": [],
    "performance": {},
    "cookies": 0.0000407,
    "topInitiators": [
        {
            "domain": "googletagmanager.com",
            "prevalence": 1
        }
    ],
    "types": {
        "Script": 4,
        "XHR": 8,
        "Preflight": 4
    },
    "nameservers": [
        "ns2.ns-serve.net",
        "ns1.ns-serve.net"
    ]
}