{
    "domain": "maturecodes-ip.com",
    "owner": {},
    "source": [
        "DuckDuckGo-US"
    ],
    "prevalence": 0.000129,
    "sites": 19,
    "subdomains": [
        "cs11",
        "cs10",
        "cs09"
    ],
    "cnames": [],
    "fingerprinting": 1,
    "resources": [
        {
            "rule": "maturecodes-ip\\.com\\/bens\\/vinos5\\.js",
            "cookies": 0.0000542,
            "fingerprinting": 1,
            "subdomains": [],
            "apis": {
                "Date.prototype.getTime": 9,
                "Document.cookie getter": 10,
                "window.localStorage": 10,
                "Document.cookie setter": 8,
                "Navigator.prototype.userAgent": 10,
                "Screen.prototype.width": 10
            },
            "sites": 11,
            "prevalence": 0.0000745,
            "cnames": [],
            "responseHashes": [
                "8d23b9d66ec4fd49b5724680bbdee3e4125430aecab87d3f6f1d91a78a7904c2",
                "8124bbb9aecf3e0d3be419164f3fcf2d29c530ecd662a5a02a15e72ebe4ab356",
                "0dc7d1f2767bb5113b686c68fcb4001a2326085f462a12d98a44b85a2be05570",
                "2b3400e480bd2007ab3ff856ae2eacef11b6ee45a76fc6490aa85f225409fa04",
                "dcf9dec80ee2535c4db833f934711324765c214241b5388224f030c058ebb8ac",
                "d4dffa6bbfc90a12c0bf92c211b026e8c541e3fbf7b4cae8c17acd32b927ec97",
                "8c8754e42a7b1cb51b9ac3bcc7fb13d8c0ea18a305fe98f61a34d67222bd2029"
            ],
            "type": "Script",
            "firstPartyCookies": {
                "e50641c925_view_1": {
                    "ttl": 43201,
                    "length": 2,
                    "prevalence": 0.000027109086965950985,
                    "uniqueness": 0.25
                },
                "e3bf09c9e1_view_1": {
                    "ttl": 43200,
                    "length": 2,
                    "prevalence": 0.000006777271741487746,
                    "uniqueness": 1
                }
            },
            "firstPartyCookiesSent": {},
            "exampleSites": [
                "frhdporn.com",
                "giperporno.net",
                "hyperxxporn.com",
                "me.giperporno.com",
                "mm.pornodomka.org",
                "pidrik.net",
                "porn.com.ru",
                "pornodomka.com",
                "pornosiska.com",
                "pornosutener.net",
                "sexovidos.com"
            ]
        },
        {
            "rule": "maturecodes-ip\\.com\\/bens\\/vinos\\.js",
            "cookies": 0.0000745,
            "fingerprinting": 1,
            "subdomains": [],
            "apis": {
                "window.localStorage": 10
            },
            "sites": 11,
            "prevalence": 0.0000745,
            "cnames": [],
            "responseHashes": [
                "3d90093357c03400a8d54b915f63be1368e09229feebb3d3229049d87319af7f",
                "13cae8d3e424b705624c3256d1c8ae5b9ec33aabd030f3a36ca122baaebbe838",
                "c9a0a8edd057fc91954796f38d6adfba1f4eee5b2d482ae29659c86af6af72ed",
                "2e930eba162086638f7a30f38318bf1a0996f10fb85d848330159bf5ef5c542d",
                "79aca0a531379763be6941fc32ea6dd61aea4235b8d55332b4ca01ccff70c8fc",
                "3f20fab8966b53fcbcd069b2030cc3aa122f9479a95abc27117ebbf4e9cf5a27",
                "afdeb2b1547cbcb3264a5df14a987bc83d942d63e364e3021fb823610a914861",
                "5327aeaf587df9aa6080e28576e41ff95bac6fc032e5d71d7b1d27a6e4a8b90b",
                "e6fbdd2a93eb01b61d8f88b99a22cedf9035d54fd3175ec4df48e84aa2092af6",
                "ff9054c20f0e4ef7ecdf7166323f064c48b4761e328f871816e5c7c9e5f46d6c"
            ],
            "type": "Script",
            "firstPartyCookies": {},
            "firstPartyCookiesSent": {},
            "exampleSites": [
                "frhdporn.com",
                "giperporno.net",
                "hyperxxporn.com",
                "me.giperporno.com",
                "mm.pornodomka.org",
                "pidrik.net",
                "porn.com.ru",
                "pornodomka.com",
                "pornosiska.com",
                "pornosutener.net",
                "sexovidos.com"
            ]
        },
        {
            "rule": "maturecodes-ip\\.com\\/files\\/audio\\.mp3",
            "cookies": 0,
            "fingerprinting": 0,
            "subdomains": [
                "cs11",
                "cs10",
                "cs09"
            ],
            "apis": {},
            "sites": 11,
            "prevalence": 0.0000745,
            "cnames": [],
            "responseHashes": [
                "9ca782cb813e213f891191259000cde4ca01bf93b75c0775d74162f1eef24c76"
            ],
            "type": "XHR",
            "firstPartyCookies": {},
            "firstPartyCookiesSent": {},
            "exampleSites": [
                "frhdporn.com",
                "giperporno.net",
                "hyperxxporn.com",
                "me.giperporno.com",
                "mm.pornodomka.org",
                "pidrik.net",
                "porn.com.ru",
                "pornodomka.com",
                "pornosiska.com",
                "pornosutener.net",
                "sexovidos.com"
            ]
        },
        {
            "rule": "maturecodes-ip\\.com\\/content\\/58282\\/3233742\\.jpg",
            "cookies": 0,
            "fingerprinting": 0,
            "subdomains": [
                "cs09",
                "cs11"
            ],
            "apis": {},
            "sites": 3,
            "prevalence": 0.0000203,
            "cnames": [],
            "responseHashes": [
                "a93e49f21bbc26c187a89c08e29708edb24bb3300d36b5f658e7829f439a3a59"
            ],
            "type": "Image",
            "firstPartyCookies": {},
            "firstPartyCookiesSent": {},
            "exampleSites": [
                "frhdporn.com",
                "hyperxxporn.com",
                "me.giperporno.com"
            ]
        },
        {
            "rule": "maturecodes-ip\\.com\\/content\\/58282\\/3233742_2\\.gif",
            "cookies": 0,
            "fingerprinting": 0,
            "subdomains": [
                "cs09",
                "cs11"
            ],
            "apis": {},
            "sites": 3,
            "prevalence": 0.0000203,
            "cnames": [],
            "responseHashes": [
                "a765a85e2e121ce04b8c5a4af915ac81122226a914c78ee14925d8d5fa5da26e"
            ],
            "type": "Image",
            "firstPartyCookies": {},
            "firstPartyCookiesSent": {},
            "exampleSites": [
                "frhdporn.com",
                "hyperxxporn.com",
                "me.giperporno.com"
            ]
        },
        {
            "rule": "maturecodes-ip\\.com\\/files\\/inpage\\/number\\.png",
            "cookies": 0,
            "fingerprinting": 0,
            "subdomains": [
                "cs11",
                "cs10",
                "cs09"
            ],
            "apis": {},
            "sites": 11,
            "prevalence": 0.0000745,
            "cnames": [],
            "responseHashes": [
                "a5332ad98c114f7b90ba7f401ff3a16753bd81355abb06b42d5ef76ae9d15f7f"
            ],
            "type": "Image",
            "firstPartyCookies": {},
            "firstPartyCookiesSent": {},
            "exampleSites": [
                "frhdporn.com",
                "giperporno.net",
                "hyperxxporn.com",
                "me.giperporno.com",
                "mm.pornodomka.org",
                "pidrik.net",
                "porn.com.ru",
                "pornodomka.com",
                "pornosiska.com",
                "pornosutener.net",
                "sexovidos.com"
            ]
        },
        {
            "rule": "maturecodes-ip\\.com\\/files\\/inpage\\/sprite\\.svg",
            "cookies": 0,
            "fingerprinting": 0,