{
    "domain": "mcppsh.com",
    "owner": {},
    "source": [
        "DuckDuckGo-US"
    ],
    "prevalence": 0.00101,
    "sites": 10,
    "subdomains": [],
    "cnames": [],
    "fingerprinting": 0,
    "resources": [
        {
            "rule": "mcppsh\\.com\\/get\\/",
            "cookies": 0,
            "fingerprinting": 0,
            "subdomains": [],
            "apis": {},
            "sites": 10,
            "prevalence": 0.00101,
            "cnames": [],
            "responseHashes": [
                "7581e90a1390f052ac6445d618147bda2aba6ba14bc54faa3a45159a7c87774c",
                "085bff83410b557898f0d131ad1fe014ada6bb999849bb60436a1263ee939e8d",
                "22e97917594b9c4fffe8e31835cd3439501f3ae975dd90a790f2da817ee673d6",
                "7283fd15b5adfd4944f2600e8b00b9726c13fe6b1354e7dad8f496b7a0258271",
                "8612c63d6b4dd209d69681b9fc17460a12881204e655ab15f8b33c4e94a2bcf1",
                "e29c46f4ec90e524c5a4a91012ab26bc9ba975ba2db1e764083b3bde3f6b2282",
                "17978c37e202ddd29e6a307378f66305e0dbcb94d0a8e96f2ab533d6b72cc713",
                "ee10e370f932d27c2eaa460dcd9b1871196c23078a9c58633b93d1ee28e94702",
                "b3abd466c7f8783e396f3253a077a21127f67b3d3e3750c280b99e8a1df373a1"
            ],
            "type": "Fetch",
            "firstPartyCookies": {},
            "firstPartyCookiesSent": {},
            "exampleSites": [
                "bestgore.fun",
                "chaturflix.cam",
                "hdzog.com",
                "tubepornclassic.com",
                "txxx.com",
                "upornia.com",
                "vjav.com",
                "watchporn.to",
                "www.pornhits.com"
            ]
        }
    ],
    "categories": [],
    "performance": {},
    "cookies": 0,
    "topInitiators": [
        {
            "domain": "first party",
            "prevalence": 0.7
        },
        {
            "domain": "7e67f4ccad.com",
            "prevalence": 0.2
        },
        {
            "domain": "capndr.com",
            "prevalence": 0.1
        }
    ],
    "types": {
        "Fetch": 10
    },
    "nameservers": [
        "ns3.digitalocean.com",
        "ns1.digitalocean.com",
        "ns2.digitalocean.com"
    ]
}