{
    "domain": "medfoodsafety.com",
    "owner": {},
    "source": [
        "DuckDuckGo-US"
    ],
    "prevalence": 0.000258,
    "sites": 38,
    "subdomains": [
        "a",
        "cdn3"
    ],
    "cnames": [],
    "fingerprinting": 0,
    "resources": [
        {
            "rule": "medfoodsafety\\.com\\/loader",
            "cookies": 0,
            "fingerprinting": 0,
            "subdomains": [
                "a"
            ],
            "apis": {},
            "sites": 12,
            "prevalence": 0.0000814,
            "cnames": [],
            "responseHashes": [
                "f5258b5140a8db474c6d6e24b8f7c6990a54747965951e679e8e44882497aef0",
                "8a66be2dab0429b1b1a361f9529b648d4e7b4d08268cb2587502b62fc6c02c36",
                "b30ac56e454f3c14a359f99bb58a1f28a6c78ae0558068327249d8aaaf870555",
                "c9eefb7b2991def504b2b6a22a88b9cd8cee2b35ae78a678a63ef82d234b70ce",
                "cc10e4d95e748ee960ad7f0149b1d954b5e72af8f5c42e7e6685d447d92b3e56",
                "cd3630ef1ad1e03f45d58897652d7f340fbfab4332c0a3d7ebd3186c7c51c7ce",
                "56c63e6e9ec8a37a007fd778904dd3e21b974cb52753c5e0f4b4266db8a5d14f",
                "beeaf69672e012a9c532ae404279d6ed413bb2f1c5e0006f2093da8501e4cf06",
                "f135c077cba5b7e2eac6f9a33edf4a60bd4e14e3dde20b4ee99a546a38a23ae1",
                "6ad0e0579149dc92b0fb7d8207e63ce21e67ac9885988c1a53fffe5a90186e4b",
                "9efe8ccdbd50b890a291180ec6fcd8ab697e009fff90e07e34500d2078e8ccaf"
            ],
            "type": "Document",
            "firstPartyCookies": {},
            "firstPartyCookiesSent": {},
            "exampleSites": [
                "amateurpornpics.xyz",
                "atkingdom.com",
                "dailyfans.net",
                "hog.tv",
                "porntubexx.com",
                "severeporn.com",
                "sexu.com",
                "www.porngo.com",
                "www.pornhomemade.com",
                "www.redgifs.com",
                "www.sexxx.wang",
                "yourporn.movie"
            ]
        },
        {
            "rule": "medfoodsafety\\.com\\/i",
            "cookies": 0,
            "fingerprinting": 0,
            "subdomains": [
                "a"
            ],
            "apis": {},
            "sites": 24,
            "prevalence": 0.000163,
            "cnames": [],
            "responseHashes": [
                "e3b0c44298fc1c149afbf4c8996fb92427ae41e4649b934ca495991b7852b855"
            ],
            "type": "Image",
            "firstPartyCookies": {},
            "firstPartyCookiesSent": {},
            "exampleSites": [
                "www.icegay.tv",
                "xxxdan.com",
                "www.gayporn.fm",
                "www.gayporno.fm",
                "www.pornhomemade.com",
                "www.porngo.com",
                "jizzbunker2.com",
                "www.machotube.tv",
                "www.go-gaytube.com",
                "hog.tv",
                "www.sexxx.wang",
                "www.gayporno.tv",
                "atkingdom.com",
                "porntubexx.com",
                "dailyfans.net",
                "www.gaypornarchive.com",
                "jizzbunker.com",
                "amateurpornpics.xyz",
                "severeporn.com",
                "yourporn.movie"
            ]
        },
        {
            "rule": "medfoodsafety\\.com\\/db\\/81\\/245890\\/5174580\\.jpg",
            "cookies": 0,
            "fingerprinting": 0,
            "subdomains": [
                "cdn3"
            ],
            "apis": {},
            "sites": 2,
            "prevalence": 0.0000136,
            "cnames": [],
            "responseHashes": [],
            "type": "Image",
            "firstPartyCookies": {},
            "firstPartyCookiesSent": {},
            "exampleSites": [
                "amateurpornpics.xyz",
                "sexu.com"
            ]
        },
        {
            "rule": "medfoodsafety\\.com\\/db\\/81\\/245890\\/5174580\\.webp",
            "cookies": 0,
            "fingerprinting": 0,
            "subdomains": [
                "cdn3"
            ],
            "apis": {},
            "sites": 3,
            "prevalence": 0.0000203,
            "cnames": [],
            "responseHashes": [
                "7fe67388a669ad545e9d3ec91763b424e00ba6bd828e8c6b369810f587497886"
            ],
            "type": "Image",
            "firstPartyCookies": {},
            "firstPartyCookiesSent": {},
            "exampleSites": [
                "amateurpornpics.xyz",
                "jizzbunker2.com",
                "sexu.com"
            ]
        },
        {
            "rule": "medfoodsafety\\.com\\/15\\/ca\\/242616\\/00005159246\\.gif",
            "cookies": 0,
            "fingerprinting": 0,
            "subdomains": [
                "cdn3"
            ],
            "apis": {},
            "sites": 2,
            "prevalence": 0.0000136,
            "cnames": [],
            "responseHashes": [],
            "type": "Image",
            "firstPartyCookies": {},
            "firstPartyCookiesSent": {},
            "exampleSites": [
                "amateurpornpics.xyz",
                "porntubexx.com"
            ]
        },
        {
            "rule": "medfoodsafety\\.com\\/15\\/ca\\/242616\\/00005159246\\.webp",
            "cookies": 0,
            "fingerprinting": 0,
            "subdomains": [
                "cdn3"
            ],
            "apis": {},
            "sites": 3,
            "prevalence": 0.0000203,
            "cnames": [],
            "responseHashes": [
                "972af68e3c1e55b6ae8edccff076d169a6ed8935a5a5905dacdeb6d4a34d01f6"
            ],
            "type": "Image",
            "firstPartyCookies": {},
            "firstPartyCookiesSent": {},
            "exampleSites": [
                "amateurpornpics.xyz",
                "jizzbunker.com",
                "porntubexx.com"
            ]
        },
        {
            "rule": "medfoodsafety\\.com\\/db\\/81\\/245890\\/5174576\\.jpg",
            "cookies": 0,
            "fingerprinting": 0,
            "subdomains": [
                "cdn3"
            ],
            "apis": {},
            "sites": 2,
            "prevalence": 0.0000136,
            "cnames": [],
            "responseHashes": [],
            "type": "Image",
            "firstPartyCookies": {},
            "firstPartyCookiesSent": {},
            "exampleSites": [
                "amateurpornpics.xyz",
                "hog.tv"
            ]
        },
        {
            "rule": "medfoodsafety\\.com\\/db\\/81\\/245890\\/5174576\\.webp",
            "cookies": 0,
            "fingerprinting": 0,
            "subdomains": [
                "cdn3"
            ],
            "apis": {},
            "sites": 2,
            "prevalence": 0.0000136,
            "cnames": [],
            "responseHashes": [
                "80fc11557b69804c80f5eb12ffd15edfb766eb76939b6577c6bb78ed40d7beff"
            ],
            "type": "Image",
            "firstPartyCookies": {},
            "firstPartyCookiesSent": {},
            "exampleSites": [
                "amateurpornpics.xyz",
                "hog.tv"
            ]
        },
        {
            "rule": "medfoodsafety\\.com\\/90\\/9c\\/114493\\/1875328\\.webp",
            "cookies": 0,
            "fingerprinting": 0,
            "subdomains": [
                "cdn3"
            ],
            "apis": {},
            "sites": 2,
            "prevalence": 0.0000136,
            "cnames": [],
            "responseHashes": [
                "2898c2321247c503f5a1c7323a8a209bb73fa7709ddfd7a5180eb4b1c19a1fd1"
            ],
            "type": "Image",
            "firstPartyCookies": {},
            "firstPartyCookiesSent": {},