{
    "domain": "mediamathtag.com",
    "owner": {},
    "source": [
        "DuckDuckGo-US"
    ],
    "prevalence": 0.000109,
    "sites": 16,
    "subdomains": [
        "s.update"
    ],
    "cnames": [],
    "fingerprinting": 3,
    "resources": [
        {
            "rule": "mediamathtag\\.com\\/2\\/619621\\/analytics\\.js",
            "cookies": 0,
            "fingerprinting": 0,
            "subdomains": [
                "s.update"
            ],
            "apis": {},
            "sites": 16,
            "prevalence": 0.000109,
            "cnames": [],
            "responseHashes": [
                "dfbc21d8d622ff1b3b94e997ef25ebc8bb7eb12d4bfc07a90e0ed3897a60f699",
                "af529fde599a11e95876ed2dd5adb3fc9870f397d6f79a765e11b610b594574c",
                "72d0e6f7b376674632e4b62c2db88756c5b7a3fd60409701621db3130e0382ba",
                "aefb569fb55d5dd021649c421ad516c583b9bc89b7e613f8c7a78c77b7828f37",
                "41901d269c2c674bdc768d59c2520bcc47f736a1ad6810a390ab39483c517246",
                "f272ed35412fc1ac93c4c8c58d528791bdd8386d056572372223d8048d681281",
                "44775396eda7371c7edb61cae8dff68d69a2f9b275fde25749543e216b21d4f5",
                "44c4fdc079c4c40049f1e876759daa6b88b05c3dd124b4423750fd5b470f132d"
            ],
            "type": "Script",
            "firstPartyCookies": {},
            "firstPartyCookiesSent": {
                "_li_dcdm_c": 0.000006781500067815
            },
            "exampleSites": [
                "411mania.com",
                "littlebinsforlittlehands.com",
                "livesimply.me",
                "mythopedia.com",
                "top40weekly.com",
                "www.alphr.com",
                "www.caninejournal.com",
                "www.capfriendly.com",
                "www.cyzowoman.com",
                "www.dsmtuners.com",
                "www.gadgetsnow.com",
                "www.knbr.com",
                "www.outdoormeister.de",
                "www.space.com",
                "www.speedcheck.org",
                "www.spendwithpennies.com"
            ]
        },
        {
            "rule": "mediamathtag\\.com\\/2\\/2\\.88\\.0\\/main\\.js",
            "cookies": 0,
            "fingerprinting": 3,
            "subdomains": [
                "s.update"
            ],
            "apis": {
                "Navigator.prototype.vendor": 5,
                "Navigator.prototype.userAgent": 5,
                "window.devicePixelRatio": 4,
                "window.name": 4,
                "window.localStorage": 4,
                "Navigator.prototype.appCodeName": 5,
                "Navigator.prototype.languages": 5,
                "Navigator.prototype.onLine": 5,
                "Navigator.prototype.hardwareConcurrency": 5,
                "window.innerWidth": 4,
                "window.innerHeight": 4,
                "Screen.prototype.availWidth": 5,
                "Screen.prototype.availHeight": 5,
                "Screen.prototype.width": 5,
                "Screen.prototype.height": 5,
                "Screen.prototype.colorDepth": 5,
                "Screen.prototype.pixelDepth": 5,
                "Screen.prototype.availLeft": 5,
                "Screen.prototype.availTop": 5,
                "Screen.prototype.orientation": 5,
                "window.screenX": 4,
                "window.screenY": 4,
                "window.screenLeft": 4,
                "window.screenTop": 4,
                "Navigator.prototype.platform": 5,
                "Navigator.prototype.maxTouchPoints": 5,
                "BarProp.prototype.visible": 4,
                "window.outerHeight": 4,
                "window.outerWidth": 4,
                "Navigator.prototype.connection": 5,
                "Date.prototype.getTime": 5,
                "Date.prototype.getTimezoneOffset": 5,
                "Intl.DateTimeFormat.prototype.resolvedOptions": 5,
                "Performance.prototype.memory": 3,
                "console.memory": 3,
                "Navigator.prototype.webdriver": 3,
                "Navigator.prototype.mediaDevices": 3,
                "Navigator.prototype.deviceMemory": 3,
                "Navigator.prototype.plugins": 3,
                "Navigator.prototype.permissions": 1,
                "speechSynthesis.__proto__.getVoices": 1,
                "OfflineAudioContext.prototype.constructor": 1,
                "AudioBuffer.prototype.getChannelData": 1,
                "Navigator.prototype.getBattery": 2
            },
            "sites": 8,
            "prevalence": 0.0000543,
            "cnames": [],
            "responseHashes": [
                "bf9f723c8119c017afec425fdbe058bd4404e0c5853ff4a72164449d8507a210"
            ],
            "type": "Script",
            "firstPartyCookies": {},
            "firstPartyCookiesSent": {},
            "exampleSites": [
                "littlebinsforlittlehands.com",
                "top40weekly.com",
                "www.alphr.com",
                "www.caninejournal.com",
                "www.cyzowoman.com",
                "www.dsmtuners.com",
                "www.knbr.com",
                "www.outdoormeister.de"
            ]
        },
        {
            "rule": "mediamathtag\\.com\\/2\\/2\\.88\\.0\\/619621\\/Acg7aP0MBAjaIEEU\\/postback",
            "cookies": 0,
            "fingerprinting": 0,
            "subdomains": [
                "s.update"
            ],
            "apis": {},
            "sites": 2,
            "prevalence": 0.0000136,
            "cnames": [],
            "responseHashes": [
                "e3b0c44298fc1c149afbf4c8996fb92427ae41e4649b934ca495991b7852b855"
            ],
            "type": "XHR",
            "firstPartyCookies": {},
            "firstPartyCookiesSent": {},
            "exampleSites": [
                "alphr.com",
                "www.alphr.com"
            ]
        },
        {
            "rule": "mediamathtag\\.com\\/2\\/2\\.88\\.0\\/619621\\/AchmXNoEBAxcDxL8\\/postback",
            "cookies": 0,
            "fingerprinting": 0,
            "subdomains": [
                "s.update"
            ],
            "apis": {},
            "sites": 2,
            "prevalence": 0.0000136,
            "cnames": [],
            "responseHashes": [
                "e3b0c44298fc1c149afbf4c8996fb92427ae41e4649b934ca495991b7852b855"
            ],
            "type": "XHR",
            "firstPartyCookies": {},
            "firstPartyCookiesSent": {},
            "exampleSites": [
                "caninejournal.com",
                "www.caninejournal.com"
            ]
        },
        {
            "rule": "mediamathtag\\.com\\/2\\/2\\.88\\.0\\/619621\\/AciVPhkDBZkyQDQ3\\/postback",
            "cookies": 0,
            "fingerprinting": 0,
            "subdomains": [
                "s.update"
            ],
            "apis": {},
            "sites": 2,
            "prevalence": 0.0000136,
            "cnames": [],
            "responseHashes": [
                "e3b0c44298fc1c149afbf4c8996fb92427ae41e4649b934ca495991b7852b855"
            ],
            "type": "XHR",
            "firstPartyCookies": {},
            "firstPartyCookiesSent": {},
            "exampleSites": [
                "cyzowoman.com",
                "www.cyzowoman.com"
            ]
        },
        {
            "rule": "mediamathtag\\.com\\/2\\/2\\.88\\.0\\/619621\\/AciRdzwIBaFC2o2V\\/postback",
            "cookies": 0,
            "fingerprinting": 0,
            "subdomains": [
                "s.update"
            ],
            "apis": {},
            "sites": 2,
            "prevalence": 0.0000136,
            "cnames": [],
            "responseHashes": [
                "e3b0c44298fc1c149afbf4c8996fb92427ae41e4649b934ca495991b7852b855"
            ],
            "type": "XHR",
            "firstPartyCookies": {},
            "firstPartyCookiesSent": {},