{
    "domain": "memoinsights.com",
    "owner": {},
    "source": [
        "DuckDuckGo-US"
    ],
    "prevalence": 0.0000698,
    "sites": 9,
    "subdomains": [
        "elsa"
    ],
    "cnames": [],
    "fingerprinting": 0,
    "resources": [
        {
            "rule": "memoinsights\\.com\\/n",
            "cookies": 0.0000698,
            "fingerprinting": 0,
            "subdomains": [
                "elsa"
            ],
            "apis": {},
            "sites": 9,
            "prevalence": 0.0000698,
            "cnames": [],
            "responseHashes": [
                "867c1686a4dee93870e21616199e675bfaa4bb800590b45841f3656c91fa0fca",
                "f156d026343c9dd59ef3f2da4f3e5a952259eb4de157224155f37f7f58ccbbff",
                "d15d8d56e8799e01c0493fada302c3f9943e27c62f10b0f065ab18f678ea9c9a",
                "68bbcfcd91db0780244d5a9ae2f49a385d05e5dea4b3df1ded90402ac4d149c7",
                "313599aab921c41818ecd61b2de0f9784d7faba129531a367b12895ddeab85b8",
                "7ab770faeea80b88c95f921208be91665eb81e23d0cf648542b8628728132a16",
                "73380b6f37c4ff487dc2656058f5453be5f07eac5a050f90dcd18cac50b1974f",
                "8f62232a76daed2b7e3841680990af9e8b84e32940ffc2b09765f2e0236cc605"
            ],
            "type": "Script",
            "firstPartyCookies": {},
            "firstPartyCookiesSent": {},
            "exampleSites": [
                "arstechnica.com",
                "www.allure.com",
                "www.architecturaldigest.com",
                "www.epicurious.com",
                "www.glamour.com",
                "www.self.com",
                "www.teenvogue.com",
                "www.vanityfair.com",
                "www.wired.com"
            ]
        },
        {
            "rule": "memoinsights\\.com\\/t",
            "cookies": 0,
            "fingerprinting": 0,
            "subdomains": [
                "elsa"
            ],
            "apis": {},
            "sites": 9,
            "prevalence": 0.0000698,
            "cnames": [],
            "responseHashes": [
                "4106411057ff92c37b09c0137bed8ddea8184a00a84cddfe393e73d4aa0970a2",
                "0380ab364b9067c2106ac1cddcb4623160f8f70b2e5f0dba59aa2c2b7f809b0d"
            ],
            "type": "Script",
            "firstPartyCookies": {},
            "firstPartyCookiesSent": {},
            "exampleSites": [
                "arstechnica.com",
                "www.allure.com",
                "www.architecturaldigest.com",
                "www.epicurious.com",
                "www.glamour.com",
                "www.self.com",
                "www.teenvogue.com",
                "www.vanityfair.com",
                "www.wired.com"
            ]
        }
    ],
    "categories": [],
    "performance": {},
    "cookies": 0.0000698,
    "topInitiators": [
        {
            "domain": "memo.co",
            "prevalence": 1
        }
    ],
    "types": {
        "Script": 18
    },
    "nameservers": [
        "ns-1433.awsdns-51.org",
        "ns-1772.awsdns-29.co.uk",
        "ns-928.awsdns-52.net",
        "ns-474.awsdns-59.com"
    ]
}