{
    "domain": "memoinsights.com",
    "owner": {},
    "source": [
        "DuckDuckGo-US"
    ],
    "prevalence": 0.0000678,
    "sites": 10,
    "subdomains": [
        "elsa"
    ],
    "cnames": [],
    "fingerprinting": 0,
    "resources": [
        {
            "rule": "memoinsights\\.com\\/n",
            "cookies": 0.0000678,
            "fingerprinting": 0,
            "subdomains": [
                "elsa"
            ],
            "apis": {},
            "sites": 10,
            "prevalence": 0.0000678,
            "cnames": [],
            "responseHashes": [
                "b3959618b588688411bdf690f67086a2710272e039faacd9959253e107592d9d",
                "69e89b613a67fb42091cede5cf8811144113f3ced45249c13f1f85f7dc4344ca",
                "9d32aee02508f39e92078f5ec3ea7595ccee13adef2513022518b0da31dd7a07",
                "1b32e5f00fff75f37513fcf97b77ff0b8fa474403a5a6914aa5fa8e56cf355bf",
                "d3eddfdb07a4758e70fb7466600d43519ac12f035a30114c77596eaa9c65849d",
                "5641c21c5d15d70ea2742417c57361ac9715f806b9c1ccadae7f8da24b3ecbb4",
                "20c509d3b89204eeeb11eab3d271dbdbcf732db20233e27a35b751d262d987f8",
                "6739ef2cc71066f4a9d1b1ac7f04986e778ecbe4f37bae8b3f6bfaa2ab258ba5",
                "5591a81ecbfd93ccd3911a9861bf327ad04ddfb51ef502a8992bbe0a99b5914b"
            ],
            "type": "Script",
            "firstPartyCookies": {},
            "firstPartyCookiesSent": {},
            "exampleSites": [
                "arstechnica.com",
                "www.allure.com",
                "www.architecturaldigest.com",
                "www.epicurious.com",
                "www.glamour.com",
                "www.gq.com",
                "www.self.com",
                "www.teenvogue.com",
                "www.vanityfair.com",
                "www.wired.com"
            ]
        },
        {
            "rule": "memoinsights\\.com\\/t",
            "cookies": 0,
            "fingerprinting": 0,
            "subdomains": [
                "elsa"
            ],
            "apis": {},
            "sites": 10,
            "prevalence": 0.0000678,
            "cnames": [],
            "responseHashes": [
                "a5e59372e0e3f3ecab1a1f7721da6e8325af46a54b1c623a40835e9d8dc4c53c",
                "9fe3622db77539ccd268b03c33f1db5c4c68b4a49ee022bcd6a5f56123222b33",
                "e5bee36e00d6c2917015f60a7f86b9ae3c99cb12ce1e60a3c825e3f888eba8ba",
                "b6e4b6ca3d9a388f40bddf99e27a4836cfcaa14de6bb91258357d3f300140b20",
                "6297a8cf435c895de04fabd07245e0a1840f6d0768b23e4260b056fda0fcc689"
            ],
            "type": "Script",
            "firstPartyCookies": {},
            "firstPartyCookiesSent": {},
            "exampleSites": [
                "arstechnica.com",
                "www.allure.com",
                "www.architecturaldigest.com",
                "www.epicurious.com",
                "www.glamour.com",
                "www.gq.com",
                "www.self.com",
                "www.teenvogue.com",
                "www.vanityfair.com",
                "www.wired.com"
            ]
        }
    ],
    "categories": [],
    "performance": {},
    "cookies": 0.0000678,
    "topInitiators": [
        {
            "domain": "memo.co",
            "prevalence": 1
        }
    ],
    "types": {
        "Script": 20
    },
    "nameservers": [
        "ns-1772.awsdns-29.co.uk",
        "ns-928.awsdns-52.net",
        "ns-474.awsdns-59.com",
        "ns-1433.awsdns-51.org"
    ]
}