{
    "domain": "meredithcorp.io",
    "owner": {},
    "source": [
        "DuckDuckGo-US"
    ],
    "prevalence": 0.000197,
    "sites": 29,
    "subdomains": [
        "imagesvc",
        "cdn.video"
    ],
    "cnames": [],
    "fingerprinting": 1,
    "resources": [
        {
            "rule": "meredithcorp\\.io\\/v3\\/mm\\/image",
            "cookies": 0,
            "fingerprinting": 0,
            "subdomains": [
                "imagesvc"
            ],
            "apis": {},
            "sites": 13,
            "prevalence": 0.0000881,
            "cnames": [],
            "responseHashes": [
                "b41365c6024db96014828a8fd770e554aba457dbbe8e41e4cc976c2d633e674e",
                "b210f7f3e2fb196d524761a6e4f60cc741124645e43de88fdf901b71deb75ea6",
                "3de2217eac1018663ccbd6889f3c5b6961e131e8f31c77d630a048fa7990a229",
                "5603ffcfad1f1ca808f8ba2db2ff93482b90562f9f2b7f635f985607fc035e47",
                "0b86701e71b3d05707c5fc9693bc46dd4310e568779ece12f823c5abd4914b77",
                "2a3cc02fe88ba7007b00f5d81605cee2a678c57bff228ac418be3b3a73d6ae20",
                "9b65a66aba425d0a81bf9abd12abf60f5ff0a5cbb571a7ea82019d37e32adc96",
                "0dfd63acefd46e0059d2b2599c5961619a322a4de822da674412e2c3abe85ae5",
                "76563972af6d7e3e8b0f3a30286294b94107bc397b4d93232282fb5fc1657464",
                "5101fd455d0fcc0d74c607282963e39bfdf556c5597a22b82d4cae692bf680a2",
                "b44d581c69733db918b2825332d9a75626d844e68d2fc07d0997e9599079d1ad",
                "96080cd8c9c46f819bbd7682ae74cf420833260a8b5c170412213baa42efbeec"
            ],
            "type": "Image",
            "firstPartyCookies": {},
            "firstPartyCookiesSent": {},
            "exampleSites": [
                "ew.com",
                "people.com",
                "peopleenespanol.com",
                "qa1.fuse.tv",
                "www.allpeoplequilt.com",
                "www.cookinglight.com",
                "www.dailypaws.com",
                "www.eatingwell.com",
                "www.marthastewart.com",
                "www.midwestliving.com",
                "www.myrecipes.com",
                "www.woodmagazine.com"
            ]
        },
        {
            "rule": "meredithcorp\\.io\\/jumpstart\\/v4\\/js\\/jumpstart\\.min\\.js",
            "cookies": 0,
            "fingerprinting": 2,
            "subdomains": [
                "cdn.video"
            ],
            "apis": {
                "Date.prototype.getTime": 10,
                "HTMLMediaElement.prototype.canPlayType": 10,
                "Navigator.prototype.userAgent": 8,
                "window.devicePixelRatio": 8,
                "Screen.prototype.height": 8,
                "Screen.prototype.width": 8,
                "window.innerHeight": 8,
                "Navigator.prototype.platform": 7
            },
            "sites": 10,
            "prevalence": 0.0000678,
            "cnames": [],
            "responseHashes": [
                "02a773191097673e2906554cbac8abc82b57c8b3b2850db2eca1df4504c53e0a"
            ],
            "type": "Script",
            "firstPartyCookies": {},
            "firstPartyCookiesSent": {},
            "exampleSites": [
                "ew.com",
                "people.com",
                "peopleenespanol.com",
                "www.allpeoplequilt.com",
                "www.allrecipes.com",
                "www.bhg.com",
                "www.eatingwell.com",
                "www.health.com",
                "www.shape.com",
                "www.southernliving.com"
            ]
        },
        {
            "rule": "meredithcorp\\.io\\/v3\\/jumpstartpure\\/image",
            "cookies": 0,
            "fingerprinting": 0,
            "subdomains": [
                "imagesvc"
            ],
            "apis": {},
            "sites": 4,
            "prevalence": 0.0000271,
            "cnames": [],
            "responseHashes": [
                "7ba19a2ff18f8cfb784dc84f3920e9f370b1840a18933be13a2b0ac858105a5c",
                "0cf1827ece2bb6a6ba3f9bc8117b7778c40262120fd61bc119b9e59c5762d973",
                "65635bb7cb81f5b1fb2bfda7efed13c12555e14db61b4c1151daf957760122a0"
            ],
            "type": "Image",
            "firstPartyCookies": {},
            "firstPartyCookiesSent": {},
            "exampleSites": [
                "ew.com",
                "people.com",
                "peopleenespanol.com",
                "www.eatingwell.com"
            ]
        },
        {
            "rule": "meredithcorp\\.io\\/v3\\/jumpstartpure\\/image\\/",
            "cookies": 0,
            "fingerprinting": 0,
            "subdomains": [
                "imagesvc"
            ],
            "apis": {},
            "sites": 3,
            "prevalence": 0.0000203,
            "cnames": [],
            "responseHashes": [
                "7beafab39531d3b7a4c294a2f5b31a8e244f23c8f790c3e8cacab624c15b0d05",
                "9b2bcc3de7afbea41ed2d18107ff7e126fa78c1a59599a562e890bd93a742c48"
            ],
            "type": "Image",
            "firstPartyCookies": {},
            "firstPartyCookiesSent": {},
            "exampleSites": [
                "health.com",
                "www.shape.com",
                "www.southernliving.com"
            ]
        }
    ],
    "categories": [],
    "performance": {},
    "cookies": 0,
    "topInitiators": [
        {
            "domain": "first party",
            "prevalence": 0.9876543209876543
        },
        {
            "domain": "cloudflare.com",
            "prevalence": 0.012345679012345678
        }
    ],
    "types": {
        "Image": 20,
        "Script": 10
    },
    "nameservers": [
        "ns-1840.awsdns-38.co.uk",
        "ns-1420.awsdns-49.org",
        "ns-912.awsdns-50.net",
        "ns-61.awsdns-07.com"
    ]
}