{
    "domain": "meredithcorp.io",
    "owner": {},
    "source": [
        "DuckDuckGo-US"
    ],
    "prevalence": 0.00019,
    "sites": 28,
    "subdomains": [
        "imagesvc",
        "cdn.video",
        "metadata.video"
    ],
    "cnames": [],
    "fingerprinting": 1,
    "resources": [
        {
            "rule": "meredithcorp\\.io\\/v3\\/mm\\/image",
            "cookies": 0,
            "fingerprinting": 0,
            "subdomains": [
                "imagesvc"
            ],
            "apis": {},
            "sites": 17,
            "prevalence": 0.000115,
            "cnames": [],
            "responseHashes": [
                "f8b3cf514e8116e74d60b8761c9aa379865cb80c512933e3107fefc193b9006c",
                "7efc932e5e26a03f43bfefebb022810ae89d3355d4cac769d352c5789979df7c",
                "3685890bc642d6eaf983a5e13d63db527f2494e1be902182ac22513a97f51957",
                "bfb18f5eb8e8cc5cd22f1703100f3496d32779280d54cbed50069beda4a7e649",
                "5603ffcfad1f1ca808f8ba2db2ff93482b90562f9f2b7f635f985607fc035e47",
                "0b86701e71b3d05707c5fc9693bc46dd4310e568779ece12f823c5abd4914b77",
                "b8beaf1da98da16db6cded55c9447da91535dd7d4d7931d8554e1b3316769e3c",
                "2977f0ce7a51acef3a8b11897d2dc4b29172e9808b3b713852d3990cd66868fa",
                "2a3cc02fe88ba7007b00f5d81605cee2a678c57bff228ac418be3b3a73d6ae20",
                "08c9ab4f5a569f94cfc5217f5835b0adfdacc68f6e67c419c56ed848fe5f1898",
                "0dfd63acefd46e0059d2b2599c5961619a322a4de822da674412e2c3abe85ae5",
                "20e6921cdc6672484638c59952609bc2b529750ea03dec5b9c2a3de3c2e4f2b3",
                "8a450d413ab20f5f9d3da0667d549f559fd7f8276df49e3daef87a64c1664fc0",
                "b44d581c69733db918b2825332d9a75626d844e68d2fc07d0997e9599079d1ad",
                "96080cd8c9c46f819bbd7682ae74cf420833260a8b5c170412213baa42efbeec"
            ],
            "type": "Image",
            "firstPartyCookies": {},
            "firstPartyCookiesSent": {},
            "exampleSites": [
                "ew.com",
                "findpornface.com",
                "getrecipecart.com",
                "people.com",
                "peopleenespanol.com",
                "qa1.fuse.tv",
                "www.allpeoplequilt.com",
                "www.allrecipes.com",
                "www.bisquick.recipes",
                "www.cookinglight.com",
                "www.dailypaws.com",
                "www.eatingwell.com",
                "www.marthastewart.com",
                "www.midwestliving.com",
                "www.myrecipes.com",
                "www.woodmagazine.com"
            ]
        },
        {
            "rule": "meredithcorp\\.io\\/jumpstart\\/v4\\/js\\/jumpstart\\.min\\.js",
            "cookies": 0,
            "fingerprinting": 2,
            "subdomains": [
                "cdn.video"
            ],
            "apis": {
                "Date.prototype.getTime": 9,
                "HTMLMediaElement.prototype.canPlayType": 9,
                "Navigator.prototype.userAgent": 9,
                "window.devicePixelRatio": 9,
                "Screen.prototype.height": 9,
                "Screen.prototype.width": 9,
                "window.innerHeight": 9,
                "Navigator.prototype.platform": 8
            },
            "sites": 9,
            "prevalence": 0.000061,
            "cnames": [],
            "responseHashes": [
                "a2f849e298b33aa3f6d782a006c7200da6c6a9263f76fa11c0d50fecce7a9c02"
            ],
            "type": "Script",
            "firstPartyCookies": {},
            "firstPartyCookiesSent": {},
            "exampleSites": [
                "ew.com",
                "people.com",
                "peopleenespanol.com",
                "www.allpeoplequilt.com",
                "www.eatingwell.com",
                "www.health.com",
                "www.instyle.com",
                "www.marthastewart.com",
                "www.myrecipes.com"
            ]
        },
        {
            "rule": "meredithcorp\\.io\\/v3\\/jumpstartpure\\/image",
            "cookies": 0,
            "fingerprinting": 0,
            "subdomains": [
                "imagesvc"
            ],
            "apis": {},
            "sites": 6,
            "prevalence": 0.0000407,
            "cnames": [],
            "responseHashes": [
                "4aec703636b46f398a8a3522b20184a959dee77dbae30095d61179650c8f50f3",
                "b434f304ca5da627265b345954be9478a26412840df204f9977fd848789885a5",
                "14314071de22ff1cdf72159b54d7f6308ff2f2981b1fca126fd967a6264d1da8",
                "15808bd79fb90b980c1d8417365b24190c9a813bdf402779960a2d38d071d0a5",
                "adcc6308c0103c75c080c38394369abd01651d173ec1e10880cb913676025f92"
            ],
            "type": "Image",
            "firstPartyCookies": {},
            "firstPartyCookiesSent": {},
            "exampleSites": [
                "ew.com",
                "people.com",
                "peopleenespanol.com",
                "www.eatingwell.com",
                "www.marthastewart.com",
                "www.myrecipes.com"
            ]
        },
        {
            "rule": "meredithcorp\\.io\\/",
            "cookies": 0,
            "fingerprinting": 0,
            "subdomains": [
                "metadata.video"
            ],
            "apis": {},
            "sites": 3,
            "prevalence": 0.0000203,
            "cnames": [],
            "responseHashes": [
                "903d1e3615c787d5c2b71973c0889a871b253c3d51537985f36261be6850b4f9",
                "01467d96f5ecd0e2a6043dd7bb4ac4a1629e24652859ff790b5bc4e69e5cf652"
            ],
            "type": "XHR",
            "firstPartyCookies": {},
            "firstPartyCookiesSent": {},
            "exampleSites": [
                "peopleenespanol.com",
                "www.allpeoplequilt.com",
                "www.marthastewart.com"
            ]
        },
        {
            "rule": "meredithcorp\\.io\\/v3\\/jumpstartpure\\/image\\/",
            "cookies": 0,
            "fingerprinting": 0,
            "subdomains": [
                "imagesvc"
            ],
            "apis": {},
            "sites": 2,
            "prevalence": 0.0000136,
            "cnames": [],
            "responseHashes": [
                "d59b6b3c38ca70f64f5b155e7474506d834a79d57496a99f4629508cd8ccefbd"
            ],
            "type": "Image",
            "firstPartyCookies": {},
            "firstPartyCookiesSent": {},
            "exampleSites": [
                "health.com",
                "www.instyle.com"
            ]
        }
    ],
    "categories": [],
    "performance": {},
    "cookies": 0,
    "topInitiators": [
        {
            "domain": "first party",
            "prevalence": 1
        }
    ],
    "types": {
        "Image": 25,
        "Script": 9,
        "XHR": 3
    },
    "nameservers": [
        "ns-912.awsdns-50.net",
        "ns-61.awsdns-07.com",
        "ns-1840.awsdns-38.co.uk",
        "ns-1420.awsdns-49.org"
    ]
}