{
    "domain": "mg2insights.com",
    "owner": {},
    "source": [
        "DuckDuckGo-US"
    ],
    "prevalence": 0.0000949,
    "sites": 14,
    "subdomains": [
        "api",
        "events"
    ],
    "cnames": [],
    "fingerprinting": 0,
    "resources": [
        {
            "rule": "mg2insights\\.com\\/user",
            "cookies": 0,
            "fingerprinting": 0,
            "subdomains": [
                "api"
            ],
            "apis": {},
            "sites": 9,
            "prevalence": 0.000061,
            "cnames": [],
            "responseHashes": [
                "f6b324317b6e498e10ed3e1010e1fac9fd2961a59c5b1ea80efc87bfce472eeb",
                "45f1af9184fc8d8ea09e6cea75bb30ca475cfbf6ecf17f2339b1177f15300e09",
                "d970b5f98ea75bac8ff095bcabc2f0d0f7a780f957310fd11804317bf6ae74c8",
                "95a3a0102e7a2e3e3ca04d267a88e3e952941cf2a70e9086a81b6fbb07df0aaf",
                "7a6199845a52a3cdd5fe89fc0472ede6ad62cf6d03fca42613cf29683f3560ec",
                "ad9524a04d2a96d0130e249c6d671b1604a74695f8ff2b665795751f25d0bff9",
                "caa21c3bf5c26ac4ffacf64752821766bf71df72118bd5b9f6bf0b28c90d6e6e",
                "827925b0f33b442d65c0ee138ed3d2c2cfe67651c4473006fef19e1b808fb16d"
            ],
            "type": "Fetch",
            "firstPartyCookies": {},
            "firstPartyCookiesSent": {
                "anonDeviceId": 0.00006103474233166279
            },
            "exampleSites": [
                "ajc.com",
                "www.ajc.com",
                "www.centralmaine.com",
                "www.daytondailynews.com",
                "www.dayton.com",
                "www.journal-news.com",
                "www.pressherald.com",
                "www.springfieldnewssun.com",
                "www.sunjournal.com"
            ]
        },
        {
            "rule": "mg2insights\\.com\\/user",
            "cookies": 0,
            "fingerprinting": 0,
            "subdomains": [
                "api"
            ],
            "apis": {},
            "sites": 9,
            "prevalence": 0.000061,
            "cnames": [],
            "responseHashes": [],
            "type": "Preflight",
            "firstPartyCookies": {},
            "firstPartyCookiesSent": {
                "anonDeviceId": 0.00006103474233166279
            },
            "exampleSites": [
                "ajc.com",
                "www.ajc.com",
                "www.centralmaine.com",
                "www.daytondailynews.com",
                "www.dayton.com",
                "www.journal-news.com",
                "www.pressherald.com",
                "www.springfieldnewssun.com",
                "www.sunjournal.com"
            ]
        },
        {
            "rule": "mg2insights\\.com\\/events",
            "cookies": 0,
            "fingerprinting": 0,
            "subdomains": [
                "events"
            ],
            "apis": {},
            "sites": 9,
            "prevalence": 0.000061,
            "cnames": [],
            "responseHashes": [
                "e3b0c44298fc1c149afbf4c8996fb92427ae41e4649b934ca495991b7852b855"
            ],
            "type": "Ping",
            "firstPartyCookies": {},
            "firstPartyCookiesSent": {
                "anonDeviceId": 0.00006103474233166279
            },
            "exampleSites": [
                "ajc.com",
                "www.ajc.com",
                "www.centralmaine.com",
                "www.daytondailynews.com",
                "www.dayton.com",
                "www.journal-news.com",
                "www.pressherald.com",
                "www.springfieldnewssun.com",
                "www.sunjournal.com"
            ]
        }
    ],
    "categories": [],
    "performance": {},
    "cookies": 0,
    "topInitiators": [
        {
            "domain": "godiciardstia.com",
            "prevalence": 1
        }
    ],
    "types": {
        "Fetch": 9,
        "Preflight": 9,
        "Ping": 9
    },
    "nameservers": [
        "ns-703.awsdns-23.net",
        "ns-1923.awsdns-48.co.uk",
        "ns-1519.awsdns-61.org",
        "ns-254.awsdns-31.com"
    ]
}