{
    "domain": "mobylog.jp",
    "owner": {},
    "source": [
        "DuckDuckGo-US"
    ],
    "prevalence": 0.0000541,
    "sites": 8,
    "subdomains": [
        "log1"
    ],
    "cnames": [],
    "fingerprinting": 1,
    "resources": [
        {
            "rule": "mobylog\\.jp\\/_tag_mobylog\\.js",
            "cookies": 0.0000203,
            "fingerprinting": 1,
            "subdomains": [
                "log1"
            ],
            "apis": {
                "Document.cookie getter": 5,
                "window.localStorage": 5,
                "Date.prototype.getTime": 3,
                "Document.cookie setter": 3
            },
            "sites": 5,
            "prevalence": 0.0000338,
            "cnames": [],
            "responseHashes": [
                "38dc89af49acb6da098700209be4f3d9ee91e2a305d56668b44be121289b67eb"
            ],
            "type": "Script",
            "firstPartyCookies": {
                "MOBYLOGTracking_Params_u_500738": {
                    "ttl": 157680012,
                    "length": 40,
                    "prevalence": 0.000006757943963128658,
                    "uniqueness": 1
                },
                "MOBYLOGTracking_Params_t_500738": {
                    "ttl": 1812,
                    "length": 40,
                    "prevalence": 0.000006757943963128658,
                    "uniqueness": 1
                },
                "MOBYLOG_ra_500738": {
                    "ttl": 157680013,
                    "length": 1,
                    "prevalence": 0.000006757943963128658,
                    "uniqueness": 1
                },
                "MOBYLOG_sv_500738": {
                    "ttl": null,
                    "length": 16,
                    "prevalence": 0.000006757943963128658,
                    "uniqueness": 1
                },
                "MOBYLOGTracking_Params_u_500789": {
                    "ttl": 157680008,
                    "length": 40,
                    "prevalence": 0.000006757943963128658,
                    "uniqueness": 1
                },
                "MOBYLOGTracking_Params_t_500789": {
                    "ttl": 1808,
                    "length": 40,
                    "prevalence": 0.000006757943963128658,
                    "uniqueness": 1
                },
                "MOBYLOG_ra_500789": {
                    "ttl": 157680008,
                    "length": 1,
                    "prevalence": 0.000006757943963128658,
                    "uniqueness": 1
                },
                "MOBYLOG_sv_500789": {
                    "ttl": null,
                    "length": 16,
                    "prevalence": 0.000006757943963128658,
                    "uniqueness": 1
                }
            },
            "firstPartyCookiesSent": {},
            "exampleSites": [
                "rekordbox.com",
                "www.able.co.jp",
                "www.digimart.net",
                "www.kaldi.co.jp",
                "www.suntory-kenko.com"
            ]
        },
        {
            "rule": "mobylog\\.jp\\/xd_plugin\\.js",
            "cookies": 0.00000676,
            "fingerprinting": 1,
            "subdomains": [
                "log1"
            ],
            "apis": {
                "Document.cookie setter": 1
            },
            "sites": 4,
            "prevalence": 0.000027,
            "cnames": [],
            "responseHashes": [
                "4e1488b19c8d0171b04df424d4d001d285105acfcca1be665d3c356a4d55ac5e"
            ],
            "type": "Script",
            "firstPartyCookies": {
                "xdLoginStatus": {
                    "ttl": -1673691139,
                    "length": 1,
                    "prevalence": 0.000006757943963128658,
                    "uniqueness": 1
                }
            },
            "firstPartyCookiesSent": {},
            "exampleSites": [
                "rekordbox.com",
                "www.digimart.net",
                "www.kaldi.co.jp",
                "www.suntory-kenko.com"
            ]
        },
        {
            "rule": "mobylog\\.jp\\/dot\\.php",
            "cookies": 0.0000203,
            "fingerprinting": 0,
            "subdomains": [
                "log1"
            ],
            "apis": {},
            "sites": 3,
            "prevalence": 0.0000203,
            "cnames": [],
            "responseHashes": [
                "25479a250fbceb448aa566218c2098a0c371bc72d8bb65023b4a019a6a0b04c1"
            ],
            "type": "Image",
            "firstPartyCookies": {},
            "firstPartyCookiesSent": {},
            "exampleSites": [
                "able.co.jp",
                "www.digimart.net",
                "www.kaldi.co.jp"
            ]
        },
        {
            "rule": "mobylog\\.jp\\/__xdtc\\/500738\\.js",
            "cookies": 0,
            "fingerprinting": 1,
            "subdomains": [
                "log1"
            ],
            "apis": {
                "window.localStorage": 2
            },
            "sites": 2,
            "prevalence": 0.0000135,
            "cnames": [],
            "responseHashes": [
                "1bc1dca6d4f7872e8e5b4d426f030b6491446c9b15dd4ee5b46a2cb9dcd69fb4"
            ],
            "type": "Script",
            "firstPartyCookies": {},
            "firstPartyCookiesSent": {},
            "exampleSites": [
                "digimart.net",
                "www.digimart.net"
            ]
        },
        {
            "rule": "mobylog\\.jp\\/msb\\.php",
            "cookies": 0,
            "fingerprinting": 0,
            "subdomains": [
                "log1"
            ],
            "apis": {},
            "sites": 3,
            "prevalence": 0.0000203,
            "cnames": [],
            "responseHashes": [
                "a682f1689ce1b14ceb00e4d15610333fb2b17b4819c002c064cbd4a76ffdc3a6",
                "3abe180246c8a14ff85c9a7f5a5980bc8057a491e9b8a1eb880fe838e13a8f4d"
            ],
            "type": "Script",
            "firstPartyCookies": {},
            "firstPartyCookiesSent": {},
            "exampleSites": [
                "digimart.net",
                "www.digimart.net",
                "www.kaldi.co.jp"
            ]
        },
        {
            "rule": "mobylog\\.jp\\/xd_jquery_selectors\\.js",
            "cookies": 0,
            "fingerprinting": 0,
            "subdomains": [
                "log1"
            ],
            "apis": {},
            "sites": 2,
            "prevalence": 0.0000135,
            "cnames": [],
            "responseHashes": [
                "f904fa3a4ec28dd613986f0d70dc16c4155abf979286f7eac96ebd93b1cd0085"
            ],
            "type": "Script",
            "firstPartyCookies": {},
            "firstPartyCookiesSent": {},
            "exampleSites": [
                "digimart.net",
                "www.digimart.net"
            ]
        },
        {
            "rule": "mobylog\\.jp\\/__xdtc\\/500293\\.js",
            "cookies": 0,
            "fingerprinting": 0,
            "subdomains": [
                "log1"
            ],
            "apis": {},
            "sites": 2,
            "prevalence": 0.0000135,
            "cnames": [],
            "responseHashes": [
                "465f12d416c02ebaa495134521930956b52a86e0214e6cb393aa1d1950eb6939"
            ],
            "type": "Script",
            "firstPartyCookies": {},
            "firstPartyCookiesSent": {},
            "exampleSites": [
                "suntory-kenko.com",
                "www.suntory-kenko.com"
            ]
        }
    ],
    "categories": [],
    "performance": {},
    "cookies": 0.0000405,
    "topInitiators": [
        {
            "domain": "googletagmanager.com",
            "prevalence": 0.625
        },
        {
            "domain": "first party",
            "prevalence": 0.375
        }
    ],
    "types": {
        "Script": 18,
        "Image": 3
    },