{
    "domain": "moviead55.ru",
    "owner": {},
    "source": [
        "DuckDuckGo-US"
    ],
    "prevalence": 0.0000946,
    "sites": 14,
    "subdomains": [
        "code",
        "logger"
    ],
    "cnames": [],
    "fingerprinting": 1,
    "resources": [
        {
            "rule": "moviead55\\.ru\\/madstyle\\.css",
            "cookies": 0,
            "fingerprinting": 0,
            "subdomains": [
                "code"
            ],
            "apis": {},
            "sites": 10,
            "prevalence": 0.0000676,
            "cnames": [],
            "responseHashes": [
                "72c130fe7b5105f9aaa6ee21b8f04c6832122033897bf7d4ae171bc4670d6ea9",
                "5d2b099108c5ad465c3a3a9d5db90c04e2e8f8a260ddfe959189cd7f1058dfa1",
                "7c51dcfc717ee07e72d6ba990656189c535bdcea3df6446c69559972b143aa08",
                "8cef8ae16e113bd14f6c160746ad4f547a52c82bf68f934928e77ec40ed49ac1",
                "7b0168893e71c534e2386696ea89dd4c3d7cc8fc6161ce7ee23892a202c3563c",
                "1a117353642533ace549a4c7088417288216e69ab907ab6ea1c03525fa51eb0f",
                "74ba9460b89eced73838002f73507bfaf3a4a7c6ff9ecb705f9f18051ead7137",
                "d5d35b3900f77b1b5e38c33cac6af9424c454b04fea188d43ce9940c2a442e7e",
                "3cf86c09ff450726292981c8fd30de34afc4245d5fc32be4b468d353d0d5bd5c"
            ],
            "type": "Stylesheet",
            "firstPartyCookies": {},
            "firstPartyCookiesSent": {},
            "exampleSites": [
                "kinozal.tv",
                "lordserial.la",
                "ogrom.ru",
                "rutor.info",
                "tv.hd-seriya.cyou",
                "vikismult.net",
                "wednesdaytv.ru",
                "www.cyberforum.ru",
                "www.fast-torrent.ru",
                "www.rutor.info"
            ]
        },
        {
            "rule": "moviead55\\.ru\\/logger\\.php",
            "cookies": 0,
            "fingerprinting": 0,
            "subdomains": [
                "logger"
            ],
            "apis": {},
            "sites": 10,
            "prevalence": 0.0000676,
            "cnames": [],
            "responseHashes": [
                "389d4abf83fdf0701b0e481fa43847b95201e1dc590e7f669283f421ddf13c3d"
            ],
            "type": "Image",
            "firstPartyCookies": {},
            "firstPartyCookiesSent": {},
            "exampleSites": [
                "kinozal.tv",
                "lordserial.la",
                "ogrom.ru",
                "rutor.info",
                "tv.hd-seriya.cyou",
                "vikismult.net",
                "wednesdaytv.ru",
                "www.cyberforum.ru",
                "www.fast-torrent.ru",
                "www.rutor.info"
            ]
        },
        {
            "rule": "moviead55\\.ru\\/go\\/bmap",
            "cookies": 0,
            "fingerprinting": 1,
            "subdomains": [
                "code"
            ],
            "apis": {
                "Date.prototype.getTime": 10
            },
            "sites": 10,
            "prevalence": 0.0000676,
            "cnames": [],
            "responseHashes": [
                "f2b9084fc5b028c24e14187945d89ba1209c1699c6e120a031e3a7d1fec2e42c",
                "e621e04c19c8560ed18fa46219fa9e107a283c0533ec2bb78570510fc8cf034c",
                "db84e5faba0567c04584e16d070f92eeb63567f6d990ea58ec968d05754d6cc6",
                "796f7781e528b178a3d7a16e599d72624c1c11b0c51230ecc4f3c3b40fdad1f1",
                "a91a619eae0513b0851897fb9ee4b07710c4f2babcca91fcd1b61bbcd146f366",
                "0f3cd3c58a795e9b76c9a879ff0de548cf93cfa7866fd71200e5d6a4e850e6ee",
                "cffa89d9c53ed3a654ed99b6125b3c7b089b1fb99062ab9de339a9a8dde75e60",
                "81e3e18e1673ac36d37965b69d70dcfc524f62d5bcd8cc47bcbabab11363c4cf",
                "2981eabcf97ccffc9ad43fea813cb4827017a06d7f2299878fea3d037ef88b1e"
            ],
            "type": "Script",
            "firstPartyCookies": {},
            "firstPartyCookiesSent": {},
            "exampleSites": [
                "kinozal.tv",
                "lordserial.la",
                "ogrom.ru",
                "rutor.info",
                "tv.hd-seriya.cyou",
                "vikismult.net",
                "wednesdaytv.ru",
                "www.cyberforum.ru",
                "www.fast-torrent.ru",
                "www.rutor.info"
            ]
        },
        {
            "rule": "moviead55\\.ru\\/go\\/bn",
            "cookies": 0.0000676,
            "fingerprinting": 0,
            "subdomains": [
                "code"
            ],
            "apis": {},
            "sites": 10,
            "prevalence": 0.0000676,
            "cnames": [],
            "responseHashes": [
                "26eab9cb4fe4a7e3f0de8a04e10f2f7efe5cacffc1dcb06ae6fbe197633ccd7e",
                "65b7beabfeea3095cf58d320260e52e6577a1a8546b848d39d27f5c5c4ec4302",
                "99c81a570178bd70d7c23791515c52d29a81c5fd90297b0ed93e4d209cbeec7d",
                "a8eb8e73dd21117fff6835a9e4aee4dde47d2cc74590c2456c4c1d54fc08df33",
                "8c5fc2499557fc4f3344e3ff6689d2ce751b73ff0043a30b2d97e00ebe5e0ad3",
                "62b9ee4a271d968842d80098a86275c288676865343af25903d29a9db0a330d8",
                "1b8a9ec24b8a971852ecf2cf5903d70f3f48ce9d41126c47ff14d205d488cb89",
                "d533bf1145db8468b5637b9ee5be76128e1e0a6b721e0b2a7652c640a7a0fba2",
                "6559711e8ece3e5177426b9fd8b045c08729a4aad5e5a075d73d4e7c7e7274d4"
            ],
            "type": "Script",
            "firstPartyCookies": {},
            "firstPartyCookiesSent": {},
            "exampleSites": [
                "kinozal.tv",
                "lordserial.la",
                "ogrom.ru",
                "rutor.info",
                "tv.hd-seriya.cyou",
                "vikismult.net",
                "wednesdaytv.ru",
                "www.cyberforum.ru",
                "www.fast-torrent.ru",
                "www.rutor.info"
            ]
        }
    ],
    "categories": [],
    "performance": {},
    "cookies": 0.0000946,
    "topInitiators": [
        {
            "domain": "vak345.com",
            "prevalence": 0.9545454545454546
        },
        {
            "domain": "yandex.ru",
            "prevalence": 0.022727272727272728
        },
        {
            "domain": "first party",
            "prevalence": 0.022727272727272728
        }
    ],
    "types": {
        "Stylesheet": 10,
        "Image": 10,
        "Script": 20
    },
    "nameservers": [
        "cloe.ns.cloudflare.com",
        "george.ns.cloudflare.com"
    ]
}