{
    "domain": "mox.tv",
    "owner": {},
    "source": [
        "DuckDuckGo-US"
    ],
    "prevalence": 0.0000946,
    "sites": 14,
    "subdomains": [
        "ad",
        "bgstats",
        "cdn"
    ],
    "cnames": [],
    "fingerprinting": 2,
    "resources": [
        {
            "rule": "mox\\.tv\\/mox\\/mwayss_invocation\\.min\\.js",
            "cookies": 0,
            "fingerprinting": 1,
            "subdomains": [
                "ad"
            ],
            "apis": {
                "Screen.prototype.width": 8,
                "Screen.prototype.height": 8,
                "Navigator.prototype.languages": 2
            },
            "sites": 11,
            "prevalence": 0.0000743,
            "cnames": [],
            "responseHashes": [
                "f58cfda56b062e9b72bf642c7ef744ab84932e1a77d3a32c60db08552cfcb418"
            ],
            "type": "Script",
            "firstPartyCookies": {},
            "firstPartyCookiesSent": {
                "lotame_domain_check": 0.000013515887926257316
            },
            "exampleSites": [
                "protothema.gr",
                "en.protothema.gr",
                "korrespondent.net",
                "www.bzi.ro",
                "www.dnevno.hr",
                "www.el.gr",
                "www.haibunda.com",
                "www.hk01.com",
                "www.lifo.gr",
                "www.oroskopos.gr",
                "www.protothema.gr"
            ]
        },
        {
            "rule": "mox\\.tv\\/delivery\\/impress",
            "cookies": 0.0000473,
            "fingerprinting": 0,
            "subdomains": [
                "ad"
            ],
            "apis": {},
            "sites": 7,
            "prevalence": 0.0000473,
            "cnames": [],
            "responseHashes": [
                "7b7fcb7d611da4c4763feb3a1886ffe7eba594959424c23c3026d1c608618f94",
                "c6c07118263b6e1d698ada4dd63f964a530aab7dd2516382ea85a2bcce4131e0",
                "0a7069421e2cbf7e16ddf16538c2ea82f74b58f1850635397ca9a26a074600c8",
                "9752487a521b41617e8bdf1f157ef9c9c9ebda4553e45d326fdc1705b6e585ec",
                "4430055ece4b6b2b3373649e96fa16f171f040607d82f8a287df9bfed1cf291b",
                "781f7f69e3f48673ee002d3adc1a072da096bc811c45e912d41f7a2b67191f57"
            ],
            "type": "XHR",
            "firstPartyCookies": {},
            "firstPartyCookiesSent": {
                "_cb_svref": 0.000013515887926257316,
                "_li_dcdm_c": 0.000006757943963128658,
                "__dtmids": 0.000006757943963128658,
                "lotame_domain_check": 0.000006757943963128658
            },
            "exampleSites": [
                "protothema.gr",
                "en.protothema.gr",
                "korrespondent.net",
                "www.dnevno.hr",
                "www.el.gr",
                "www.haibunda.com",
                "www.hk01.com"
            ]
        },
        {
            "rule": "mox\\.tv\\/mox\\/mwayss_invocation\\.min\\.css",
            "cookies": 0,
            "fingerprinting": 0,
            "subdomains": [
                "ad"
            ],
            "apis": {},
            "sites": 8,
            "prevalence": 0.0000541,
            "cnames": [],
            "responseHashes": [
                "60f74110267d386c033ca330fc5bbd7d2472c972b63b33fa8000e87c8f815de6"
            ],
            "type": "Stylesheet",
            "firstPartyCookies": {},
            "firstPartyCookiesSent": {},
            "exampleSites": [
                "protothema.gr",
                "en.protothema.gr",
                "korrespondent.net",
                "www.dnevno.hr",
                "www.el.gr",
                "www.haibunda.com",
                "www.hk01.com",
                "www.lifo.gr"
            ]
        },
        {
            "rule": "mox\\.tv\\/js\\/ima2\\/2\\/inview\\.min\\.js",
            "cookies": 0,
            "fingerprinting": 1,
            "subdomains": [
                "ad"
            ],
            "apis": {
                "window.innerWidth": 2,
                "window.innerHeight": 2
            },
            "sites": 5,
            "prevalence": 0.0000338,
            "cnames": [],
            "responseHashes": [
                "2ebcdc45625d8bd6eb8cea62780c1128df28c86ef0e10a6369ec23c97d61d92c"
            ],
            "type": "Script",
            "firstPartyCookies": {},
            "firstPartyCookiesSent": {},
            "exampleSites": [
                "protothema.gr",
                "en.protothema.gr",
                "www.dnevno.hr",
                "www.hk01.com",
                "www.lifo.gr"
            ]
        },
        {
            "rule": "mox\\.tv\\/js\\/ima2\\/2\\/vast-client\\.min\\.js",
            "cookies": 0,
            "fingerprinting": 0,
            "subdomains": [
                "ad"
            ],
            "apis": {},
            "sites": 5,
            "prevalence": 0.0000338,
            "cnames": [],
            "responseHashes": [
                "04a436758e8992373a49eb612d5b5f54a6fe9e6b1aedab24b510411630fa99b8"
            ],
            "type": "Script",
            "firstPartyCookies": {},
            "firstPartyCookiesSent": {},
            "exampleSites": [
                "protothema.gr",
                "en.protothema.gr",
                "www.dnevno.hr",
                "www.hk01.com",
                "www.lifo.gr"
            ]
        },
        {
            "rule": "mox\\.tv\\/js\\/ima2\\/2\\/ima\\.min\\.js",
            "cookies": 0,
            "fingerprinting": 1,
            "subdomains": [
                "ad"
            ],
            "apis": {
                "Navigator.prototype.userAgent": 3,
                "window.innerWidth": 2
            },
            "sites": 5,
            "prevalence": 0.0000338,
            "cnames": [],
            "responseHashes": [
                "3322df46bd4452c3ba35dd4fe1c539ca16e715feedc921fd9833c011a0fc6466"
            ],
            "type": "Script",
            "firstPartyCookies": {},
            "firstPartyCookiesSent": {},
            "exampleSites": [
                "protothema.gr",
                "en.protothema.gr",
                "www.dnevno.hr",
                "www.hk01.com",
                "www.lifo.gr"
            ]
        },
        {
            "rule": "mox\\.tv\\/js\\/moxplayer\\/moxplayer\\.css",
            "cookies": 0,
            "fingerprinting": 0,
            "subdomains": [
                "ad"
            ],
            "apis": {},
            "sites": 5,
            "prevalence": 0.0000338,
            "cnames": [],
            "responseHashes": [
                "a1fc449201f61ca3ea21d70a29c7539f8bcb19be28423a4e1258e7e1e994b042"
            ],
            "type": "Stylesheet",
            "firstPartyCookies": {},
            "firstPartyCookiesSent": {},
            "exampleSites": [
                "protothema.gr",
                "en.protothema.gr",
                "www.dnevno.hr",
                "www.hk01.com",
                "www.lifo.gr"
            ]
        },
        {
            "rule": "mox\\.tv\\/mox\\/mwayss_invocation\\.iframe\\.min\\.css",
            "cookies": 0,
            "fingerprinting": 0,
            "subdomains": [
                "ad"
            ],
            "apis": {},
            "sites": 3,
            "prevalence": 0.0000203,
            "cnames": [],
            "responseHashes": [
                "334ff4c8e9f20c31bfe49e4f097a08ab9a249180d04b2939832f45eb594eb835"
            ],
            "type": "Stylesheet",
            "firstPartyCookies": {},
            "firstPartyCookiesSent": {},
            "exampleSites": [
                "protothema.gr",
                "en.protothema.gr",
                "korrespondent.net"
            ]
        },
        {
            "rule": "mox\\.tv\\/magic\\.png",
            "cookies": 0,
            "fingerprinting": 0,