{
    "domain": "mrf.io",
    "owner": {
        "name": "Marfeel Solutions, S.L.",
        "displayName": "Marfeel"
    },
    "source": [
        "DuckDuckGo-US"
    ],
    "prevalence": 0.00302,
    "sites": 30,
    "subdomains": [
        "sdk",
        "marfeelexperimentsexperienceengine",
        "flowcards"
    ],
    "cnames": [],
    "fingerprinting": 2,
    "resources": [
        {
            "rule": "mrf\\.io\\/statics\\/marfeel-sdk\\.js",
            "cookies": 0.00181,
            "fingerprinting": 1,
            "subdomains": [
                "sdk"
            ],
            "apis": {
                "Date.prototype.getTime": 26,
                "Document.cookie setter": 18,
                "window.sessionStorage": 27,
                "window.localStorage": 25,
                "Navigator.prototype.userAgent": 24,
                "Document.cookie getter": 24
            },
            "sites": 29,
            "prevalence": 0.00292,
            "cnames": [],
            "responseHashes": [
                "2e27af471bd1620891ef936780bc064b564b13438f9454ca99d88fce65a9cc6b",
                "b474050109fa2d8f3d59e4b336fb271c965f64efa998e946d7a8ece205e873e6",
                "bb46800c073ab4bd7e3a5653a39424d9d9e816ff826a5943a52c8de9958a5d5c",
                "f763d63544168c32d7b98788e32c6648a18d773a3a4a6a85b752e040c347f315",
                "b3d3831ee8cd04a3199c77593e2684f128054c790499333349b5db6889a5c337",
                "584f3d64452755521e56aa9e71db2c5baff1ba9dbe85d26f783896bddad56276",
                "71ed6e56e9ad38c8e13c9071a50749c4ba58e4b04481230d7d5b6f99f68f0a25",
                "a2e0aff0e680c100aaba21f0e254037a3b7de5a03e2fd726d47f150bf3b8bc33",
                "b64c5c6a96a4aa711eea1a44c0d3427f2c0200d359d41198a79962714c835bc3",
                "60b807188a026fd9a157f1474e25d3e2dbfb2a4404d36217b4e20fca2216a655",
                "1344af217c29a176a2553735749a5bee870a19cba2e38a7f7a13d6660facba8a",
                "7b1259f2c10cddd428e4c9665de1cee5d4af3a310b42c78dd46750b40208d8d5",
                "8596e12ea8e3817eede1161a9b5a78cf947557202ea001ebf7f57a53809dfd75"
            ],
            "type": "Script",
            "firstPartyCookies": {
                "___nrbic": {
                    "ttl": null,
                    "length": 315,
                    "prevalence": 0.0017118114993454837,
                    "uniqueness": 1
                },
                "___nrbi": {
                    "ttl": 15897602,
                    "length": 188,
                    "prevalence": 0.0017118114993454837,
                    "uniqueness": 1
                },
                "compass_uid": {
                    "ttl": 15897602,
                    "length": 36,
                    "prevalence": 0.0017118114993454837,
                    "uniqueness": 1
                }
            },
            "firstPartyCookiesSent": {},
            "exampleSites": [
                "elpais.com",
                "techcrunch.com",
                "www.thegatewaypundit.com",
                "nationalpost.com",
                "www.dailyfaceoff.com",
                "www.komando.com",
                "finbold.com",
                "cleantechnica.com",
                "bolavip.com",
                "www.infobae.com",
                "torontosun.com",
                "gatewaypundit.blogspot.com",
                "www.marca.com",
                "www.thefamilyvacationguide.com",
                "www.ghacks.net",
                "www.bizpacreview.com",
                "english.elpais.com",
                "www.yardbarker.com",
                "interestingengineering.com",
                "www.trueachievements.com"
            ]
        },
        {
            "rule": "mrf\\.io\\/experimentsexperience\\/render",
            "cookies": 0,
            "fingerprinting": 0,
            "subdomains": [
                "marfeelexperimentsexperienceengine"
            ],
            "apis": {},
            "sites": 7,
            "prevalence": 0.000705,
            "cnames": [],
            "responseHashes": [
                "e3b0c44298fc1c149afbf4c8996fb92427ae41e4649b934ca495991b7852b855",
                "222f2ad60e136caeed7fda1d680b8848e8ee6923dd8df0ef65770a5dbd08d589"
            ],
            "type": "Script",
            "firstPartyCookies": {},
            "firstPartyCookiesSent": {},
            "exampleSites": [
                "elpais.com",
                "english.elpais.com",
                "en.as.com",
                "nationalpost.com",
                "techcrunch.com",
                "www.infobae.com",
                "www.marca.com"
            ]
        },
        {
            "rule": "mrf\\.io\\/statics\\/0270a2764736be453526\\.js",
            "cookies": 0,
            "fingerprinting": 1,
            "subdomains": [
                "sdk"
            ],
            "apis": {
                "Navigator.prototype.userAgent": 4,
                "Date.prototype.getTime": 1
            },
            "sites": 5,
            "prevalence": 0.000503,
            "cnames": [],
            "responseHashes": [
                "29d921f66f1f8ad063858e1803c5f2b0a53585135349366ce26799634b46af7a"
            ],
            "type": "Script",
            "firstPartyCookies": {},
            "firstPartyCookiesSent": {},
            "exampleSites": [
                "elpais.com",
                "english.elpais.com",
                "en.as.com",
                "nationalpost.com",
                "torontosun.com"
            ]
        },
        {
            "rule": "mrf\\.io\\/json\\/experiences",
            "cookies": 0,
            "fingerprinting": 0,
            "subdomains": [
                "flowcards"
            ],
            "apis": {},
            "sites": 2,
            "prevalence": 0.000201,
            "cnames": [],
            "responseHashes": [
                "7c8e00f771572627dcb704e30d574225914162701b1dac74475f04dcc8a4cda3"
            ],
            "type": "Fetch",
            "firstPartyCookies": {},
            "firstPartyCookiesSent": {
                "compass_uid": 0.0002013895881582922
            },
            "exampleSites": [
                "techcrunch.com",
                "www.infobae.com"
            ]
        },
        {
            "rule": "mrf\\.io\\/statics\\/compass-multimedia-sdk\\.js",
            "cookies": 0,
            "fingerprinting": 0,
            "subdomains": [
                "sdk"
            ],
            "apis": {},
            "sites": 2,
            "prevalence": 0.000201,
            "cnames": [],
            "responseHashes": [
                "28dc0313036d9826dabf3ac2c18c291ec125aafe556dd2fdf1de8c8addea5e1f"
            ],
            "type": "Script",
            "firstPartyCookies": {},
            "firstPartyCookiesSent": {},
            "exampleSites": [
                "infobae.com",
                "www.marca.com"
            ]
        },
        {
            "rule": "mrf\\.io\\/statics\\/f6141e181f15963db8aa\\.js",
            "cookies": 0,
            "fingerprinting": 1,
            "subdomains": [
                "sdk"
            ],
            "apis": {
                "Navigator.prototype.userAgent": 2
            },
            "sites": 2,
            "prevalence": 0.000201,
            "cnames": [],
            "responseHashes": [
                "75327f92924c4b5cf4584552c13fa3125a52a0db14b2838669bfba16e63dd93c"
            ],
            "type": "Script",
            "firstPartyCookies": {},
            "firstPartyCookiesSent": {},
            "exampleSites": [
                "infobae.com",
                "www.marca.com"
            ]
        }
    ],
    "categories": [],
    "performance": {},
    "cookies": 0.00181,
    "topInitiators": [
        {
            "domain": "first party",
            "prevalence": 0.6216216216216216
        },
        {
            "domain": "googletagmanager.com",