{
    "domain": "msvdn.net",
    "owner": {},
    "source": [
        "DuckDuckGo-US"
    ],
    "prevalence": 0.0000332,
    "sites": 4,
    "subdomains": [
        "88248baa3ac148b0a8c0c4bfe09ce5b7",
        "streamcdnc3-88248baa3ac148b0a8c0c4bfe09ce5b7",
        "webtools-6201a3d484184c6cb0bcd999c249a471",
        "3563f80fde5645ca8d7937c392f004c5",
        "streamcdnc1-3563f80fde5645ca8d7937c392f004c5",
        "webtools-a17112a7c539476f9948bdcc150c3722",
        "a17112a7c539476f9948bdcc150c3722",
        "streamcdnc3-a17112a7c539476f9948bdcc150c3722",
        "streamcdnc1-a17112a7c539476f9948bdcc150c3722"
    ],
    "cnames": [],
    "fingerprinting": 0,
    "resources": [
        {
            "rule": "msvdn\\.net\\/vod\\/f2gHIcp5ilUZ\\/playlist\\.m3u8",
            "cookies": 0.0000166,
            "fingerprinting": 0,
            "subdomains": [
                "88248baa3ac148b0a8c0c4bfe09ce5b7",
                "streamcdnc3-88248baa3ac148b0a8c0c4bfe09ce5b7"
            ],
            "apis": {},
            "sites": 2,
            "prevalence": 0.0000166,
            "cnames": [],
            "responseHashes": [],
            "type": "Media",
            "firstPartyCookies": {},
            "firstPartyCookiesSent": {},
            "exampleSites": [
                "faceit.com",
                "www.faceit.com"
            ]
        },
        {
            "rule": "msvdn\\.net\\/js\\/mainstreaming\\.js",
            "cookies": 0,
            "fingerprinting": 0,
            "subdomains": [
                "webtools-6201a3d484184c6cb0bcd999c249a471"
            ],
            "apis": {},
            "sites": 2,
            "prevalence": 0.0000166,
            "cnames": [],
            "responseHashes": [
                "9ff8cd2a1192aa6a2343e75f9221473095c8c27b2d74ee2de366f9e51b8b93ee"
            ],
            "type": "Script",
            "firstPartyCookies": {},
            "firstPartyCookiesSent": {},
            "exampleSites": [
                "ladige.it",
                "www.ladige.it"
            ]
        },
        {
            "rule": "msvdn\\.net\\/image\\/wNSpOiUbbdFZ\\/10",
            "cookies": 0,
            "fingerprinting": 0,
            "subdomains": [
                "webtools-6201a3d484184c6cb0bcd999c249a471"
            ],
            "apis": {},
            "sites": 2,
            "prevalence": 0.0000166,
            "cnames": [],
            "responseHashes": [
                "83df4a357be1c9c55c65a223ba3c568b906e60d494cbd739f3168ce237ab33ce"
            ],
            "type": "Image",
            "firstPartyCookies": {},
            "firstPartyCookiesSent": {},
            "exampleSites": [
                "ladige.it",
                "www.ladige.it"
            ]
        },
        {
            "rule": "msvdn\\.net\\/image\\/xax5qXcensgN\\/poster",
            "cookies": 0,
            "fingerprinting": 0,
            "subdomains": [
                "webtools-6201a3d484184c6cb0bcd999c249a471"
            ],
            "apis": {},
            "sites": 2,
            "prevalence": 0.0000166,
            "cnames": [],
            "responseHashes": [
                "04f1ac232843d974626e759ba796edae0146827103a29e5accf5964209af0056"
            ],
            "type": "Image",
            "firstPartyCookies": {},
            "firstPartyCookiesSent": {},
            "exampleSites": [
                "ladige.it",
                "www.ladige.it"
            ]
        },
        {
            "rule": "msvdn\\.net\\/image\\/fzi2cutI0jGi\\/10",
            "cookies": 0,
            "fingerprinting": 0,
            "subdomains": [
                "webtools-6201a3d484184c6cb0bcd999c249a471"
            ],
            "apis": {},
            "sites": 2,
            "prevalence": 0.0000166,
            "cnames": [],
            "responseHashes": [
                "d2dce0f68cd1eeff76cfc4f3c5da6e9b10b214f2c46875ecc2f038f7f9fe8ec0"
            ],
            "type": "Image",
            "firstPartyCookies": {},
            "firstPartyCookiesSent": {},
            "exampleSites": [
                "ladige.it",
                "www.ladige.it"
            ]
        },
        {
            "rule": "msvdn\\.net\\/image\\/6zycZGTbJBPH\\/10",
            "cookies": 0,
            "fingerprinting": 0,
            "subdomains": [
                "webtools-6201a3d484184c6cb0bcd999c249a471"
            ],
            "apis": {},
            "sites": 2,
            "prevalence": 0.0000166,
            "cnames": [],
            "responseHashes": [
                "76a3bfccf6f3026e34264ff660f616bf0b578990fe86413fa185b00c3e2e8c25"
            ],
            "type": "Image",
            "firstPartyCookies": {},
            "firstPartyCookiesSent": {},
            "exampleSites": [
                "ladige.it",
                "www.ladige.it"
            ]
        },
        {
            "rule": "msvdn\\.net\\/image\\/fM6RsESPZ98b\\/poster",
            "cookies": 0,
            "fingerprinting": 0,
            "subdomains": [
                "webtools-6201a3d484184c6cb0bcd999c249a471"
            ],
            "apis": {},
            "sites": 2,
            "prevalence": 0.0000166,
            "cnames": [],
            "responseHashes": [
                "353aa2df241517ac26596cab533cd707bee8bb25ee482b1210043ea6c1444cbf"
            ],
            "type": "Image",
            "firstPartyCookies": {},
            "firstPartyCookiesSent": {},
            "exampleSites": [
                "ladige.it",
                "www.ladige.it"
            ]
        },
        {
            "rule": "msvdn\\.net\\/vod\\/fM6RsESPZ98b\\/libx264_yuv420p_1280_720_23_98_2300_libfdk_aac_128_48000_2\\.mp4",
            "cookies": 0.0000166,
            "fingerprinting": 0,
            "subdomains": [
                "3563f80fde5645ca8d7937c392f004c5",
                "streamcdnc1-3563f80fde5645ca8d7937c392f004c5"
            ],
            "apis": {},
            "sites": 2,
            "prevalence": 0.0000166,
            "cnames": [],
            "responseHashes": [],
            "type": "Media",
            "firstPartyCookies": {},
            "firstPartyCookiesSent": {},
            "exampleSites": [
                "ladige.it",
                "www.ladige.it"
            ]
        },
        {
            "rule": "msvdn\\.net\\/image\\/ju9K9kO3tYlf\\/3",
            "cookies": 0,
            "fingerprinting": 0,
            "subdomains": [
                "webtools-a17112a7c539476f9948bdcc150c3722"
            ],
            "apis": {},
            "sites": 2,
            "prevalence": 0.0000166,
            "cnames": [],
            "responseHashes": [
                "e00df8c6fcc07d7f14a4606a547f7e1dc672b36fd35b2345c680dbc6aa356bbb"
            ],
            "type": "Image",
            "firstPartyCookies": {},
            "firstPartyCookiesSent": {},
            "exampleSites": [
                "teamworld.it",
                "www.teamworld.it"
            ]
        },
        {
            "rule": "msvdn\\.net\\/vod\\/ju9K9kO3tYlf\\/original\\.mp4",
            "cookies": 0.0000166,
            "fingerprinting": 0,
            "subdomains": [
                "a17112a7c539476f9948bdcc150c3722",
                "streamcdnc3-a17112a7c539476f9948bdcc150c3722"
            ],
            "apis": {},
            "sites": 2,
            "prevalence": 0.0000166,
            "cnames": [],
            "responseHashes": [],
            "type": "Media",
            "firstPartyCookies": {},
            "firstPartyCookiesSent": {},
            "exampleSites": [
                "teamworld.it",
                "www.teamworld.it"
            ]
        },
        {
            "rule": "msvdn\\.net\\/image\\/pg3gNCmUxpuD\\/2",
            "cookies": 0,
            "fingerprinting": 0,
            "subdomains": [
                "webtools-a17112a7c539476f9948bdcc150c3722"
            ],
            "apis": {},
            "sites": 2,
            "prevalence": 0.0000166,