{
    "domain": "myregistry.com",
    "owner": {
        "name": "My Life Registry LLC",
        "displayName": "My Life Registry"
    },
    "source": [
        "DuckDuckGo-US"
    ],
    "prevalence": 0.000115,
    "sites": 17,
    "subdomains": [
        "www"
    ],
    "cnames": [],
    "fingerprinting": 1,
    "resources": [
        {
            "rule": "myregistry\\.com\\/ScriptPlatform\\/Shopify\\/AddToMrButton\\.js",
            "cookies": 0.000027,
            "fingerprinting": 0,
            "subdomains": [
                "www"
            ],
            "apis": {},
            "sites": 4,
            "prevalence": 0.000027,
            "cnames": [],
            "responseHashes": [
                "6bb3bf2f70dec0c3b28d5e9f981aa9d6a0111910fb70a464f4b8514fa81b51e5",
                "4256c026a38673b892d7df35b79a60cfa529c6951adb17d4455be52cb684d4c4",
                "b6f741846f88780fd2397683b0ca2d8c2b60ff6b34d793cbcbaf256747dff0b7"
            ],
            "type": "Script",
            "firstPartyCookies": {},
            "firstPartyCookiesSent": {},
            "exampleSites": [
                "fiestafactorydirect.com",
                "us.eufy.com",
                "us.soundcore.com",
                "www.mikasa.com"
            ]
        },
        {
            "rule": "myregistry\\.com\\/WidgetScriptSet\\/MerchantWidgetButtonScript\\.js",
            "cookies": 0.0000541,
            "fingerprinting": 1,
            "subdomains": [
                "www"
            ],
            "apis": {
                "Document.cookie getter": 8,
                "Date.prototype.getTime": 8,
                "Document.cookie setter": 8
            },
            "sites": 8,
            "prevalence": 0.0000541,
            "cnames": [],
            "responseHashes": [
                "de1e6eedd02c26183e5c3d7c1b37cea44586c62127acf3b47271a40303985f76",
                "5202eb025082864b5ca8a29f82cfb015e9d2bd7e722af951337b2fbbdc075284",
                "c68ec2d2defd18e65327e49592107088f8d1b82b8849329c02ede6a340cb55ee",
                "86ce13a89adeb8ecd52b665dbf46f6d708fdc606989546a86c120729fbead27c",
                "2f56adc7c998ad94f57895718ca7413cd4f9e6c57013f35384af336537ae706f",
                "ec4408c3fbe3c9812e7b9edefe87018efebd96c15ea9108b695c5a997e69dfa3",
                "0fd39413fc4719ad42317a19a168c1f22f322469b75c18479203402157e54d39"
            ],
            "type": "Script",
            "firstPartyCookies": {
                "MrSoftwareSettings": {
                    "ttl": 3607,
                    "length": 38,
                    "prevalence": 0.000054063551705029264,
                    "uniqueness": 0.125
                }
            },
            "firstPartyCookiesSent": {},
            "exampleSites": [
                "fiestafactorydirect.com",
                "us.eufy.com",
                "us.soundcore.com",
                "www.burtsbeesbaby.com",
                "www.everythingkitchens.com",
                "www.mackenzie-childs.com",
                "www.mikasa.com",
                "www.villeroy-boch.com"
            ]
        },
        {
            "rule": "myregistry\\.com\\/Images\\/Logos\\/widget-mrlogo\\.png",
            "cookies": 0,
            "fingerprinting": 0,
            "subdomains": [
                "www"
            ],
            "apis": {},
            "sites": 4,
            "prevalence": 0.000027,
            "cnames": [],
            "responseHashes": [
                "b36987b1d35aa8ffa5eece23149275d340ed8a046c27af52f994301027153c37"
            ],
            "type": "Image",
            "firstPartyCookies": {},
            "firstPartyCookiesSent": {},
            "exampleSites": [
                "fiestafactorydirect.com",
                "us.soundcore.com",
                "www.mackenzie-childs.com",
                "www.mikasa.com"
            ]
        },
        {
            "rule": "myregistry\\.com\\/ScriptPlatform\\/Common\\/SoftwareSettings\\.js",
            "cookies": 0,
            "fingerprinting": 0,
            "subdomains": [
                "www"
            ],
            "apis": {},
            "sites": 8,
            "prevalence": 0.0000541,
            "cnames": [],
            "responseHashes": [
                "defa13d3a34bde7f47c4164aa894640a46c82b98aebb534052d94902b357dadf"
            ],
            "type": "Script",
            "firstPartyCookies": {},
            "firstPartyCookiesSent": {},
            "exampleSites": [
                "fiestafactorydirect.com",
                "us.eufy.com",
                "us.soundcore.com",
                "www.burtsbeesbaby.com",
                "www.everythingkitchens.com",
                "www.mackenzie-childs.com",
                "www.mikasa.com",
                "www.villeroy-boch.com"
            ]
        },
        {
            "rule": "myregistry\\.com\\/Merchants\\/AddToMrButton\\/v2\\.1\\/handlers\\/ButtonScriptHandler\\.ashx",
            "cookies": 0,
            "fingerprinting": 0,
            "subdomains": [
                "www"
            ],
            "apis": {},
            "sites": 3,
            "prevalence": 0.0000203,
            "cnames": [],
            "responseHashes": [
                "6fc4f34b839467511d0bdc5ea4516d29ede45228244201ec04a5e228dd318c73",
                "6c6f99ab8bd5342f366dca8abadd73fba996c7b8a309a2004b0a0796645fb51c"
            ],
            "type": "Script",
            "firstPartyCookies": {},
            "firstPartyCookiesSent": {},
            "exampleSites": [
                "eufy.com",
                "us.soundcore.com",
                "www.mackenzie-childs.com"
            ]
        },
        {
            "rule": "myregistry\\.com\\/ScriptPlatform\\/Magento\\/AddToMrButton\\.js",
            "cookies": 0.0000203,
            "fingerprinting": 1,
            "subdomains": [
                "www"
            ],
            "apis": {
                "Navigator.prototype.userAgent": 1
            },
            "sites": 3,
            "prevalence": 0.0000203,
            "cnames": [],
            "responseHashes": [
                "baa7c4a50e4cd3136849efe49c0bc316b12384f4ae5497e654e1e992e2852556",
                "6c59b453eb3940662adda7842a72eab679131180264bcbfdd877643392bbdb33"
            ],
            "type": "Script",
            "firstPartyCookies": {},
            "firstPartyCookiesSent": {},
            "exampleSites": [
                "burtsbeesbaby.com",
                "www.burtsbeesbaby.com",
                "www.everythingkitchens.com"
            ]
        },
        {
            "rule": "myregistry\\.com\\/ScriptPlatform\\/API\\/AddButtonSDK\\.js",
            "cookies": 0.0000203,
            "fingerprinting": 0,
            "subdomains": [
                "www"
            ],
            "apis": {},
            "sites": 3,
            "prevalence": 0.0000203,
            "cnames": [],
            "responseHashes": [
                "12173f0bbdac7d673483a2071d2a4307855605112ef1013fc86c41f86412d731",
                "39bfc664f66ff4390fadff20d3abd599d5038fbb440e78c9f628f000aff34a00"
            ],
            "type": "Script",
            "firstPartyCookies": {},
            "firstPartyCookiesSent": {},
            "exampleSites": [
                "lenox.com",
                "www.lenox.com",
                "www.oneida.com"
            ]
        },
        {
            "rule": "myregistry\\.com\\/ScriptPlatform\\/other\\/AddToMrButton\\.js",
            "cookies": 0.0000203,
            "fingerprinting": 0,
            "subdomains": [
                "www"
            ],
            "apis": {},
            "sites": 3,
            "prevalence": 0.0000203,
            "cnames": [],
            "responseHashes": [
                "c47d733cee160fc51bda692bd6b9801b9e72ec0bde99f523f9b355330ca468a5",
                "a5c384a2488a9a85bd8bfe3b8716cf349e1d8a78c682ae9453d2616fb328b159"
            ],
            "type": "Script",