{
    "domain": "needle.com",
    "owner": {},
    "source": [
        "DuckDuckGo-US"
    ],
    "prevalence": 0.000155,
    "sites": 20,
    "subdomains": [
        "turtlebeach",
        "pyramydair",
        "barenecessities",
        "bushnell",
        "cdw",
        "gigaparts",
        "herroom",
        "leisurepro",
        "titleist"
    ],
    "cnames": [],
    "fingerprinting": 1,
    "resources": [
        {
            "rule": "needle\\.com\\/needle_service\\.js",
            "cookies": 0.0000853,
            "fingerprinting": 1,
            "subdomains": [
                "turtlebeach",
                "pyramydair",
                "barenecessities",
                "bushnell",
                "cdw",
                "gigaparts",
                "herroom",
                "leisurepro",
                "titleist"
            ],
            "apis": {
                "Date.prototype.getTime": 11,
                "window.localStorage": 11,
                "window.sessionStorage": 11,
                "Document.cookie getter": 11,
                "Document.cookie setter": 11,
                "window.name": 11
            },
            "sites": 12,
            "prevalence": 0.000093,
            "cnames": [],
            "responseHashes": [
                "396b82ad758dfcb45912985a23c1ca0f7d9ac68fdb9f0d143cb6e1291592f0b8",
                "36d174cccf81285dd91d2903bb62abf8162ec1888b6f9872c54eda6f7f0e1c3c",
                "6215fafc30f14b7d27f4f740a6d2eb665250d911868ab0b2e3bb874acb5d5859",
                "202f15b873e8da5c25f74fe1de35a57468c92a8cce18782bf4970fc39332d78e",
                "971224024190e0869a982fd73a9f1366dd0a5ef1fb1d5d7170aede59662390c8",
                "1eb177cebd78719130b423218d8ce0a4f8d2f6139665151c423c3531ba10c4b1",
                "16606923135cb8a37d6ab1a78d1da7ffb4842b7f693e0105564ed7b564529090",
                "2acaab16648c0b6a16fb98ce6c64940e9ef3556e8620fb7532adb781242c835f"
            ],
            "type": "Script",
            "firstPartyCookies": {
                "needlepin": {
                    "ttl": 15552003,
                    "length": 98,
                    "prevalence": 0.00008529578251126292,
                    "uniqueness": 1
                }
            },
            "firstPartyCookiesSent": {},
            "exampleSites": [
                "turtlebeach.com",
                "blog.turtlebeach.com",
                "www.airgundepot.com",
                "www.barenecessities.com",
                "www.bushnellgolf.com",
                "www.cdw.com",
                "www.gigaparts.com",
                "www.herroom.com",
                "www.pyramydair.com",
                "www.scuba.com",
                "www.titleist.com",
                "www.turtlebeach.com"
            ]
        },
        {
            "rule": "needle\\.com\\/pageload",
            "cookies": 0,
            "fingerprinting": 0,
            "subdomains": [
                "turtlebeach",
                "pyramydair",
                "barenecessities",
                "bushnell",
                "cdw",
                "gigaparts",
                "herroom",
                "titleist"
            ],
            "apis": {},
            "sites": 11,
            "prevalence": 0.0000853,
            "cnames": [],
            "responseHashes": [
                "4d954a5287ac8d22faddc04fe56c9e8c3e2d2a6100917ad5901336764dbb7405",
                "82e2acd3489ead00d1233b25d28424e0bb07c9b1975ac284ebc098be8f1a35d7",
                "f3f2170a939024edfefa1fe64cb1551cd30785696275645c37af536ec3500fef",
                "143e41fdd4c54480d9d4b334804ff6e553090368a4a5dbd1c3ef7f27a06c8dc3",
                "bb06e588902e7a019ef88e57da8d9819c0dcf93c1296b03cdfcb2e885efb44e7",
                "9a430bc29e50cf99f72bd88b4c997c92c89e1bbeb481d45bc1d83e26b50035b5",
                "3e01e6d0d5871ab1c4b3af52da90d79f9eab5d383b3f528d49c276593f742b2b",
                "01e84b346c5231a859c1ddbe2081ede68d4270a6852a8be246b5af930d8cdb83",
                "adc39a20d3b51bc114b7d1e00e5047e8d9875531be7a292a3257b763dfa7649a",
                "be0850f4ddc507e70719ad1debb81305977018794cca24bb8e68b78018cb87f0"
            ],
            "type": "Script",
            "firstPartyCookies": {},
            "firstPartyCookiesSent": {
                "_li_dcdm_c": 0.000015508324092956893,
                "IR_gbd": 0.000007754162046478447,
                "_schn": 0.000007754162046478447
            },
            "exampleSites": [
                "turtlebeach.com",
                "blog.turtlebeach.com",
                "www.airgundepot.com",
                "www.barenecessities.com",
                "www.bushnellgolf.com",
                "www.cdw.com",
                "www.gigaparts.com",
                "www.herroom.com",
                "www.pyramydair.com",
                "www.titleist.com",
                "www.turtlebeach.com"
            ]
        },
        {
            "rule": "needle\\.com\\/pageupdate",
            "cookies": 0,
            "fingerprinting": 0,
            "subdomains": [
                "turtlebeach"
            ],
            "apis": {},
            "sites": 2,
            "prevalence": 0.0000155,
            "cnames": [],
            "responseHashes": [
                "e346c5affaa00697f14d74ff6426dae16507b711f7cb3454e22f6a69222cef94"
            ],
            "type": "Script",
            "firstPartyCookies": {},
            "firstPartyCookiesSent": {},
            "exampleSites": [
                "turtlebeach.com",
                "www.turtlebeach.com"
            ]
        }
    ],
    "categories": [],
    "performance": {},
    "cookies": 0.000147,
    "topInitiators": [
        {
            "domain": "first party",
            "prevalence": 0.5625
        },
        {
            "domain": "yottaa.com",
            "prevalence": 0.25
        },
        {
            "domain": "googletagmanager.com",
            "prevalence": 0.1875
        }
    ],
    "types": {
        "Script": 25
    },
    "nameservers": [
        "ns-27.awsdns-03.com",
        "ns-1253.awsdns-28.org",
        "ns-893.awsdns-47.net",
        "ns-1969.awsdns-54.co.uk"
    ]
}