{
    "domain": "newspassid.com",
    "owner": {},
    "source": [
        "DuckDuckGo-US"
    ],
    "prevalence": 0.000683,
    "sites": 101,
    "subdomains": [
        "bidder"
    ],
    "cnames": [],
    "fingerprinting": 0,
    "resources": [
        {
            "rule": "newspassid\\.com\\/openrtb2\\/auction",
            "cookies": 0,
            "fingerprinting": 0,
            "subdomains": [
                "bidder"
            ],
            "apis": {},
            "sites": 75,
            "prevalence": 0.000507,
            "cnames": [],
            "responseHashes": [
                "de8ea67a64b37302f246947e3c5a5e02cd15247f7c5166786703fb271e0c0978",
                "3eb72fd2124c353c920d33bc4f441b17ae69059c80a6445a66e63ce69c919649",
                "c8b8e4943cceba3fb5fde82cdd7130e7f0e0682b2d6c957a6605945ce728de54",
                "a5659c7e7ea2b30b8786b2821b20dae6e91aef733b458999d2a659f5594ed52e",
                "481a02bdccfa82b3c7d647acf21565b7bc62554a62f495d242fc00a85f6f32f4",
                "ee44817ff5161c7621c4d0bbcb642b58abf3c90a36b57f4f444ae4fdf2d1deb9",
                "f8a5b18211e6c6bd575a1f7f32687495b34e83de302102d7fe4321d3f2c77dac",
                "540bd02c2139571e71b27435be77ccd485bdbee075f1bc3a3061de0096a51a9b",
                "9b73c026e1be1799b0d2be5be6b931ff28497ce8d435d0bfce12930ed279c23d",
                "5f61c8e5ec7b380ff2ece3701fea03bec1fdbabc935b513f1d72bb5f6d67f29d",
                "dfd53d2643e55ecac117ada378f185db22fd90f64faf3fa57f9d1a32ea8fb294",
                "3290895fb50a92a04c01d3e9941d08f232790b8f015d34b16163e0ab4a806ddc",
                "3d77bade00a38574ea597b66cbd365e44544481d6853155845435d393dec2a61",
                "2f616d1984be971dc6cea9c85c42e2ef77c2871f63f84397870166084ff51e8c",
                "15d7905dded1e313addb16a6d0a2afcf03d71232af66f934020325eb23e9b394",
                "e94a8743fa8f43b3bd8b6703be316ca2c06558d777a242305dd3136e401ead8d",
                "45e241806f7c30900b9dc07512b15824d700955dc32eb4a9169e8d9bc783decd",
                "1db16a787633e79e4193344b8ddf83962d1534d51ae87af8f8615bc4f08ce8fd",
                "67ef88f3365dc80e72275e6078757780b9de82537ad977914263087f00c48446",
                "668612fd6ba743fb94bcd0f0d9170318f63eadf47c066fc6e290caad5812ee32",
                "0273662c2dd6192e1bb6cbc6db57bbf5a16cde02046253c9a31863d7a420e341",
                "b68b2f7a54e4d08a79930f181c90c50f3a862e8e456ce800a7a1c9f4b26e6c2b",
                "44b89586e1e05e23cc69c4511b94c5281ffb85eadc61d86d0b4b3d30e26d2d14",
                "52fc9b64cb902d884e676c82ea2d92e3683e04fbbb2ec2555cd2bebeb4c6e8e8",
                "89f2e842679c4a592d8d41be4c7ba9cc66cad5a032f25c3782db5f3fce8bd649",
                "165401c9e08d2a3949ef4e7ddece2b139820c924e73d028152cfe25778660d3f",
                "5e493030de2d095ce67d5cc0fe87a3d408964833ce2ac69edf57d1094c23cea6",
                "463169bfb7ba4637adbeb65d513bb16a78087ef5b50788d801946e6fc4ee245b",
                "d7e1de3413fc0c6451331bd1cbc24e042741f82e7c583117022961a1047c2b40",
                "97c06e167c2e1499847249809cbb4ab51e59e433fee1ea47bf5c707dd74c20c2",
                "01ae2b84c783ce3a7474947fecc2945f93723e42b2b48238c1e59bc03c9100a6",
                "e4bbf41ebbd50b304a049cceda39747ee51d9b5740a7a81802a962596bfa26e0",
                "7c661fade8cff85bc92a8c24da421d64433fa1aa8800149a128908d2bffa608c",
                "56a367c3affa3ad69d372e8cdd535619c3d5731f82248c364c6b43aac4f8ef66",
                "ed4f8f599a34f7e1e839ae258c204fb2775d3de44a7a7ae1274b92508221b82e",
                "4fae1fdccc050544333dfadbbde6ea44eec0e1a782d172635782f47d3f84296d",
                "2bbdab158def09f310273927dc8ff10152b542d0656f4d1c5c086f488119edb1",
                "c9d9761bfb98d7cd60496375b9aa39fd33fd0dbd1432742ffc411b67a561437d",
                "6fcee61b1b9bcdd8f74aa6f016a849be15898b3fcf5c50f775dd1e227d36bf10",
                "d577e6f998bfac03781adfeb808b82e004a9fce6855fd29b7e332ee607683273",
                "bdd5e9b560209e490ac1bc1fbda728ef3216019af2cc452bf7684cdca4f4d919",
                "a21640dd47a622430c4b6152ab489f1a460d563945af704e5742a71d7c5de6c7",
                "fa1aa402d3616195dd96fedd2c080875999a75b1edff13c18d0eb80c1bc9e8c3",
                "9c0f13513466ea26fc960efc09da84e323a248197865d6ab24982e052223dab4",
                "f853a640c9f5deef72ef0cf4f5e64a54ea38f14c8cd839e821b2cad2aa2ad3fc",
                "7759bbe64830598637e343f04e5fc471e965cf9cbae5e533db0e8c07d936e32b",
                "9e7a44e3085a6e480083e9ca8c71332e3aaf29347fc215e43a55bb057fd7788c",
                "6273513eb700961efbdeaaa1f2658b2b49a8e2b7fcb10a35f5d996f38c113167",
                "4ecf4e1b5ed7a7a4321b2fa0d794200f85a95fcde4cbbd0f88e4cc30d91e5a9b",
                "18403ddd83d7f2497ed6910294744bbdcf56c363a28dd4f249d9151b6bc55475",
                "7c1e078ae00833037442bbe3019ea13033edaa9a8d72722e68dabd8c07f81bdc",
                "0fde10748a4211fe0f8cde222cd7d7e913b9d2dadf53ae87bd36f5d1fc7f468e",
                "48a56207d94e59abcd1359a0264011996de256c877a816029fd82d073f9e943f",
                "e2e71417054535089ffc7d8af62e055510099a2572bbdcd7acb4b792e628a9b3",
                "44136fa355b3678a1146ad16f7e8649e94fb4fc21fe77e8310c060f61caaff8a",
                "d35903d02675fb5130513035a1c2c7d3d6c13960fb5d48fd01a4baa3f9bcc520",
                "222776b9a3c64dc3f2dc3fb38018d7fad9ac52cfe8a6c3ff3e651ba96d56f5d8",
                "6d955f31c1af451c1f7fd5b86fff351f67a63cb0de1996baaf402f06eb82a2fd",
                "9baa7fe77bde9f32e089e221e9a4740f72b1e62150bbb182b4377e91e345fa6d",
                "b3125baa19c52f07c89a9dc94cd7ccd1d996f817ae114c4f876fce18a0fa4cd0",
                "88ef5ac47a00ed984bb869bf92fc714f79cdc7277508aafd0f1b6f35d15ce522",
                "11db3a092533b4c28ff51d4e84b4f502aa6ad584c53097bd65c90936403695d2",
                "ee8c9b433bd2c32f3b64023f1f0609396649cc8dbdc539529de1ef75ed4170fa",
                "bd24705c20a847636699359fc896d2a10b014127947f095734d419f27439dbd6",
                "a41b9bb508472a7e888946374c32916a998c2721d8e7dfd4f796261459d604f9",
                "c526a6ac93160e90c39fd5864b0ed048b086e5da0ae13804d6de2b9aba291c2d",
                "51c6c36bb90caab0f7fb7b92835870fcd78016c546b617d5ec42d7c171e8c310",
                "798f4e56d21b6155f2c9287e0987ed9c94a57460a205a1102eeaee7d54751153",
                "ea7b06f6ee4d3ac18c7be69b7bece1da3f67976578546fac78ecf13993c0eb32",
                "20520105d40624c40f7ace19dab0bc1c91b22fed587e68596878ea976b1f55b0",
                "73ebfc974c6deb87f92aad47a2927f1751579aaac4c798425352912068bdda7f"
            ],
            "type": "XHR",
            "firstPartyCookies": {},
            "firstPartyCookiesSent": {},
            "exampleSites": [
                "www.kansas.com",
                "madison.com",
                "www.12news.com",
                "greensboro.com",
                "pantagraph.com",
                "www.timesfreepress.com",
                "www.wkyc.com",
                "www.stltoday.com",
                "siouxcityjournal.com",
                "www.theolympian.com",
                "mtstandard.com",
                "richmond.com",
                "www.bnd.com",
                "billingsgazette.com",
                "democratherald.com",
                "www.thestate.com",
                "journaltimes.com",
                "journalnow.com",
                "journalstar.com",
                "rapidcityjournal.com"
            ]
        },
        {
            "rule": "newspassid\\.com\\/static\\/load-cookie\\.html",
            "cookies": 0,
            "fingerprinting": 0,
            "subdomains": [
                "bidder"
            ],
            "apis": {},
            "sites": 53,
            "prevalence": 0.000358,
            "cnames": [],
            "responseHashes": [],
            "type": "Document",
            "firstPartyCookies": {},
            "firstPartyCookiesSent": {
                "_pubcid": 0.000033789719815643287,