{
    "domain": "nextmillmedia.com",
    "owner": {},
    "source": [
        "DuckDuckGo-US"
    ],
    "prevalence": 0.00222,
    "sites": 22,
    "subdomains": [
        "pbs",
        "cookies",
        "statics",
        "cdn"
    ],
    "cnames": [],
    "fingerprinting": 1,
    "resources": [
        {
            "rule": "nextmillmedia\\.com\\/cookie_sync",
            "cookies": 0,
            "fingerprinting": 0,
            "subdomains": [
                "pbs"
            ],
            "apis": {},
            "sites": 6,
            "prevalence": 0.000604,
            "cnames": [],
            "responseHashes": [
                "d21d8d343d15324ffb10cc432cc1b6522c052747ff36a794c486c0741ae42039",
                "9d96505e7c85949e659c3c488710857d0b610ecb27d2c0b7aecd5d8e5b639e6b",
                "9f98d8c4e0da611413aa93ca6117a6b605d501f6330b4eab9299d44b5da3d2cb",
                "359590a2e80aae860d0d215f1b98b684ca9f948d1185bc13c68a172d7dd377b7"
            ],
            "type": "XHR",
            "firstPartyCookies": {},
            "firstPartyCookiesSent": {},
            "exampleSites": [
                "amgreatness.com",
                "cineuropa.org",
                "m.photos.timesofindia.com",
                "mommypoppins.com",
                "timesofindia.indiatimes.com",
                "www.boredpanda.com"
            ]
        },
        {
            "rule": "nextmillmedia\\.com\\/openrtb2\\/auction",
            "cookies": 0.00151,
            "fingerprinting": 0,
            "subdomains": [
                "pbs"
            ],
            "apis": {},
            "sites": 20,
            "prevalence": 0.00201,
            "cnames": [],
            "responseHashes": [
                "04af45d818076c5aaa601179209e29c6d2e15607d80572e5185d726e0714b90a",
                "58782c03c14218a8965e12ebda35f3b78b76225b0353cc3120e7d108a98b26db",
                "90084c7718b7108015405325a9667901ab18beeefcc402bdb0f714096d498a97",
                "e3b0c44298fc1c149afbf4c8996fb92427ae41e4649b934ca495991b7852b855",
                "5287d545b04f45545ab0f3a8ec86722c7f4a7f64559ccd065cb7d29d33bcab8a",
                "74a36d1ea7ef16a06d5f6029cb9870f27d235dce7da4eda1e006ce989142b9a7"
            ],
            "type": "XHR",
            "firstPartyCookies": {},
            "firstPartyCookiesSent": {},
            "exampleSites": [
                "amgreatness.com",
                "aviewfrommyseat.com",
                "bamsmackpow.com",
                "cineuropa.org",
                "investorshub.advfn.com",
                "m.photos.timesofindia.com",
                "m.timesofindia.com",
                "mommypoppins.com",
                "outsider.com",
                "timesofindia.indiatimes.com",
                "www.androidpolice.com",
                "www.boredpanda.com",
                "www.dailyfaceoff.com",
                "www.dailydot.com",
                "www.lotterypost.com",
                "www.natlawreview.com",
                "www.on3.com",
                "www.premierguitar.com",
                "www.thegearpage.net",
                "www.theodysseyonline.com"
            ]
        },
        {
            "rule": "nextmillmedia\\.com\\/setuid",
            "cookies": 0.000806,
            "fingerprinting": 0,
            "subdomains": [
                "pbs"
            ],
            "apis": {},
            "sites": 8,
            "prevalence": 0.000806,
            "cnames": [],
            "responseHashes": [
                "c956a8bbf43bb56f60d1beefcc5a70f2cb0725083a00e8a0daf423176509fd18",
                "e3b0c44298fc1c149afbf4c8996fb92427ae41e4649b934ca495991b7852b855"
            ],
            "type": "Image",
            "firstPartyCookies": {},
            "firstPartyCookiesSent": {},
            "exampleSites": [
                "amgreatness.com",
                "aviewfrommyseat.com",
                "cineuropa.org",
                "investorshub.advfn.com",
                "m.photos.timesofindia.com",
                "timesofindia.indiatimes.com",
                "www.boredpanda.com",
                "www.lotterypost.com"
            ]
        },
        {
            "rule": "nextmillmedia\\.com\\/sync",
            "cookies": 0.000604,
            "fingerprinting": 0,
            "subdomains": [
                "cookies"
            ],
            "apis": {},
            "sites": 6,
            "prevalence": 0.000604,
            "cnames": [],
            "responseHashes": [
                "03e0b88c95683c582754e199365033c2f5fd72c9d6e77cb9912b9316b030c304",
                "91e6725c829a5a79693b5960664fba75448c7e19ae2e7a959397a63de5e0a2ee"
            ],
            "type": "Document",
            "firstPartyCookies": {},
            "firstPartyCookiesSent": {},
            "exampleSites": [
                "cineuropa.org",
                "m.photos.timesofindia.com",
                "mommypoppins.com",
                "timesofindia.indiatimes.com",
                "www.androidpolice.com",
                "www.boredpanda.com"
            ]
        },
        {
            "rule": "nextmillmedia\\.com\\/setuid",
            "cookies": 0.000604,
            "fingerprinting": 0,
            "subdomains": [
                "pbs"
            ],
            "apis": {},
            "sites": 6,
            "prevalence": 0.000604,
            "cnames": [],
            "responseHashes": [
                "c956a8bbf43bb56f60d1beefcc5a70f2cb0725083a00e8a0daf423176509fd18"
            ],
            "type": "Document",
            "firstPartyCookies": {},
            "firstPartyCookiesSent": {},
            "exampleSites": [
                "cineuropa.org",
                "investorshub.advfn.com",
                "m.photos.timesofindia.com",
                "timesofindia.indiatimes.com",
                "www.androidpolice.com",
                "www.boredpanda.com"
            ]
        },
        {
            "rule": "nextmillmedia\\.com\\/openrtb2\\/auction",
            "cookies": 0,
            "fingerprinting": 0,
            "subdomains": [
                "pbs"
            ],
            "apis": {},
            "sites": 9,
            "prevalence": 0.000906,
            "cnames": [],
            "responseHashes": [],
            "type": "Preflight",
            "firstPartyCookies": {},
            "firstPartyCookiesSent": {},
            "exampleSites": [
                "timesofindia.com",
                "m.photos.timesofindia.com",
                "m.timesofindia.com",
                "mommypoppins.com",
                "outsider.com",
                "timesofindia.indiatimes.com",
                "www.boredpanda.com",
                "www.natlawreview.com",
                "www.on3.com"
            ]
        },
        {
            "rule": "nextmillmedia\\.com\\/load-cookie\\.html",
            "cookies": 0,
            "fingerprinting": 0,
            "subdomains": [
                "statics"
            ],
            "apis": {},
            "sites": 6,
            "prevalence": 0.000604,
            "cnames": [],
            "responseHashes": [
                "7286a26a575673e80439b8017adcbd0c23f26b38f57eec6e337f2a598b5fd6eb"
            ],
            "type": "Document",
            "firstPartyCookies": {},
            "firstPartyCookiesSent": {},
            "exampleSites": [
                "timesofindia.com",
                "m.photos.timesofindia.com",
                "m.timesofindia.com",
                "mommypoppins.com",
                "timesofindia.indiatimes.com",
                "www.boredpanda.com"
            ]
        },
        {
            "rule": "nextmillmedia\\.com\\/power-player\\/latest\\/power-player\\.css",
            "cookies": 0,
            "fingerprinting": 0,
            "subdomains": [
                "cdn"
            ],
            "apis": {},
            "sites": 2,
            "prevalence": 0.000201,
            "cnames": [],