{
    "domain": "nexx360.io",
    "owner": {},
    "source": [
        "DuckDuckGo-US"
    ],
    "prevalence": 0.000244,
    "sites": 36,
    "subdomains": [
        "fast",
        "cdn",
        "pbs"
    ],
    "cnames": [],
    "fingerprinting": 1,
    "resources": [
        {
            "rule": "nexx360\\.io\\/booster",
            "cookies": 0.0000813,
            "fingerprinting": 0,
            "subdomains": [
                "fast"
            ],
            "apis": {},
            "sites": 12,
            "prevalence": 0.0000813,
            "cnames": [],
            "responseHashes": [
                "07a266128377455c1ddf0d7c2c0061625e8cf8b358ad33b15771d82bdb6921d3",
                "f3e5ad8a6e7322c00602c39e431ab6a992dbf1d10670eea727aea45d258fc274",
                "208cb36233331f53bf8170ceb60c1d61814781914d65af4afa338a7c5138d707",
                "04e24e343a9cbfda378c686ca2a72d88e2079beb31e417485ccad2dbbba7419e",
                "0d44b861af9204055d04d2a8cbaddb7bf49581a767af04616cfb7b3b033c1717",
                "c1f7da12623b6506bb615e426754f7d3c8d00434fe047ad27cd5b0d4c24d49a6",
                "73bdc955a010f24348b677a9c7705c672ab4e76ce51be4ae3f29290136553f98",
                "e10282e26f6872852cc0c7a6f5f794356bdb60c86560fbe6d9b44043a3d8c593",
                "f3d7eb61efaec9147dcfe8b226773667e14fa50884914bc1aaac9b8a0bc7ae6a",
                "c7a7421f41c897c4b55d2ecda60fdbf7b2f3e10e4141c6073a76d39cce9f9035",
                "43993a09c8fac9ba4d2254e68fa6c5c8d22592596277e5fb846d54bc120eda17"
            ],
            "type": "XHR",
            "firstPartyCookies": {},
            "firstPartyCookiesSent": {},
            "exampleSites": [
                "calcuworld.com",
                "es.calcuworld.com",
                "forums.macg.co",
                "forvo.com",
                "randomwordgenerator.com",
                "www.defensacentral.com",
                "www.lephoceen.fr",
                "www.lifeder.com",
                "www.nouveautes-tele.com",
                "www.planet.fr",
                "www.rustica.fr",
                "www.systemed.fr"
            ]
        },
        {
            "rule": "nexx360\\.io\\/setuid",
            "cookies": 0.0000813,
            "fingerprinting": 0,
            "subdomains": [
                "fast"
            ],
            "apis": {},
            "sites": 12,
            "prevalence": 0.0000813,
            "cnames": [],
            "responseHashes": [
                "e3b0c44298fc1c149afbf4c8996fb92427ae41e4649b934ca495991b7852b855",
                "00db37bab8aa057d329b0a9c46d9dfd5b60927e27dc40cf6d9ba8e375883a601"
            ],
            "type": "Image",
            "firstPartyCookies": {},
            "firstPartyCookiesSent": {},
            "exampleSites": [
                "calcuworld.com",
                "es.calcuworld.com",
                "forums.macg.co",
                "randomwordgenerator.com",
                "video-game-guide-walkthrough.supersoluce.com",
                "www.cinoche.com",
                "www.defensacentral.com",
                "www.lephoceen.fr",
                "www.lifeder.com",
                "www.nouveautes-tele.com",
                "www.planet.fr",
                "www.royallepage.ca"
            ]
        },
        {
            "rule": "nexx360\\.io\\/beop-loader\\.js",
            "cookies": 0,
            "fingerprinting": 2,
            "subdomains": [
                "cdn"
            ],
            "apis": {
                "window.sessionStorage": 6,
                "Date.prototype.getTime": 6,
                "Navigator.prototype.doNotTrack": 4,
                "Screen.prototype.height": 4,
                "Screen.prototype.width": 4,
                "Navigator.prototype.userAgent": 5,
                "Navigator.prototype.language": 4,
                "Navigator.prototype.connection": 4,
                "Navigator.prototype.cookieEnabled": 5,
                "Document.cookie getter": 4
            },
            "sites": 7,
            "prevalence": 0.0000474,
            "cnames": [],
            "responseHashes": [
                "836f212d6d990addec94def9e6cd03a70750fe924767b9f10379d0c3a03a9e1c"
            ],
            "type": "Script",
            "firstPartyCookies": {},
            "firstPartyCookiesSent": {},
            "exampleSites": [
                "macg.co",
                "www.gqmagazine.fr",
                "www.lephoceen.fr",
                "www.nouveautes-tele.com",
                "www.rustica.fr",
                "www.systemed.fr",
                "www.vanityfair.fr"
            ]
        },
        {
            "rule": "nexx360\\.io\\/setuid",
            "cookies": 0.0000203,
            "fingerprinting": 0,
            "subdomains": [
                "fast"
            ],
            "apis": {},
            "sites": 3,
            "prevalence": 0.0000203,
            "cnames": [],
            "responseHashes": [],
            "type": "Document",
            "firstPartyCookies": {},
            "firstPartyCookiesSent": {},
            "exampleSites": [
                "forvo.com",
                "randomwordgenerator.com",
                "www.rustica.fr"
            ]
        },
        {
            "rule": "nexx360\\.io\\/glxm\\.js",
            "cookies": 0,
            "fingerprinting": 1,
            "subdomains": [
                "cdn"
            ],
            "apis": {
                "Navigator.prototype.userAgent": 4,
                "window.innerWidth": 2
            },
            "sites": 5,
            "prevalence": 0.0000339,
            "cnames": [],
            "responseHashes": [
                "747b7df945c88af10f898ab9c61b75d89ff1b87d14389a7732999b7b8a64ab14",
                "bf373a1d7e0b90eb46550205393c3f4d9f7b7fb92158e19687d5bcccaabcf408"
            ],
            "type": "Script",
            "firstPartyCookies": {},
            "firstPartyCookiesSent": {},
            "exampleSites": [
                "hitek.fr",
                "www.generation-nt.com",
                "www.papergeek.fr",
                "www.tomsguide.fr",
                "www.tomshardware.fr"
            ]
        },
        {
            "rule": "nexx360\\.io\\/loader\\.js",
            "cookies": 0,
            "fingerprinting": 1,
            "subdomains": [
                "cdn"
            ],
            "apis": {
                "Screen.prototype.width": 5,
                "window.innerHeight": 5
            },
            "sites": 6,
            "prevalence": 0.0000406,
            "cnames": [],
            "responseHashes": [
                "55d748ace7f729c56c1a59a13bd09fafa95c7b88d92163fa481067ff87558dd4"
            ],
            "type": "Script",
            "firstPartyCookies": {},
            "firstPartyCookiesSent": {},
            "exampleSites": [
                "hitek.fr",
                "pros.lacentrale.fr",
                "www.generation-nt.com",
                "www.papergeek.fr",
                "www.tomsguide.fr",
                "www.tomshardware.fr"
            ]
        },
        {
            "rule": "nexx360\\.io\\/cookie_sync",
            "cookies": 0.0000135,
            "fingerprinting": 0,
            "subdomains": [
                "pbs"
            ],
            "apis": {},
            "sites": 2,
            "prevalence": 0.0000135,
            "cnames": [],
            "responseHashes": [
                "67559ed06d97a0284821c391bcc21a7f42081e901bb00787987aca3fbfb23480"
            ],
            "type": "XHR",
            "firstPartyCookies": {},
            "firstPartyCookiesSent": {},
            "exampleSites": [
                "supersoluce.com",
                "video-game-guide-walkthrough.supersoluce.com"
            ]
        },
        {
            "rule": "nexx360\\.io\\/openrtb2\\/auction",
            "cookies": 0.0000135,
            "fingerprinting": 0,
            "subdomains": [
                "pbs"
            ],