{
    "domain": "nmgplatform.com",
    "owner": {},
    "source": [
        "DuckDuckGo-US"
    ],
    "prevalence": 0.00034,
    "sites": 41,
    "subdomains": [
        "jdl",
        "evnt",
        "di",
        "etag.p0"
    ],
    "cnames": [],
    "fingerprinting": 0,
    "resources": [
        {
            "rule": "nmgplatform\\.com\\/data",
            "cookies": 0,
            "fingerprinting": 0,
            "subdomains": [
                "jdl"
            ],
            "apis": {},
            "sites": 25,
            "prevalence": 0.000207,
            "cnames": [],
            "responseHashes": [
                "8a497833fee3ebf94988d412ff7dabf89ac2b2b269b25764fa469d5d91e51863",
                "13b185f845b6b2bd97a925ab98644c13f40e4de701a24325d8bfdf634a77ed33",
                "c0318bf6f2b3f924c8ba6492126ca6b286622bf57722376c015214ba3fc0301a",
                "52b19564fb8445b64ab7f9ae4ee6fc2926913e777ba6465d8e9940853aebc3a4",
                "54909ea86b5cf20500f67b9e70679d40b8a9170ac11795d7fdf64be05576797a",
                "686cd8bc8d139ffb49d34a04ef93719130edb92d5c4cad10879b7f05f14dce96",
                "cfeeeadd489296b1f466017df943a4b20697765390ecab9b2617b5c79d5472b3",
                "c0ef0cb0b7ded15c85a6cf1c33b8dcb5badff1d5cf250b2a751ef89bcbc2cd25",
                "a5529ec12807964820eacb66cb4e1075ea75e4599939cb578e741dbb92aaf99f",
                "890aac5f9d8e00f2bd442d9ba0964ba4648f992e956a37bbf094bab2fb3f93e5",
                "63f09f9b80366cadd10185d4179f2ffea6b9420ea3e462716e794ce0152cee86",
                "2027d69326e071f3a7a3e7a76bf782ac731c540d2f5eb8712e8f2c1bcf0ade18",
                "8a5f258da36503aec55dc92fa38be44002f5adbbb51c5765085f858dd6bf756a",
                "4550c1842c6e8b97db6ca8c0c533e96f73e852efea97e90ecad1bcffa233abbd",
                "a55ae3e93e6afeb8c2ab474e17302faf01404b7c39b9de2e74e5b26c97b345dc",
                "cba130c41fe5bdf4ae602d0b435e8a6a1995746cee90ab4b2184fa2a315fd40b",
                "999b8162e27c41d5cbcf63f930b423e4450df37b583851386bb25a42d93bea35",
                "4eac0dae41a4160b7da406751cc9260d5a5227755976b19208c48972ef3a6104",
                "aa43770370b9ea02a2c7656031d534cf5e840c7b9f7dcb32c6a05d1b79c44726",
                "29bacaa882e16f5305084617d798dac1e0ab299a359c016341fb224b289b7f26",
                "904927da947c64dae1f581a8eeb97d79397d10b1822344c97d1a330103963f83",
                "e196159da9fa34d49cc2469c20b96a30847b0ed0fbb180f2716015d39f318611"
            ],
            "type": "Fetch",
            "firstPartyCookies": {},
            "firstPartyCookiesSent": {},
            "exampleSites": [
                "www.lowes.com",
                "www.eddiebaueroutlet.com",
                "www.newlook.com",
                "www.cos.com",
                "neimanmarcus.com",
                "www2.hm.com",
                "www.dillards.com",
                "www.victoriassecret.com",
                "www.arket.com",
                "www.weekday.com",
                "www.1800contacts.com",
                "www.schuh.co.uk",
                "www.hm.com",
                "www.myfonts.com",
                "www.jdwilliams.co.uk",
                "www.countrydoor.com",
                "www.fossil.com",
                "www.monki.com",
                "www.dollarshaveclub.com",
                "www.stories.com"
            ]
        },
        {
            "rule": "nmgplatform\\.com\\/data",
            "cookies": 0,
            "fingerprinting": 0,
            "subdomains": [
                "jdl"
            ],
            "apis": {},
            "sites": 25,
            "prevalence": 0.000207,
            "cnames": [],
            "responseHashes": [],
            "type": "Preflight",
            "firstPartyCookies": {},
            "firstPartyCookiesSent": {},
            "exampleSites": [
                "www.lowes.com",
                "www.countrydoor.com",
                "www.victoriassecret.com",
                "www2.hm.com",
                "www.neimanmarcus.com",
                "www.jdwilliams.co.uk",
                "www.cos.com",
                "www.hm.com",
                "www.dollarshaveclub.com",
                "www.weekday.com",
                "www.dillards.com",
                "www.talbots.com",
                "neimanmarcus.com",
                "www.schuh.co.uk",
                "www.lampsplus.com",
                "www.eddiebaueroutlet.com",
                "cz-usa.com",
                "www.journeys.com",
                "www.newlook.com",
                "www.1800contacts.com"
            ]
        },
        {
            "rule": "nmgplatform\\.com\\/ibp\\/eventsgw\\/api\\/event\\/send",
            "cookies": 0,
            "fingerprinting": 0,
            "subdomains": [
                "evnt"
            ],
            "apis": {},
            "sites": 3,
            "prevalence": 0.0000249,
            "cnames": [],
            "responseHashes": [
                "1866961a029c65376fefb7f2ba1e6187e09ff50ea58d97dedfd72c197947d002"
            ],
            "type": "Fetch",
            "firstPartyCookies": {},
            "firstPartyCookiesSent": {},
            "exampleSites": [
                "1800contacts.com",
                "www.1800contacts.com",
                "www.myfonts.com"
            ]
        },
        {
            "rule": "nmgplatform\\.com\\/di\\/",
            "cookies": 0,
            "fingerprinting": 0,
            "subdomains": [
                "di"
            ],
            "apis": {},
            "sites": 3,
            "prevalence": 0.0000249,
            "cnames": [],
            "responseHashes": [
                "1866961a029c65376fefb7f2ba1e6187e09ff50ea58d97dedfd72c197947d002"
            ],
            "type": "Image",
            "firstPartyCookies": {},
            "firstPartyCookiesSent": {},
            "exampleSites": [
                "janieandjack.com",
                "www.janieandjack.com",
                "www.schuh.co.uk"
            ]
        },
        {
            "rule": "nmgplatform\\.com\\/di\\/",
            "cookies": 0,
            "fingerprinting": 0,
            "subdomains": [
                "di"
            ],
            "apis": {},
            "sites": 2,
            "prevalence": 0.0000166,
            "cnames": [],
            "responseHashes": [
                "e3b0c44298fc1c149afbf4c8996fb92427ae41e4649b934ca495991b7852b855"
            ],
            "type": "XHR",
            "firstPartyCookies": {},
            "firstPartyCookiesSent": {},
            "exampleSites": [
                "janieandjack.com",
                "www.schuh.co.uk"
            ]
        },
        {
            "rule": "nmgplatform\\.com\\/jdldata\\/",
            "cookies": 0,
            "fingerprinting": 0,
            "subdomains": [
                "evnt"
            ],
            "apis": {},
            "sites": 2,
            "prevalence": 0.0000166,
            "cnames": [],
            "responseHashes": [
                "1866961a029c65376fefb7f2ba1e6187e09ff50ea58d97dedfd72c197947d002"
            ],
            "type": "Fetch",
            "firstPartyCookies": {},
            "firstPartyCookiesSent": {},
            "exampleSites": [
                "myfonts.com",
                "www.myfonts.com"
            ]
        },
        {
            "rule": "nmgplatform\\.com\\/get-session-data",
            "cookies": 0,
            "fingerprinting": 0,
            "subdomains": [
                "etag.p0"
            ],
            "apis": {},
            "sites": 2,
            "prevalence": 0.0000166,
            "cnames": [],
            "responseHashes": [],
            "type": "Fetch",
            "firstPartyCookies": {},
            "firstPartyCookiesSent": {},
            "exampleSites": [
                "schuh.co.uk",
                "www.schuh.co.uk"
            ]
        },
        {
            "rule": "nmgplatform\\.com\\/get-session-data",
            "cookies": 0,