{
    "domain": "noembed.com",
    "owner": {},
    "source": [
        "DuckDuckGo-US"
    ],
    "prevalence": 0.000312,
    "sites": 46,
    "subdomains": [],
    "cnames": [],
    "fingerprinting": 0,
    "resources": [
        {
            "rule": "noembed\\.com\\/embed",
            "cookies": 0,
            "fingerprinting": 0,
            "subdomains": [],
            "apis": {},
            "sites": 11,
            "prevalence": 0.0000745,
            "cnames": [],
            "responseHashes": [
                "5a8b486da09e0e66d374dd5fb63c345a696977c4b1ed0f2ec9d1274abfcd607b",
                "d640dd5b148e44daa4cc45c45055357243f04590ca2cee76fa25be3d46b63754",
                "8563d040041bd201399beaedf4dcac0fc79a03ca09b6da43edadd2e9d3d0e172",
                "c9b86151c221af50ed4f7e211e57db0c694fccfb2e66b49aa8bf01448c279aff",
                "fc599f600be42ee604f3f865bdda1d4d432b5cc4bb0635be20dcb4612784d6c0",
                "8bfe5f735a42b3bd0bc4155526f1110dd8b7f1f9a1b8b05ccdd5a97babfde582",
                "8da63e68f32d0497a212b3c48c6f6bac013a9d6b7ea641fc0aed9a1711dfd314",
                "74c1d1a4b37250b089cfb9599ad04a76b5e878088a18eb121b164b89897174dc",
                "130ac68d65f20d05bf2e046a459a64529f23fb1694f37267f6480298cf4ea052",
                "243bb0b8aeeeaf2264f66eb069b2222ca1aabbbfb5c36da2536c889ecf26aafc"
            ],
            "type": "Fetch",
            "firstPartyCookies": {},
            "firstPartyCookiesSent": {},
            "exampleSites": [
                "animoto.com",
                "blog.unity.com",
                "koinly.io",
                "trinidadexpress.com",
                "www.benefits.gov",
                "www.camdenliving.com",
                "www.massgeneralbrigham.org",
                "www.matcotools.com",
                "www.monster.co.uk",
                "www.monster.de",
                "www.utk.edu"
            ]
        },
        {
            "rule": "noembed\\.com\\/embed",
            "cookies": 0,
            "fingerprinting": 0,
            "subdomains": [],
            "apis": {},
            "sites": 28,
            "prevalence": 0.00019,
            "cnames": [],
            "responseHashes": [
                "29b78d881a52e02e91cb32b3ab6ef55d7fd528c7bb70f4d9202a83c494239565",
                "bec062ae465a987316b1341030983fb854ae8d8a76e97030a234fa411ff75fac",
                "edbf4d78afe519c7071d6196ace82d4d4b49a38d57a3641b3a2313b712adbd82",
                "ac397b9aeb3ed714bb35fea295968a1857ddbfae1478a1a3e49fcb52636e29b2",
                "75f6da40d6b2e8b0918dbe81c13789c59762a865f652f9bb1f893b371464ece7",
                "0eb1496fb89ea1c8d479828764dd8b5b5276251b82eb9072d495c6bdaac835c8",
                "e56ba583597ad5e7ecf68af58d527b4c5e733e0fe1f96cab33613e1c7bc6aae1",
                "0d846235260a017f8294c028886d5fccad2d410a4004f24e02839aa4e983fab5",
                "6e6d4a089d6211977ddd988ea954ff2ca5ab1467187512809cb5e1e9081b1b66",
                "287f94755da5f661b51234848386aba7d081d86d8c6b3d8cee66127b7b334a6f",
                "80186295c5d9f0abe02c76517dec90d957c06d7e4470c8b24e1d4d5c2ed30122",
                "3009274905c977ac5ed6a02525920a63acaf04f807bc06c73e4f4c9ba8112e81",
                "376fe768a3a557ab6df0cb8ea892a551b7ce763d0eac9032e5b870fde49a3468",
                "757924f0046960c7d542f800c733186b8227b1696f97275129011392e1f3a9f9",
                "3934631d5df1a6caca7646b94d5e4471b13d78ceabfa355d269829740834493b",
                "380999223e48f0022c4d9e4ffdff7ff9f88f1a29ed035a5c8795cdb8f532a719",
                "3ba44312c02cff819d2a8e6627f457bbe0055bd9c13305de5693fb91ed13415f",
                "5a05a9c198dacdccade24d64367557c83850646c3bf41f865f6165b8c3d8adec",
                "9e1b136fbef8888fcdbecefe7a080bd54b5304bfe90309a7516b46fb6a3dffe5",
                "aa5a3b606633b317b8f651086aff2320eb426c5c5989687403b7f1b133b0201f",
                "ac8dcd83e30a451259a30594425b741f273a32d33644fbd6cfd7e8dc6501bc0d",
                "c6669c2777b938e013a71be9c55e1f27833c578dde0e8a419aa5550ed5c5a691",
                "44e18449f2c90807e994b383a504ece0bd02e7e36d8261d5a4a11920de0711b9",
                "2584ca3bd9da8f4e8cbeef72dc035c710a4264cab4d03baedb794ab5ddb7dd38",
                "10bdc653774c9eaf5d3f48d5f114741d8c5007e4099a3377591dbbb8459f859b",
                "17a2d4e04296777ae2bed1b922ab6efc1102b18ca2a14d9c1b0d3795daf1a21f",
                "ab80f57233d5c45b96a668afe2ea23d8f2923b71b47bc637282bdeeaef8d452c"
            ],
            "type": "XHR",
            "firstPartyCookies": {},
            "firstPartyCookiesSent": {},
            "exampleSites": [
                "www.smartgardener.com",
                "www.samaritans.org",
                "store-jp.nintendo.com",
                "www.alange-soehne.com",
                "www.visitflorida.com",
                "www.vacheron-constantin.com",
                "www.thermondo.de",
                "karyakarsa.com",
                "www.wintersport.nl",
                "www.honeyflow.com",
                "stansberryresearch.com",
                "www.lekkervanbijons.be",
                "gamousa.com",
                "ibjjf.com",
                "www.cupraofficial.com",
                "www.montanaknifecompany.com",
                "www.foroparalelo.com",
                "www.newsbomb.gr",
                "www.berkeyfilters.com",
                "www.unr.edu"
            ]
        },
        {
            "rule": "noembed\\.com\\/embed",
            "cookies": 0,
            "fingerprinting": 0,
            "subdomains": [],
            "apis": {},
            "sites": 6,
            "prevalence": 0.0000406,
            "cnames": [],
            "responseHashes": [
                "9151eaa31a50fe4f7e84cc49d1e94a1886cf1bf4970113ea98db87da767f4998",
                "aff105ff262e443decd4f5e136d163c1a40dccef2673fdfbdea222ce542a350a",
                "d385ba8fb0489ff5283e19d1945ab01c6702e4487658ad392f49137da293566e",
                "21f6da4b23a0378864db553d1a3c6bc6163a03230fe2db64f29738b622dae92e",
                "8f313eed711d037ca8c999ddc96bb969fda9609d2b507da6ab080a0ef2a449ac"
            ],
            "type": "Script",
            "firstPartyCookies": {},
            "firstPartyCookiesSent": {},
            "exampleSites": [
                "cfisd.net",
                "www.cfisd.net",
                "www.dentonisd.org",
                "www.forsyth.k12.ga.us",
                "www.gcpsk12.org",
                "www.lisd.net"
            ]
        }
    ],
    "categories": [],
    "performance": {},
    "cookies": 0,
    "topInitiators": [
        {
            "domain": "first party",
            "prevalence": 0.6984126984126984
        },
        {
            "domain": "ravenjs.com",
            "prevalence": 0.06349206349206349
        },
        {
            "domain": "shopify.com",
            "prevalence": 0.047619047619047616
        },
        {
            "domain": "plyr.io",
            "prevalence": 0.047619047619047616
        },
        {
            "domain": "rollbar.com",
            "prevalence": 0.031746031746031744
        },
        {
            "domain": "flipsnack.com",
            "prevalence": 0.031746031746031744
        },
        {
            "domain": "ajax.googleapis.com",
            "prevalence": 0.031746031746031744
        },
        {
            "domain": "shopifyorderlimits.s3.amazonaws.com",
            "prevalence": 0.015873015873015872
        },
        {
            "domain": "bbend.net",
            "prevalence": 0.015873015873015872
        },
        {
            "domain": "unpkg.com",
            "prevalence": 0.015873015873015872
        }
    ],
    "types": {
        "Fetch": 11,
        "XHR": 28,
        "Script": 6
    },
    "nameservers": [
        "ns-193-b.gandi.net",
        "ns-154-a.gandi.net",
        "ns-64-c.gandi.net"
    ]
}