{
    "domain": "noibu.com",
    "owner": {},
    "source": [
        "DuckDuckGo-US"
    ],
    "prevalence": 0.00463,
    "sites": 46,
    "subdomains": [
        "cdn",
        "input"
    ],
    "cnames": [],
    "fingerprinting": 2,
    "resources": [
        {
            "rule": "noibu\\.com\\/collect\\.js",
            "cookies": 0,
            "fingerprinting": 2,
            "subdomains": [
                "cdn"
            ],
            "apis": {
                "Navigator.prototype.doNotTrack": 39,
                "Navigator.prototype.userAgent": 39,
                "window.localStorage": 39,
                "window.sessionStorage": 39,
                "Navigator.prototype.language": 46,
                "Date.prototype.getTime": 46,
                "window.innerWidth": 43,
                "window.innerHeight": 43,
                "Event.prototype.timeStamp": 12,
                "window.devicePixelRatio": 1
            },
            "sites": 46,
            "prevalence": 0.00463,
            "cnames": [],
            "responseHashes": [
                "269fa569214145e72c95b2acc1cdb816a2ec662257c6923557b2c145b58568b6",
                "1f73077d21ec5d2a1eae09435415b72a2af913f9bf115a316b9d0cb22bb37cf4",
                "27b05709db49b6eb00ba51c7f9a159b0f1bdae2b0f495c34d88e0be29828b9ca",
                "7b312af4a2091983c49602d3b797a75e40e811beef3e7a80c4c825c7f1419e6c",
                "3f232589fbee4f2df64d0cda13efb925ec34c4d7d476026c7d3d974bbdcacd47",
                "7f2af98e02e1eb6f2499cd491b8ca5a6aab3bebf026e9065008d4ffa9c4457db",
                "aa42c610cf1f8242d0211b5ab9a05c368dc1d605e9e8d6f559b127c1b4306899",
                "2de7627e723ebe1343e63eb27177afb44e69b98f16a8b3278468d5ab6eabb467",
                "8e19de019ea469c29501f6c24ab1b174969f40f859fcc51c3562d0da7e868a85",
                "853c81ad81d2574fed8d34e186455c36f5a40c7a8ca4fa8a724c0b168d9a072b",
                "11c6ff11ddfc7fa80845c15ea5dfd3117cca9d3ce85d26bb590adedb4d533d74",
                "4a224aec29b82d674a4a4eba2332811e5afd4180eca765f3ce6d03c5bf24a473",
                "04660a6a5d2bcc59e24edd989bd3c2880be58f8f202bd61ff6cfb5689471d3af",
                "128a8821447727514f43cd3565070d79b778f356516e6a4d6d2df41373e706bd",
                "ee5cd9e633de411f17319730bc7a83e91666df170a67ba104ba023e85fc17807",
                "baa7c7f52dd633d77367b9b1870af8a4dbb40754fe2d255ee937ba2dbad7a89f",
                "6c2ab5f9a7e23ca8aab8fc08bdd8f3d2b29841280cc949fa52c995a7cec0d39b",
                "254919c932e44f98ecc69e273ac533a915da62c61bec41ea0d618c6317aad558",
                "9aa6c8e9df666b727feb32c5164c4abf1716aa6ae5c2f86977618c9cdf306b77",
                "a94b7c1edf75a468f3bf8488d8e744ee9b4a7d5f8cb636d91f31dae343aa3fd2",
                "1a124059f8c768589a0ce1708d2d36b2b65467e63bdeae01ee51752dccca8636",
                "e75f7eb2a3887270df9a94c5cfad465366f976e3506f368c9769c8a55315d9bc",
                "a12b9df778ba067cc737324b480732faf41b2d9e77d3b83a7793f28b262f3808",
                "40e384c53a94d0df6751ce015a049d27ee8179e83e8ca70208ac48a588435811",
                "4d3d69e247a5f3dc2eb4c3933404b54fd41bcc1de376305f5e95d068ba92e8aa",
                "a5258b03de6ecc22b127ce3b05d383931ae70e647d2ff31251faa10d0c915cfb",
                "0b3ea0857eb30d0f9281e6b6043a55cc13e81cff12c21f94310402aeeab9db34",
                "754b194ae12912c9cc454085c9a74f3ec7283c499478cb4c89dd08ecab93bb79",
                "edfb2aa4630d72e2af25075151e3d1e694ebef4f0b2f5fab3153df0b71ff68c9",
                "bccbd7055f449b064aa8fed4fad62b1331e4a1eeb8d5a6b9c2b83f0c0c982b75",
                "d82943ffa4913a938adf938dd1d30b99b072aa7078c0283c4e3d51e4d0626d88",
                "75117b847e6db526a4d63ac024a633cd6f8093195af52516c20089c534cd8e84",
                "411648663b8b5c5ab9757ad10789272c366361dd1aead20ec1483e69727cbcb9",
                "425e30599c7f3a0b79e25935b94202afc6d3c1f536b342fdfeeb89d27ccd25b0",
                "3a349d2b3d78c5f25c92edd01626ccb2d56cab56c9a9191872830f6f2c5e0957",
                "c604d28a4f2a894ed106eef163a5488a083828e9558a7071d09e9e9517994e20",
                "05d1a6b9475f700ce65f0ceda692994317c59e5a56c8e482e01b9e2228f20845",
                "6b0e6e344d0384cd0f6f71ef59208e871722ff9cf77652a5dc3ef07d03421d76"
            ],
            "type": "Script",
            "firstPartyCookies": {},
            "firstPartyCookiesSent": {},
            "exampleSites": [
                "www.newegg.com",
                "www.bbqguys.com",
                "www.flooranddecor.com",
                "www.amainhobbies.com",
                "www.greatlakesskipper.com",
                "www.towerhobbies.com",
                "thetourguy.com",
                "www.vitalitymedical.com",
                "www.evo.com",
                "www.way.com",
                "www.appliancesconnection.com",
                "www.partstree.com",
                "www.famous-smoke.com",
                "www.naturehills.com",
                "www.cpap.com",
                "www.chilis.com",
                "www.weber.com",
                "www.bobevans.com",
                "www.campingworld.com",
                "www.jtv.com"
            ]
        },
        {
            "rule": "noibu\\.com\\/pv_part",
            "cookies": 0,
            "fingerprinting": 0,
            "subdomains": [
                "input"
            ],
            "apis": {},
            "sites": 46,
            "prevalence": 0.00463,
            "cnames": [],
            "responseHashes": [],
            "type": "WebSocket",
            "firstPartyCookies": {},
            "firstPartyCookiesSent": {},
            "exampleSites": [
                "www.newegg.com",
                "www.flooranddecor.com",
                "www.appliancesconnection.com",
                "www.vitalitymedical.com",
                "www.acmetools.com",
                "www.chilis.com",
                "thetourguy.com",
                "www.horizonhobby.com",
                "www.cpap.com",
                "www.smkw.com",
                "hvacdirect.com",
                "www.sprouts.com",
                "www.cuisinart.com",
                "www.campingworld.com",
                "instantpot.com",
                "www.bbqguys.com",
                "www.flyfrontier.com",
                "www.seymourduncan.com",
                "www.tileshop.com",
                "www.bobevans.com"
            ]
        },
        {
            "rule": "noibu\\.com\\/metrics",
            "cookies": 0,
            "fingerprinting": 0,
            "subdomains": [
                "input"
            ],
            "apis": {},
            "sites": 2,
            "prevalence": 0.000201,
            "cnames": [],
            "responseHashes": [],
            "type": "Fetch",
            "firstPartyCookies": {},
            "firstPartyCookiesSent": {},
            "exampleSites": [
                "amainhobbies.com",
                "www.performancebike.com"
            ]
        },
        {
            "rule": "noibu\\.com\\/metrics",
            "cookies": 0,
            "fingerprinting": 0,
            "subdomains": [
                "input"
            ],
            "apis": {},
            "sites": 2,
            "prevalence": 0.000201,
            "cnames": [],
            "responseHashes": [],
            "type": "Preflight",
            "firstPartyCookies": {},
            "firstPartyCookiesSent": {},
            "exampleSites": [
                "amainhobbies.com",
                "www.performancebike.com"
            ]
        }
    ],
    "categories": [],
    "performance": {},
    "cookies": 0,
    "topInitiators": [
        {
            "domain": "first party",
            "prevalence": 0.4727272727272727
        },
        {
            "domain": "googletagmanager.com",
            "prevalence": 0.41818181818181815
        },
        {
            "domain": "tiqcdn.com",
            "prevalence": 0.05454545454545454
        },
        {
            "domain": "yottaa.com",