{
    "domain": "noterium.com",
    "owner": {},
    "source": [
        "DuckDuckGo-US"
    ],
    "prevalence": 0.0000415,
    "sites": 5,
    "subdomains": [
        "gdpr"
    ],
    "cnames": [],
    "fingerprinting": 1,
    "resources": [
        {
            "rule": "noterium\\.com\\/gdpr\\/v1\\.min\\.js",
            "cookies": 0.0000249,
            "fingerprinting": 1,
            "subdomains": [
                "gdpr"
            ],
            "apis": {
                "window.sessionStorage": 3,
                "Document.cookie getter": 3,
                "Date.prototype.getTime": 3,
                "Document.cookie setter": 3
            },
            "sites": 3,
            "prevalence": 0.0000249,
            "cnames": [],
            "responseHashes": [
                "016d10d1174312d09e5dac8368257bbff2896d6d54b3c0bfab9329e121a5239a"
            ],
            "type": "Script",
            "firstPartyCookies": {
                "cookiePrivacyOneN": {
                    "ttl": 2592001,
                    "length": 1,
                    "prevalence": 0.0000248752093663455,
                    "uniqueness": 0.3333333333333333
                },
                "cookiePrivacyTwoN": {
                    "ttl": 2592001,
                    "length": 2,
                    "prevalence": 0.0000248752093663455,
                    "uniqueness": 0.3333333333333333
                },
                "cookiePrivacyThreeN": {
                    "ttl": 2592001,
                    "length": 2,
                    "prevalence": 0.0000248752093663455,
                    "uniqueness": 0.3333333333333333
                },
                "cookiePrivacyFourN": {
                    "ttl": 2592001,
                    "length": 2,
                    "prevalence": 0.0000248752093663455,
                    "uniqueness": 0.3333333333333333
                },
                "cookiePrivacyFiveN": {
                    "ttl": 2592001,
                    "length": 2,
                    "prevalence": 0.0000248752093663455,
                    "uniqueness": 0.3333333333333333
                },
                "cookiePrivacySixN": {
                    "ttl": 2592001,
                    "length": 2,
                    "prevalence": 0.0000248752093663455,
                    "uniqueness": 0.3333333333333333
                }
            },
            "firstPartyCookiesSent": {},
            "exampleSites": [
                "deavita.com",
                "deavita.fr",
                "deavita.net"
            ]
        },
        {
            "rule": "noterium\\.com\\/gdpr\\/api\\/v4\\/gdpr_api\\.php",
            "cookies": 0,
            "fingerprinting": 0,
            "subdomains": [
                "gdpr"
            ],
            "apis": {},
            "sites": 3,
            "prevalence": 0.0000249,
            "cnames": [],
            "responseHashes": [
                "7f7aea83047158637d60729bdd1cab975c760ff479c40f6ac6e633d82ce29a45",
                "7602994c05960d387c6f9eac3f734ab6d946a394e5039d894532b93b53815892"
            ],
            "type": "XHR",
            "firstPartyCookies": {},
            "firstPartyCookiesSent": {},
            "exampleSites": [
                "deavita.fr",
                "deavita.net",
                "deavita.com"
            ]
        },
        {
            "rule": "noterium\\.com\\/gdpr\\/v4\\/gdpr-popup-style\\.css",
            "cookies": 0,
            "fingerprinting": 0,
            "subdomains": [
                "gdpr"
            ],
            "apis": {},
            "sites": 3,
            "prevalence": 0.0000249,
            "cnames": [],
            "responseHashes": [
                "0b03c841f4edd9a69282fd39af1a488dce09c51d708319da882346166816509b"
            ],
            "type": "Stylesheet",
            "firstPartyCookies": {},
            "firstPartyCookiesSent": {},
            "exampleSites": [
                "deavita.fr",
                "deavita.net",
                "deavita.com"
            ]
        }
    ],
    "categories": [],
    "performance": {},
    "cookies": 0.0000415,
    "topInitiators": [
        {
            "domain": "first party",
            "prevalence": 1
        }
    ],
    "types": {
        "Script": 3,
        "XHR": 3,
        "Stylesheet": 3
    },
    "nameservers": [
        "guss.ns.cloudflare.com",
        "robin.ns.cloudflare.com"
    ]
}