{
    "domain": "nowinteract.com",
    "owner": {
        "name": "Now Interact Nordic AB",
        "displayName": "Now Interact Nordic"
    },
    "source": [
        "DuckDuckGo-US"
    ],
    "prevalence": 0.000102,
    "sites": 15,
    "subdomains": [
        "imp",
        "us1",
        "imp3",
        "cdn"
    ],
    "cnames": [],
    "fingerprinting": 2,
    "resources": [
        {
            "rule": "nowinteract\\.com\\/logserver\\/ResponseService\\.ashx",
            "cookies": 0,
            "fingerprinting": 0,
            "subdomains": [
                "imp",
                "us1",
                "imp3"
            ],
            "apis": {},
            "sites": 8,
            "prevalence": 0.0000543,
            "cnames": [],
            "responseHashes": [
                "2c99e586705b734196e882557c6c1814e91075f2be13a553e0690b6d58b00c29",
                "74234e98afe7498fb5daf1f36ac2d78acc339464f950703b8c019892f982b90b",
                "f3a5b91fc1fd824933eb65c1ba64a918e76fef1d00f4ee5e6b282107582f1e69",
                "9e312daa2fac105792c57d113fe748ce64da6a9ed337ebe34ce79154c010fb2f",
                "d352dd27fe597f1ac09bb50b97c6d468bda8d5d1baa91400b5c2adca88ac813a",
                "4a55daf7d3c8c7e73cb24bb5d8a2cae62489696219a90851a2ff06f030238798"
            ],
            "type": "XHR",
            "firstPartyCookies": {},
            "firstPartyCookiesSent": {
                "imp_uk": 0.000033908190184257104,
                "imp_sk": 0.000033908190184257104,
                "imp_sb": 0.000033908190184257104,
                "IR_gbd": 0.000006781638036851421,
                "_schn": 0.000006781638036851421,
                "_li_dcdm_c": 0.000006781638036851421
            },
            "exampleSites": [
                "utilita.co.uk",
                "www.cheapoair.com",
                "www.hastingsdirect.com",
                "www.mintmobile.com",
                "www.o2.co.uk",
                "www.tele2.se",
                "www.three.co.uk",
                "www.three.ie"
            ]
        },
        {
            "rule": "nowinteract\\.com\\/us1\\/fareportal\\/imp_fareportal\\.min\\.js",
            "cookies": 0,
            "fingerprinting": 2,
            "subdomains": [
                "cdn"
            ],
            "apis": {
                "Date.prototype.getTime": 2,
                "window.localStorage": 2,
                "Navigator.prototype.userAgent": 2,
                "Screen.prototype.width": 2,
                "Navigator.prototype.language": 2,
                "Screen.prototype.height": 2,
                "window.sessionStorage": 2,
                "window.innerWidth": 2,
                "window.innerHeight": 2,
                "Date.prototype.getTimezoneOffset": 2,
                "Intl.DateTimeFormat.prototype.resolvedOptions": 2
            },
            "sites": 2,
            "prevalence": 0.0000136,
            "cnames": [],
            "responseHashes": [
                "e00c226a09e114ed5a1be72492df6b9970f9270e1992fb15110c7be5d0afdb13"
            ],
            "type": "Script",
            "firstPartyCookies": {},
            "firstPartyCookiesSent": {},
            "exampleSites": [
                "cheapoair.com",
                "www.cheapoair.com"
            ]
        },
        {
            "rule": "nowinteract\\.com\\/imp\\/hastingsdirect\\/imp_hastingsdirect\\.js",
            "cookies": 0.0000136,
            "fingerprinting": 2,
            "subdomains": [
                "cdn"
            ],
            "apis": {
                "Date.prototype.getTime": 2,
                "Document.cookie getter": 2,
                "Document.cookie setter": 2,
                "window.localStorage": 2,
                "Navigator.prototype.userAgent": 2,
                "Screen.prototype.width": 2,
                "Navigator.prototype.language": 2,
                "Navigator.prototype.platform": 2,
                "Screen.prototype.height": 2,
                "window.innerWidth": 2,
                "window.innerHeight": 2,
                "window.sessionStorage": 2
            },
            "sites": 2,
            "prevalence": 0.0000136,
            "cnames": [],
            "responseHashes": [
                "7847da1b779e00699ac52a5ea68f686d6c05797fec722e9384744b458d5417b5"
            ],
            "type": "Script",
            "firstPartyCookies": {
                "imp_st": {
                    "ttl": null,
                    "length": 1,
                    "prevalence": 0.000013563276073702843,
                    "uniqueness": 0.5
                },
                "imp_sl": {
                    "ttl": null,
                    "length": 1,
                    "prevalence": 0.000013563276073702843,
                    "uniqueness": 0.5
                },
                "imp_uk": {
                    "ttl": 31536000,
                    "length": 32,
                    "prevalence": 0.000013563276073702843,
                    "uniqueness": 1
                },
                "imp_sk": {
                    "ttl": null,
                    "length": 32,
                    "prevalence": 0.000013563276073702843,
                    "uniqueness": 1
                },
                "imp_sb": {
                    "ttl": 7200,
                    "length": 32,
                    "prevalence": 0.000013563276073702843,
                    "uniqueness": 1
                }
            },
            "firstPartyCookiesSent": {},
            "exampleSites": [
                "hastingsdirect.com",
                "www.hastingsdirect.com"
            ]
        },
        {
            "rule": "nowinteract\\.com\\/imp3\\/o2\\/imp_o2\\.js",
            "cookies": 0.0000136,
            "fingerprinting": 2,
            "subdomains": [
                "cdn"
            ],
            "apis": {
                "Date.prototype.getTime": 2,
                "Document.cookie getter": 2,
                "Document.cookie setter": 2,
                "window.localStorage": 2,
                "Navigator.prototype.userAgent": 2,
                "Screen.prototype.width": 2,
                "Navigator.prototype.language": 2,
                "Screen.prototype.height": 2,
                "window.sessionStorage": 2,
                "window.innerWidth": 2,
                "window.innerHeight": 2,
                "Date.prototype.getTimezoneOffset": 2,
                "Intl.DateTimeFormat.prototype.resolvedOptions": 2
            },
            "sites": 2,
            "prevalence": 0.0000136,
            "cnames": [],
            "responseHashes": [
                "b1fe62770be7eb26b2a314f5a99acfe3f8531c9d74105447f675c6dc31bf595d"
            ],
            "type": "Script",
            "firstPartyCookies": {
                "imp_st": {
                    "ttl": null,
                    "length": 1,
                    "prevalence": 0.000013563276073702843,
                    "uniqueness": 0.5
                },
                "imp_uk": {
                    "ttl": 31536003,
                    "length": 32,
                    "prevalence": 0.000013563276073702843,
                    "uniqueness": 1
                },
                "imp_sk": {
                    "ttl": null,
                    "length": 32,
                    "prevalence": 0.000013563276073702843,
                    "uniqueness": 1
                },
                "imp_sb": {
                    "ttl": 7203,
                    "length": 32,
                    "prevalence": 0.000013563276073702843,
                    "uniqueness": 1
                }
            },
            "firstPartyCookiesSent": {},
            "exampleSites": [
                "o2.co.uk",
                "www.o2.co.uk"
            ]
        },
        {
            "rule": "nowinteract\\.com\\/imp\\/tele2secomhem\\/imp_tele2se\\.min\\.js",
            "cookies": 0,
            "fingerprinting": 2,