{
    "domain": "nsaudience.pl",
    "owner": {
        "name": "nazwa.pl sp. z o.o.",
        "displayName": "nazwa.pl"
    },
    "source": [
        "DuckDuckGo-US"
    ],
    "prevalence": 0.000345,
    "sites": 51,
    "subdomains": [
        "atm.api.dmp",
        "api.spoldzielnia",
        "interia.api.dmp",
        "rmf.api.dmp",
        "gdpr.api.dmp",
        "id"
    ],
    "cnames": [],
    "fingerprinting": 1,
    "resources": [
        {
            "rule": "nsaudience\\.pl\\/atm\\.js",
            "cookies": 0,
            "fingerprinting": 1,
            "subdomains": [
                "atm.api.dmp"
            ],
            "apis": {
                "Document.cookie getter": 9,
                "Navigator.prototype.userAgent": 3,
                "NavigatorUAData.prototype.getHighEntropyValues": 3,
                "NavigatorUAData.prototype.brands": 3,
                "Date.prototype.getTime": 1
            },
            "sites": 11,
            "prevalence": 0.0000745,
            "cnames": [],
            "responseHashes": [
                "d7202344797138269a2ce1a4a746bf572c07267c9ed547bb2d1db1f0443eabbd",
                "1e7493a22b9705276525980dfb6d8fc619696589cd40b3572bafa4e449fb31e9",
                "cf0f4c26db7b1085ee5ed7509428a5e68ecc9eec5eb4df3fb4d5f5b324a3010f",
                "d69c8799a48419847a0d9f17b2afc50e042a70774e135a98b984863cfbf7f9a4",
                "44e4f788615e453e850663491f716e75de5c9bdd0f98a5ecb3df159f6305e51c",
                "ce062e72f88c45d185715ea8ab31afb6e34b1bf92e8a6094eaf534fba5cfab08",
                "a35e642ad96a5585a08bef65c5921d2132b9d5ce8a41048b2560c88f8d261bba",
                "1ed84a0af24928720f21e7432f1e36af7c86b58131b0c789dd302401cadc00ca",
                "6cf5729d2950232c7e7b24fb1ee8de0ee9e5fcc5210f3c60f58d6ffc4f8a1945",
                "adb176f204eddc2095b5debdaf796206bee1eb22b91409b77e5867fe3db01fe8"
            ],
            "type": "Script",
            "firstPartyCookies": {},
            "firstPartyCookiesSent": {},
            "exampleSites": [
                "dziennikpolski24.pl",
                "dziennikzachodni.pl",
                "gazetakrakowska.pl",
                "gazetawroclawska.pl",
                "pomorska.pl",
                "www.interia.pl",
                "www.lento.pl",
                "www.pomponik.pl",
                "www.rmf.fm",
                "www.rmf24.pl",
                "wydarzenia.interia.pl"
            ]
        },
        {
            "rule": "nsaudience\\.pl\\/frontend\\/api\\/matchMainScript\\.js",
            "cookies": 0.0000406,
            "fingerprinting": 1,
            "subdomains": [
                "api.spoldzielnia",
                "interia.api.dmp",
                "rmf.api.dmp"
            ],
            "apis": {
                "Date.prototype.getTime": 6,
                "Navigator.prototype.userAgent": 4,
                "Navigator.prototype.appVersion": 2
            },
            "sites": 6,
            "prevalence": 0.0000406,
            "cnames": [],
            "responseHashes": [
                "0e9eef752a1c864c1533b6df07146d527d5578032d06de0d1f77ddae1262fa69",
                "c15a9f53761a16fbae5970941941afc3076c993f126beb6cce35fbac0f08c4fa"
            ],
            "type": "Script",
            "firstPartyCookies": {},
            "firstPartyCookiesSent": {},
            "exampleSites": [
                "sprzedajemy.pl",
                "www.lento.pl",
                "www.pomponik.pl",
                "www.rmf.fm",
                "www.rmf24.pl",
                "wydarzenia.interia.pl"
            ]
        },
        {
            "rule": "nsaudience\\.pl\\/frontend\\/api\\/sendData\\.js",
            "cookies": 0.0000406,
            "fingerprinting": 0,
            "subdomains": [
                "api.spoldzielnia",
                "interia.api.dmp",
                "rmf.api.dmp"
            ],
            "apis": {},
            "sites": 6,
            "prevalence": 0.0000406,
            "cnames": [],
            "responseHashes": [
                "f4df047b812a7b09e311f7e7b3f2b2499418d7abec59320185c62a1e9c5619d2",
                "c0cc463895949c4d382b07ff0e250d06899036aeee3244b790397c4c62924fcb"
            ],
            "type": "Script",
            "firstPartyCookies": {},
            "firstPartyCookiesSent": {},
            "exampleSites": [
                "sprzedajemy.pl",
                "www.lento.pl",
                "www.pomponik.pl",
                "www.rmf.fm",
                "www.rmf24.pl",
                "wydarzenia.interia.pl"
            ]
        },
        {
            "rule": "nsaudience\\.pl\\/frontend\\/api\\/cookieSync\\.png",
            "cookies": 0.000108,
            "fingerprinting": 0,
            "subdomains": [
                "atm.api.dmp"
            ],
            "apis": {},
            "sites": 17,
            "prevalence": 0.000115,
            "cnames": [],
            "responseHashes": [
                "370dbc0a7e85181d81ecf29999a4782fc0fde9621e538b4d17887e2d1af1522d"
            ],
            "type": "Image",
            "firstPartyCookies": {},
            "firstPartyCookiesSent": {},
            "exampleSites": [
                "radiozet.pl",
                "stylzycia.radiozet.pl",
                "www.24rhein.de",
                "www.buzzfeed.de",
                "www.classicdriver.com",
                "www.deine-tierwelt.de",
                "www.echo24.de",
                "www.familienleben.ch",
                "www.fernsehserien.de",
                "www.hna.de",
                "www.laola1.at",
                "www.mercedes-forum.com",
                "www.promipool.de",
                "www.shooter-bubble.de",
                "www.swisswebcams.ch",
                "www.tz.de",
                "www.wa.de"
            ]
        },
        {
            "rule": "nsaudience\\.pl\\/frontend\\/agreement\\/custom\\.js",
            "cookies": 0.0000135,
            "fingerprinting": 0,
            "subdomains": [
                "gdpr.api.dmp"
            ],
            "apis": {},
            "sites": 2,
            "prevalence": 0.0000135,
            "cnames": [],
            "responseHashes": [
                "7ea141c16c36f99a3659992a1c410031d1b06c2231b8ccfcc40b515e1040e860"
            ],
            "type": "Script",
            "firstPartyCookies": {},
            "firstPartyCookiesSent": {},
            "exampleSites": [
                "domiporta.pl",
                "www.domiporta.pl"
            ]
        },
        {
            "rule": "nsaudience\\.pl\\/frontend\\/agreement\\/custom\\.js",
            "cookies": 0.0000135,
            "fingerprinting": 0,
            "subdomains": [
                "gdpr.api.dmp"
            ],
            "apis": {},
            "sites": 2,
            "prevalence": 0.0000135,
            "cnames": [],
            "responseHashes": [
                "7ea141c16c36f99a3659992a1c410031d1b06c2231b8ccfcc40b515e1040e860"
            ],
            "type": "Document",
            "firstPartyCookies": {},
            "firstPartyCookiesSent": {},
            "exampleSites": [
                "goldenline.pl",
                "www.goldenline.pl"
            ]
        },
        {
            "rule": "nsaudience\\.pl\\/frontend\\/api\\/matchSale\\.api",
            "cookies": 0.0000135,
            "fingerprinting": 0,
            "subdomains": [
                "atm.api.dmp"
            ],
            "apis": {},
            "sites": 2,
            "prevalence": 0.0000135,
            "cnames": [],
            "responseHashes": [
                "eb68760012bd67c2f81b0a8d1919c8ac421c6bb275acfe68128199755d6c5476"
            ],
            "type": "Document",
            "firstPartyCookies": {},
            "firstPartyCookiesSent": {},