{
    "domain": "o2u.jp",
    "owner": {},
    "source": [
        "DuckDuckGo-US"
    ],
    "prevalence": 0.000353,
    "sites": 52,
    "subdomains": [
        "a",
        "cdn"
    ],
    "cnames": [],
    "fingerprinting": 1,
    "resources": [
        {
            "rule": "o2u\\.jp\\/",
            "cookies": 0.00017,
            "fingerprinting": 1,
            "subdomains": [
                "a"
            ],
            "apis": {
                "Date.prototype.getTime": 25,
                "Document.cookie setter": 25,
                "Document.cookie getter": 25,
                "Navigator.prototype.userAgent": 25,
                "Navigator.prototype.appVersion": 25
            },
            "sites": 25,
            "prevalence": 0.00017,
            "cnames": [],
            "responseHashes": [
                "f362c06db46722523233fd9f48fd37c218eef0f9ec2b57b89e62d5feb43f7a26",
                "aaded62721538951ebf31ed5f2e1a7bb017f7f2f4e057618a6a7d7838f10a65a",
                "e98b7c2693c63547503231318fa589d3e44440c71a112667ed6de21ffbcdaaae",
                "72d27001314acbff64d99e0c35ea83a3443f453684d4aa439bc8d98aa9aade31",
                "fb1faf0c0d557499e1b2b5c09db4b57a27238506ab379849050c99e16a28bb6d",
                "be3f66ff02c2bccb8e9a41ebe153de7d45064984e2ec1dece4a50c55088eb0a6",
                "69992f258099e73246bc6987eca7e50f0e5c2613edede8160a1131ff07e9dfd0",
                "b7003c132f0094b99f2e77c7d2941f884b324ce003bc8250abafeb9c31ece758",
                "1e2a301a68dff1e34ba13a8d4f46e4178ac9c67894b43cd1e65f694baea6e872",
                "2db9f161a2e5ebed53378f80fdecb105c2cb460035ab5962f4fb0fd5c5c98af4",
                "7ae0777fc7195ce6072bc9e0f1160c6eb889e525e0d57a8ff1daaf1291f4dfd3",
                "0cfac9810684f07814e7492a561311c1b8896674450ec04dbd6fa674ed252c0c",
                "b02cc3099c563e8b7614a6d82a9193accf67114a7d9a0299fa152c54db0bad3b",
                "de4a6c579b7fed1608a1fb2f4201f7be9e1a06a780ce3a5873e2af561ec6db16",
                "7de1522040cbe3af60caf79067b4f5091ebdb49b37c70ca93ac90fdf9c48ba73",
                "401f0df2f94b7a9ce4a522ea04b5856224608f1463df9b245058b6b8ccdf4134",
                "40dcc0fcd0cd99b7ad67e0e877437a36199d8fbd86fab7d6cec40972f7858e2c",
                "ed330f3fd36b2ae37c16d56ebe19443a4d33d5c96d93a7b0e6d57711bae37570",
                "c4ec624f159ebb835622641e1619545693adce56663db9eed424cebd667ccbed",
                "2a8173ea4fb1a8f7ed936e26892cd49d58145175787ac1fccabaf9b827e552f4",
                "88fda766cf98f6d5c120f6dda529af9ce7484928fe7f3553f50df1861e478f81",
                "4085d978a89ebe5f3cae04099f1cf7be724d9cd01188db1f04fbab6ebfd7b960",
                "f9a7d096dbcf721c00ff74d57aa8e06db4fca040c7ac39319ca0850aede12215",
                "525671f618a459ae3114ab1869cd93380412a11ab1480641fec5c83cb6c14498"
            ],
            "type": "Script",
            "firstPartyCookies": {
                "_____write_test_": {
                    "ttl": 4,
                    "length": 7,
                    "prevalence": 0.00016954095092128551,
                    "uniqueness": 0.04
                }
            },
            "firstPartyCookiesSent": {},
            "exampleSites": [
                "www.cyzo.com",
                "best-legal.jp",
                "www.yukoyuko.net",
                "pmall.gpoint.co.jp",
                "www.suruga-ya.jp",
                "forbesjapan.com",
                "fashion.biglobe.ne.jp",
                "kurashi.biglobe.ne.jp",
                "realsound.jp",
                "tokusengai.com",
                "www.dcm-hc.co.jp",
                "www.bookoff.co.jp",
                "www.osohshiki.jp",
                "www.hottomotto.com",
                "trafficnews.jp",
                "kango-oshigoto.jp",
                "food.biglobe.ne.jp",
                "www.kajitaku.com",
                "www.ehonnavi.net",
                "dekiru.net"
            ]
        },
        {
            "rule": "o2u\\.jp\\/scripts\\/o2u-treasure\\/2\\.4\\.2\\/o2utreasure\\.min\\.js",
            "cookies": 0.00017,
            "fingerprinting": 1,
            "subdomains": [
                "cdn"
            ],
            "apis": {
                "window.localStorage": 25,
                "Navigator.prototype.userAgent": 24,
                "Document.cookie getter": 25,
                "Date.prototype.getTime": 7,
                "Document.cookie setter": 25
            },
            "sites": 25,
            "prevalence": 0.00017,
            "cnames": [],
            "responseHashes": [
                "44fdebbf587221dd8fe672472a1e992ec5ec816e4a4e15a8d0af481ec8e3a02c"
            ],
            "type": "Script",
            "firstPartyCookies": {
                "_td": {
                    "ttl": 63072008,
                    "length": 36,
                    "prevalence": 0.00016954095092128551,
                    "uniqueness": 1
                },
                "_td_global": {
                    "ttl": 6000,
                    "length": 36,
                    "prevalence": 0.000006781638036851421,
                    "uniqueness": 1
                }
            },
            "firstPartyCookiesSent": {},
            "exampleSites": [
                "network.mobile.rakuten.co.jp",
                "www.cyzo.com",
                "www.dcm-hc.co.jp",
                "best-legal.jp",
                "trafficnews.jp",
                "forbesjapan.com",
                "food.biglobe.ne.jp",
                "www.yukoyuko.net",
                "www.hottomotto.com",
                "gift.biglobe.ne.jp",
                "kurashi.biglobe.ne.jp",
                "www.subaru.jp",
                "tokusengai.com",
                "www.suruga-ya.jp",
                "fashion.biglobe.ne.jp",
                "kango-oshigoto.jp",
                "www.ehonnavi.net",
                "www.osohshiki.jp",
                "pmall.gpoint.co.jp",
                "dekiru.net"
            ]
        },
        {
            "rule": "o2u\\.jp\\/scripts\\/log-collect-sdk\\/1\\.0\\.2\\/log-collect-sdk\\.min\\.js",
            "cookies": 0,
            "fingerprinting": 1,
            "subdomains": [
                "cdn"
            ],
            "apis": {
                "Navigator.prototype.userAgent": 17
            },
            "sites": 25,
            "prevalence": 0.00017,
            "cnames": [],
            "responseHashes": [
                "89b5599dcabd7086ccf07b77b37b301e7848d5b04d7cf4f35388921b6bff5178"
            ],
            "type": "Script",
            "firstPartyCookies": {},
            "firstPartyCookiesSent": {},
            "exampleSites": [
                "realsound.jp",
                "kango-oshigoto.jp",
                "food.biglobe.ne.jp",
                "network.mobile.rakuten.co.jp",
                "gift.biglobe.ne.jp",
                "www.suruga-ya.jp",
                "best-legal.jp",
                "www.kajitaku.com",
                "www.subaru.jp",
                "tokusengai.com",
                "www.yukoyuko.net",
                "furunavi.jp",
                "trafficnews.jp",
                "www.cyzo.com",
                "www.osohshiki.jp",
                "fashion.biglobe.ne.jp",
                "forbesjapan.com",
                "www.bookoff.co.jp",
                "pmall.gpoint.co.jp",
                "dekiru.net"
            ]
        },
        {
            "rule": "o2u\\.jp\\/nba\\/",
            "cookies": 0,
            "fingerprinting": 0,
            "subdomains": [
                "a"
            ],
            "apis": {},
            "sites": 25,
            "prevalence": 0.00017,
            "cnames": [],
            "responseHashes": [
                "94343193647b67c89166de065ffb4716f72175b749a7149b94c670c2732c271b"
            ],
            "type": "XHR",
            "firstPartyCookies": {},