{
    "domain": "openexchangerates.org",
    "owner": {},
    "source": [
        "DuckDuckGo-US"
    ],
    "prevalence": 0.0000813,
    "sites": 12,
    "subdomains": [],
    "cnames": [],
    "fingerprinting": 0,
    "resources": [
        {
            "rule": "openexchangerates\\.org\\/api\\/latest\\.json",
            "cookies": 0,
            "fingerprinting": 0,
            "subdomains": [],
            "apis": {},
            "sites": 7,
            "prevalence": 0.0000474,
            "cnames": [],
            "responseHashes": [
                "de24a28fb1210a8ee0d25d16210ffaf67645c66f4c66e7d3cce16f424bc99543",
                "2b9732f3d1512895b1477bf1e1232781b22e4a6dca10c0f2fa5658c8e8528994",
                "9138641cbf82f09fd878cb1bcbc453d93671a2377fd83ad5d43016133adbcf50",
                "250ff4cd9029f9e0c9afc5973ba47e9673b248f897880eb6f4def23553242d8b",
                "9645b8837446a199d9b21d028dc823536493e9a02addc768712e45036a0a4c15",
                "ddba01386f45e91cf0086eaec852e8b63580169c6caf14cfdf184a4d6d57abcf"
            ],
            "type": "XHR",
            "firstPartyCookies": {},
            "firstPartyCookiesSent": {},
            "exampleSites": [
                "hertz.co.uk",
                "www.hertz.ca",
                "www.hertz.co.uk",
                "www.hertz.com.au",
                "www.hertz.com",
                "www.hertz.de",
                "www.hertz.fr"
            ]
        }
    ],
    "categories": [],
    "performance": {},
    "cookies": 0,
    "topInitiators": [
        {
            "domain": "first party",
            "prevalence": 0.5833333333333334
        },
        {
            "domain": "googletagmanager.com",
            "prevalence": 0.4166666666666667
        }
    ],
    "types": {
        "XHR": 7
    },
    "nameservers": [
        "ns-63.awsdns-07.com",
        "ns-1809.awsdns-34.co.uk",
        "ns-1284.awsdns-32.org",
        "ns-539.awsdns-03.net"
    ]
}