{
    "domain": "opentable.com",
    "owner": {
        "name": "OpenTable, Inc.",
        "displayName": "OpenTable"
    },
    "source": [
        "DuckDuckGo-US"
    ],
    "prevalence": 0.000109,
    "sites": 16,
    "subdomains": [
        "www",
        "oc-registry"
    ],
    "cnames": [],
    "fingerprinting": 3,
    "resources": [
        {
            "rule": "opentable\\.com\\/widget\\/reservation\\/loader",
            "cookies": 0.0000678,
            "fingerprinting": 0,
            "subdomains": [
                "www"
            ],
            "apis": {},
            "sites": 10,
            "prevalence": 0.0000678,
            "cnames": [],
            "responseHashes": [
                "8b07523928b9aea1cc1ee47824a9be6fcd666c0c5e47a98ef265851b3fbafcc4",
                "dc91fd0f02c944b211e7eb25f4944547aff737f0459818ea325bfc6029af0e04",
                "6e15730105e05b2179002a9eeab53f0ad65434685cb6389664989332788cfe81",
                "25cd13e63ae7bd1c66c6cc20922685f0186acb133a10047c456acea81ea49fa4",
                "2a06239811f893eeac94e8334e41287c24336cbdee62c74ac6a87849856db541",
                "23a0a379458fbb2aed53f28aaa3a3e70953032b3683c398b25b92f241b9301cf",
                "42f66bda582f6bc697a126c96869a8d4b42dfc12375765d732ccc54935bfef5d",
                "a4b1924cedbd8125dd5897121c825e536f61cc13468d3e9d6a0ba57166e05022",
                "7a4d6cbba0a30456f2aeaad5ba7d298f18dd086829f4445cb53aa9f7dd3684d2"
            ],
            "type": "Script",
            "firstPartyCookies": {},
            "firstPartyCookiesSent": {},
            "exampleSites": [
                "chwinery.com",
                "perryssteakhouse.com",
                "ruthschris.net",
                "southpointcasino.com",
                "www.anthonys.com",
                "www.benihana.com",
                "www.daveandbusters.com",
                "www.hardrockcafe.com",
                "www.jeffruby.com",
                "www.ocean-prime.com"
            ]
        },
        {
            "rule": "opentable\\.com\\/widget\\/reservation\\/cookie-check\\/set",
            "cookies": 0.0000543,
            "fingerprinting": 1,
            "subdomains": [
                "www"
            ],
            "apis": {
                "Date.prototype.getTime": 1
            },
            "sites": 8,
            "prevalence": 0.0000543,
            "cnames": [],
            "responseHashes": [
                "cbd853bfae2bf4cdb6b26408f870b1cb825fe69852fe8f94ef8ea73f171d0539",
                "914a5453b08dbb7810aed0c39fb8becef053bb5b992b0a8f4d6fd249bd89f397",
                "46bbe09426d032613e7e845e968f64534d9eb0691e2cb02c034b29d2b102d616",
                "6be80c0d22d980c81af6147a6c1bde701eee9f8fd3a014d4c34603fa75e00a17",
                "9842343c5be0bf4fc3234ceb5c4baab5f2b1b3fd7a2c5495eda5ee22ea9b43c6",
                "8d559b805c59370dcdc285057ecc91126e650a3c7352e3deaad4a272a5ab5cfd"
            ],
            "type": "Document",
            "firstPartyCookies": {},
            "firstPartyCookiesSent": {},
            "exampleSites": [
                "chwinery.com",
                "perryssteakhouse.com",
                "ruthschris.net",
                "southpointcasino.com",
                "www.benihana.com",
                "www.daveandbusters.com",
                "www.hardrockcafe.com",
                "www.ocean-prime.com"
            ]
        },
        {
            "rule": "opentable\\.com\\/v2\\/reservation-widget-standard\\/5\\.0\\.8",
            "cookies": 0.0000203,
            "fingerprinting": 0,
            "subdomains": [
                "oc-registry"
            ],
            "apis": {},
            "sites": 3,
            "prevalence": 0.0000203,
            "cnames": [],
            "responseHashes": [
                "5ac184802e76f77008dd528a13a26c0c2673d8447ed20d400fb6555e86995b14",
                "42656ff8de49ad6713e57e6c2d29c01359ae5df84ebb2f51994418c433c29453"
            ],
            "type": "XHR",
            "firstPartyCookies": {},
            "firstPartyCookiesSent": {},
            "exampleSites": [
                "chwinery.com",
                "www.anthonys.com",
                "www.daveandbusters.com"
            ]
        },
        {
            "rule": "opentable\\.com\\/widget\\/reservation\\/cookie-check\\/get",
            "cookies": 0.0000475,
            "fingerprinting": 0,
            "subdomains": [
                "www"
            ],
            "apis": {},
            "sites": 7,
            "prevalence": 0.0000475,
            "cnames": [],
            "responseHashes": [
                "4c04856115006d5d3ac3ad6b476998be2ae4c1444cb780b33872d322878c8193",
                "509ac3581e3d3a1cfa08fb29f17a98c452979ef323ffc99d8c30278ce0beedd0",
                "065cb14a3148db8ce4e101e8703761c3554b545d11e3f6308a76220a92d9b90c",
                "b8648345f60edc88bbd6a7449e1ca96c3936a2b6359db558879a497c15d64b4d",
                "15d805487a32b4c21d4284392613205c1352a0f58016a9f67a1e7e6600fc7ba7",
                "b31cf7c1b977d7bc28a6690cdf3a1fcc8fe912d4d967140f4c94e6223ac0c169"
            ],
            "type": "Document",
            "firstPartyCookies": {},
            "firstPartyCookiesSent": {},
            "exampleSites": [
                "chwinery.com",
                "perryssteakhouse.com",
                "ruthschris.net",
                "southpointcasino.com",
                "www.benihana.com",
                "www.daveandbusters.com",
                "www.ocean-prime.com"
            ]
        },
        {
            "rule": "opentable\\.com\\/widget\\/reservation\\/public\\/js\\/cookiecheck\\.min\\.js",
            "cookies": 0.0000407,
            "fingerprinting": 0,
            "subdomains": [
                "www"
            ],
            "apis": {},
            "sites": 7,
            "prevalence": 0.0000475,
            "cnames": [],
            "responseHashes": [
                "3fdeee756427c14d4c8af097256683d869d0f1a078a46d6aeb4d24555200f0ac"
            ],
            "type": "Script",
            "firstPartyCookies": {},
            "firstPartyCookiesSent": {},
            "exampleSites": [
                "chwinery.com",
                "perryssteakhouse.com",
                "ruthschris.net",
                "southpointcasino.com",
                "www.benihana.com",
                "www.daveandbusters.com",
                "www.ocean-prime.com"
            ]
        },
        {
            "rule": "opentable\\.com\\/widget\\/reservation\\/canvas",
            "cookies": 0.0000203,
            "fingerprinting": 0,
            "subdomains": [
                "www"
            ],
            "apis": {},
            "sites": 3,
            "prevalence": 0.0000203,
            "cnames": [],
            "responseHashes": [
                "49e48e55686fa57fd805b23fe1fb173b5f3d7f88c0e7245daea1d581884591a4",
                "33e1b35da6d8842b5c770741554788fbb965fe80f2f0a30e4bdc4c0915b20ec7"
            ],
            "type": "Document",
            "firstPartyCookies": {},
            "firstPartyCookiesSent": {},
            "exampleSites": [
                "perryssteakhouse.com",
                "ruthschris.net",
                "www.ocean-prime.com"
            ]
        },
        {
            "rule": "opentable\\.com\\/v2\\/reservation-widget-multi\\/5\\.0\\.8",
            "cookies": 0.0000543,
            "fingerprinting": 0,
            "subdomains": [
                "oc-registry"
            ],
            "apis": {},
            "sites": 8,
            "prevalence": 0.0000543,
            "cnames": [],