{
    "domain": "opensharecount.com",
    "owner": {},
    "source": [
        "DuckDuckGo-US"
    ],
    "prevalence": 0.0000542,
    "sites": 8,
    "subdomains": [],
    "cnames": [],
    "fingerprinting": 0,
    "resources": [
        {
            "rule": "opensharecount\\.com\\/count\\.json",
            "cookies": 0,
            "fingerprinting": 0,
            "subdomains": [],
            "apis": {},
            "sites": 7,
            "prevalence": 0.0000474,
            "cnames": [],
            "responseHashes": [
                "07672bc199136dfd7084e2afef0acc3f8c7c88834fa62a1dfb20973b720ed023",
                "063bab916e774f4bf4ee9853f6df9c39a6d9699e06ff04ef931573be774d908b",
                "2e119a55d9711f5446609c09da403c568cbd4f19228ac15b3d85206d46d5a9a6",
                "e968f597d7054154b47ee3908137e2fb0d12cf8f41b368b00122aefcc02a39ca",
                "a6fa09547302f0e1cf7be89107d86ae9de5219438d84eedb809d65a0cc1912cc",
                "0e50835d310aff08a8e9ced71afccb9195bc2a3b1cd3e35e768a18377ce198d2"
            ],
            "type": "XHR",
            "firstPartyCookies": {},
            "firstPartyCookiesSent": {
                "lotame_domain_check": 0.000006777271741487746,
                "_schn": 0.000006777271741487746
            },
            "exampleSites": [
                "hiphopgoldenage.com",
                "saveourbones.com",
                "www.mecum.com",
                "www.naturalnews.com",
                "www.traileraddict.com",
                "www.vfb.de"
            ]
        }
    ],
    "categories": [],
    "performance": {},
    "cookies": 0,
    "topInitiators": [
        {
            "domain": "first party",
            "prevalence": 0.9814814814814815
        },
        {
            "domain": "ajax.googleapis.com",
            "prevalence": 0.018518518518518517
        }
    ],
    "types": {
        "XHR": 7
    },
    "nameservers": [
        "dora.ns.cloudflare.com",
        "clint.ns.cloudflare.com"
    ]
}