{
    "domain": "optidigital.com",
    "owner": {},
    "source": [
        "DuckDuckGo-US"
    ],
    "prevalence": 0.000721,
    "sites": 87,
    "subdomains": [
        "pbs",
        "s"
    ],
    "cnames": [],
    "fingerprinting": 0,
    "resources": [
        {
            "rule": "optidigital\\.com\\/cookie_sync",
            "cookies": 0,
            "fingerprinting": 0,
            "subdomains": [
                "pbs"
            ],
            "apis": {},
            "sites": 45,
            "prevalence": 0.000373,
            "cnames": [],
            "responseHashes": [
                "16761cf845b01833c2d0798eab751a56ffe0321545953121b49aaf42f5205735",
                "0cea2f79b1236dd9c3c3898a324eb7021a2bbd889531ae5cd841717fcddcdfbe",
                "77c12c7b7668920ec18696575367dbfcdaaa7fe448d948c770f3b507f8df9df7",
                "82e82201ae533b4c35e319712f530ba14891d36c246d8bc53386cdfdd8cd460b",
                "8a7c546342087cd6ae86301ad98e10fb17724c67dc7c6c392958d35b35663723",
                "64731b37b7735a00d6721ab96f80b231aa1a4444dbc24abe72b74cc38908404a",
                "910de6cdc61a927a47e429ec66ac43d5e5b487aecd7a9ed6183e39e49044e0d3",
                "8c77f6b7f093c938f7707d336f9be1857b64e834eebf362b1bc4c3d2681b4bd2",
                "2c42cbaccb9d7aa15c6b6f1d1f0bdf0a01b4404665142fe4fee54236b550c6a0",
                "db8c52f00b47c6ea7c224bdae91f83eb094875999dedbb7276d842052f76835b",
                "e4bdc3ac672875b3476f5e76f241a701e6566141d425ec389bd5737873962c17",
                "50ac8d631a35a50f179b6cf401f8f5b119dead0e0cb4a2a3ff85b5006c08da7f",
                "bf2d9b66765635c8d68704e43e0a2d2af4140a3d8e6cd7fb76c4cac1b48d24c1",
                "1a6ae1a40780abe277e1a8a111e73c49a61e5b9823f8a0c7c5b9b7ed5b835319",
                "e068a33e65a74a91679e5e5982ff1376b043da05ea094223b25ab46fcad29505",
                "4455c521a51d621abb245e88bfa36db7358ad759bc693d0a92330306b9a37390",
                "03b5f0ac981e2f5aceee252c8439c444dea9696fdd7cbfff04cf28cdf32d6c15",
                "b7553efebe3d9a8e7bcdea886ea6db0bb957bf4489b56a4cf132a5267d22c886",
                "87ae812c03c4a867740147c18e782b20bb2badb08aeb4580cc9fb722a14c90aa",
                "43d3c88f70e593aa4b903c3b6b0869a09f263cdc4c53e49ecc84f0a78bca3d2a",
                "bb2f0a5734b4c9971197f35dbfe364bcfbea91eed8daa36c27cea636a3ef1143",
                "a7ef2f60d22b33ca8ae9fb83994b0f936ed33d60608f75c528259b163c284644",
                "56cee3535682a10198bd9ee98ab9807622fbd8ff94987fb6db7bbc5392ae8a39",
                "d3e05bc1cefa75089762d44f94b7cc14f1a1d40c5c8c7308a0caa8d6a246c385",
                "ab4890edc6be29fe46e11d4c5181d86088d3fe02e0716cdf121ad3828ca29669",
                "b40ab37325ab3d601bd6ffcbf3e93fbb38f2d17b95578722c5d575f195352f48",
                "a6e192052de72b3ad18247885dfbc750c90ed889a2057799eff4b91111f51035",
                "916cc3a69ff26837d9e9b4f487fc94ae7820611c03a5f46f302a268cd3fa4caa",
                "5f7f83ca01fd305ce2f14f68f06fd28028338ead3842bcd39b2d279047bac8f3",
                "a0413e13620339ea4b02a482246f2aa5fdf1e591d31b7f418f508a71b733585a",
                "dafd081b839ab1621c96fb53f3c1782bf899c5dd64efd8784452f72c582c6db1",
                "1948b83d66faada5469db5cd69e793662cee6f812203ae641d6296e95dde861d",
                "c9a57f2246d284ddd5015868e64a26dc1d71c4f5cfe9d97869bc23695d55f0a8",
                "198972371040ea2f446c7be90b7e91130e0b0c2dd67cad9ff94e08c295a08822",
                "efe6b952f721710710e5fb6cd00adce48c1413bd9466c5e84193ce4634d51402",
                "3b0d29093af5f10588a8b538ec6708cfa8c089c2658b923085b3c203b69e5053",
                "0d2aef09866bb784c7a37b17d409fd94373419888c2134e7a37423638b61dda1",
                "e0763d49a8858e3414959e6c6e06a311797677965a338320a736cf3c310585c7",
                "43eff8b219ad6948443f417336a4677f821e8a3ecebe2d5eb7951a64cb1d4414",
                "a665a8e25e7d90344a43b032fffb0bc1e8b6a0c57d1af444fde9351ea71430f8",
                "531bc863ff9ebc52b480abe104f892390ec6102bf9cd27c733d8cfca24ccd3ba",
                "2fd2c4c9d39dc6d27e66c59f304e5874099cef2149c2d3a7258e30665c7c3007",
                "5e8349fea1c9b86a1bd44a532b7d45e27c5892f92a44f6e7d0243b39f03d260e"
            ],
            "type": "XHR",
            "firstPartyCookies": {},
            "firstPartyCookiesSent": {},
            "exampleSites": [
                "www.comment-economiser.fr",
                "www.betaseries.com",
                "www.automobile-magazine.fr",
                "www.combien-coute.net",
                "korben.info",
                "www.slate.fr",
                "fajnegotowanie.pl",
                "www.paroles.net",
                "www.forbes.fr",
                "www.whereandwhen.net",
                "forums.futura-sciences.com",
                "www.consoglobe.com",
                "www.viedemerde.fr",
                "www.wohin-und-wann.de",
                "www.cookomix.com",
                "www.journaldugeek.com",
                "www.aujardin.info",
                "www.larevueautomobile.com",
                "www.pratique.fr",
                "annuaire.118000.fr"
            ]
        },
        {
            "rule": "optidigital\\.com\\/setuid",
            "cookies": 0.000373,
            "fingerprinting": 0,
            "subdomains": [
                "pbs"
            ],
            "apis": {},
            "sites": 45,
            "prevalence": 0.000373,
            "cnames": [],
            "responseHashes": [
                "c956a8bbf43bb56f60d1beefcc5a70f2cb0725083a00e8a0daf423176509fd18",
                "e3b0c44298fc1c149afbf4c8996fb92427ae41e4649b934ca495991b7852b855"
            ],
            "type": "Image",
            "firstPartyCookies": {},
            "firstPartyCookiesSent": {},
            "exampleSites": [
                "www.toutsurmesfinances.com",
                "www.presse-citron.net",
                "annuaire.118000.fr",
                "www.automobile-magazine.fr",
                "www.madmoizelle.com",
                "moto-station.com",
                "www.journaldugeek.com",
                "kb.pl",
                "www.gerbeaud.com",
                "www.clubic.com",
                "www.betaseries.com",
                "forums.futura-sciences.com",
                "de.moyens.net",
                "www.consoglobe.com",
                "mots-croises.tazzaz.com",
                "www.iphon.fr",
                "www.wohin-und-wann.de",
                "www.systemed.fr",
                "aniaradzi.pl",
                "www.paroles.net"
            ]
        },
        {
            "rule": "optidigital\\.com\\/setuid",
            "cookies": 0.000166,
            "fingerprinting": 0,
            "subdomains": [
                "pbs"
            ],
            "apis": {},
            "sites": 20,
            "prevalence": 0.000166,
            "cnames": [],
            "responseHashes": [
                "e3b0c44298fc1c149afbf4c8996fb92427ae41e4649b934ca495991b7852b855"
            ],
            "type": "Document",
            "firstPartyCookies": {},
            "firstPartyCookiesSent": {},
            "exampleSites": [
                "moyens.net",
                "de.moyens.net",
                "forums.futura-sciences.com",
                "moto-station.com",
                "www.01net.com",
                "www.betaseries.com",
                "www.combien-coute.net",
                "www.consoglobe.com",
                "www.cookomix.com",
                "www.fmylife.com",
                "www.gerbeaud.com",
                "www.iphon.fr",
                "www.moyens.net",
                "www.ou-et-quand.net",
                "www.presse-citron.net",
                "www.slate.fr",
                "www.toutsurmesfinances.com",
                "www.viedemerde.fr",
                "www.whereandwhen.net",
                "www.wohin-und-wann.de"
            ]
        },
        {
            "rule": "optidigital\\.com\\/bidder",