{
    "domain": "owbroinothiermon.com.ua",
    "owner": {},
    "source": [
        "DuckDuckGo-US"
    ],
    "prevalence": 0.000507,
    "sites": 75,
    "subdomains": [],
    "cnames": [],
    "fingerprinting": 0,
    "resources": [
        {
            "rule": "owbroinothiermon\\.com\\.ua\\/utx",
            "cookies": 0.000291,
            "fingerprinting": 0,
            "subdomains": [],
            "apis": {},
            "sites": 43,
            "prevalence": 0.000291,
            "cnames": [],
            "responseHashes": [
                "e3b0c44298fc1c149afbf4c8996fb92427ae41e4649b934ca495991b7852b855"
            ],
            "type": "XHR",
            "firstPartyCookies": {},
            "firstPartyCookiesSent": {},
            "exampleSites": [
                "overwatch.porn",
                "mycima.cc",
                "archivohot.com",
                "www.veryfreeporn.com",
                "asia-xxx.net",
                "www.porngo.com",
                "webcamz.us",
                "hentaiapk.com",
                "www.amateuretsexe.com",
                "thefappeningblog.pics",
                "ww2.chinababe.net",
                "lewdgames.net",
                "xnxx.kactube.com",
                "www.twuko.com",
                "dood.wf",
                "www.file-upload.com",
                "save-from.com",
                "www.visitmama.com",
                "www.allnporn.com",
                "www.zerochan.net"
            ]
        },
        {
            "rule": "owbroinothiermon\\.com\\.ua\\/floater",
            "cookies": 0.000142,
            "fingerprinting": 0,
            "subdomains": [],
            "apis": {},
            "sites": 21,
            "prevalence": 0.000142,
            "cnames": [],
            "responseHashes": [
                "53db106d1ec670a13fe0dd8cf45c5f9d53650affd57e7e8a78beb93ee03f1f27",
                "f45a9d44407c625bb5ea19c5f885c14800371ec29eb4385ab9f7cf28401f8a4f",
                "bae6d772086105cf76bd1d67224f7884bea2cbd368abd762d68bcb665bbebb06",
                "7138dae0a951f01b65fdeec1a5f2facdaab187eeaa0da84a98fb4c1af0b01357",
                "5b6659dd03def0250c0e416783c9bd49ab79da2047c219451977b3841d24aabe",
                "3a33de56fd749513881560b4c5f2ec959a81a902c41d2afc331957778449b972",
                "9b952208a99d8b8a623a08ea3ac044867f3d55538dde55ca277aaac6331f757e",
                "3e7d7db910c874368363437a84157d4cea9f534f59a30f91bc708ce008135471",
                "6affcbaa675c6d2c8aec9a859ea682a84e77b24dc9ffa305ba01dd8f08d726b2",
                "9a7706d963438e9777923b6ff4b62959469c363dacd88d8968e0641ff098e970",
                "ce35a7cc054086ddf70549841bbfc6cddc6b495ff12682c96465f3ea3344e05a",
                "776fb67848ff667f6c06a57a0e18c0b28b96bd4128b2263fe59eb6d8f13bb4db",
                "e18da2d37977eca862c5d4b045905deb6f90d6969b806dda36236e8330660ca7",
                "0598da2882322aebae27b0804e2dfd55d82a555ed6c76039f0453517cb7a4a3e",
                "aa4bb004b458e487883081213c7486e5bb4d45f0f2575b48c9c203a71a2dcc2d",
                "7a96e29c657488e8d81bd5dfaa9b6ca99e7d342add7feb812ae317dc5767d0db",
                "59702003804c5207f50a78ece5803024e905839588390687e809b49545eec588",
                "50d827d9bb810f96e1619fd903b9000bac35d06432909e1b53b7e20d2ee0c5e5",
                "d66c5700aa8d532410801691bcd3ee0ab7ceedfb275eeb5eef9ed622a0ae68b9",
                "0ffaa237e572a6e28b0f2e55cd42119a1146ff1d946c22acb97df78ef327291d"
            ],
            "type": "XHR",
            "firstPartyCookies": {},
            "firstPartyCookiesSent": {
                "__PPU___PPU_SESSION_URL": 0.000006757943963128658,
                "_ym_d": 0.000006757943963128658
            },
            "exampleSites": [
                "www.veryfreeporn.com",
                "asia-xxx.net",
                "hentaipussypics.com",
                "www.file-upload.com",
                "www.free-xxx-free.com",
                "kissmanga.org",
                "gap3xy.com",
                "www.muskviewer.com",
                "www.porngo.com",
                "www.stileproject.com",
                "thefappeningblog.pics",
                "archivohot.com",
                "midget.porn",
                "overwatch.porn",
                "www.amateuretsexe.com",
                "www.twuko.com",
                "www.allnporn.com",
                "www70.zippyshare.com",
                "ww2.chinababe.net",
                "fuckmovs.pro"
            ]
        },
        {
            "rule": "owbroinothiermon\\.com\\.ua\\/multi",
            "cookies": 0.000027,
            "fingerprinting": 0,
            "subdomains": [],
            "apis": {},
            "sites": 4,
            "prevalence": 0.000027,
            "cnames": [],
            "responseHashes": [
                "d2125f9804fc804cb7b543829316ff248fd3e6e95696538e2e2badca0cb58158",
                "8f06fefa68537c04aee6daa5521c231923e967488ea3f82996a48410c7cc59fa",
                "755eb72f9991fe021043d7543baf44087c213c4d32019e93d85ee62920b69100"
            ],
            "type": "XHR",
            "firstPartyCookies": {},
            "firstPartyCookiesSent": {},
            "exampleSites": [
                "muskviewer.com",
                "www.muskviewer.com",
                "www.twuko.com",
                "www70.zippyshare.com"
            ]
        }
    ],
    "categories": [],
    "performance": {},
    "cookies": 0.000507,
    "topInitiators": [
        {
            "domain": "d301cxwfymy227.cloudfront.net",
            "prevalence": 0.11920529801324503
        },
        {
            "domain": "d1nubxdgom3wqt.cloudfront.net",
            "prevalence": 0.09933774834437085
        },
        {
            "domain": "dlrioxg1637dk.cloudfront.net",
            "prevalence": 0.08609271523178808
        },
        {
            "domain": "d2sbzwmcg5amr3.cloudfront.net",
            "prevalence": 0.052980132450331126
        },
        {
            "domain": "d26adrx9c3n0mq.cloudfront.net",
            "prevalence": 0.046357615894039736
        },
        {
            "domain": "d29bsjuqfmjd63.cloudfront.net",
            "prevalence": 0.039735099337748346
        },
        {
            "domain": "d1f05vr3sjsuy7.cloudfront.net",
            "prevalence": 0.039735099337748346
        },
        {
            "domain": "dq3yxnlzwhcys.cloudfront.net",
            "prevalence": 0.03642384105960265
        },
        {
            "domain": "ds88pc0kw6cvc.cloudfront.net",
            "prevalence": 0.03642384105960265
        },
        {
            "domain": "d227cncaprzd7y.cloudfront.net",
            "prevalence": 0.033112582781456956
        }
    ],
    "types": {
        "XHR": 68
    },
    "nameservers": [
        "mack.ns.cloudflare.com",
        "rosalyn.ns.cloudflare.com"
    ]
}