{
    "domain": "oxiapps.com",
    "owner": {},
    "source": [
        "DuckDuckGo-US"
    ],
    "prevalence": 0.000169,
    "sites": 25,
    "subdomains": [
        "social-login"
    ],
    "cnames": [],
    "fingerprinting": 0,
    "resources": [
        {
            "rule": "oxiapps\\.com\\/api\\/init",
            "cookies": 0.0000203,
            "fingerprinting": 0,
            "subdomains": [
                "social-login"
            ],
            "apis": {},
            "sites": 15,
            "prevalence": 0.000101,
            "cnames": [],
            "responseHashes": [
                "cfb447a5fee942d6217ce5e0c46edd7de487eac459fb05832b7fc5f25299d999",
                "95669e2cf42c05472a0b386337ce672402a11912391305ac9db592240b0c972e",
                "f392191c7cd93ef056e67a3b9255ec5a854f41b4caa87ec1b9161e6d1aa3fadb",
                "473072e615a16df4d053cdab08d8261d9d3ec4aac68e9a7f242a4393a8a12aa6",
                "5429186cdb8691976d9f70596417285c8a4c1372010ae45c8868da3e0b811779",
                "c8e5c4e8a0ccc6c09ec64e3c6db64010bda34050e2d2e1298b625b6fbbc69345",
                "e0f0d946363ab9bd87620a3e5ed080340b702fd2b63a513f4d33d5224e6ded82",
                "724dc431e0033a878c01454ea4fdd3f98e376b9c3ca9cc1961ba2ede4d403796",
                "fd7ba585017b244c62fd4a148c054ccdac4713eb0a7540c9a3f1c2fda85ffe8c",
                "57a049353bd0743460ff6c5b7f780ae4af692ec53fffaf92f017a9f6861d907d",
                "2e66be4ab5de562365d4b3dada7c1765f5f521ad8319d909a32b7f4a667c97fb",
                "d8346d0e039581c550f1dc281e9830d224ae6f1f0622f33d6f17b6b86861fb0f",
                "ab9c33a4f891ef5aefa52068e56b6ed9302eacc6aa07bece4139ed53a7461ea8"
            ],
            "type": "Script",
            "firstPartyCookies": {},
            "firstPartyCookiesSent": {},
            "exampleSites": [
                "bicyclewarehouse.com",
                "buceplant.com",
                "casadesante.com",
                "hak5.org",
                "shop.hak5.org",
                "theenhancedmale.com",
                "tnuck.com",
                "www.bulbamerica.com",
                "www.eightvape.com",
                "www.fast-growing-trees.com",
                "www.fittedhats.com",
                "www.panaprium.com",
                "www.pinkcherry.com",
                "www.svsound.com",
                "www.truecable.com"
            ]
        },
        {
            "rule": "oxiapps\\.com\\/js\\/osl\\.js",
            "cookies": 0,
            "fingerprinting": 0,
            "subdomains": [
                "social-login"
            ],
            "apis": {},
            "sites": 2,
            "prevalence": 0.0000135,
            "cnames": [],
            "responseHashes": [
                "cc12c00653281523301d5f65eb434f4c5afa0d58eee85c09d60bddf8159490dd"
            ],
            "type": "Script",
            "firstPartyCookies": {},
            "firstPartyCookiesSent": {},
            "exampleSites": [
                "hak5.org",
                "shop.hak5.org"
            ]
        },
        {
            "rule": "oxiapps\\.com\\/conf\\.json",
            "cookies": 0,
            "fingerprinting": 0,
            "subdomains": [
                "social-login"
            ],
            "apis": {},
            "sites": 2,
            "prevalence": 0.0000135,
            "cnames": [],
            "responseHashes": [
                "500947e3a8cc9d5229b0738282bd1106965e05e9998245d7765f2173d77c6350"
            ],
            "type": "Script",
            "firstPartyCookies": {},
            "firstPartyCookiesSent": {},
            "exampleSites": [
                "hak5.org",
                "shop.hak5.org"
            ]
        },
        {
            "rule": "oxiapps\\.com\\/widget",
            "cookies": 0.00000676,
            "fingerprinting": 0,
            "subdomains": [
                "social-login"
            ],
            "apis": {},
            "sites": 3,
            "prevalence": 0.0000203,
            "cnames": [],
            "responseHashes": [],
            "type": "Document",
            "firstPartyCookies": {},
            "firstPartyCookiesSent": {},
            "exampleSites": [
                "hak5.org",
                "langehair.com",
                "shop.hak5.org"
            ]
        },
        {
            "rule": "oxiapps\\.com\\/css\\/remodal\\.css",
            "cookies": 0,
            "fingerprinting": 0,
            "subdomains": [
                "social-login"
            ],
            "apis": {},
            "sites": 2,
            "prevalence": 0.0000135,
            "cnames": [],
            "responseHashes": [
                "b2da87021014e3301d8d3331cd7d951f9628fae7f5e9d70b1c8919dfd3700fda"
            ],
            "type": "Stylesheet",
            "firstPartyCookies": {},
            "firstPartyCookiesSent": {},
            "exampleSites": [
                "hak5.org",
                "shop.hak5.org"
            ]
        }
    ],
    "categories": [],
    "performance": {},
    "cookies": 0.0000405,
    "topInitiators": [
        {
            "domain": "first party",
            "prevalence": 0.7586206896551724
        },
        {
            "domain": "shopify.com",
            "prevalence": 0.13793103448275862
        },
        {
            "domain": "yottaa.com",
            "prevalence": 0.10344827586206896
        }
    ],
    "types": {
        "Script": 19,
        "Document": 3,
        "Stylesheet": 2
    },
    "nameservers": [
        "ns73.domaincontrol.com",
        "ns74.domaincontrol.com"
    ]
}