{
    "domain": "peer-39.com",
    "owner": {},
    "source": [
        "DuckDuckGo-US"
    ],
    "prevalence": 0.000203,
    "sites": 30,
    "subdomains": [
        "transparency"
    ],
    "cnames": [],
    "fingerprinting": 3,
    "resources": [
        {
            "rule": "peer-39\\.com\\/api\\/init-3072g90um3qf3bfc3uud\\.js",
            "cookies": 0,
            "fingerprinting": 0,
            "subdomains": [
                "transparency"
            ],
            "apis": {},
            "sites": 25,
            "prevalence": 0.00017,
            "cnames": [],
            "responseHashes": [
                "cece860e8f033520252a3dfe5199721143b452665c20758759b84a3a250ad6b5",
                "be5dc4b9f3c55f871d3dc541a8337d2e22f8bd3af6cc733a77be5ccc96487089",
                "7e1c7a803536760db2ea418bcd5b895263dcc6c88b6f9ebe830611c75f22a393",
                "73ce443a2e7679c2d27d728a62a15778ef823b4f988be39309f941f48b35c9fa",
                "400b62416fd1041c47d44ecd2361f9b2f927ed0abfc61f3dca71f6e8f3bf6463",
                "6d26122172c20585b25e66839518e24c142355a6eced0423ae99946efad779c7",
                "61b618b40918c8d15698abcf2d838e9932a38da0d670805e638a613fa129ca69",
                "a862374bb774cefc52d4542a0eff4dc2213ba6a70fd505c1d6d5371caf85178b",
                "feed51e8ea366616225ce2d4a2f2f389310e28c749c6531d3e97ebe88121b153",
                "69218657e620333617aa9cc0be56752f745e184a39c6d7430174ec0ff5f760da",
                "9866e434f4f9ba14de625cb49693bc3424d36f4305857775a2c8423f618d06df",
                "667b119dddf644e94f8da9d7ee529359564c752a83775a2bf6d3ce1859325f8f",
                "fdd099581ff9f285331cba6e4c7825537cf200fb466c2f085d099e42c5cfc947",
                "acef4b746496cc38d26f56dfb6e2df32227715237d88da0bb2869f3b06dd28be",
                "ace1960a3550455edc26cecee62b1ba31891a0481285fff2a5f44015aa5d30a9",
                "721bc2c061f02a37d06a9355c5d2c6dbe5eba454fd82f7441084dc5ff64361db"
            ],
            "type": "Script",
            "firstPartyCookies": {},
            "firstPartyCookiesSent": {
                "IR_gbd": 0.000006781500067815
            },
            "exampleSites": [
                "medplux.com",
                "localadventurer.com",
                "myheartbeets.com",
                "www.jessicagavin.com",
                "www.calorieking.com",
                "clutchpoints.com",
                "traveler.gg",
                "www.laughingplace.com",
                "www.hungryhuy.com",
                "www.chinasichuanfood.com",
                "www.conserve-energy-future.com",
                "pynative.com",
                "trumpexcel.com",
                "surfacetip.com",
                "liliputing.com",
                "cafedelites.com",
                "www.chewoutloud.com",
                "norecipes.com",
                "gamerpillar.com",
                "breedingbusiness.com"
            ]
        },
        {
            "rule": "peer-39\\.com\\/s\\/pp\\.js",
            "cookies": 0,
            "fingerprinting": 3,
            "subdomains": [
                "transparency"
            ],
            "apis": {
                "Screen.prototype.width": 7,
                "Screen.prototype.height": 7,
                "Screen.prototype.colorDepth": 7,
                "window.devicePixelRatio": 5,
                "window.innerWidth": 5,
                "window.innerHeight": 5,
                "window.outerWidth": 5,
                "window.outerHeight": 5,
                "window.localStorage": 5,
                "window.sessionStorage": 5,
                "Navigator.prototype.appCodeName": 7,
                "Navigator.prototype.appName": 7,
                "Navigator.prototype.appVersion": 7,
                "Navigator.prototype.cookieEnabled": 7,
                "Navigator.prototype.deviceMemory": 5,
                "Navigator.prototype.doNotTrack": 7,
                "Navigator.prototype.hardwareConcurrency": 7,
                "Navigator.prototype.language": 7,
                "Navigator.prototype.platform": 7,
                "Navigator.prototype.product": 7,
                "Navigator.prototype.productSub": 7,
                "Navigator.prototype.userAgent": 7,
                "Navigator.prototype.vendor": 7,
                "Navigator.prototype.vendorSub": 7,
                "Navigator.prototype.webdriver": 5,
                "Date.prototype.getTime": 7,
                "Date.prototype.getTimezoneOffset": 7,
                "Navigator.prototype.plugins": 5,
                "PerformanceTiming.prototype.navigationStart": 5,
                "Performance.prototype.memory": 5,
                "Navigator.prototype.getBattery": 7,
                "Navigator.prototype.connection": 7,
                "Navigator.prototype.mediaDevices": 5,
                "Navigator.prototype.permissions": 5,
                "HTMLMediaElement.prototype.canPlayType": 5,
                "OfflineAudioContext.prototype.constructor": 5,
                "WebGLRenderingContext.prototype.getSupportedExtensions": 5,
                "WebGLRenderingContext.prototype.getExtension": 5,
                "WebGLRenderingContext.prototype.getParameter": 5,
                "AudioBuffer.prototype.getChannelData": 5,
                "DeviceMotionEvent.prototype.acceleration": 4,
                "DeviceOrientationEvent.prototype.alpha": 4,
                "DeviceOrientationEvent.prototype.beta": 4,
                "DeviceOrientationEvent.prototype.gamma": 4
            },
            "sites": 18,
            "prevalence": 0.000122,
            "cnames": [],
            "responseHashes": [
                "6a9f3c83892833387d92f857563b6f3cfdee0277cbc648a932a2718e000e9e42"
            ],
            "type": "Script",
            "firstPartyCookies": {},
            "firstPartyCookiesSent": {},
            "exampleSites": [
                "3dprinterly.com",
                "bromabakery.com",
                "clutchpoints.com",
                "gamerpillar.com",
                "guitaradvise.com",
                "kirbiecravings.com",
                "liliputing.com",
                "medplux.com",
                "myheartbeets.com",
                "norecipes.com",
                "pynative.com",
                "www.calorieking.com",
                "www.chewoutloud.com",
                "www.chinasichuanfood.com",
                "www.hungryhuy.com",
                "www.jessicagavin.com",
                "www.laughingplace.com",
                "www.pythoncentral.io"
            ]
        },
        {
            "rule": "peer-39\\.com\\/api\\/x",
            "cookies": 0,
            "fingerprinting": 0,
            "subdomains": [
                "transparency"
            ],
            "apis": {},
            "sites": 8,
            "prevalence": 0.0000543,
            "cnames": [],
            "responseHashes": [
                "e3b0c44298fc1c149afbf4c8996fb92427ae41e4649b934ca495991b7852b855"
            ],
            "type": "XHR",
            "firstPartyCookies": {},
            "firstPartyCookiesSent": {},
            "exampleSites": [
                "3dprinterly.com",
                "gamerpillar.com",
                "guitaradvise.com",
                "liliputing.com",
                "medplux.com",
                "www.calorieking.com",
                "www.chinasichuanfood.com",
                "www.hungryhuy.com"
            ]
        }
    ],
    "categories": [],
    "performance": {},
    "cookies": 0,
    "topInitiators": [
        {
            "domain": "3lift.com",
            "prevalence": 0.7209302325581395
        },
        {
            "domain": "adthrive.com",
            "prevalence": 0.13953488372093023
        },
        {
            "domain": "mediavine.com",
            "prevalence": 0.06976744186046512
        },
        {
            "domain": "adnxs.com",
            "prevalence": 0.046511627906976744
        },
        {
            "domain": "gumgum.com",