{
    "domain": "pixlee.co",
    "owner": {},
    "source": [
        "DuckDuckGo-US"
    ],
    "prevalence": 0.00262,
    "sites": 26,
    "subdomains": [
        "photos",
        "distillery"
    ],
    "cnames": [],
    "fingerprinting": 1,
    "resources": [
        {
            "rule": "pixlee\\.co\\/lightbox",
            "cookies": 0,
            "fingerprinting": 0,
            "subdomains": [
                "photos"
            ],
            "apis": {},
            "sites": 15,
            "prevalence": 0.00151,
            "cnames": [],
            "responseHashes": [
                "3b294e0aad702903b85c7e56179ccabb6383a40f1bedd5fb219db616d51dc2c4",
                "d9840323c33ad748d8c75f3f8ede3cf527767facf5fd6812b4f1fed4826852b2",
                "f7f96801c7ff1172a121fdba4abb03148aa6b6e6cd96550a8a44c2e2b993699f",
                "8e89d25f4314461915a45e23553f7f90ea8f51eda4e1e7f0eb5eca794890b2c1",
                "fe80e3aae9a08fe8b24b766a2db0fa64091d36270e15b6aa8888c53a88584342",
                "d116c0b3f5845a6685d23fd58c34c67f7c32e0187bae6bfde2aae399bfe0612a",
                "db2f67cba1cb83191c7a86c42d6c9a9c973c81828b7e6bec84f99f11d69093f9",
                "4e29af656a80ac547afbe1e8dc21baeacc5ee6aa09d45fb8dd151b085a9f6e2f",
                "8b977d2b13b73be14b2545af647b5a02526206211e32fa1bb98590b76eeaaa4a",
                "427fbe531bcfd6086fcd80aacc6adfdaf2653712fc259c8ce11be47e2669c8e1",
                "2c1814808b14e7e02bef7a6cd8b9afcba6ccf1ba2e8672507c049fed0d77916f",
                "c9bf6c502ac71c485d9bda8863965d3b893222650717134cfc0e1f466413cd22",
                "f8d36edc2518abf99bff477f524317716948e04c436f2c5366e3ee55582d4634",
                "e56aebdf8de3ed2f89b0a92177b16df030f96a769206ab3124ddbb2e14bb063c"
            ],
            "type": "Document",
            "firstPartyCookies": {},
            "firstPartyCookiesSent": {
                "IR_gbd": 0.0003020843822374383,
                "_li_dcdm_c": 0.0001006947940791461,
                "mr_cookieDomain": 0.0001006947940791461,
                "dy_fs_page": 0.0001006947940791461
            },
            "exampleSites": [
                "instantpot.com",
                "www.ariat.com",
                "www.cartier.com",
                "www.cheaperthandirt.com",
                "www.cyclegear.com",
                "www.daltile.com",
                "www.deltafaucet.com",
                "www.everlane.com",
                "www.revzilla.com",
                "www.sportsmansguide.com",
                "www.steamboat.com",
                "www.sunandski.com",
                "www.ugg.com",
                "www.viz.com",
                "www.windsorstore.com"
            ]
        },
        {
            "rule": "pixlee\\.co\\/widget",
            "cookies": 0,
            "fingerprinting": 0,
            "subdomains": [
                "photos"
            ],
            "apis": {},
            "sites": 15,
            "prevalence": 0.00151,
            "cnames": [],
            "responseHashes": [
                "e4df15e5c87706843b69ea700452601fb4ce7e25f1e4c1d472cad5f6e0722aea",
                "57d0d8e94c6114deedb36ad2468a91ccf381c68adabbf4fc27e3fffcf429273f",
                "7efb15cbeb337f42007819f503d48339de8e5859bb8caf1bbb5be2af06878ae9",
                "0c2499ed25a3aecafb31a2033e88ea4d92ee986400f832989d6eec167f4812a0",
                "1b651302d53ca8c12cbd8708c120cb348b299209783d621be92924a3ae4409ff",
                "16a12480312e6d763afc3b48e6c6706a4052b781738212c7578138fc3f397d6a",
                "3a59360b5efcecd560b8d5e04dbe99d6629a03d7b0e7605febfd3af91ff6fd02",
                "b3f57b44d149eded0b4c0189c517b096d4779cd232ef056e5eb62cfab053cb6e",
                "0ee2fa23bcf4409eda0603fdf5c310c22085cb8ed0f9e4ab579857a05279b2f3",
                "66b9fead2e24fa378ab9bdf60b42e5e1627aa0e2ab1f6b9372530e793552891c",
                "39311f4b659dd74271a6277f50bf73460522646fb39e8e2d2e0b05a49af33cf4",
                "7aa6ca9bfbc06cef0b358ba03fbccc4bc6b30bd703a1c4c395e85dceaa3dc332",
                "e9d12548854078d1d704e09b14633b49798d5afb7e0e18eb18ff9c64335cbc40"
            ],
            "type": "Document",
            "firstPartyCookies": {},
            "firstPartyCookiesSent": {
                "IR_gbd": 0.0003020843822374383,
                "_li_dcdm_c": 0.0001006947940791461,
                "mr_cookieDomain": 0.0001006947940791461,
                "dy_fs_page": 0.0001006947940791461
            },
            "exampleSites": [
                "instantpot.com",
                "www.ariat.com",
                "www.cartier.com",
                "www.cheaperthandirt.com",
                "www.cyclegear.com",
                "www.daltile.com",
                "www.deltafaucet.com",
                "www.everlane.com",
                "www.revzilla.com",
                "www.sportsmansguide.com",
                "www.steamboat.com",
                "www.sunandski.com",
                "www.ugg.com",
                "www.viz.com",
                "www.windsorstore.com"
            ]
        },
        {
            "rule": "pixlee\\.co\\/getDUH",
            "cookies": 0,
            "fingerprinting": 0,
            "subdomains": [
                "photos"
            ],
            "apis": {},
            "sites": 19,
            "prevalence": 0.00191,
            "cnames": [],
            "responseHashes": [
                "d9eeb5158584db66e4d93f7096832937c3978baabed1fd705e35ec9e319df180"
            ],
            "type": "Document",
            "firstPartyCookies": {},
            "firstPartyCookiesSent": {},
            "exampleSites": [
                "instantpot.com",
                "us.puma.com",
                "www.ariat.com",
                "www.bobsredmill.com",
                "www.brooksrunning.com",
                "www.cheaperthandirt.com",
                "www.cyclegear.com",
                "www.daltile.com",
                "www.gnc.com",
                "www.hoka.com",
                "www.kirklands.com",
                "www.nobullproject.com",
                "www.orientaltrading.com",
                "www.revzilla.com",
                "www.sunandski.com",
                "www.ugg.com",
                "www.vitamix.com",
                "www.windsorstore.com",
                "yakima.com"
            ]
        },
        {
            "rule": "pixlee\\.co\\/getJSON",
            "cookies": 0,
            "fingerprinting": 0,
            "subdomains": [
                "distillery"
            ],
            "apis": {},
            "sites": 14,
            "prevalence": 0.00141,
            "cnames": [],
            "responseHashes": [
                "c280fcab5fa98cacd9daf369a965605f54cfaf71d172e063c21ff30eba9bc76f",
                "05aee32a12aaa98b8f1b5aa522fc596c66c71bec0bdf3154264ac5fc05d1becd",
                "b8908d11c576df725b5237866ca3375622d8f1962d8fb3de9ae83167dc90a71f",
                "1a8bb3288c8c1b8c3c5c9cc80a29984818cfb48fd32e9cfd96aaf5b5e4cc8e32",
                "9d9460bcddfd3c7fb6bd227b116413ca982cd5955c33ec1b3fb0cd394cafbf20",
                "e53305d6efb7899c9edd9af03fd2e07e1336ffebc2e5261bfcc3a77912ed8a58",
                "11698a6a8551e569b82bb655f9bdb82647c7e398d5edd2ed987125c7f5363989",
                "3fa8ace76bfda1700987b498efbf169129ce6cdb7db7c73ea874b0b51414e3fe",
                "5e5d279c612ccc65e69e58a0e8956e106f30296b77c1b390c14c224340180373",
                "a1c2557836a701d9047eb95612b63a58377945b6dffd29f4be2d061d307133d3",
                "e6a386b2e3d1f02ac09e46e8cc8773c2a15875ad433750b315e62237e5ddc239",
                "9583ef1ecc15bf60430f42ae3918c523dff4caf23e2550dc6ea9fb991e36bc91",
                "3e05b033b371d58f39a6ec09bca858657fb6dcf41d2d0c4eb6a9b1bd1e136823"
            ],
            "type": "XHR",
            "firstPartyCookies": {},
            "firstPartyCookiesSent": {},