{
    "domain": "playbuzz.com",
    "owner": {
        "name": "Playbuzz LTD",
        "displayName": "Playbuzz"
    },
    "source": [
        "DuckDuckGo-US"
    ],
    "prevalence": 0.000521,
    "sites": 77,
    "subdomains": [
        "stream",
        "mcd-sdk",
        "cdn",
        "embed",
        "vid1"
    ],
    "cnames": [],
    "fingerprinting": 1,
    "resources": [
        {
            "rule": "playbuzz\\.com\\/embed\\/sdk\\.js",
            "cookies": 0.0000677,
            "fingerprinting": 2,
            "subdomains": [
                "stream",
                "mcd-sdk"
            ],
            "apis": {
                "Navigator.prototype.userAgent": 10,
                "window.sessionStorage": 11,
                "Screen.prototype.width": 10,
                "Screen.prototype.height": 10,
                "Document.cookie getter": 10,
                "Document.cookie setter": 10,
                "window.localStorage": 8,
                "NavigatorUAData.prototype.getHighEntropyValues": 6,
                "Navigator.prototype.connection": 9,
                "Date.prototype.getTime": 5,
                "HTMLMediaElement.prototype.canPlayType": 4,
                "window.innerWidth": 1,
                "window.innerHeight": 1
            },
            "sites": 11,
            "prevalence": 0.0000745,
            "cnames": [],
            "responseHashes": [
                "a99d3c5f9079592faf07dbc7a9a6a017dd46a4d317ace931f1a229c456f50fbf",
                "a775034651a3ee9cb198ee71ac9ac2928a97119897cbf34312f8664a0be09b54",
                "f0941879fb39bc180038806d0186e515b38fc6d2ed4b6274f6edd5c05e0fa337",
                "071e194ce036f20d6c5591e5e079e2ac9276cd2819f6b4ed642b9cfb0bc87825",
                "d7ce1a9258edd30e7bda5f563d3b5cd42059c4fe9f9fc0fa4343138a610fd8ab",
                "808ec370b3fdbb6f7b9a49be0cccb30d7da2999788295b7fcc2b3a37f0f110f6",
                "469430423d578d8e56eba7e772b3357ccad481759f87d9a8050278289ea119cf",
                "f3f867e762d5258403a4df43cd0118770b3827b739b655390c1206373a1cbf5c",
                "9ee15d44d9c426fbfb04eda337b348670aefb893877084461bcadfae04511ae3",
                "2ba3314ada53bac75ca96221eab428c406d421f1915ef00f1b09d38d38753912"
            ],
            "type": "Script",
            "firstPartyCookies": {
                "exco-uid": {
                    "ttl": 2592000,
                    "length": 16,
                    "prevalence": 0.00006772360641748894,
                    "uniqueness": 1
                }
            },
            "firstPartyCookiesSent": {},
            "exampleSites": [
                "beyondthetreat.com",
                "curiosmos.com",
                "instinctmagazine.com",
                "perezhilton.com",
                "www.cafepharma.com",
                "www.cinconoticias.com",
                "www.drafttek.com",
                "www.droidviews.com",
                "www.entertainmentdaily.co.uk",
                "www.golfwrx.com",
                "www.naciodigital.cat"
            ]
        },
        {
            "rule": "playbuzz\\.com\\/logos\\/exco\\.svg",
            "cookies": 0,
            "fingerprinting": 0,
            "subdomains": [
                "cdn"
            ],
            "apis": {},
            "sites": 2,
            "prevalence": 0.0000135,
            "cnames": [],
            "responseHashes": [
                "28571b070f1f3e7d68901e4c44a2ed61d1d04d80af680468d62d0f27092eef6b"
            ],
            "type": "Image",
            "firstPartyCookies": {},
            "firstPartyCookiesSent": {},
            "exampleSites": [
                "cartermatt.com",
                "www.drafttek.com"
            ]
        },
        {
            "rule": "playbuzz\\.com\\/sdk\\.js",
            "cookies": 0,
            "fingerprinting": 1,
            "subdomains": [
                "embed"
            ],
            "apis": {
                "PerformanceTiming.prototype.navigationStart": 9
            },
            "sites": 9,
            "prevalence": 0.000061,
            "cnames": [],
            "responseHashes": [
                "a90a02d293c532220eefa84f1edc79d402d4919fe3f4390856480222b61b7a6a"
            ],
            "type": "Script",
            "firstPartyCookies": {},
            "firstPartyCookiesSent": {},
            "exampleSites": [
                "rbth.com",
                "fr.rbth.com",
                "jp.rbth.com",
                "russian.rt.com",
                "www.babbel.com",
                "www.epicreads.com",
                "www.goodnet.org",
                "www.healthnavigator.org.nz",
                "www.rbth.com"
            ]
        },
        {
            "rule": "playbuzz\\.com\\/logos\\/d4dbb2d2-057c-4ad9-ba3c-4ac5a6d223f8_1601477355252\\.png",
            "cookies": 0,
            "fingerprinting": 0,
            "subdomains": [
                "cdn"
            ],
            "apis": {},
            "sites": 4,
            "prevalence": 0.0000271,
            "cnames": [],
            "responseHashes": [
                "2cd4825c32f0ff5ec9a966851aad26c2bc9e5dc73794109d38c0991cb37ba066"
            ],
            "type": "Image",
            "firstPartyCookies": {},
            "firstPartyCookiesSent": {},
            "exampleSites": [
                "chron.com",
                "smallbusiness.chron.com",
                "work.chron.com",
                "www.chron.com"
            ]
        },
        {
            "rule": "playbuzz\\.com\\/logos\\/6a2ca1ba-5168-4d0f-99ae-faef0f779c6a_1645523601657\\.png",
            "cookies": 0,
            "fingerprinting": 0,
            "subdomains": [
                "cdn"
            ],
            "apis": {},
            "sites": 2,
            "prevalence": 0.0000135,
            "cnames": [],
            "responseHashes": [
                "d311ea747a3d2a881ca303a6401d02a26dc8d80bebd0b802f2f09e61b0e69391"
            ],
            "type": "Image",
            "firstPartyCookies": {},
            "firstPartyCookiesSent": {},
            "exampleSites": [
                "ballotpedia.org",
                "news.ballotpedia.org"
            ]
        },
        {
            "rule": "playbuzz\\.com\\/widget\\/feed\\.js",
            "cookies": 0,
            "fingerprinting": 0,
            "subdomains": [
                "cdn"
            ],
            "apis": {},
            "sites": 3,
            "prevalence": 0.0000203,
            "cnames": [],
            "responseHashes": [
                "a09fd12d5d56c4ad210c4906de667ad4b2723c4e9d4390d8ae5d32b0460ae786"
            ],
            "type": "Script",
            "firstPartyCookies": {},
            "firstPartyCookiesSent": {},
            "exampleSites": [
                "rt.com",
                "www.babbel.com",
                "www.epicreads.com"
            ]
        },
        {
            "rule": "playbuzz\\.com\\/player\\/b4557d43-5642-4f05-b59f-23dafce1309f",
            "cookies": 0.0000135,
            "fingerprinting": 2,
            "subdomains": [
                "stream"
            ],
            "apis": {
                "Navigator.prototype.userAgent": 2,
                "window.sessionStorage": 2,
                "Screen.prototype.width": 2,
                "Screen.prototype.height": 2,
                "Document.cookie getter": 2,
                "Document.cookie setter": 2,
                "Date.prototype.getTime": 1,
                "window.localStorage": 1,
                "NavigatorUAData.prototype.getHighEntropyValues": 1,
                "HTMLMediaElement.prototype.canPlayType": 1,
                "Navigator.prototype.connection": 1
            },
            "sites": 2,
            "prevalence": 0.0000135,
            "cnames": [],
            "responseHashes": [
                "e817eb3805c8b3ee4f406cdfbe71ad5e03b9c7986c21aa93bf387312b5c3d679"
            ],
            "type": "Script",