{
    "domain": "playstream.media",
    "owner": {},
    "source": [
        "DuckDuckGo-US"
    ],
    "prevalence": 0.000189,
    "sites": 28,
    "subdomains": [
        "tg1",
        "cdn",
        "streaming",
        "app",
        "prebid"
    ],
    "cnames": [],
    "fingerprinting": 2,
    "resources": [
        {
            "rule": "playstream\\.media\\/api\\/adserver\\/spt",
            "cookies": 0,
            "fingerprinting": 1,
            "subdomains": [
                "tg1"
            ],
            "apis": {
                "Navigator.prototype.userAgent": 10,
                "Navigator.prototype.appVersion": 10
            },
            "sites": 15,
            "prevalence": 0.000101,
            "cnames": [],
            "responseHashes": [
                "9729ff27105fdf3fad66ac29d9d5447ae92035bb3861116983022aab6916b384",
                "414f65c9a632911eac4e0bfadc17c936d1250a2f5116e3c3afcab3f46648ae6f",
                "dc170cae578c717c442a82164c857cfe07e6a3ee043b5872cef97c6f7f7d181a",
                "e0a97f6171134237358e84e14c256eca96613cb3c2dc6939782e62e7b496aa3a",
                "9194a721997809f450fbc06b02db3e8d38c329f97d766a4a4b341659d0ed16ab",
                "0a4392cdc3952bb97bd1edcd1fb756ab72d58b35bbbf7c26dc0f4dff00988cca",
                "fc6e3dd7b8fa60a9f6eee688f5a42591b9ff8c729d7b272bac79885f152c72a5",
                "ba1959ca471f514416618c179693b838e3ae9928edeb8921b8631be0643553e2",
                "21c9d00190c53edf915737022aeed869ecc840b8e00db6e3a65cb2f8caf4f095",
                "b36ed657e27678088d3edc33d7743a07764d245aa5390ae4560cfc22f8b01492",
                "47eec58fb66f385692c73ab7649a34a6ed8cb27a5c87b7355b7ba360d81e1a89",
                "4fef79f6954d8c3dcef4961854fc897a21fb447b9b12a4d70760c967018959a6",
                "ce37226c8279bddc82072a1e5fb9a04965462f8c88b1c57307197802feafbb33",
                "2ddd56be6b86259851152f492dbd52d354b1cecdddd85535846b7034eb9e60f0"
            ],
            "type": "Script",
            "firstPartyCookies": {},
            "firstPartyCookiesSent": {},
            "exampleSites": [
                "detik.com",
                "food.detik.com",
                "news.detik.com",
                "taxguru.in",
                "telisik.id",
                "terrabrasilnoticias.com",
                "www.businessupturn.com",
                "www.cpuagent.com",
                "www.gpucheck.com",
                "www.khaleejtimes.com",
                "www.memurlar.net",
                "www.mobilesum.com",
                "www.mycarspecs.com",
                "www.railyatri.in",
                "www.telegraphindia.com"
            ]
        },
        {
            "rule": "playstream\\.media\\/logo\\.png",
            "cookies": 0,
            "fingerprinting": 0,
            "subdomains": [
                "cdn"
            ],
            "apis": {},
            "sites": 12,
            "prevalence": 0.0000811,
            "cnames": [],
            "responseHashes": [
                "c806548a811e28e57290d17f7b65fbf91ea51f5557661350fb50c8d14cf33538"
            ],
            "type": "Image",
            "firstPartyCookies": {},
            "firstPartyCookiesSent": {},
            "exampleSites": [
                "detik.com",
                "food.detik.com",
                "taxguru.in",
                "telisik.id",
                "www.businessupturn.com",
                "www.cpuagent.com",
                "www.gpucheck.com",
                "www.khaleejtimes.com",
                "www.mobilesum.com",
                "www.mycarspecs.com",
                "www.railyatri.in",
                "www.telegraphindia.com"
            ]
        },
        {
            "rule": "playstream\\.media\\/storage\\/videos\\/6ffc001c-8a14-49dc-9e6f-3cb4071f5112\\/index\\.m3u8",
            "cookies": 0,
            "fingerprinting": 0,
            "subdomains": [
                "streaming"
            ],
            "apis": {},
            "sites": 2,
            "prevalence": 0.0000135,
            "cnames": [],
            "responseHashes": [
                "fbff17b8544a058a2513ab4cbc795b6fa5880abbb34d5a990979a7257c51ebfd"
            ],
            "type": "XHR",
            "firstPartyCookies": {},
            "firstPartyCookiesSent": {},
            "exampleSites": [
                "detik.com",
                "www.mobilesum.com"
            ]
        },
        {
            "rule": "playstream\\.media\\/storage\\/videos\\/6ffc001c-8a14-49dc-9e6f-3cb4071f5112\\/index_0_250\\.m3u8",
            "cookies": 0,
            "fingerprinting": 0,
            "subdomains": [
                "streaming"
            ],
            "apis": {},
            "sites": 2,
            "prevalence": 0.0000135,
            "cnames": [],
            "responseHashes": [
                "4258b03c47fdeddcbc090534179a8fe7891a05cd10a8073da842fd4641c384e3"
            ],
            "type": "XHR",
            "firstPartyCookies": {},
            "firstPartyCookiesSent": {},
            "exampleSites": [
                "detik.com",
                "www.mobilesum.com"
            ]
        },
        {
            "rule": "playstream\\.media\\/storage\\/videos\\/6ffc001c-8a14-49dc-9e6f-3cb4071f5112\\/index_0_250_00000\\.ts",
            "cookies": 0,
            "fingerprinting": 0,
            "subdomains": [
                "streaming"
            ],
            "apis": {},
            "sites": 2,
            "prevalence": 0.0000135,
            "cnames": [],
            "responseHashes": [
                "250abf2225f2b937c0c6cf9e493a71fd6e2c35a2a6eb4066e78126d79597cd48"
            ],
            "type": "XHR",
            "firstPartyCookies": {},
            "firstPartyCookiesSent": {},
            "exampleSites": [
                "detik.com",
                "www.mobilesum.com"
            ]
        },
        {
            "rule": "playstream\\.media\\/storage\\/videos\\/489cf6ec-67fb-41aa-ab10-6385d5071f8a\\/index\\.m3u8",
            "cookies": 0,
            "fingerprinting": 0,
            "subdomains": [
                "streaming"
            ],
            "apis": {},
            "sites": 5,
            "prevalence": 0.0000338,
            "cnames": [],
            "responseHashes": [
                "a0911fd88e692e3055a025e5237e89d8cdef3ac0015fc19a318e82d5ed1eca01"
            ],
            "type": "XHR",
            "firstPartyCookies": {},
            "firstPartyCookiesSent": {},
            "exampleSites": [
                "detik.com",
                "www.cpuagent.com",
                "www.gpucheck.com",
                "www.mobilesum.com",
                "www.railyatri.in"
            ]
        },
        {
            "rule": "playstream\\.media\\/storage\\/videos\\/489cf6ec-67fb-41aa-ab10-6385d5071f8a\\/index_0_250\\.m3u8",
            "cookies": 0,
            "fingerprinting": 0,
            "subdomains": [
                "streaming"
            ],
            "apis": {},
            "sites": 5,
            "prevalence": 0.0000338,
            "cnames": [],
            "responseHashes": [
                "94aab20768fff5dae0deaf0df74343dcf83837dedd4ebd01135f46440caed61f"
            ],
            "type": "XHR",
            "firstPartyCookies": {},
            "firstPartyCookiesSent": {},
            "exampleSites": [
                "detik.com",
                "www.cpuagent.com",
                "www.gpucheck.com",
                "www.mobilesum.com",
                "www.railyatri.in"
            ]
        },
        {
            "rule": "playstream\\.media\\/storage\\/videos\\/489cf6ec-67fb-41aa-ab10-6385d5071f8a\\/index_0_250_00000\\.ts",
            "cookies": 0,
            "fingerprinting": 0,
            "subdomains": [
                "streaming"
            ],
            "apis": {},
            "sites": 5,
            "prevalence": 0.0000338,
            "cnames": [],