{
    "domain": "pocpoc.io",
    "owner": {},
    "source": [
        "DuckDuckGo-US"
    ],
    "prevalence": 0.000597,
    "sites": 77,
    "subdomains": [
        "adsystem",
        "px",
        "cdn"
    ],
    "cnames": [],
    "fingerprinting": 1,
    "resources": [
        {
            "rule": "pocpoc\\.io\\/adv\\/v1\\/bidding",
            "cookies": 0,
            "fingerprinting": 0,
            "subdomains": [
                "adsystem"
            ],
            "apis": {},
            "sites": 50,
            "prevalence": 0.000388,
            "cnames": [],
            "responseHashes": [
                "b49d08325c23d34a3f5de7302fd4e45825edc5d17b2b60798b5ccd220db21fb0",
                "4f53cda18c2baa0c0354bb5f9a3ecbe5ed12ab4d8e11ba873c2f11161202b945",
                "fee360c3f2c79f61f50ed43eaa4a0d8534d947611b51ed54087dd04abb7f1c5c",
                "c94c5072fb0571a5164595eba5e98bf6424f02469b03a26c0a8d6619c6ee39c7",
                "68dfc458de317a2cdc43940e826545397ee7a1fd8861553f8149c8901a00bd81",
                "1bf5aaf756497e0e5261edd5795c46ba0f536dd9c0ae66c1e3922cd86527bf2b",
                "0cdde2e6b3513a68d3476257a8c2b51d4a3f60ddc98a0c2633b3abe62fb7800e",
                "32fe3ced7de70b2244191356f142a73c597190248e2d75f84bf077210f019896",
                "adf6daa1a73e3c763c1250978bcabf74c27c8feaea901e3a1ad4518bf6d1eacb",
                "8220c63182361b251b5e6813ac11a9ef9d1512060e7df33731cbdf1c59beabdf",
                "73bb0de51cf910e25e54fe1ea212ac4a1fcc0d46449b174abc555a63accc6502",
                "7c74b3832c649bb456736d0258cd943decf21591f80c5e08d61a91dbefccc7b7",
                "fc42db4af6217dc2de402dc3f1e7d68c780ac00d955b4cf6c93d0777eefc5df9",
                "74d9fdff2122d620270b218e6f92a5926a8994d597f5ab154c6f9f8c62a053a4",
                "906e43eb2513248d8db57d62d84407f19cc97b99b9469450ab4332c2172a9958",
                "56092753155faf64d0c5c2acd8afc0eafad18b057ff7ee4b89c1de1f8c3223bb",
                "1ee1fa85550529bb54fa2f4504e013cd89d40b695297752bfe0edd8ece64ef52",
                "10119361486446079df3894c7663578e71d577cc7b0a25a47dffe71afda97f64",
                "be30ca8aa2c99d9a6261bb7f7ff17eb87b9f41dd7543578b8cb03d7d1d7e3671",
                "92a0d8c1c39ca63ca3e7628300a0f9e66b518befed73f05f4408fdeb03ad7f8b"
            ],
            "type": "XHR",
            "firstPartyCookies": {},
            "firstPartyCookiesSent": {},
            "exampleSites": [
                "pastebin.com",
                "theblemish.com",
                "familytron.com",
                "techstory.in",
                "www.amusingplanet.com",
                "srbin.info",
                "www.helis.com",
                "vimbuzz.com",
                "www.marketing91.com",
                "latexhelp.com",
                "www.euston96.com",
                "wikimili.com",
                "sportsurge.io",
                "www.tutsmake.com",
                "remotestack.io",
                "tagmerge.com",
                "www.concretepage.com",
                "tecadmin.net",
                "indonesia.postsen.com",
                "muheroacademia.com"
            ]
        },
        {
            "rule": "pocpoc\\.io\\/v1\\/tfa\\.jpeg",
            "cookies": 0,
            "fingerprinting": 0,
            "subdomains": [
                "px"
            ],
            "apis": {},
            "sites": 50,
            "prevalence": 0.000388,
            "cnames": [],
            "responseHashes": [
                "e3b0c44298fc1c149afbf4c8996fb92427ae41e4649b934ca495991b7852b855"
            ],
            "type": "Image",
            "firstPartyCookies": {},
            "firstPartyCookiesSent": {},
            "exampleSites": [
                "pastebin.com",
                "latexhelp.com",
                "10minutemail.com",
                "theblemish.com",
                "www.tektutorialshub.com",
                "learnshareit.com",
                "streamfare.com",
                "bdocodex.com",
                "www.ghgossip.com",
                "www.jordanthrilla.com",
                "www.euston96.com",
                "yesichat.com",
                "www.nationmaster.com",
                "www.tutsmake.com",
                "mangareader.to",
                "unijokes.com",
                "www.karteikarte.com",
                "www.amusingplanet.com",
                "srbin.info",
                "tagmerge.com"
            ]
        },
        {
            "rule": "pocpoc\\.io\\/images\\/15\\/160x90\\/1674030962074210_thumb_5e656b1bb47164dac73802cad4f09d23\\.png",
            "cookies": 0,
            "fingerprinting": 0,
            "subdomains": [
                "cdn"
            ],
            "apis": {},
            "sites": 11,
            "prevalence": 0.0000853,
            "cnames": [],
            "responseHashes": [
                "513600558e0e2ce05ac132d6b528904f9949b5685d081a87fb0b595f8822875e"
            ],
            "type": "Image",
            "firstPartyCookies": {},
            "firstPartyCookiesSent": {},
            "exampleSites": [
                "bdocodex.com",
                "cumaps.net",
                "dnbstories.com",
                "tecadmin.net",
                "theitbros.com",
                "www.amusingplanet.com",
                "www.askdifference.com",
                "www.concretepage.com",
                "www.healthbenefitstimes.com",
                "www.marketing91.com",
                "www.nationmaster.com"
            ]
        },
        {
            "rule": "pocpoc\\.io\\/v1\\/imp\\.jpeg",
            "cookies": 0,
            "fingerprinting": 0,
            "subdomains": [
                "px"
            ],
            "apis": {},
            "sites": 19,
            "prevalence": 0.000147,
            "cnames": [],
            "responseHashes": [
                "e3b0c44298fc1c149afbf4c8996fb92427ae41e4649b934ca495991b7852b855"
            ],
            "type": "Image",
            "firstPartyCookies": {},
            "firstPartyCookiesSent": {},
            "exampleSites": [
                "bdocodex.com",
                "cumaps.net",
                "dnbstories.com",
                "familytron.com",
                "mangareader.to",
                "pastebin.com",
                "streameast.to",
                "tecadmin.net",
                "techstory.in",
                "theitbros.com",
                "www.amusingplanet.com",
                "www.askdifference.com",
                "www.concretepage.com",
                "www.euston96.com",
                "www.healthbenefitstimes.com",
                "www.marketing91.com",
                "www.nationmaster.com",
                "www.tektutorialshub.com",
                "www.tutsmake.com"
            ]
        },
        {
            "rule": "pocpoc\\.io\\/images\\/15\\/300x168\\/1674030962074210_thumb_5e656b1bb47164dac73802cad4f09d23\\.png",
            "cookies": 0,
            "fingerprinting": 0,
            "subdomains": [
                "cdn"
            ],
            "apis": {},
            "sites": 10,
            "prevalence": 0.0000775,
            "cnames": [],
            "responseHashes": [
                "7f86459ca6450b3058287eb91d16201cecb0c7cb0c5a2f52c0bf6d93cec86962"
            ],
            "type": "Image",
            "firstPartyCookies": {},
            "firstPartyCookiesSent": {},
            "exampleSites": [
                "bdocodex.com",
                "cumaps.net",
                "familytron.com",
                "pastebin.com",
                "www.amusingplanet.com",
                "www.concretepage.com",
                "www.healthbenefitstimes.com",
                "www.nationmaster.com",
                "www.tektutorialshub.com",
                "www.tutsmake.com"
            ]
        },
        {
            "rule": "pocpoc\\.io\\/v1\\/iv\\.jpeg",
            "cookies": 0,
            "fingerprinting": 0,