{
    "domain": "pocpoc.io",
    "owner": {},
    "source": [
        "DuckDuckGo-US"
    ],
    "prevalence": 0.000658,
    "sites": 97,
    "subdomains": [
        "adsystem",
        "px",
        "cdn"
    ],
    "cnames": [],
    "fingerprinting": 1,
    "resources": [
        {
            "rule": "pocpoc\\.io\\/adv\\/v1\\/bidding",
            "cookies": 0,
            "fingerprinting": 0,
            "subdomains": [
                "adsystem"
            ],
            "apis": {},
            "sites": 61,
            "prevalence": 0.000414,
            "cnames": [],
            "responseHashes": [
                "0adea88aa56796672e5b7fa8755c7eb05ef54364d8612bb7bf5a43c3a2cce561",
                "4f53cda18c2baa0c0354bb5f9a3ecbe5ed12ab4d8e11ba873c2f11161202b945",
                "7153ffac96e173062e9bf19e822751a1ea0bec0fd89d1f729a0fe239d1402cfc",
                "97aa59ca06799e95478772d2e4149104a6599ce43eed1442afb49da04e0c748c",
                "2fe40033a15127c349aa7597fe30ac77849cb79c851a14b86d3be004fa438177",
                "daa587b3d25fcfcfbbade5633f1dbde764295cabfc856deda7af8b447e26a25f",
                "4ff258af3ec4ebdbaa5e42f3abededfc4c012207b6ccaba617e7f2ea23ff212a",
                "d565e947cced4e2f4e4f6b041ac632e2eafc30a83561c2773eb80e7b2de3c8ae",
                "5e4468c6620a36924b9cd94625920e5b1e6cef74ecbb61b123dd206ec8ce2855",
                "83392d7af27822104df8d6a3982fce1e96384c5577988188cce0fd679a082065",
                "e93d5321a90926b2186a75de378ec7e52292e7d4e4de0042f230c29dcede470e",
                "717790f244f3e5fd013c6b34680e621426885db74ebb178005c7c176e8897a56",
                "6945435b2df441fe028cdadedf51dd1324350287dde7a4490a3c1b5cef34d07d",
                "205871c97fc03316b53ba826d1b110c329e7fa425381fb99cdd54d42c131a106",
                "cb0f082ba99e4a0befa2941d8469c6fedb096c0057b64c26a92746fc506e1b0c",
                "88a8366f8e7d43933bcd3ad903eb2d5b963f800b3188a2f7aa838f9a8efe652e",
                "c88fd67daf63d1da828be6bdfe0e4b9428ffc84116e6b812ef01e31b0a9ee174",
                "568fe9f57e35c8f858e8c0eea53d08a7d35204bb74c56831b269e18f1bf90ac9",
                "3795249e224e6954d931e0186eccbe142b4db5778ad4dace30450afd8a8d5893",
                "ed5b13800739e8add566d3d0a682f95adba9d72d7b04b4043823731579f55f84",
                "5312f28d98f2da83b4fed0a4cdba3ec4d3211acbb0b2907278a51ed179811a7d",
                "2b9dc4522d930b8df92439c3602b9aa62bdf86497d5842471576e9d6b4427dea",
                "a0ce143bf534746b80c4df0c41f0a7dd0cb960b4faeacd490e5a984070148767",
                "598eb66324d29b3c3afa9a31d3474018b777cffc1ee7881140ca888c74c28afb",
                "e342aaed51451403fde18ff93c86cfdb162cea70ea5e1cb0a8f60fcf82ae544b",
                "7be401ebfc0f3781abeaaba04f704e4e3c338aad279941098c5efc624e112621",
                "f8e675c5dea42629084e25ef21d2c5b1832ea736d8cd8724b98cb3a4a21b274b",
                "2b9897c4b14836f68ea9185e4a2c32c78ba38598bea44d7fd0248795d048fdc4"
            ],
            "type": "XHR",
            "firstPartyCookies": {},
            "firstPartyCookiesSent": {
                "lotame_domain_check": 0.000006781500067815
            },
            "exampleSites": [
                "www.eat-list.fr",
                "mathcracker.com",
                "wc.60mins.online",
                "srbin.info",
                "www.healthbenefitstimes.com",
                "xiaomifirmwareupdater.com",
                "pivigames.blog",
                "vietnam.postsen.com",
                "vimbuzz.com",
                "www.jordanthrilla.com",
                "mangareader.to",
                "sportsurge.io",
                "qawithexperts.com",
                "mapsus.net",
                "streamfare.com",
                "www.angularjswiki.com",
                "microcontrollerslab.com",
                "www.techiediaries.com",
                "techstory.in",
                "indonesia.postsen.com"
            ]
        },
        {
            "rule": "pocpoc\\.io\\/v1\\/tfa\\.jpeg",
            "cookies": 0,
            "fingerprinting": 0,
            "subdomains": [
                "px"
            ],
            "apis": {},
            "sites": 61,
            "prevalence": 0.000414,
            "cnames": [],
            "responseHashes": [
                "e3b0c44298fc1c149afbf4c8996fb92427ae41e4649b934ca495991b7852b855"
            ],
            "type": "Image",
            "firstPartyCookies": {},
            "firstPartyCookiesSent": {},
            "exampleSites": [
                "bodyheightweight.com",
                "mangareader.to",
                "onelinefun.com",
                "www.angularjswiki.com",
                "sportsurge.io",
                "starschanges.com",
                "dnbstories.com",
                "liveuamap.com",
                "www.nationmaster.com",
                "qawithexperts.com",
                "vimbuzz.com",
                "www.jordanthrilla.com",
                "familytron.com",
                "vietnam.postsen.com",
                "www.marketing91.com",
                "www.ghgossip.com",
                "www.amusingplanet.com",
                "www.healthbenefitstimes.com",
                "www.concretepage.com",
                "www.gpucheck.com"
            ]
        },
        {
            "rule": "pocpoc\\.io\\/v1\\/imp\\.jpeg",
            "cookies": 0,
            "fingerprinting": 0,
            "subdomains": [
                "px"
            ],
            "apis": {},
            "sites": 29,
            "prevalence": 0.000197,
            "cnames": [],
            "responseHashes": [
                "e3b0c44298fc1c149afbf4c8996fb92427ae41e4649b934ca495991b7852b855"
            ],
            "type": "Image",
            "firstPartyCookies": {},
            "firstPartyCookiesSent": {},
            "exampleSites": [
                "dnbstories.com",
                "www.mycarspecs.com",
                "mathcracker.com",
                "www.dunebook.com",
                "www.angularjswiki.com",
                "www.techiediaries.com",
                "cumaps.net",
                "xiaomifirmwareupdater.com",
                "www.euston96.com",
                "streamfare.com",
                "mapsus.net",
                "techstory.in",
                "www.healthbenefitstimes.com",
                "www.jquery-az.com",
                "www.nationmaster.com",
                "www.gpucheck.com",
                "bdocodex.com",
                "www.concretepage.com",
                "www.marketing91.com",
                "www.tutsmake.com"
            ]
        },
        {
            "rule": "pocpoc\\.io\\/images\\/15\\/300x168\\/1674030962074210_thumb_5e656b1bb47164dac73802cad4f09d23\\.png",
            "cookies": 0,
            "fingerprinting": 0,
            "subdomains": [
                "cdn"
            ],
            "apis": {},
            "sites": 15,
            "prevalence": 0.000102,
            "cnames": [],
            "responseHashes": [
                "7f86459ca6450b3058287eb91d16201cecb0c7cb0c5a2f52c0bf6d93cec86962"
            ],
            "type": "Image",
            "firstPartyCookies": {},
            "firstPartyCookiesSent": {},
            "exampleSites": [
                "bdocodex.com",
                "cumaps.net",
                "familytron.com",
                "mathcracker.com",
                "sparkbyexamples.com",
                "theitbros.com",
                "www.amusingplanet.com",
                "www.angularjswiki.com",
                "www.concretepage.com",
                "www.eat-list.fr",
                "www.euston96.com",
                "www.healthbenefitstimes.com",
                "www.jquery-az.com",
                "www.nationmaster.com",
                "www.tutsmake.com"
            ]
        },
        {
            "rule": "pocpoc\\.io\\/images\\/15\\/160x90\\/1674030962074210_thumb_5e656b1bb47164dac73802cad4f09d23\\.png",
            "cookies": 0,