{
    "domain": "pocpoc.io",
    "owner": {},
    "source": [
        "DuckDuckGo-US"
    ],
    "prevalence": 0.00061,
    "sites": 90,
    "subdomains": [
        "adsystem",
        "px",
        "cdn"
    ],
    "cnames": [],
    "fingerprinting": 0,
    "resources": [
        {
            "rule": "pocpoc\\.io\\/adv\\/v1\\/bidding",
            "cookies": 0,
            "fingerprinting": 0,
            "subdomains": [
                "adsystem"
            ],
            "apis": {},
            "sites": 56,
            "prevalence": 0.00038,
            "cnames": [],
            "responseHashes": [
                "4f53cda18c2baa0c0354bb5f9a3ecbe5ed12ab4d8e11ba873c2f11161202b945",
                "17542ab4a10e2f2429a324ecf1403ab0b20c60ea74be8e78380ce1c9b83b7902",
                "205e2aa9f9892c47163cfd150cb4cc36a499b39def6a9e6dd27b36ab8d158c21",
                "04f0d660787fa761173ac4777aef9b534280419d391e0db226584faf2a207856",
                "37ac68d7239312c1bb620335e2208618f79cfb5ae9705aec24122df64403f670",
                "9035ba33ce952cdba126e718bb15e19fdd2662edd932970f8aabe8a8bea6cd50",
                "b35649d71433d02fa6908768452cab93d71554f977bc1f74d87cd2c62a0b15d5",
                "398e891d31d72f911f106a2843dcbe7b4dfafe76a3ed070b594d0dacf9b40dbb",
                "aea7c6d470cebb032601f1077f765ac13578a0edbab9014ec29914c7886dca23",
                "2b9768c5033120d9e316c3b1aaa8cacb2f7c0cd21e35296769eba21906f57f09",
                "06a93c288db3be82815c8cbafd0ddd8d3a74d51963b222cddbb6aeda3cec1ba0",
                "50689f3a4213c53262e204598c6c364f008c3c547a6a3b1c047d6d56632239b6",
                "2af953466dcb99b1e380ec342d749e622ab4359a358c673d03587d48a54cc332",
                "1d80c5103982d8bc87c56ac03962eb4360fd8e74bda8e4f601a367b780745f5a"
            ],
            "type": "XHR",
            "firstPartyCookies": {},
            "firstPartyCookiesSent": {
                "lotame_domain_check": 0.000006777271741487746
            },
            "exampleSites": [
                "pastebin.com",
                "www.ghgossip.com",
                "dnbstories.com",
                "buzzlearn.com",
                "elblogdelnarco.com",
                "starschanges.com",
                "marriedbiography.com",
                "www.sacnilk.com",
                "www.eat-list.fr",
                "unijokes.com",
                "onelinefun.com",
                "sparkbyexamples.com",
                "bodyheightweight.com",
                "srbin.info",
                "muheroacademia.com",
                "learnshareit.com",
                "latexhelp.com",
                "www.nationmaster.com",
                "les-raccourcis-clavier.fr",
                "infofamouspeople.com"
            ]
        },
        {
            "rule": "pocpoc\\.io\\/v1\\/tfa\\.jpeg",
            "cookies": 0,
            "fingerprinting": 0,
            "subdomains": [
                "px"
            ],
            "apis": {},
            "sites": 56,
            "prevalence": 0.00038,
            "cnames": [],
            "responseHashes": [
                "e3b0c44298fc1c149afbf4c8996fb92427ae41e4649b934ca495991b7852b855"
            ],
            "type": "Image",
            "firstPartyCookies": {},
            "firstPartyCookiesSent": {},
            "exampleSites": [
                "pastebin.com",
                "mangareader.to",
                "www.teenidols4you.com",
                "www.gestiopolis.com",
                "unijokes.com",
                "latexhelp.com",
                "streamfare.com",
                "mexicodailypost.com",
                "starschanges.com",
                "elblogdelnarco.com",
                "bodyheightweight.com",
                "sportsurge.io",
                "www.nationmaster.com",
                "jamilacuisine.ro",
                "pivigames.blog",
                "srbin.info",
                "learnshareit.com",
                "www.how2shout.com",
                "www.sacnilk.com",
                "onelinefun.com"
            ]
        },
        {
            "rule": "pocpoc\\.io\\/images\\/15\\/160x90\\/1677834961908393_thumb_44642328756cfb5d976a5c0f0832d770\\.jpeg",
            "cookies": 0,
            "fingerprinting": 0,
            "subdomains": [
                "cdn"
            ],
            "apis": {},
            "sites": 11,
            "prevalence": 0.0000745,
            "cnames": [],
            "responseHashes": [
                "c884dc3cfa4699c2c45fc02935240710cec94b761f2b89f301b1951b6d9ce0bc"
            ],
            "type": "Image",
            "firstPartyCookies": {},
            "firstPartyCookiesSent": {},
            "exampleSites": [
                "jamilacuisine.ro",
                "pastebin.com",
                "sparkbyexamples.com",
                "tecadmin.net",
                "techstory.in",
                "www.derivative-calculator.net",
                "www.eat-list.fr",
                "www.healthbenefitstimes.com",
                "www.nationmaster.com",
                "www.vintag.es",
                "xiaomifirmwareupdater.com"
            ]
        },
        {
            "rule": "pocpoc\\.io\\/v1\\/imp\\.jpeg",
            "cookies": 0,
            "fingerprinting": 0,
            "subdomains": [
                "px"
            ],
            "apis": {},
            "sites": 15,
            "prevalence": 0.000102,
            "cnames": [],
            "responseHashes": [
                "e3b0c44298fc1c149afbf4c8996fb92427ae41e4649b934ca495991b7852b855"
            ],
            "type": "Image",
            "firstPartyCookies": {},
            "firstPartyCookiesSent": {},
            "exampleSites": [
                "jamilacuisine.ro",
                "pastebin.com",
                "sparkbyexamples.com",
                "tecadmin.net",
                "techstory.in",
                "www.amusingplanet.com",
                "www.askdifference.com",
                "www.derivative-calculator.net",
                "www.eat-list.fr",
                "www.euston96.com",
                "www.healthbenefitstimes.com",
                "www.nationmaster.com",
                "www.tutsmake.com",
                "www.vintag.es",
                "xiaomifirmwareupdater.com"
            ]
        },
        {
            "rule": "pocpoc\\.io\\/v1\\/iv\\.jpeg",
            "cookies": 0,
            "fingerprinting": 0,
            "subdomains": [
                "px"
            ],
            "apis": {},
            "sites": 13,
            "prevalence": 0.0000881,
            "cnames": [],
            "responseHashes": [
                "e3b0c44298fc1c149afbf4c8996fb92427ae41e4649b934ca495991b7852b855"
            ],
            "type": "Image",
            "firstPartyCookies": {},
            "firstPartyCookiesSent": {},
            "exampleSites": [
                "jamilacuisine.ro",
                "pastebin.com",
                "sparkbyexamples.com",
                "tecadmin.net",
                "techstory.in",
                "www.askdifference.com",
                "www.derivative-calculator.net",
                "www.eat-list.fr",
                "www.euston96.com",
                "www.healthbenefitstimes.com",
                "www.nationmaster.com",
                "www.vintag.es",
                "xiaomifirmwareupdater.com"
            ]
        },
        {
            "rule": "pocpoc\\.io\\/images\\/15\\/445x250\\/1677834961908393_thumb_44642328756cfb5d976a5c0f0832d770\\.jpeg",
            "cookies": 0,
            "fingerprinting": 0,
            "subdomains": [
                "cdn"
            ],
            "apis": {},
            "sites": 2,
            "prevalence": 0.0000136,
            "cnames": [],
            "responseHashes": [
                "cca9e70313baee4ceaca0b27280f40b599e21dff86938d146c75adf0734f1de3"
            ],
            "type": "Image",
            "firstPartyCookies": {},
            "firstPartyCookiesSent": {},