{
    "domain": "pointmediatracker.com",
    "owner": {
        "name": "Bliss Point Media",
        "displayName": "Bliss Point"
    },
    "source": [
        "DuckDuckGo-US"
    ],
    "prevalence": 0.00121,
    "sites": 156,
    "subdomains": [
        "pixel",
        "pixel-petmeds"
    ],
    "cnames": [
        {
            "original": "bpm.1800petmeds.com",
            "resolved": "pixel-petmeds.pointmediatracker.com"
        }
    ],
    "fingerprinting": 0,
    "resources": [
        {
            "rule": "pointmediatracker\\.com\\/kpi",
            "cookies": 0.000636,
            "fingerprinting": 0,
            "subdomains": [
                "pixel",
                "pixel-petmeds"
            ],
            "apis": {},
            "sites": 84,
            "prevalence": 0.000651,
            "cnames": [
                {
                    "original": "bpm.1800petmeds.com",
                    "resolved": "pixel-petmeds.pointmediatracker.com"
                }
            ],
            "responseHashes": [
                "07383c96980710a04144e5a39ae59e7f9f74bcfd6462a6932ded48efe6d73bce"
            ],
            "type": "Image",
            "firstPartyCookies": {},
            "firstPartyCookiesSent": {
                "FPC": 0.0003566914541380086,
                "ottbpmfpc": 0.000007754162046478447,
                "ajs_anonymous_id": 0.000007754162046478447,
                "_ga": 0.000046524972278870686,
                "bpm_fpc": 0.000023262486139435343,
                "_savt": 0.000007754162046478447,
                "BP_GTM_FPC": 0.000015508324092956893,
                "BPMFPC": 0.000007754162046478447,
                "Cookie": 0.000007754162046478447,
                "BPM_FPC": 0.000007754162046478447,
                "BlissPointFPC": 0.000007754162046478447,
                "fpc": 0.000007754162046478447,
                "cookies.js_dtest": 0.000007754162046478447,
                "parsely_uuid": 0.000007754162046478447,
                "BPM FPC": 0.000007754162046478447,
                "blisspoint_fpc": 0.000007754162046478447
            },
            "exampleSites": [
                "www.edmunds.com",
                "mejuri.com",
                "www.everlane.com",
                "www.torrid.com",
                "www.equifax.com",
                "www.personalizationmall.com",
                "www.policygenius.com",
                "bloomscape.com",
                "verabradley.com",
                "bonobos.com",
                "www.on-running.com",
                "ruggable.com",
                "drsquatch.com",
                "www.drinktrade.com",
                "www.upstart.com",
                "poshmark.com",
                "www.1800petmeds.com",
                "casper.com",
                "www.factor75.com",
                "poshmark.ca"
            ]
        },
        {
            "rule": "pointmediatracker\\.com\\/kpi",
            "cookies": 0.0000233,
            "fingerprinting": 0,
            "subdomains": [
                "pixel"
            ],
            "apis": {},
            "sites": 3,
            "prevalence": 0.0000233,
            "cnames": [],
            "responseHashes": [
                "07383c96980710a04144e5a39ae59e7f9f74bcfd6462a6932ded48efe6d73bce"
            ],
            "type": "Fetch",
            "firstPartyCookies": {},
            "firstPartyCookiesSent": {},
            "exampleSites": [
                "analuisa.com",
                "www.analuisa.com",
                "www.onequince.com"
            ]
        }
    ],
    "categories": [],
    "performance": {},
    "cookies": 0.00119,
    "topInitiators": [
        {
            "domain": "googletagmanager.com",
            "prevalence": 0.8012048192771084
        },
        {
            "domain": "first party",
            "prevalence": 0.0963855421686747
        },
        {
            "domain": "tiqcdn.com",
            "prevalence": 0.04216867469879518
        },
        {
            "domain": "ensighten.com",
            "prevalence": 0.018072289156626505
        },
        {
            "domain": "transcend.io",
            "prevalence": 0.012048192771084338
        },
        {
            "domain": "wsimg.com",
            "prevalence": 0.012048192771084338
        },
        {
            "domain": "adobedtm.com",
            "prevalence": 0.012048192771084338
        },
        {
            "domain": "shopify.com",
            "prevalence": 0.006024096385542169
        }
    ],
    "types": {
        "Image": 84,
        "Fetch": 3
    },
    "nameservers": [
        "ns-1512.awsdns-61.org",
        "ns-1967.awsdns-53.co.uk",
        "ns-376.awsdns-47.com",
        "ns-632.awsdns-15.net"
    ]
}