{
    "domain": "pointmediatracker.com",
    "owner": {
        "name": "Bliss Point Media",
        "displayName": "Bliss Point"
    },
    "source": [
        "DuckDuckGo-US"
    ],
    "prevalence": 0.00114,
    "sites": 168,
    "subdomains": [
        "pixel",
        "pixel-petmeds"
    ],
    "cnames": [
        {
            "original": "bpm.1800petmeds.com",
            "resolved": "pixel-petmeds.pointmediatracker.com"
        }
    ],
    "fingerprinting": 0,
    "resources": [
        {
            "rule": "pointmediatracker\\.com\\/kpi",
            "cookies": 0.000617,
            "fingerprinting": 0,
            "subdomains": [
                "pixel",
                "pixel-petmeds"
            ],
            "apis": {},
            "sites": 91,
            "prevalence": 0.000617,
            "cnames": [
                {
                    "original": "bpm.1800petmeds.com",
                    "resolved": "pixel-petmeds.pointmediatracker.com"
                }
            ],
            "responseHashes": [
                "07383c96980710a04144e5a39ae59e7f9f74bcfd6462a6932ded48efe6d73bce",
                "e3b0c44298fc1c149afbf4c8996fb92427ae41e4649b934ca495991b7852b855"
            ],
            "type": "Image",
            "firstPartyCookies": {},
            "firstPartyCookiesSent": {
                "BP_GTM_FPC": 0.00002033195301963389,
                "FPC": 0.0003456432013337761,
                "ottbpmfpc": 0.000013554635346422592,
                "ajs_anonymous_id": 0.000013554635346422592,
                "_ga": 0.000033886588366056485,
                "bpm_fpc": 0.000013554635346422592,
                "_savt": 0.000013554635346422592,
                "BPMFPC": 0.000006777317673211296,
                "cookies.js": 0.000006777317673211296,
                "BPM_FPC": 0.000006777317673211296,
                "BlissPointFPC": 0.000006777317673211296,
                "cookies.js_dtest": 0.000006777317673211296,
                "parsely_uuid": 0.000006777317673211296,
                "ajs_user_id": 0.000006777317673211296,
                "fpc": 0.000006777317673211296,
                "BPM FPC": 0.000006777317673211296,
                "blisspoint_fpc": 0.000006777317673211296
            },
            "exampleSites": [
                "www.edmunds.com",
                "www.warbyparker.com",
                "www.huckberry.com",
                "www.functionofbeauty.com",
                "www.imvu.com",
                "getjerry.com",
                "blockfi.com",
                "www.1800flowers.com",
                "www.1800petmeds.com",
                "www.duolingo.com",
                "help.clickup.com",
                "tractive.com",
                "www.thredup.com",
                "casper.com",
                "www.rocketmoney.com",
                "www.masterclass.com",
                "www.zenbusiness.com",
                "www.newyorker.com",
                "fitonapp.com",
                "www.everlane.com"
            ]
        },
        {
            "rule": "pointmediatracker\\.com\\/kpi",
            "cookies": 0.0000136,
            "fingerprinting": 0,
            "subdomains": [
                "pixel"
            ],
            "apis": {},
            "sites": 2,
            "prevalence": 0.0000136,
            "cnames": [],
            "responseHashes": [],
            "type": "Fetch",
            "firstPartyCookies": {},
            "firstPartyCookiesSent": {},
            "exampleSites": [
                "onequince.com",
                "www.onequince.com"
            ]
        }
    ],
    "categories": [],
    "performance": {},
    "cookies": 0.00114,
    "topInitiators": [
        {
            "domain": "googletagmanager.com",
            "prevalence": 0.85
        },
        {
            "domain": "first party",
            "prevalence": 0.07222222222222222
        },
        {
            "domain": "tiqcdn.com",
            "prevalence": 0.027777777777777776
        },
        {
            "domain": "ensighten.com",
            "prevalence": 0.016666666666666666
        },
        {
            "domain": "transcend.io",
            "prevalence": 0.011111111111111112
        },
        {
            "domain": "wsimg.com",
            "prevalence": 0.011111111111111112
        },
        {
            "domain": "adobedtm.com",
            "prevalence": 0.011111111111111112
        }
    ],
    "types": {
        "Image": 91,
        "Fetch": 2
    },
    "nameservers": [
        "ns-1967.awsdns-53.co.uk",
        "ns-1512.awsdns-61.org",
        "ns-632.awsdns-15.net",
        "ns-376.awsdns-47.com"
    ]
}