{
    "domain": "programattik.com",
    "owner": {},
    "source": [
        "DuckDuckGo-US"
    ],
    "prevalence": 0.000199,
    "sites": 24,
    "subdomains": [
        "cpm",
        "rtb"
    ],
    "cnames": [],
    "fingerprinting": 0,
    "resources": [
        {
            "rule": "programattik\\.com\\/hb",
            "cookies": 0,
            "fingerprinting": 0,
            "subdomains": [
                "cpm"
            ],
            "apis": {},
            "sites": 14,
            "prevalence": 0.000116,
            "cnames": [],
            "responseHashes": [
                "38e82a6d9bbd573ab2b509bec5c7389b6d4459489842478fcf22b32a91315b5b",
                "659edc68f3451e14828388ae50a4b5e2682bea56875cc84e0b7bcce891c7a66a",
                "32fecdd8ffc9b2fd5b57b721cba25aa5f02ee3e8e95f85dda047e17801b01f70",
                "82a92d1bc8ece63bde0f214a1421467020684bf4623f2a42d0aa259e279857f0",
                "d8f282327c761b70c2122ca281324a07d294132e74fc5af30eb8478c9f07a5d7",
                "758bef59e3aa32923e42388304ac7727b45417bd077ac7ff394d773dd4aa54fa",
                "64696b0ea0421d577de8c4c10a599f96494ce9e0c038a05b847de37b889b25c3",
                "824563c55ff7e752e307e97d09802d917854adce5c0cc3aa153bed8239725f45",
                "56ab6d5c8cf3596fcda267a76b0639b582d425ac3c588e7f1930b2117db7f383",
                "e37d7daae246b4b0828993145fe59d959b8e3b0308a7533826e80202f19e0666",
                "cba810d056ee6a442ef25e8e3d6f74f38429c0db6f1776c37fc47d68f2866e03",
                "c830245e6a826845a5e57fc397d9c4ba7127cda43f0d66e656de43f59ecb26f7",
                "6fa92ddf0fbcb655fdbd23141b9af8fc89ddba7a6cfb8d5ec5d1d9a73783a72e"
            ],
            "type": "XHR",
            "firstPartyCookies": {},
            "firstPartyCookiesSent": {},
            "exampleSites": [
                "tureng.com",
                "www.anlami.net",
                "www.fanatik.com.tr",
                "www.gazetevatan.com",
                "www.haberler.com",
                "www.hurriyet.com.tr",
                "www.milliyet.com.tr",
                "www.nefisyemektarifleri.com",
                "www.odatv4.com",
                "www.posta.com.tr",
                "www.sondakika.com",
                "www.sporx.com",
                "www.technopat.net",
                "www.yenicaggazetesi.com.tr"
            ]
        },
        {
            "rule": "programattik\\.com\\/user-sync",
            "cookies": 0.0000166,
            "fingerprinting": 0,
            "subdomains": [
                "cpm"
            ],
            "apis": {},
            "sites": 2,
            "prevalence": 0.0000166,
            "cnames": [],
            "responseHashes": [
                "114fffb617ba550ff007b7f221cb095125c96d9069193ccef96251478765aaff"
            ],
            "type": "Document",
            "firstPartyCookies": {},
            "firstPartyCookiesSent": {},
            "exampleSites": [
                "haberler.com",
                "www.haberler.com"
            ]
        },
        {
            "rule": "programattik\\.com\\/user-sync",
            "cookies": 0,
            "fingerprinting": 0,
            "subdomains": [
                "rtb"
            ],
            "apis": {},
            "sites": 2,
            "prevalence": 0.0000166,
            "cnames": [],
            "responseHashes": [
                "1866961a029c65376fefb7f2ba1e6187e09ff50ea58d97dedfd72c197947d002"
            ],
            "type": "Image",
            "firstPartyCookies": {},
            "firstPartyCookiesSent": {},
            "exampleSites": [
                "haberler.com",
                "www.haberler.com"
            ]
        },
        {
            "rule": "programattik\\.com\\/user-synced",
            "cookies": 0.0000166,
            "fingerprinting": 0,
            "subdomains": [
                "cpm"
            ],
            "apis": {},
            "sites": 2,
            "prevalence": 0.0000166,
            "cnames": [],
            "responseHashes": [],
            "type": "Document",
            "firstPartyCookies": {},
            "firstPartyCookiesSent": {},
            "exampleSites": [
                "haberler.com",
                "www.haberler.com"
            ]
        }
    ],
    "categories": [],
    "performance": {},
    "cookies": 0.0000166,
    "topInitiators": [
        {
            "domain": "medyanetads.com",
            "prevalence": 0.46153846153846156
        },
        {
            "domain": "pixad.com.tr",
            "prevalence": 0.15384615384615385
        },
        {
            "domain": "admatic.com.tr",
            "prevalence": 0.11538461538461539
        },
        {
            "domain": "hbrcdn.com",
            "prevalence": 0.09615384615384616
        },
        {
            "domain": "virgul.com",
            "prevalence": 0.07692307692307693
        },
        {
            "domain": "first party",
            "prevalence": 0.057692307692307696
        },
        {
            "domain": "msecnd.net",
            "prevalence": 0.019230769230769232
        },
        {
            "domain": "adhouse.pro",
            "prevalence": 0.019230769230769232
        }
    ],
    "types": {
        "XHR": 14,
        "Document": 4,
        "Image": 2
    },
    "nameservers": [
        "ns1.turkticaret.net",
        "ns2.turkticaret.net"
    ]
}