{
    "domain": "protoawegw.com",
    "owner": {},
    "source": [
        "DuckDuckGo-US"
    ],
    "prevalence": 0.000574,
    "sites": 74,
    "subdomains": [
        "api-protected"
    ],
    "cnames": [],
    "fingerprinting": 0,
    "resources": [
        {
            "rule": "protoawegw\\.com\\/v2\\/player\\/performer\\/get",
            "cookies": 0,
            "fingerprinting": 0,
            "subdomains": [
                "api-protected"
            ],
            "apis": {},
            "sites": 45,
            "prevalence": 0.000349,
            "cnames": [],
            "responseHashes": [
                "f9656d11ea1794293b4e2772795bf785acacba757e57ee3ff18b56a03593cfe2",
                "7cfe5986f00271abcb159d585758afde85d9ea95ae200d690bc5feb47e9f12b2",
                "279c0a3624e08a032ba1216b369e2ff1aab389b223eb11bb52a535a3f5501b2e",
                "a5eca9fb23a48a9888e5212971e1adcde8dc1c2aca6246c4dc961a9182ec8d43",
                "2712c1229796351b85fb51660e19adda16397d0ac1304366830854f653df06fd",
                "f0e3b4a1206e0fe59f410023654584e86f1b833a380ac75837c1e9a5f6b7aceb",
                "d99a5625c00d753b89fb9d8efadd9118f57e8f9e363a399f7b2664075a2617ed",
                "afda58bd284e8feb831b20470e1357469259eaa3fcf538a856a0fee26cd02899",
                "6bd1aad2d068d184aa6adb7b27d25588e1bb77701034f56769f183ebb89222c5",
                "e18d4f119cd643f1a0295c329946f212776f78df3f34f85c95dca170b087437e",
                "cd01446efb4ec467d3ad0ba85c79ba91543a4a0933d48cee826b2fc7a076fd31",
                "998e27801832ef487d1da805b57197b6ac8a040822ae3cd0fb8c07df224c8160",
                "37359313a54ba1a79ab5dbff6b463f5c9c6e9b5da4edf150841fba4be02e95ed",
                "a2a561894b3d52f62e12a2405863ab5eabb7164a632cb211ab105fd86da5e51b",
                "df06ab99d19aee23ce8b445cfb14c48a9611b50d3269220e8824c25900f531d2",
                "ab46ad3e16349ed3e609d44fabca537d733a57a4a263456ad6911e45ee6ad40b",
                "14044d62bd338ac80112b8b0b162529bfce7859d13a599d9b94616fee8d66e7e",
                "9884c269cdc7ba26329377d032f46bb003ab1c2a4b8e49a702f7b8bbcf32b66c",
                "94ec80089f6a0d34a1d1262f02065761929668b227b21922ac98f70f3c751ea3",
                "7b9dcefb65677e865e0e1bbbf4192e374ea3701aabeffd2b5807a5dc845868f7",
                "ae72d1ade39604b1ca3b06154b121df51838b37d52d2039c83d39b99569bffda",
                "74efc4ae9dbb70465c8b8973912c6bf16f1a80bdacdb474aebe0c9b37eaf19a7",
                "641afb79547ff965a60e1174e94414b2cc0318ef1d3212fd3156a20f875e0ef2",
                "ac8f35c61921fbe6555abd378b2e8fe07e1a07e63b477177193ca79dac4d5792",
                "48a3fc3264aa7bb1c8d919892c1f4fbd1d757749b8d095c6f6825d30a7138f2b",
                "fdc1a4cc7b58273cba622433c6dc2ef209291009940367c78bc036b375f97913",
                "c3cfe6c33ef51c4dcd7877215f83ec2ca14e30c1444684ab25f0851b28dcf2f3",
                "e97aac6e64a8e96918cf0b04c42ca53f4b5076de6d207870d41d96558d6bc058",
                "87533c714d26123b85dfe3adb8cc2b249ca81aaec241299aa3555d1773161a7d",
                "f51c4c878afa88bfe39931dbd8082c0a52c77c551e27250fd937696b12689c62",
                "c4aff1982f62da1631d3dbca95447448122b0d3b63123e4550615490254d5ffe",
                "68d1755a2add6f03c1dfda8aef8d347c6dbb0f3152e86b0a49ce0642d7b605ce",
                "6aea8807389848563c87867ac09faf110611eac99e16f203f7f4137f47a597d0",
                "0bf4ca9d4317ffd72a351a42beaf051d0708cecf9b6bdeeb9b56be46dba8cf17",
                "ef174677dfb70ef12a9304b3854833d8a40a82ec4e26893734f0b67c934b0b12",
                "b729970b9cbcb823b19a76f7506f2ebc62f33706be0a4efecbfca8c97b6da116",
                "148d94fb64c51f93ce642ccd001c6d4d344b072c81244a6c30a63ec1e7c94370",
                "ba87d525f35f6ed7c64bc90e648826921d0dc0bf01a33cdf1a90effec9a2ef05",
                "3d93062143ab23729a1554f63a1a4c45b7369d4eba0aa09113068c0481348d2b",
                "7b5cfb4f00e2da2354dfc9d258094c0847099b17e07c567d8e39de1508c065f3",
                "bd65670469e2644db2d97ddbb57ea38ff9826537c631fe84ef7e6e770361a5b2",
                "b5d91a5e90bbb0fefa78104feb0e06fd314a1473d14630bf808f826886098311"
            ],
            "type": "Fetch",
            "firstPartyCookies": {},
            "firstPartyCookiesSent": {},
            "exampleSites": [
                "m.tnaflix.com",
                "jezebelcams.com",
                "www.famousboard.com",
                "www.3movs.xxx",
                "www.boundhub.com",
                "www.shemalewiki.com",
                "www.camsexvideo.net",
                "www.pornhat.com",
                "sexanimalvideos.com",
                "www.faproulette.co",
                "sissyhypno.org",
                "max.porn",
                "celeb-stalker.com",
                "m.perfectgirls.net",
                "www.empflix.com",
                "www.spankingtube.com",
                "fr.perfectgirls.net",
                "ok.porn",
                "cumfacegenerator.com",
                "fivestarladies.com"
            ]
        },
        {
            "rule": "protoawegw\\.com\\/v2\\/player\\/performer\\/search",
            "cookies": 0,
            "fingerprinting": 0,
            "subdomains": [
                "api-protected"
            ],
            "apis": {},
            "sites": 32,
            "prevalence": 0.000248,
            "cnames": [],