{
    "domain": "protoawegw.com",
    "owner": {},
    "source": [
        "DuckDuckGo-US"
    ],
    "prevalence": 0.000203,
    "sites": 30,
    "subdomains": [
        "api-protected"
    ],
    "cnames": [],
    "fingerprinting": 0,
    "resources": [
        {
            "rule": "protoawegw\\.com\\/v2\\/player\\/performer\\/get",
            "cookies": 0,
            "fingerprinting": 0,
            "subdomains": [
                "api-protected"
            ],
            "apis": {},
            "sites": 20,
            "prevalence": 0.000135,
            "cnames": [],
            "responseHashes": [
                "1860b5f7d0f67af8c0c1630336210b48b16c28ac04801ae5d6e41f26d4918f9c",
                "632cc6028dda96338cca78382f0a2d8d25088c7ef7ed2793fe2eff7da18eaad5",
                "a208294faa9121726c5c34b61686df91175f13ec21ccf9d4a79213f7941b9db3",
                "db06ee7de407be997e98c1a229df572a2b7419fc82b2d6ffc8c55b94397f5fc7",
                "5b8ecb4906bff9287b462617d77eafa9c91310202ad8b16445da9d401c93d6c7",
                "a2a991a6056717321a9f336a210083b4831f95b13cf2bf3d1c086ae66a7cdfef",
                "b10648ffe95b640f70a960d36b09d1bbc120de55bba0f3d99b7f26badefa9111",
                "64e0b4f87655bbfd68ce2462da8d05b14e4d20e4fb6ca319551be0872122b685",
                "34e5c25b23d44cd3072a809b550bde729427fd39dd012d651ad3d033ba127c68",
                "2b76cc59ac7355bab6bec41ca7ba6078609edcb8a86653f7b2722330956e3b97",
                "16a8240dd742a13422ea9ce85853d331a1ba0df210942979f770a58fcc41e6aa",
                "af45970cc784f6663bcb640b22d6f4cf1442dd8fa16794b39838f38283b935f7",
                "9b35fed0b3ff5a27c722af47184cf3823d7fd049251cf84b7e00b239962ffe55",
                "0872fb5729638257a5bbd65935a92ea46349a51e6b4fba47f43dc93de07ee48e",
                "07d4cb21d7fee2f1046e9ec9777029b48718d8ea2bc5d065259852740b2d7a2d",
                "cca4dbba24728820f78cafeb42cb03ba5a90472decda2d9fe2ab1fd2f1e10acc",
                "a879696a29c517fbe817ca282a4efb1009af8a3de34de5b8243f89ef2f7c88b7",
                "f0deb9af4cb7d828c47f352779dca3d15452fed05bfe672ae882915cf704a16f",
                "ea9c9c2c6f10736d9549d38c8ad18e1ebfb7ef03faa5002a1bbd16a9bf34264c"
            ],
            "type": "Fetch",
            "firstPartyCookies": {},
            "firstPartyCookiesSent": {},
            "exampleSites": [
                "celeb-stalker.com",
                "hiddenmassagesex.com",
                "jezebelcams.com",
                "sexmix.net",
                "taboosex.club",
                "thotbay.org",
                "v1.intporn.com",
                "webcam-amateurs.com",
                "www.boundhub.com",
                "www.camsexvideo.net",
                "www.famousboard.com",
                "www.fapcat.com",
                "www.faproulette.co",
                "www.incestflix.com",
                "www.incestflix.org",
                "www.mansurfer.com",
                "www.newzealandgirls.co.nz",
                "www.shemalewiki.com",
                "www.specialteensx.com",
                "youngtube.mobie.in"
            ]
        },
        {
            "rule": "protoawegw\\.com\\/v2\\/player\\/performer\\/search",
            "cookies": 0,
            "fingerprinting": 0,
            "subdomains": [
                "api-protected"
            ],
            "apis": {},
            "sites": 3,
            "prevalence": 0.0000203,
            "cnames": [],
            "responseHashes": [
                "3c222660160e59bade855b65a30d515f1fad9349ecf392dae0736d8067c765b8",
                "8209bdb76d8d3e4507da4a734959fedba3f8c82b38c7caa0062ccb0af1d4e11b"
            ],
            "type": "Fetch",
            "firstPartyCookies": {},
            "firstPartyCookiesSent": {},
            "exampleSites": [
                "thotbay.org",
                "v1.intporn.com",
                "webcam-amateurs.com"
            ]
        }
    ],
    "categories": [],
    "performance": {},
    "cookies": 0,
    "topInitiators": [
        {
            "domain": "ptwmstcnt.com",
            "prevalence": 0.9827586206896551
        },
        {
            "domain": "jsmsat.com",
            "prevalence": 0.017241379310344827
        }
    ],
    "types": {
        "Fetch": 23
    },
    "nameservers": [
        "ns1.eurodns.com",
        "ns2.eurodns.com",
        "ns3.eurodns.com",
        "ns4.eurodns.com"
    ]
}