{
    "domain": "provesrc.com",
    "owner": {},
    "source": [
        "DuckDuckGo-US"
    ],
    "prevalence": 0.000116,
    "sites": 15,
    "subdomains": [
        "cdn",
        "client-api"
    ],
    "cnames": [],
    "fingerprinting": 1,
    "resources": [
        {
            "rule": "provesrc\\.com\\/provesrc\\.js",
            "cookies": 0.0000543,
            "fingerprinting": 1,
            "subdomains": [
                "cdn"
            ],
            "apis": {
                "Document.cookie getter": 7,
                "window.localStorage": 8,
                "Date.prototype.getTime": 8,
                "window.sessionStorage": 6,
                "Navigator.prototype.userAgent": 8,
                "Document.cookie setter": 7
            },
            "sites": 8,
            "prevalence": 0.000062,
            "cnames": [],
            "responseHashes": [
                "ec83c02f9787a9f282a49865b9efe284e9d476caf69925139cd95264c34037ad"
            ],
            "type": "Script",
            "firstPartyCookies": {
                "psuid": {
                    "ttl": 218144690,
                    "length": 36,
                    "prevalence": 0.000046524972278870686,
                    "uniqueness": 1
                },
                "ps5bc7e650b319260a6c162244": {
                    "ttl": 526393,
                    "length": 19,
                    "prevalence": 0.000007754162046478447,
                    "uniqueness": 1
                },
                "ps5c77f6916f75591130a2b7dc": {
                    "ttl": 125896,
                    "length": 19,
                    "prevalence": 0.000007754162046478447,
                    "uniqueness": 1
                },
                "ps62e20a007c00070e12868931": {
                    "ttl": 1067071,
                    "length": 18,
                    "prevalence": 0.000007754162046478447,
                    "uniqueness": 1
                },
                "ps5baca49ec0c22049bc8fea1f": {
                    "ttl": 2403890,
                    "length": 18,
                    "prevalence": 0.000007754162046478447,
                    "uniqueness": 1
                },
                "ps5d12681df5056e361c173782": {
                    "ttl": 591333,
                    "length": 18,
                    "prevalence": 0.000007754162046478447,
                    "uniqueness": 1
                },
                "ps5c7d24ed6d66d14f8e4f9e14": {
                    "ttl": 1013279,
                    "length": 18,
                    "prevalence": 0.000007754162046478447,
                    "uniqueness": 1
                },
                "ps-goals": {
                    "ttl": null,
                    "length": 138,
                    "prevalence": 0.000007754162046478447,
                    "uniqueness": 1
                }
            },
            "firstPartyCookiesSent": {},
            "exampleSites": [
                "cptsdfoundation.org",
                "snov.io",
                "tasmania.com",
                "www.hustlers.university",
                "www.ratedpeople.com",
                "www.sellyourmac.com",
                "www.springwellwater.com",
                "www.volunteerworld.com"
            ]
        },
        {
            "rule": "provesrc\\.com\\/account\\/configuration",
            "cookies": 0.0000543,
            "fingerprinting": 0,
            "subdomains": [
                "client-api"
            ],
            "apis": {},
            "sites": 7,
            "prevalence": 0.0000543,
            "cnames": [],
            "responseHashes": [
                "0f31ffde3273171bc25acc3e20d65a25bfcab205b2a6811b7e74fdc1537e0d68",
                "2510da3727a75aa204a4a763d8fd87fcc9f3a44e84c99c10bce9b64678378408",
                "aeb4ad0e061505c2d1dd6f7528e3c5e6897cac71024044a8f985238b4b62ed37",
                "8b15184d4b8a6e3bbb7d852ca0e60edf756c1ea1ec9e2cd0bccef178ac6b6fe0",
                "abfd10485153f33ecda53866c853d158522b11a3613300d517af9e728f9d08b5",
                "d067d63a91ac3a8d4f375a8256cc13a8ad78afdc2e74894d34f5d751ebfa4d15"
            ],
            "type": "Fetch",
            "firstPartyCookies": {},
            "firstPartyCookiesSent": {},
            "exampleSites": [
                "cptsdfoundation.org",
                "snov.io",
                "www.hustlers.university",
                "www.ratedpeople.com",
                "www.sellyourmac.com",
                "www.springwellwater.com",
                "www.volunteerworld.com"
            ]
        },
        {
            "rule": "provesrc\\.com\\/account\\/configuration",
            "cookies": 0,
            "fingerprinting": 0,
            "subdomains": [
                "client-api"
            ],
            "apis": {},
            "sites": 8,
            "prevalence": 0.000062,
            "cnames": [],
            "responseHashes": [],
            "type": "Preflight",
            "firstPartyCookies": {},
            "firstPartyCookiesSent": {},
            "exampleSites": [
                "cptsdfoundation.org",
                "snov.io",
                "tasmania.com",
                "www.hustlers.university",
                "www.ratedpeople.com",
                "www.sellyourmac.com",
                "www.springwellwater.com",
                "www.volunteerworld.com"
            ]
        },
        {
            "rule": "provesrc\\.com\\/notifications\\/get",
            "cookies": 0,
            "fingerprinting": 0,
            "subdomains": [
                "client-api"
            ],
            "apis": {},
            "sites": 6,
            "prevalence": 0.0000465,
            "cnames": [],
            "responseHashes": [],
            "type": "Preflight",
            "firstPartyCookies": {},
            "firstPartyCookiesSent": {},
            "exampleSites": [
                "hustlers.university",
                "www.hustlers.university",
                "www.ratedpeople.com",
                "www.sellyourmac.com",
                "www.springwellwater.com",
                "www.volunteerworld.com"
            ]
        },
        {
            "rule": "provesrc\\.com\\/notifications\\/get",
            "cookies": 0,
            "fingerprinting": 0,
            "subdomains": [
                "client-api"
            ],
            "apis": {},
            "sites": 6,
            "prevalence": 0.0000465,
            "cnames": [],
            "responseHashes": [
                "73db86a9285d2f917a18a39f0b5d4e3e8190cef08077802fd569777e49dfe4cd",
                "4f53cda18c2baa0c0354bb5f9a3ecbe5ed12ab4d8e11ba873c2f11161202b945",
                "6b1349f7569c51824599c52572e3304efa6205284036a21a6d3a864de455b57d"
            ],
            "type": "Fetch",
            "firstPartyCookies": {},
            "firstPartyCookiesSent": {},
            "exampleSites": [
                "hustlers.university",
                "www.hustlers.university",
                "www.ratedpeople.com",
                "www.sellyourmac.com",
                "www.springwellwater.com",
                "www.volunteerworld.com"
            ]
        },
        {
            "rule": "provesrc\\.com\\/notifications\\/analytics",
            "cookies": 0,
            "fingerprinting": 0,
            "subdomains": [
                "client-api"
            ],
            "apis": {},
            "sites": 5,
            "prevalence": 0.0000388,
            "cnames": [],
            "responseHashes": [],
            "type": "Preflight",
            "firstPartyCookies": {},
            "firstPartyCookiesSent": {},
            "exampleSites": [
                "hustlers.university",
                "www.hustlers.university",
                "www.sellyourmac.com",
                "www.springwellwater.com",
                "www.volunteerworld.com"
            ]
        },
        {
            "rule": "provesrc\\.com\\/notifications\\/analytics",
            "cookies": 0,