{
    "domain": "ptgncdn.com",
    "owner": {},
    "source": [
        "DuckDuckGo-US"
    ],
    "prevalence": 0.000323,
    "sites": 39,
    "subdomains": [
        "deliver"
    ],
    "cnames": [],
    "fingerprinting": 2,
    "resources": [
        {
            "rule": "ptgncdn\\.com\\/5a47a834\\.js",
            "cookies": 0.000166,
            "fingerprinting": 2,
            "subdomains": [
                "deliver"
            ],
            "apis": {
                "Date.prototype.getTimezoneOffset": 20,
                "Date.prototype.getTime": 20,
                "window.localStorage": 20,
                "Screen.prototype.width": 16,
                "Screen.prototype.height": 16,
                "Navigator.prototype.userAgent": 19,
                "Screen.prototype.colorDepth": 16,
                "window.sessionStorage": 16,
                "Navigator.prototype.plugins": 7
            },
            "sites": 20,
            "prevalence": 0.000166,
            "cnames": [],
            "responseHashes": [
                "fd0777b650928a4323e6e05be6771c8dfe2d1785b1fb91ae7f2b4401d79e3f99",
                "659bb36570d02af00472bb3808e8623e9e9efea23841a2d755eec52d5b435d55",
                "b280a1faba74daa3187755c027b419fd9789292107c772dde8e032f2b62c9590",
                "3210aed00a9a990665f3ae6f2530440386a5b6611bddcf75e3a9d3e989a0062b",
                "7d81a0aa1a5794b8e5eab47a196166422426bbf31fe144bc31594ae9ebb11531",
                "953c2d134fc21e473648ae98692057bbacad927fa3de4e9b3b61e6e903e415ea",
                "633774ba158d79e0fbce7dcd13441812513b241f87cfdbcbbe8ae371f4175fa3",
                "02d1e0caa069d784627b145f2a426cc5d32850e92519307726c3c6730566590b",
                "05aaceb3b6e94c31fb0737de380fa0eeeb4f8232b7d86bcb756ca61b62846ad0",
                "fc468d74aa0f96f7e604dccaed95fc0fadeb140408683d939811e10afb4537c4",
                "907335e4a23560380880c9175c776be4c82bf774f5162da456b8c209480eab38",
                "85004aebc7ab88e8802f765ae6050783b014ef3fb03b3faddf1dad4a32a7bf46"
            ],
            "type": "Script",
            "firstPartyCookies": {},
            "firstPartyCookiesSent": {},
            "exampleSites": [
                "spankbang.com",
                "br.spankbang.com",
                "de.spankbang.com",
                "es.spankbang.com",
                "fr.spankbang.com",
                "id.spankbang.com",
                "it.spankbang.com",
                "jp.spankbang.com",
                "la.spankbang.com",
                "m.spankbang.com",
                "ms.spankbang.com",
                "nl.spankbang.com",
                "pl.spankbang.com",
                "pt.spankbang.com",
                "ru.spankbang.com",
                "se.spankbang.com",
                "spankbang.name",
                "spankbang.party",
                "spankbang.porn",
                "th.spankbang.com"
            ]
        },
        {
            "rule": "ptgncdn\\.com\\/cbdec",
            "cookies": 0.0000829,
            "fingerprinting": 0,
            "subdomains": [
                "deliver"
            ],
            "apis": {},
            "sites": 20,
            "prevalence": 0.000166,
            "cnames": [],
            "responseHashes": [
                "bd82ece385c30beeafa306a5512ee84ceb7b05b6e608fad1425e9381bb75764a",
                "9c4cf922e06f82798a2f84af8d581b0eae3bb35773403efe735303e179eeee07",
                "045bddfb2303fc258379e9dc1e22539fa851437857b9382ccdc4094e13e263a4",
                "72a7f13e89bc8fd8876ff08e5d31964d7784cfba6d599cf62e29a07bc0f1eec9",
                "a650a747a32b942e4f61bae2168e7f938356da902082c788fbae5200ad14eaba",
                "14d798b0f5f05ba8e0016cd8a6bff997bd4b25c2eb4ab4b8f313d1f8f5c638f4",
                "c6fdc6afdfd921e6d7af47e9f7506a7eb5708d22785b41077956ac6ea2183ecf",
                "cd8665f3d8f9b69b7d2f6e346cd6e871ec373126d7c9bc85941f1dcb245904b6",
                "efd77740c9106e19faed62fe160f4120b6c2a88e06412563527765fbc23535d9",
                "0023d2d22c127ac94cc0e4665043dd5823d78e037844df8b6deaac9714192def",
                "5c575a850bace18077a9ad8bc973dae7d2947f92e3ccef53ce4c2a33744d3c1e",
                "9809842dff48751ce0219b2569add2a804ba4d8088121701c59e6b4c20ee4399",
                "126a6799d60090f2e8465b8d8187e05893a4d7f5fc6eaaf7b8231f6502172169",
                "101322ed0567c70d852ee60fe85c3983d55cf940a20cdfaa1c0e141e0f71ab76",
                "7498582fc539705462b55b48357908289175827e204554ce7f74fe5fad048428",
                "bd31dac925bfecddfd5b75012c8b3f295db4de29440912ce92791ba4a9e59889",
                "f90a610287ca006be5447532b7a30c84738c0e1609e7e22cb56cea4ce3cad924"
            ],
            "type": "Document",
            "firstPartyCookies": {},
            "firstPartyCookiesSent": {},
            "exampleSites": [
                "spankbang.com",
                "br.spankbang.com",
                "de.spankbang.com",
                "es.spankbang.com",
                "fr.spankbang.com",
                "id.spankbang.com",
                "it.spankbang.com",
                "jp.spankbang.com",
                "la.spankbang.com",
                "m.spankbang.com",
                "ms.spankbang.com",
                "nl.spankbang.com",
                "pl.spankbang.com",
                "pt.spankbang.com",
                "ru.spankbang.com",
                "se.spankbang.com",
                "spankbang.name",
                "spankbang.party",
                "spankbang.porn",
                "th.spankbang.com"
            ]
        },
        {
            "rule": "ptgncdn\\.com\\/cbdec-api-v3",
            "cookies": 0.0000498,
            "fingerprinting": 0,
            "subdomains": [
                "deliver"
            ],
            "apis": {},
            "sites": 6,
            "prevalence": 0.0000498,
            "cnames": [],
            "responseHashes": [
                "6166eedcd894fd6301ec68a100a73be4ffa197c610455e69219a2eaad7a01301",
                "9d8d7cd651e2119e07e0abdcb893477b45dee6b85e8dd8b4c62ecbf9b90f634c",
                "0958f6d0749166ab3917b0c062576f609daa694c9a642531aa1902851aba7dd8",
                "a3c5349bd44cd225b3b33a10956bad8606e30018d63c162224338d0ee8f5fe32",
                "e3748f207d61f2a3c9249e7baa463b522ac3b99391637d58fcc8ddea1ab6e3ab"
            ],
            "type": "XHR",
            "firstPartyCookies": {},
            "firstPartyCookiesSent": {},
            "exampleSites": [
                "spankbang.com",
                "es.spankbang.com",
                "fr.spankbang.com",
                "la.spankbang.com",
                "nl.spankbang.com",
                "se.spankbang.com"
            ]
        },
        {
            "rule": "ptgncdn\\.com\\/zTfUZpHGLP3rrFFR6yCAn3LU9umAe9NOp4orpcIewT-E58aVhQLoOeHYwYiXpzFh5IqFicl_oSWpFydEKQqcqnqJALT7AdrY",
            "cookies": 0.000058,
            "fingerprinting": 0,
            "subdomains": [
                "deliver"
            ],
            "apis": {},
            "sites": 7,
            "prevalence": 0.000058,
            "cnames": [],
            "responseHashes": [
                "8034a6c718e1851d82188e8937f42d75cdbf5ad329fd4d53a4c88dcc6b232214",
                "11f32cf367a5aed79e54af07f11cf636724676bc18953bad92efb738bc2d3709",
                "201f56771471430e1cf5f562e320f685a5d27c3a0ce310750b3cc34586710a51",
                "b49d6c86c667315427305dd365f14e770f8c5512c0df7273e3a6c4adaa16cce6",
                "51858de5a23883801ba84becae72d404fd8cda576ef1fc8b8548faf31ac2261f"
            ],
            "type": "XHR",
            "firstPartyCookies": {},
            "firstPartyCookiesSent": {},