{
    "domain": "qualified.com",
    "owner": {},
    "source": [
        "DuckDuckGo-US"
    ],
    "prevalence": 0.000345,
    "sites": 51,
    "subdomains": [
        "js",
        "ws"
    ],
    "cnames": [],
    "fingerprinting": 2,
    "resources": [
        {
            "rule": "qualified\\.com\\/qualified\\.js",
            "cookies": 0.000169,
            "fingerprinting": 1,
            "subdomains": [
                "js"
            ],
            "apis": {
                "Navigator.prototype.userAgent": 26,
                "Intl.DateTimeFormat.prototype.resolvedOptions": 27,
                "Document.cookie getter": 26,
                "Document.cookie setter": 25,
                "Date.prototype.getTime": 27
            },
            "sites": 29,
            "prevalence": 0.000196,
            "cnames": [],
            "responseHashes": [
                "3e246017d41f0bb1c1950f81dd01eaf4e5892ddfadecea4fc6e1fb76e754030d",
                "3435aeb6cccba8554eaa3f1131c4531b2a5ca7af59dba7bd9228b4f43386d590",
                "32ceead72536979269834a1b9e12c220b3ea0dd81c8d3c6b0a571f843b1bd44a",
                "9d554922e6718caa6b6f8692d79ed0f9cc41c9ad47c7cb6dab92d5a9b499955d",
                "b18d86896c894fade24d819d5f1052fe4b573add33079b539f5b4f5e13f51177",
                "cb11a83c5d1ed85eca7b4c06fe4e99222aa64b871850f961135bc4e5d6b5df4e",
                "e6b13789434ecfcba456fd33075bc8328117d156370917adda198f455a7f929a",
                "b5ddc8a9d327b5d9b2b71e909def0de2ef08a11f77f58fad41ecc65c16cee995",
                "025e03932207bda10bf2dd7c1b4146cacee6a2ac34047d0b3341d8dd0a99799b",
                "119b6e0fb3fc43bc2d0219ff8265acf4940356977fb376ec2265306da4c44756",
                "8b33f69fa2778ba7cadb7d93a187f0dd5568c6a17c7edacc3d74b84674b30efd",
                "ce87775c1e7c2fd33e1b32a95f0759607cfe4c89f96e456a4cd00e4218c985ff",
                "006481014e0f09d3d29d86ebaa5ac28b1738836df2b6d9546b4f706c91749160",
                "c00edc214ce6b53d4ad2dd0186a78f3e8e160502e853f51a507c82e5a2be0b32",
                "e4cb165639764869b6ee80a5f8d9d0fde06d1c391b02b28125fe93b9d8134f63",
                "4f89d0281c569d88810b62e37d8720b38e6dd8f7d5f9190eba7e2f8e2f04bab3",
                "335b4f88fb6c1e69fedcf6280d9cfdaf96363213cdd0e89250e2a97f09305d25",
                "d3118c95b810e407b476f601d38f70ff1d3d857d666987a066907cad379c7262",
                "09672ff1efdcb8cd31faec41a9a99b1daf21246357876969cfe378c77e3a5b7c",
                "1e154bbbe41aff8abb9b88c7eee0e7f104ff8ea97670c08e91c21adc22884ef6",
                "a80d10acc116530f467e44e9868a2c6c906d96081bc2d8f49fc8f0d489e03ffe",
                "605492fbea1936b281722b9107b6d803b93c5bac8996d05add37a37add3482f7",
                "140c8155c00706773ec011bf1d0eec77bb8b5eb090e05eacf972fa977341705c",
                "dec0270b873065081e750fb67cf5d88b42290e9d1416a958961fe086bae0d42c",
                "6fd2583509f756b97d70c2a4564de46b52d65efd7d2a743dc3d0457597b7b604"
            ],
            "type": "Script",
            "firstPartyCookies": {
                "__q_state_GGMDJ3ggUAAbPTXz": {
                    "ttl": 315360008,
                    "length": 100,
                    "prevalence": 0.0000067723606417488944,
                    "uniqueness": 1
                },
                "__q_state_kVsi41Wf6jpT71mB": {
                    "ttl": 315360001,
                    "length": 99,
                    "prevalence": 0.0000067723606417488944,
                    "uniqueness": 1
                },
                "__q_state_2qYJ2dzsqrwWZnjR": {
                    "ttl": 315360008,
                    "length": 102,
                    "prevalence": 0.0000067723606417488944,
                    "uniqueness": 1
                },
                "__q_state_GWPbwWJLtjykim4W": {
                    "ttl": 315360000,
                    "length": 106,
                    "prevalence": 0.0000067723606417488944,
                    "uniqueness": 1
                },
                "__q_state_SKqQ8nnADD22cAnc": {
                    "ttl": 315360004,
                    "length": 100,
                    "prevalence": 0.000013544721283497789,
                    "uniqueness": 1
                },
                "__q_state_mdpGqx2V2oJXA51Q": {
                    "ttl": 315360000,
                    "length": 110,
                    "prevalence": 0.0000067723606417488944,
                    "uniqueness": 1
                },
                "__q_state_FFqmhCUUwBbiAUQe": {
                    "ttl": 315360001,
                    "length": 99,
                    "prevalence": 0.0000067723606417488944,
                    "uniqueness": 1
                },
                "__q_state_L7VQ8cN31TRnP5Jw": {
                    "ttl": 315360005,
                    "length": 100,
                    "prevalence": 0.0000067723606417488944,
                    "uniqueness": 1
                },
                "__q_state_LbVXn1ec37MJMdaY": {
                    "ttl": 315360002,
                    "length": 110,
                    "prevalence": 0.0000067723606417488944,
                    "uniqueness": 1
                },
                "__q_state_5dKaepxMpCC7Nc4y": {
                    "ttl": 315360016,
                    "length": 112,
                    "prevalence": 0.0000067723606417488944,
                    "uniqueness": 1
                },
                "__q_state_DtHY5Nh73qQ5jPtj": {
                    "ttl": 315360003,
                    "length": 106,
                    "prevalence": 0.0000067723606417488944,
                    "uniqueness": 1
                },
                "__q_state_CWQA3q9CaEKHNF2t": {
                    "ttl": 315360002,
                    "length": 104,
                    "prevalence": 0.0000067723606417488944,
                    "uniqueness": 1
                },
                "__q_state_rjUDMX3UdWjunyWG": {
                    "ttl": 315360001,
                    "length": 104,
                    "prevalence": 0.0000067723606417488944,
                    "uniqueness": 1
                },
                "__q_state_ajAThxcaogd4A5og": {
                    "ttl": 315360000,
                    "length": 104,
                    "prevalence": 0.0000067723606417488944,
                    "uniqueness": 1
                },
                "__q_state_w3xYYhgyKv4ngYra": {
                    "ttl": 315360003,
                    "length": 98,
                    "prevalence": 0.0000067723606417488944,
                    "uniqueness": 1
                },
                "__q_state_ZmUVticjuuprF56R": {
                    "ttl": 315360009,
                    "length": 104,
                    "prevalence": 0.0000067723606417488944,
                    "uniqueness": 1
                },
                "__q_state_ZQoyHXFTqngPcfcB": {
                    "ttl": 315360001,
                    "length": 107,
                    "prevalence": 0.0000067723606417488944,
                    "uniqueness": 1
                },
                "__q_state_9u7uiM39FyWVMWQF": {
                    "ttl": 315360003,
                    "length": 106,
                    "prevalence": 0.0000067723606417488944,
                    "uniqueness": 1
                },
                "__q_state_gENo5PdgCpoQrHDm": {
                    "ttl": 315360004,
                    "length": 100,
                    "prevalence": 0.0000067723606417488944,
                    "uniqueness": 1
                },
                "__q_state_A18yWcFkZ54r64fk": {
                    "ttl": 315360001,
                    "length": 100,
                    "prevalence": 0.0000067723606417488944,
                    "uniqueness": 1
                },
                "__q_state_nURZ19iRbY6McYk3": {
                    "ttl": 315360016,
                    "length": 99,
                    "prevalence": 0.0000067723606417488944,
                    "uniqueness": 1
                },