{
    "domain": "r-ad.ne.jp",
    "owner": {},
    "source": [
        "DuckDuckGo-US"
    ],
    "prevalence": 0.000128,
    "sites": 19,
    "subdomains": [
        "tm",
        "s9",
        "cs",
        "bk"
    ],
    "cnames": [],
    "fingerprinting": 1,
    "resources": [
        {
            "rule": "r-ad\\.ne\\.jp\\/58\\/default\\.js",
            "cookies": 0.0000135,
            "fingerprinting": 1,
            "subdomains": [
                "tm"
            ],
            "apis": {
                "Document.cookie getter": 2,
                "Document.cookie setter": 2
            },
            "sites": 2,
            "prevalence": 0.0000135,
            "cnames": [],
            "responseHashes": [
                "d9a14197bd1b54bd37c8185150463ef7cdb89352f4bf873f0286731c83aa235a"
            ],
            "type": "Script",
            "firstPartyCookies": {
                "r_ad_token1": {
                    "ttl": 15552007,
                    "length": 20,
                    "prevalence": 0.000013515887926257316,
                    "uniqueness": 1
                },
                "r_ad_token2": {
                    "ttl": 15552007,
                    "length": 20,
                    "prevalence": 0.000013515887926257316,
                    "uniqueness": 1
                }
            },
            "firstPartyCookiesSent": {},
            "exampleSites": [
                "hotpepper.jp",
                "beauty.hotpepper.jp"
            ]
        },
        {
            "rule": "r-ad\\.ne\\.jp\\/cv",
            "cookies": 0.0000811,
            "fingerprinting": 0,
            "subdomains": [
                "tm"
            ],
            "apis": {},
            "sites": 12,
            "prevalence": 0.0000811,
            "cnames": [],
            "responseHashes": [
                "4005566b0c01b46b627589e0621ad8dbda235712f32aabd81201703ad5578947",
                "17637a0a8a3d33eb3c49f6c7dcd6ccff75e809d36140e8324e98ed76ca557031",
                "2d092bdbe66724db2c6c5d30975377be0631fffa1015c245c4d7b5f6893dd8c5",
                "30104beeb2b2dc1a3ab7ac48fce57f19e2f2c51b1f5038474fd8e473dfa216f3",
                "454bb4265196c7d9ad243a0a8c4bcd6af58fd98f5f4abc732c4cce2f84083718",
                "7c0740fd38dfcb1356be6cc8e233d59c7611d15562bc81fe9f86d10d0b193c67",
                "dfc7190b46908495b5f27cbe9d1c0ae95148fdc3c24fadf6971deb3a580d764f",
                "1e4805f5baddc09d46da6bc4f9522f1316909fe6a9bd83c38a068fd0b6df4b59",
                "4f091d026780ab65ca7cf3549752ad226ce72b0b77975dd94e8e9c5fbce594e6",
                "bc308ee56064ffc8df364539f23ab4c956408fcefbb0ef994515e5fb4d67f6e1",
                "f8822edc7e292e0247c3a92d789dde572b52c6970a0bff9217d9653a4c0856bc"
            ],
            "type": "Script",
            "firstPartyCookies": {},
            "firstPartyCookiesSent": {},
            "exampleSites": [
                "hotpepper.jp",
                "beauty.hotpepper.jp",
                "next.rikunabi.com",
                "shingakunet.com",
                "suumo.jp",
                "www.carsensor.net",
                "www.hotpepper.jp",
                "www.jalan.net",
                "www.sogo-seibu.jp",
                "www.topvalu.net",
                "www.workman.co.jp",
                "zexy.net"
            ]
        },
        {
            "rule": "r-ad\\.ne\\.jp\\/json",
            "cookies": 0.000027,
            "fingerprinting": 0,
            "subdomains": [
                "s9"
            ],
            "apis": {},
            "sites": 4,
            "prevalence": 0.000027,
            "cnames": [],
            "responseHashes": [
                "1f22870ff223c445feabec34f53a1d6f61c875f6a782ac817005c6e0d4567275",
                "4f53cda18c2baa0c0354bb5f9a3ecbe5ed12ab4d8e11ba873c2f11161202b945",
                "f5847019279857a278e9a4250904051a5716fad71a377c9132f49ff4f86bc7cb"
            ],
            "type": "XHR",
            "firstPartyCookies": {},
            "firstPartyCookiesSent": {
                "r_ad_token1": 0.000006757943963128658,
                "r_ad_token2": 0.000006757943963128658
            },
            "exampleSites": [
                "hotpepper.jp",
                "beauty.hotpepper.jp",
                "shingakunet.com",
                "www.jalan.net"
            ]
        },
        {
            "rule": "r-ad\\.ne\\.jp\\/ics",
            "cookies": 0.0000135,
            "fingerprinting": 0,
            "subdomains": [
                "cs"
            ],
            "apis": {},
            "sites": 4,
            "prevalence": 0.000027,
            "cnames": [],
            "responseHashes": [
                "b9d08ee8f9e79a4cd1c0a166b2805371f8ac6d02f603d5aacf3cb5a9592105a3",
                "05751f1dcf754275fba17052b7292d88577c9dfa2431fb6b3d1f585bd3ce4923"
            ],
            "type": "Script",
            "firstPartyCookies": {},
            "firstPartyCookiesSent": {},
            "exampleSites": [
                "rikunabi.com",
                "suumo.jp",
                "www.carsensor.net",
                "zexy.net"
            ]
        },
        {
            "rule": "r-ad\\.ne\\.jp\\/1\\/default\\.js",
            "cookies": 0.0000135,
            "fingerprinting": 1,
            "subdomains": [
                "tm"
            ],
            "apis": {
                "Document.cookie getter": 2,
                "Document.cookie setter": 2
            },
            "sites": 2,
            "prevalence": 0.0000135,
            "cnames": [],
            "responseHashes": [
                "062903b8cb3554eaa1c5ce55f8d77a28c2dcacb6b9138e15313dca8f6208f4f1"
            ],
            "type": "Script",
            "firstPartyCookies": {
                "r_ad_token1": {
                    "ttl": 15552008,
                    "length": 20,
                    "prevalence": 0.000013515887926257316,
                    "uniqueness": 1
                },
                "r_ad_token2": {
                    "ttl": 15552008,
                    "length": 20,
                    "prevalence": 0.000013515887926257316,
                    "uniqueness": 1
                }
            },
            "firstPartyCookiesSent": {},
            "exampleSites": [
                "carsensor.net",
                "www.carsensor.net"
            ]
        },
        {
            "rule": "r-ad\\.ne\\.jp\\/ics2",
            "cookies": 0.0000203,
            "fingerprinting": 0,
            "subdomains": [
                "bk"
            ],
            "apis": {},
            "sites": 3,
            "prevalence": 0.0000203,
            "cnames": [],
            "responseHashes": [],
            "type": "Image",
            "firstPartyCookies": {},
            "firstPartyCookiesSent": {},
            "exampleSites": [
                "carsensor.net",
                "www.carsensor.net",
                "zexy.net"
            ]
        },
        {
            "rule": "r-ad\\.ne\\.jp\\/ics3",
            "cookies": 0.0000203,
            "fingerprinting": 0,
            "subdomains": [
                "bk"
            ],
            "apis": {},
            "sites": 3,
            "prevalence": 0.0000203,
            "cnames": [],
            "responseHashes": [],
            "type": "Image",
            "firstPartyCookies": {},
            "firstPartyCookiesSent": {},
            "exampleSites": [
                "carsensor.net",
                "www.carsensor.net",
                "zexy.net"
            ]
        },
        {
            "rule": "r-ad\\.ne\\.jp\\/2\\/cs",
            "cookies": 0,
            "fingerprinting": 0,
            "subdomains": [
                "bk"
            ],
            "apis": {},
            "sites": 3,
            "prevalence": 0.0000203,
            "cnames": [],
            "responseHashes": [
                "1866961a029c65376fefb7f2ba1e6187e09ff50ea58d97dedfd72c197947d002"
            ],