{
    "domain": "reconditerake.com",
    "owner": {
        "name": "Leven Labs, Inc. DBA Admiral",
        "displayName": "Admiral"
    },
    "source": [
        "DuckDuckGo-US"
    ],
    "prevalence": 0.000108,
    "sites": 16,
    "subdomains": [],
    "cnames": [],
    "fingerprinting": 2,
    "resources": [
        {
            "rule": "reconditerake\\.com\\/v2waiGcWOeWwvmCy5hIo1GwUEYb0mty5KnqbQDGtqUzsHdU7d2MeSRdp7niHEx9Rj",
            "cookies": 0.0000676,
            "fingerprinting": 2,
            "subdomains": [],
            "apis": {
                "Navigator.prototype.userAgent": 10,
                "window.localStorage": 10,
                "window.sessionStorage": 10,
                "Date.prototype.getTimezoneOffset": 10,
                "Document.cookie getter": 10,
                "Document.cookie setter": 10,
                "Notification.permission": 10,
                "HTMLCanvasElement.prototype.toDataURL": 2
            },
            "sites": 10,
            "prevalence": 0.0000676,
            "cnames": [],
            "responseHashes": [
                "e196000392cc3d6b5f9bb198b0b1f3ec178d7e14d65260b7f6bbccfaad90f887",
                "cfaf37eb0819f0af689f6f298990baf5fc47f8ea2714a489ed078c1d3f42f4ce",
                "2bc732ea90f57b716ee0eb32f72762bc7f3180d0eee7e015d9a6c4f3477a2c4c",
                "12120b9f815ebabb5e59ac10724d2449d3068510b4e9e1078792edd0c2ba1f4c",
                "042d31cc134dd49c0fd72a5fea2627c3be636ad268908ded69cf259fd8be9882",
                "7e2bf611857d3fcc0e3386c9e74fcf3e943a36c8b6b291988446d37a6c9053da",
                "915ef9423e1cf7f603800a45482437a23f04bcafb21f462c5322625d2fad1c48",
                "122bd718ad23fbe48ed312f8f67ca39f4f6803921ac4f82c6136440ef176d1a0",
                "e6e2a183829d1e068759be464da5bdb5258b91999744b1f05b043b4a5b4eb99c"
            ],
            "type": "Script",
            "firstPartyCookies": {
                "_awl": {
                    "ttl": 34560000,
                    "length": 74,
                    "prevalence": 0.00006757943963128657,
                    "uniqueness": 1
                },
                "_admrla": {
                    "ttl": 34560000,
                    "length": 57,
                    "prevalence": 0.000027031775852514632,
                    "uniqueness": 1
                }
            },
            "firstPartyCookiesSent": {},
            "exampleSites": [
                "nbcsports.com",
                "motorsports.nbcsports.com",
                "nba.nbcsports.com",
                "nhl.nbcsports.com",
                "olympics.nbcsports.com",
                "profootballtalk.nbcsports.com",
                "soccer.nbcsports.com",
                "sports.nbcsports.com",
                "stream.nbcsports.com",
                "www.nbcsports.com"
            ]
        },
        {
            "rule": "reconditerake\\.com\\/v2fxbIYmzE9e-lGpQVkBBIg1batOrc0qOvSFTWDFdyTOaPwmJ7D-xf8alrdSrfgpynn-DogzJsw",
            "cookies": 0,
            "fingerprinting": 0,
            "subdomains": [],
            "apis": {},
            "sites": 2,
            "prevalence": 0.0000135,
            "cnames": [],
            "responseHashes": [
                "4355a46b19d348dc2f57c046f8ef63d4538ebb936000f3c9ee954a27460dd865"
            ],
            "type": "Ping",
            "firstPartyCookies": {},
            "firstPartyCookiesSent": {},
            "exampleSites": [
                "nbcsports.com",
                "motorsports.nbcsports.com"
            ]
        },
        {
            "rule": "reconditerake\\.com\\/v2oiqhmYZUUlmyQ2ZHc5hC7ESW0fPG7zLXaNDUkDtWe5UhE1fsxEJdDpnM20pnfRQtDfcFsQ1aQ",
            "cookies": 0,
            "fingerprinting": 0,
            "subdomains": [],
            "apis": {},
            "sites": 2,
            "prevalence": 0.0000135,
            "cnames": [],
            "responseHashes": [
                "4355a46b19d348dc2f57c046f8ef63d4538ebb936000f3c9ee954a27460dd865"
            ],
            "type": "Ping",
            "firstPartyCookies": {},
            "firstPartyCookiesSent": {},
            "exampleSites": [
                "nbcsports.com",
                "nba.nbcsports.com"
            ]
        },
        {
            "rule": "reconditerake\\.com\\/v2pgy5gMmHAGnZ2vml08XjwUVrwRyyYStZVkzYPKV_YnFZXQ2cvy5Fnr_XypyFb_s5TObWtYJXw",
            "cookies": 0,
            "fingerprinting": 0,
            "subdomains": [],
            "apis": {},
            "sites": 2,
            "prevalence": 0.0000135,
            "cnames": [],
            "responseHashes": [
                "4355a46b19d348dc2f57c046f8ef63d4538ebb936000f3c9ee954a27460dd865"
            ],
            "type": "Ping",
            "firstPartyCookies": {},
            "firstPartyCookiesSent": {},
            "exampleSites": [
                "nbcsports.com",
                "nhl.nbcsports.com"
            ]
        }
    ],
    "categories": [],
    "performance": {},
    "cookies": 0.000101,
    "topInitiators": [
        {
            "domain": "nervoussummer.com",
            "prevalence": 0.68
        },
        {
            "domain": "first party",
            "prevalence": 0.32
        }
    ],
    "types": {
        "Script": 10,
        "Ping": 6
    },
    "nameservers": [
        "ns-697.awsdns-23.net",
        "ns-305.awsdns-38.com",
        "ns-1627.awsdns-11.co.uk",
        "ns-1212.awsdns-23.org"
    ]
}