{
    "domain": "ref-r.com",
    "owner": {},
    "source": [
        "DuckDuckGo-US"
    ],
    "prevalence": 0.0000407,
    "sites": 6,
    "subdomains": [
        "www"
    ],
    "cnames": [],
    "fingerprinting": 0,
    "resources": [
        {
            "rule": "ref-r\\.com\\/campaign\\/t1\\/settings",
            "cookies": 0.0000339,
            "fingerprinting": 0,
            "subdomains": [
                "www"
            ],
            "apis": {},
            "sites": 5,
            "prevalence": 0.0000339,
            "cnames": [],
            "responseHashes": [
                "d7d497d0744b2fd4155424469b26fb04b904382d919ecb916c8b292d2fc54a4c",
                "60773876eccac067b151a71484e8fb2516db876c9f47f98e10ee2d6bd59c36d0",
                "f1fefb6d80f61188171d59616c553e6719e7289e3e615f590ea945ecb7932fa3",
                "0d0d0827029583ac4e195b8c51d99603ade7e6035713b70b72354ce919d6ab5b"
            ],
            "type": "Script",
            "firstPartyCookies": {},
            "firstPartyCookiesSent": {
                "_quinn-landing-page": 0.000013554543482975493,
                "optimsiemedia": 0.000006777271741487746,
                "_schn": 0.000006777271741487746,
                "tr_utm_camp": 0.000006777271741487746
            },
            "exampleSites": [
                "boat-lifestyle.com",
                "www.boat-lifestyle.com",
                "www.editage.com",
                "www.tataplay.com",
                "www.zivame.com"
            ]
        }
    ],
    "categories": [],
    "performance": {},
    "cookies": 0.0000407,
    "topInitiators": [
        {
            "domain": "invitereferrals.com",
            "prevalence": 0.625
        },
        {
            "domain": "d11yp7khhhspcr.cloudfront.net",
            "prevalence": 0.25
        },
        {
            "domain": "first party",
            "prevalence": 0.125
        }
    ],
    "types": {
        "Script": 5
    },
    "nameservers": [
        "ns-1217.awsdns-24.org",
        "ns-863.awsdns-43.net",
        "ns-2016.awsdns-60.co.uk",
        "ns-114.awsdns-14.com"
    ]
}