{
    "domain": "rise-ai.com",
    "owner": {},
    "source": [
        "DuckDuckGo-US"
    ],
    "prevalence": 0.000807,
    "sites": 119,
    "subdomains": [
        "str",
        "strn"
    ],
    "cnames": [],
    "fingerprinting": 2,
    "resources": [
        {
            "rule": "rise-ai\\.com\\/",
            "cookies": 0,
            "fingerprinting": 1,
            "subdomains": [
                "str",
                "strn"
            ],
            "apis": {
                "Navigator.prototype.product": 61,
                "Navigator.prototype.userAgent": 62,
                "Event.prototype.timeStamp": 1
            },
            "sites": 62,
            "prevalence": 0.00042,
            "cnames": [],
            "responseHashes": [
                "3c92d8a3e94e6fbf7a8e35e2793e10fe27a8e43a08d420471509ae38bbbd3c54",
                "74899a2d869e740423530cf41236b9b6fec601aa81a2ae95b711ec8fb80ef2b6",
                "2a2497b3cc93699b5d343e78aeecc0a66d4b5a1d1889712856088eaf00184191",
                "bacfb227f09f9db7cf45a9b3e438ef5b22105be442d4cbc3190eb637805ca388",
                "5bedeb46a9f0ff2e7b8890df39e310d6311a5d5fed775842d235ad07f299d136",
                "e34245fb22e9adf552fae744f2ee5c43b72b78e26729125bd062be792832ce74",
                "d3ea78a475a0a04d5af5885019f7f29a105b774eecb55805db3610a1743450cc",
                "ba9ca41e2b16d94c7041e9e5333fe9744ef6f0a165f10e4743178d43f47ab5a9",
                "6f10bd81a57491dffebbd1da9d76a9e97698ba4f9c786455af7d7de50d692394",
                "34415ee7396fe440f72b3fb5c3ea2f98cc44b290aa9f2536eb046db57ca309ab",
                "cb2dd37c3824d6370da05329d7d0d039bb2821756db8de05927d924899545e73",
                "d8a6d9f1979c59cd427712cc18f4fac6d1fe4df6db030f4bb0ad0d169d97642b",
                "0eae9c23e275bf3d05911693b90e1375ffa354f9fe41c1d7127fc076f10fa3f7",
                "e18da0a594967039700575b1f76a47b1a27fa2496ec1d75357d40028768edb03",
                "abedd7fe35f6229170515222e0c1e36c7f5ca22b22fcde641431e64bb6e79de9",
                "2897b6d04a7caf98fadc251b0be0ab4fa40f2bd2e7609141d3c254555470e762",
                "2ff17c2b41fe395ab3679db16cddd843124a5ac966a360551e16b3c16e4b7a32",
                "9dd3ee4775698976e178a8cafe5a64cdc2c67f52bd1f0c943be6d1b8d46188d9",
                "fd22b335ec2dfb587195f73d5d01613e1c02077b81e2151138f83b879aab0056",
                "36218f7ca390565ac4ebccee75fb4b68a3463ed40d3107c775184f7367fa5e8a",
                "43c64a638b54b9ebf5dd35e66bbeae03bb2d07a423c56197bb2504b5df580c59",
                "44077a325ee3d93d5f8b481feae3d37375b09a26fd9d1c8f364303b8c85a3467",
                "92820deae240295ec3447aab0b604b5f00e7a7c4474b802af368a44a57aadcdf",
                "0a2f4eafe28feed3a323f314f618b9751637e912450b94e066d8719d4592fba3",
                "56461b92507371116df455a5f95487f66b3ab240aa23f35edbe94a947aadb55a",
                "84bd8e1e07a6a416df2bbe7159055356730d9b8c2aed2fe5ac823a016ad27d5a",
                "44206aa4449da6e96d9e3ac2971d39c3f3877c36651c5d7c372db07391736e07",
                "d406f2c1e0b2cf4fd16777552df8cf449184e25cc3cfb09c1fdf9355d7651aa9",
                "641b56efa28bf5159fe0d476213d8add2c3799cd6de850828e2ce8975a20cab7",
                "22a61d08e1e618fb30d3584c7e49db7bde93b5b08eb939c02b737d47c3be08d8",
                "80770513d21e5ffb9115b8f8f17401a71053010f7a7a567a4f2ec464281f3e53",
                "5a05041a6720543dc477f6b095112f9dc1848cd4304ba1424dfa583155ed123c",
                "7bf7142ab86e51f5565365bcd370991bdc9b69e864969a0bb96734515f1489b4",
                "d842c11eebb6da714765b0457f2d9371ff25b1b74b5c21bb12f61de05fe9f80d",
                "d54f41ebc11a15c9a433582ceed3cea8292901f588e4c520b8d4d4a7b2990298",
                "6014f42d4e4733054d87ff7db72aba77766ed159d28e6be895b653fdfe9e321a",
                "7b8d022a605066d5caf5d1af5817971a8b0cbc302a3307a0104dfbc55e25d8a9",
                "eb65d64ce34e2a9048c1c61abc04608fc2f5fb09a3fddb27b042dd4bd494e111",
                "d364d5ba06cd96dd7f8ddd2c3393c71c99c08c67ce7e745cd8cbba124eaa8edd",
                "57cc551d6c6a4b6829cd1558ddd3d80a56ff0816df6c0c00450752027db8fb9c",
                "b394d9d35abaf3fcb1f758fecf66b355d2afe80925b5c8d354e7d7dd08f733d4",
                "a1e5cc18c32cb651df3b51f3848e701a7f33493b64916960714bd7f64474bb2a",
                "0709a0403c6ab0a11343faa8f3200b8db4dc3fc61be7ffc4725a34d667b13595",
                "f3700f20ee588fe9b891276efc1b2dc691cb087c60d344857a9296f803d2856f",
                "d59ce2267feb24f5e8b0fd5caca75465b462aee82d0b09371846ad481754d35d",
                "eab32a0e52f1f1626804024baf14e37364a3230b20e09691b3cf1d8b163ed0fc",
                "83eb611a19c8bac7508cb70569caa21ee8a0d3118127a717787f4dba49fafea7",
                "5f308a43869a1b805ecc246ad7a88b54db102bff792111a7d01806f0ff7f17ba",
                "4c1cd7e6968cdb9daa11d3bd6478ee4c60bed4b979748aaa750d78cbc286e9cd",
                "4d6cd2a6aa000aeb0e702f29129838b424c9ccbb57346b7975b0e3eac7663c94",
                "c2d5771874f3edee7a16d24359809f03309e1fb6e878bb2b3a038855577a7014",
                "8892a7fa60581f035bbdc535cace667944c0baa0b34a4cc1788bb494fba020bf",
                "e4740db245b15a5217168460f776bfd4da71c281f62e5f43ccc4c2568a9b19ab",
                "2e3987df8cf04adff321ed2ba554af9a3669860aaa06fb746a1bc8b82f21d0fe",
                "86952611ff47ed30c65bcd159c2761bec092af87149d77cbe417c0eab64045f3",
                "9f3fa1db570d6b8e83712158568a6393e8d2b62200889f5b55c9fc0ef7f9d780",
                "e98c2ca9e50c7c9092fc2a0d2d8bf53da57b0f35df4c58bd8b3ddef8180e936e",
                "1d348c46b4d90b15a3f244854034d0d2ac1cb5d9b8abb01431ddcae59d92d710",
                "368b68a6e445ef23b6d7a71fdc14b8439a4b8db8bf2af7dac78ab6c6be61c3d2",
                "aca35a8ab7950d27e7abfcc7245a35aca8ab4784a0566abf474a475e4fb3a2cf"
            ],
            "type": "Script",
            "firstPartyCookies": {},
            "firstPartyCookiesSent": {},
            "exampleSites": [
                "vuoriclothing.com",
                "www.happiestbaby.com",
                "magicspoon.com",
                "lancasterarchery.com",
                "www.beachbunnyswimwear.com",
                "fellowproducts.com",
                "drinkprime.com",
                "www.bettystoybox.com",
                "www.tenthousand.cc",
                "www.oldtimecandy.com",
                "lavinialingerie.com",
                "energymuse.com",
                "northspore.com",
                "www.luglife.com",
                "www.bokksu.com",
                "www.luluandgeorgia.com",
                "drsquatch.com",
                "www.pitviper.com",
                "www.tacticaldistributors.com",
                "www.westcoastseeds.com"
            ]
        }
    ],
    "categories": [],
    "performance": {},
    "cookies": 0,
    "topInitiators": [
        {
            "domain": "first party",
            "prevalence": 0.7654320987654321
        },
        {
            "domain": "yottaa.com",
            "prevalence": 0.16872427983539096
        },
        {
            "domain": "appdynamics.com",
            "prevalence": 0.01646090534979424
        },
        {
            "domain": "shopify.com",
            "prevalence": 0.01646090534979424
        },
        {
            "domain": "osano.com",
            "prevalence": 0.01646090534979424
        },
        {
            "domain": "global-e.com",
            "prevalence": 0.00823045267489712
        },
        {
            "domain": "d2fj3s7h83rb61.cloudfront.net",
            "prevalence": 0.00823045267489712
        }
    ],
    "types": {
        "Script": 62
    },
    "nameservers": [
        "damon.ns.cloudflare.com",
        "sima.ns.cloudflare.com"
    ]
}