{
    "domain": "rlets.com",
    "owner": {
        "name": "Gannett Co., Inc.",
        "displayName": "Gannett"
    },
    "source": [
        "DuckDuckGo-US"
    ],
    "prevalence": 0.000906,
    "sites": 9,
    "subdomains": [
        "c9dcfebe-5874-4f6f-96d6-67443bbecb9c",
        "23bfe9a6-fe98-488a-90b3-aa30d44c893c",
        "a4438acd-49fb-4da2-a767-3e43f304a6c3",
        "0bac5697-4208-4c97-96bd-2182c1690042",
        "22828331-bc7d-463c-aac6-a61ccdb5b07a",
        "8406e8e5-3ceb-4426-9952-7df9375ee60a",
        "cdn"
    ],
    "cnames": [],
    "fingerprinting": 2,
    "resources": [
        {
            "rule": "rlets\\.com\\/static\\/storage\\.html",
            "cookies": 0.000403,
            "fingerprinting": 1,
            "subdomains": [
                "c9dcfebe-5874-4f6f-96d6-67443bbecb9c",
                "23bfe9a6-fe98-488a-90b3-aa30d44c893c",
                "a4438acd-49fb-4da2-a767-3e43f304a6c3",
                "0bac5697-4208-4c97-96bd-2182c1690042",
                "22828331-bc7d-463c-aac6-a61ccdb5b07a",
                "8406e8e5-3ceb-4426-9952-7df9375ee60a"
            ],
            "apis": {
                "Date.prototype.getTime": 6,
                "Document.cookie setter": 4,
                "Document.cookie getter": 4,
                "window.sessionStorage": 5,
                "window.localStorage": 5
            },
            "sites": 6,
            "prevalence": 0.000604,
            "cnames": [],
            "responseHashes": [
                "00455c2236cdd12509e5535b218c31ac9cf66fa454a69b246f4025b43d8aaa93"
            ],
            "type": "Document",
            "firstPartyCookies": {
                "test": {
                    "ttl": 86410,
                    "length": 4,
                    "prevalence": 0.0003020843822374383,
                    "uniqueness": 0.3333333333333333
                },
                "visitor_id": {
                    "ttl": 315360008,
                    "length": 36,
                    "prevalence": 0.0004027791763165844,
                    "uniqueness": 1
                },
                "sifi_user_id": {
                    "ttl": 315360008,
                    "length": 32,
                    "prevalence": 0.0002013895881582922,
                    "uniqueness": 1
                }
            },
            "firstPartyCookiesSent": {},
            "exampleSites": [
                "bnpparibasopen.com",
                "careers.walmart.com",
                "www.flylax.com",
                "www.gardeners.com",
                "www.howardhanna.com",
                "www.kalahariresorts.com"
            ]
        },
        {
            "rule": "rlets\\.com\\/api\\/v1\\/visits",
            "cookies": 0.000503,
            "fingerprinting": 0,
            "subdomains": [
                "c9dcfebe-5874-4f6f-96d6-67443bbecb9c",
                "a4438acd-49fb-4da2-a767-3e43f304a6c3",
                "0bac5697-4208-4c97-96bd-2182c1690042",
                "22828331-bc7d-463c-aac6-a61ccdb5b07a",
                "8406e8e5-3ceb-4426-9952-7df9375ee60a"
            ],
            "apis": {},
            "sites": 5,
            "prevalence": 0.000503,
            "cnames": [],
            "responseHashes": [
                "c925582d4c0e2c23873cbbaf2967f149a643846f4d313a853459f12927828577",
                "128f5df021e869cbb703138e4ae4bbc18b782fb4cc76f264d489b801fa479a19",
                "0abbcd53789d5ec4a846315af3c7e877881cea2550c6260331edf037ea156342",
                "b3727cfe53b10d37c099eda730f8376edc1954530f3ec6be84ee3c9e4fb0898a"
            ],
            "type": "XHR",
            "firstPartyCookies": {},
            "firstPartyCookiesSent": {},
            "exampleSites": [
                "bnpparibasopen.com",
                "www.flylax.com",
                "www.gardeners.com",
                "www.howardhanna.com",
                "www.kalahariresorts.com"
            ]
        },
        {
            "rule": "rlets\\.com\\/api\\/v1\\/visits",
            "cookies": 0,
            "fingerprinting": 0,
            "subdomains": [
                "c9dcfebe-5874-4f6f-96d6-67443bbecb9c",
                "a4438acd-49fb-4da2-a767-3e43f304a6c3",
                "0bac5697-4208-4c97-96bd-2182c1690042",
                "22828331-bc7d-463c-aac6-a61ccdb5b07a",
                "8406e8e5-3ceb-4426-9952-7df9375ee60a"
            ],
            "apis": {},
            "sites": 5,
            "prevalence": 0.000503,
            "cnames": [],
            "responseHashes": [],
            "type": "Preflight",
            "firstPartyCookies": {},
            "firstPartyCookiesSent": {},
            "exampleSites": [
                "bnpparibasopen.com",
                "www.flylax.com",
                "www.gardeners.com",
                "www.howardhanna.com",
                "www.kalahariresorts.com"
            ]
        },
        {
            "rule": "rlets\\.com\\/capture_static\\/mms\\/mms\\.js",
            "cookies": 0,
            "fingerprinting": 1,
            "subdomains": [
                "cdn"
            ],
            "apis": {
                "window.localStorage": 4
            },
            "sites": 4,
            "prevalence": 0.000403,
            "cnames": [],
            "responseHashes": [
                "457ecd07642407f93798498dc75f2e3ac5bf0f7db39846fb8407ae73146b821c"
            ],
            "type": "Script",
            "firstPartyCookies": {},
            "firstPartyCookiesSent": {},
            "exampleSites": [
                "walmart.com",
                "www.duke-energy.com",
                "www.kubotausa.com",
                "www.marcos.com"
            ]
        },
        {
            "rule": "rlets\\.com\\/capture_static\\/mms\\/capture\\.js",
            "cookies": 0.000201,
            "fingerprinting": 1,
            "subdomains": [
                "cdn"
            ],
            "apis": {
                "window.localStorage": 2,
                "Navigator.prototype.userAgent": 2,
                "Document.cookie setter": 2,
                "Document.cookie getter": 2,
                "window.sessionStorage": 2
            },
            "sites": 2,
            "prevalence": 0.000201,
            "cnames": [],
            "responseHashes": [
                "ac6a0989b1bb41389d83ec135bf530ffceaf0b28f8fdde4e90cdf4b183996ff9"
            ],
            "type": "Script",
            "firstPartyCookies": {},
            "firstPartyCookiesSent": {},
            "exampleSites": [
                "flylax.com",
                "www.howardhanna.com"
            ]
        }
    ],
    "categories": [],
    "performance": {},
    "cookies": 0.000604,
    "topInitiators": [
        {
            "domain": "first party",
            "prevalence": 0.5
        },
        {
            "domain": "googletagmanager.com",
            "prevalence": 0.4375
        },
        {
            "domain": "msecnd.net",
            "prevalence": 0.0625
        }
    ],
    "types": {
        "Document": 6,
        "XHR": 5,
        "Preflight": 5,
        "Script": 6
    },
    "nameservers": [
        "ns-103.awsdns-12.com",
        "ns-1429.awsdns-50.org",
        "ns-1654.awsdns-14.co.uk",
        "ns-709.awsdns-24.net"
    ]
}