{
    "domain": "roomvo.com",
    "owner": {},
    "source": [
        "DuckDuckGo-US"
    ],
    "prevalence": 0.000196,
    "sites": 29,
    "subdomains": [
        "www",
        "cdn"
    ],
    "cnames": [],
    "fingerprinting": 1,
    "resources": [
        {
            "rule": "roomvo\\.com\\/api\\/visitors\\/",
            "cookies": 0,
            "fingerprinting": 0,
            "subdomains": [
                "www"
            ],
            "apis": {},
            "sites": 17,
            "prevalence": 0.000115,
            "cnames": [],
            "responseHashes": [
                "05a610fe3f46a23d6bb616bfe19d515b0364c642b3e380082a257baeb3ba9fbd",
                "debcd0f355022300fe41a8e50872deb6e4c48c3da8835b4442c6276473b68de5",
                "25dd90f6bd7cf7e4467722ea4f9adeb90b82ff0c69d525f863766681eb6fb59c",
                "7ee32c3a3a9ae4fd39aaf71cf9ae6eb1dd07dec18c87e037376389469a0a3d16",
                "9769556a8f6a4165f6983f17f5aef787339ca2ae5584ab7e7256e7e33432da83",
                "f3cbefd1d2ce0f5f98c9aeb7f1e9d9149fb4b55b4167f891f45bb7c17ec69d60",
                "3bae1d2bc2318917b84fbdc837cfd391c4b931b51c40dd02fa5fdbc49552d178",
                "d96ac2555174bed5f77d28f90ff628e1579029f3180fdef84132546215f2b63c",
                "6d0922deb8ec0cb5dcd1ca62688e593a945191cac0c3845219095102c437c353",
                "38747242c7a7df9a4b3cba095def5f07b081fc5dc5148126ad3a70ee24522968",
                "00182b5d2fb10d2e44635bac9ed08946bd080742186471399038d17e536358f5",
                "d6ae07df6aad65fe6b72317073357bb213706755ab2141ce9e466677088254be",
                "5cea00bc19727106c9373367d0b7445ca95f9cda786b29acf785db37958c0824",
                "d8b90564a70e3c29e94dbf5b0a094a138f3d173a442faef910a413f9e424b12c",
                "cef170c834631c8c5a7070da598f5e9c3ff49c485076bf3cee658688d7129b10",
                "b9be550b47bb6e0468e24fdc069ea70cbf34faa06bcebd5c65942f4055bd063c"
            ],
            "type": "XHR",
            "firstPartyCookies": {},
            "firstPartyCookiesSent": {},
            "exampleSites": [
                "flooringliquidators.net",
                "newageproducts.com",
                "www.bestlaminate.com",
                "www.builddirect.com",
                "www.carpetone.com",
                "www.carpetright.co.uk",
                "www.daltile.com",
                "www.ethanallen.com",
                "www.greatmats.com",
                "www.homeoutlet.com",
                "www.llflooring.com",
                "www.mathishome.com",
                "www.msisurfaces.com",
                "www.nfm.com",
                "www.rugs-direct.com",
                "www.tilebar.com",
                "www.toppstiles.co.uk"
            ]
        },
        {
            "rule": "roomvo\\.com\\/api\\/visitors\\/",
            "cookies": 0,
            "fingerprinting": 0,
            "subdomains": [
                "www"
            ],
            "apis": {},
            "sites": 17,
            "prevalence": 0.000115,
            "cnames": [],
            "responseHashes": [],
            "type": "Preflight",
            "firstPartyCookies": {},
            "firstPartyCookiesSent": {},
            "exampleSites": [
                "flooringliquidators.net",
                "newageproducts.com",
                "www.bestlaminate.com",
                "www.builddirect.com",
                "www.carpetone.com",
                "www.carpetright.co.uk",
                "www.daltile.com",
                "www.ethanallen.com",
                "www.greatmats.com",
                "www.homeoutlet.com",
                "www.llflooring.com",
                "www.mathishome.com",
                "www.msisurfaces.com",
                "www.nfm.com",
                "www.rugs-direct.com",
                "www.tilebar.com",
                "www.toppstiles.co.uk"
            ]
        },
        {
            "rule": "roomvo\\.com\\/api\\/vendor_mappings\\/",
            "cookies": 0,
            "fingerprinting": 0,
            "subdomains": [
                "www"
            ],
            "apis": {},
            "sites": 6,
            "prevalence": 0.0000405,
            "cnames": [],
            "responseHashes": [
                "c87b28310e4b5d2454500b764dbfacd3be70aba2cfd3a0c60e30981c42435512",
                "4f53cda18c2baa0c0354bb5f9a3ecbe5ed12ab4d8e11ba873c2f11161202b945",
                "7deb8e8f3ef03c338064766fc1365d25d2179ccc7fdf6523a753bcc435d09e72",
                "d9c6c43b220ffd6176ecdecf8c292c0aca08059d1d3464d0ea48a98fc603aaf6"
            ],
            "type": "XHR",
            "firstPartyCookies": {},
            "firstPartyCookiesSent": {
                "ssViewedProducts": 0.000006757943963128658
            },
            "exampleSites": [
                "flooringliquidators.net",
                "www.llflooring.com",
                "www.msisurfaces.com",
                "www.nfm.com",
                "www.tilebar.com",
                "www.toppstiles.co.uk"
            ]
        },
        {
            "rule": "roomvo\\.com\\/static\\/scripts\\/b2b\\/carpetone\\.js",
            "cookies": 0.0000135,
            "fingerprinting": 1,
            "subdomains": [
                "www"
            ],
            "apis": {
                "Navigator.prototype.userAgent": 2,
                "Document.cookie getter": 2,
                "Document.cookie setter": 2
            },
            "sites": 2,
            "prevalence": 0.0000135,
            "cnames": [],
            "responseHashes": [
                "f0abcd0938c58c073def68c5aff345ca7ba765d621cb42c01622d7638715627d"
            ],
            "type": "Script",
            "firstPartyCookies": {
                "ffvisitorids": {
                    "ttl": 251728586502,
                    "length": 48,
                    "prevalence": 0.000013515887926257316,
                    "uniqueness": 1
                },
                "ffvendorids": {
                    "ttl": 251728586502,
                    "length": 48,
                    "prevalence": 0.000013515887926257316,
                    "uniqueness": 0.5
                }
            },
            "firstPartyCookiesSent": {},
            "exampleSites": [
                "carpetone.com",
                "www.carpetone.com"
            ]
        },
        {
            "rule": "roomvo\\.com\\/static\\/scripts\\/b2b\\/carpetrightcouk\\.js",
            "cookies": 0,
            "fingerprinting": 1,
            "subdomains": [
                "cdn"
            ],
            "apis": {
                "Navigator.prototype.userAgent": 2
            },
            "sites": 2,
            "prevalence": 0.0000135,
            "cnames": [],
            "responseHashes": [
                "2c6ce895a40007a7240b3a248b5565424e3a6f08fbf9e349ee1a87b4c8c48dab"
            ],
            "type": "Script",
            "firstPartyCookies": {},
            "firstPartyCookiesSent": {},
            "exampleSites": [
                "carpetright.co.uk",
                "www.carpetright.co.uk"
            ]
        },
        {
            "rule": "roomvo\\.com\\/static\\/scripts\\/b2b\\/daltile\\.js",
            "cookies": 0.0000135,
            "fingerprinting": 1,
            "subdomains": [
                "cdn"
            ],
            "apis": {
                "Navigator.prototype.userAgent": 2,
                "Document.cookie getter": 2,
                "Document.cookie setter": 2
            },
            "sites": 2,
            "prevalence": 0.0000135,
            "cnames": [],
            "responseHashes": [
                "e6d6586107d56c51423692fac230ddd11f2dcf6e30754e9851492638e944fb10"
            ],
            "type": "Script",
            "firstPartyCookies": {
                "ffvisitorids": {
                    "ttl": 251728696303,
                    "length": 46,
                    "prevalence": 0.000013515887926257316,