{
    "domain": "rss2json.com",
    "owner": {},
    "source": [
        "DuckDuckGo-US"
    ],
    "prevalence": 0.000176,
    "sites": 26,
    "subdomains": [
        "api"
    ],
    "cnames": [],
    "fingerprinting": 0,
    "resources": [
        {
            "rule": "rss2json\\.com\\/v1\\/api\\.json",
            "cookies": 0,
            "fingerprinting": 0,
            "subdomains": [
                "api"
            ],
            "apis": {},
            "sites": 17,
            "prevalence": 0.000115,
            "cnames": [],
            "responseHashes": [
                "771d74189632f8ac52e1bb393e2774c2db225530e52412bd4d63f4943d8ae9b0",
                "9bb579eaa4496fc995af50bb8cd9b13b7378da5042c5e41a39e163a4d9e1f185",
                "7e59769b810e3bba40a7b02dd545d9eea58ffa19cc63a8ebd7a0435080fb5133",
                "92688dcb058c0553bf7a3362366183c8bbffccbe1ea8f8b97a6297013585253a",
                "f425435d06a491f86bd13a0d4f022a092551e8565552e8aa3ec1b09f56aaef5e",
                "775cf0073586513f13cfa9ca896a97ad85d82b4607edaa01467cd41ae95e3174",
                "dc198182e4c831bb7523137e86c16127ef76699de880a0fe644f3b97cf56616d",
                "4d2bb8af7a830eb0ea93f69d8e81934e64ffef8aefc5eec8b7b19458828beab2",
                "21fcf82375e5df2927a152a00c28eb4d1e3f3cdc3992a6ace3aa5a6055fb8a11",
                "8f9f2609656b08625f801fc50606ddc686be0fb86d0cdb4bfa2a4bd2b9f1654e",
                "0a06f3b7fb20a7cbd2c9dd6097efebd19b6377ffd3d5777dc1976e26470e35c8",
                "516b8ba6d83c0824b2955148def0e13a99b3b7296abc8b8723cd0a554489deeb",
                "5dd687a08a92d1fcf10ccdac4009a3c9036e12182ccb23b827a31d162e4fb665",
                "5aeff704434174526f2e5893c3cfaaf01d120c111c5baf415a781063c4f91792",
                "ac7948b18550ecf15b67427f6c2a306036498f9cd9691b69ee1b0d1b3b08aaed"
            ],
            "type": "XHR",
            "firstPartyCookies": {},
            "firstPartyCookiesSent": {},
            "exampleSites": [
                "corsair.com",
                "forum.corsair.com",
                "konaworld.com",
                "learn.adafruit.com",
                "plainenglish.io",
                "vintagemachinery.org",
                "www.almarsguides.com",
                "www.bristol.ac.uk",
                "www.dau.edu",
                "www.highgroundgaming.com",
                "www.hss.edu",
                "www.matrixgames.com",
                "www.planetemu.net",
                "www.siouxfalls.org",
                "www.slcc.edu",
                "www.upmchealthplan.com",
                "www.vintagemachinery.org"
            ]
        },
        {
            "rule": "rss2json\\.com\\/v1\\/api\\.json",
            "cookies": 0,
            "fingerprinting": 0,
            "subdomains": [
                "api"
            ],
            "apis": {},
            "sites": 3,
            "prevalence": 0.0000203,
            "cnames": [],
            "responseHashes": [
                "e8dc5b994ca2938af04c531f2bf25828a0ac1ed7ef7b5fd0b6532a65d7e32288",
                "de8ed93a09d6469d5de995ee25eb64123c941de9c3fe046fdbddd3d09651de02"
            ],
            "type": "Script",
            "firstPartyCookies": {},
            "firstPartyCookiesSent": {
                "lotame_domain_check": 0.000006777271741487746
            },
            "exampleSites": [
                "cervantesvirtual.com",
                "www.chihealth.com",
                "www.mysticstamp.com"
            ]
        },
        {
            "rule": "rss2json\\.com\\/v1\\/api\\.json",
            "cookies": 0,
            "fingerprinting": 0,
            "subdomains": [
                "api"
            ],
            "apis": {},
            "sites": 2,
            "prevalence": 0.0000136,
            "cnames": [],
            "responseHashes": [
                "e41a42bce371462f510341b23d9a6005701dfdaacd0a563087b1ed28c82c6890"
            ],
            "type": "Fetch",
            "firstPartyCookies": {},
            "firstPartyCookiesSent": {},
            "exampleSites": [
                "crazydefenseheroes.com",
                "www.gunowners.org"
            ]
        }
    ],
    "categories": [],
    "performance": {},
    "cookies": 0,
    "topInitiators": [
        {
            "domain": "first party",
            "prevalence": 0.5681818181818182
        },
        {
            "domain": "ajax.googleapis.com",
            "prevalence": 0.29545454545454547
        },
        {
            "domain": "invisioncic.com",
            "prevalence": 0.06818181818181818
        },
        {
            "domain": "cloudflare.com",
            "prevalence": 0.045454545454545456
        },
        {
            "domain": "jquery.com",
            "prevalence": 0.022727272727272728
        }
    ],
    "types": {
        "XHR": 17,
        "Script": 3,
        "Fetch": 2
    },
    "nameservers": [
        "ben.ns.cloudflare.com",
        "dawn.ns.cloudflare.com"
    ]
}