{
    "domain": "rss2json.com",
    "owner": {},
    "source": [
        "DuckDuckGo-US"
    ],
    "prevalence": 0.000147,
    "sites": 19,
    "subdomains": [
        "api"
    ],
    "cnames": [],
    "fingerprinting": 0,
    "resources": [
        {
            "rule": "rss2json\\.com\\/v1\\/api\\.json",
            "cookies": 0,
            "fingerprinting": 0,
            "subdomains": [
                "api"
            ],
            "apis": {},
            "sites": 12,
            "prevalence": 0.000093,
            "cnames": [],
            "responseHashes": [
                "48cc42329d232053cbb39e73970eb9cc2caf36c4fb28b227ae7474fdfd60e253",
                "cce01e35e07e170127db520db1ba0bc576bc402acc82517f6da2e2e9d48da518",
                "b16d9072e354b2eef480c423405d4a9769d04da5ba007681ea08716ff01baeb5",
                "00bf507f8d0f1b0f539980979f5ed4023195ffcabafd8b2212b744425d89dd52",
                "28d8dd3c700d104e1bdde56f2d3c6c5d512415815429aa6e8e9d6b0504b2b465",
                "f3437f6706dec4ac70a72695bb6a7cf61905b99da4a184ce4fb0fc30189e02fd",
                "b66cbc56d4a4477878827c9b60177d6bc8842ea3b2ab240eec4ca764f93283d7",
                "d65416bf755f91b390c1fe061daf62d94d149501683733276ab924fd4c6b2a32",
                "97355c6003808de834d29f74f011e51c53c5807a787846cf054c08771106ab3e",
                "a97b4ed8c1d45acce6697725730570970f1a6fcb04365d87bbe9a66371160005",
                "482d3fc07b66c955a3c1dffb86347d8f023d3be0c966836240342651b5be07d7"
            ],
            "type": "XHR",
            "firstPartyCookies": {},
            "firstPartyCookiesSent": {},
            "exampleSites": [
                "corsair.com",
                "forum.corsair.com",
                "konaworld.com",
                "learn.adafruit.com",
                "www.almarsguides.com",
                "www.bristol.ac.uk",
                "www.dau.edu",
                "www.highgroundgaming.com",
                "www.matrixgames.com",
                "www.slitherine.com",
                "www.upmchealthplan.com",
                "www.vintagemachinery.org"
            ]
        },
        {
            "rule": "rss2json\\.com\\/v1\\/api\\.json",
            "cookies": 0,
            "fingerprinting": 0,
            "subdomains": [
                "api"
            ],
            "apis": {},
            "sites": 3,
            "prevalence": 0.0000233,
            "cnames": [],
            "responseHashes": [
                "286eb3b7891ed066e6a3cfc904b303932af3cb8ac120158ae74dc75329259b0e",
                "2f74fd3234f9e9f70be86b9813811835b2291e151a107a478fdae6be82c04ac7"
            ],
            "type": "Script",
            "firstPartyCookies": {},
            "firstPartyCookiesSent": {},
            "exampleSites": [
                "cervantesvirtual.com",
                "www.chihealth.com",
                "www.mysticstamp.com"
            ]
        },
        {
            "rule": "rss2json\\.com\\/v1\\/api\\.json",
            "cookies": 0,
            "fingerprinting": 0,
            "subdomains": [
                "api"
            ],
            "apis": {},
            "sites": 2,
            "prevalence": 0.0000155,
            "cnames": [],
            "responseHashes": [
                "e1d6e940e2b18a89dc970e44ba9f1c033be9bf779311e629896f98c4f29babc7"
            ],
            "type": "Fetch",
            "firstPartyCookies": {},
            "firstPartyCookiesSent": {},
            "exampleSites": [
                "gunowners.org",
                "www.gunowners.org"
            ]
        }
    ],
    "categories": [],
    "performance": {},
    "cookies": 0,
    "topInitiators": [
        {
            "domain": "first party",
            "prevalence": 0.5357142857142857
        },
        {
            "domain": "ajax.googleapis.com",
            "prevalence": 0.21428571428571427
        },
        {
            "domain": "invisioncic.com",
            "prevalence": 0.10714285714285714
        },
        {
            "domain": "cloudflare.com",
            "prevalence": 0.07142857142857142
        },
        {
            "domain": "jquery.com",
            "prevalence": 0.07142857142857142
        }
    ],
    "types": {
        "XHR": 12,
        "Script": 3,
        "Fetch": 2
    },
    "nameservers": [
        "dawn.ns.cloudflare.com",
        "ben.ns.cloudflare.com"
    ]
}