{
    "domain": "rtbbnr.com",
    "owner": {},
    "source": [
        "DuckDuckGo-US"
    ],
    "prevalence": 0.000217,
    "sites": 32,
    "subdomains": [],
    "cnames": [],
    "fingerprinting": 0,
    "resources": [
        {
            "rule": "rtbbnr\\.com\\/get\\/",
            "cookies": 0,
            "fingerprinting": 0,
            "subdomains": [],
            "apis": {},
            "sites": 20,
            "prevalence": 0.000136,
            "cnames": [],
            "responseHashes": [
                "5f6d244b25112cb85a78450f3b2068d54d27d91fb4ab7b0fb1e980555b665b49",
                "a296d16a44f3493f79e8dcb9ac06677a1ec161a36eaf5d30d539d1cfca154317",
                "858c4da5154f62e5481444e32108866e02273b38a77f94c17964580ff43fcfb5",
                "d67ece9a4c59c08892306598c8ba344499a9322631c4cddd6fb56a1b4d12c276",
                "2b911ec922897a7ca2274542ab2680bc57413ccc2b681d57b7255ecdbea8c40d",
                "185238109d01293293027335a874dc53de5aff40ac96201695869cdd54567313",
                "5b97d6fb4c4b342099577544eea5351664c48d476b51ed68c91d447f2042d21b",
                "1f662408bbad91e9eda11ddfdeb55b18f897b28bef517886a78c2f464f891bd4",
                "b77282b9bcb9ed9753fcc19d4c1dc4504dce71da4fa57477237ceba24678da02",
                "c797826447ef152eacd461e1aada55eeaa638931f723c7a293f4928d126b5614",
                "9a59f1ecf43ee40f0a0283c6f7a59fd2f563acf21df372d25528938ab8e79c98",
                "25ca40efbe235d2153abaa95917196923dda2a500ac3feb79e2b7f81a890ac81",
                "47f4810e0929d8d31be5c646e08b969d18c4d2f45876a1d3dd6f05c1d1beb594",
                "c24de1a0cf3190828acee7ea579902d4fe3899d644d9c0dd5a0dcbc96c04375f",
                "baffc67718c270d64b42c5cfc3c2a7260e6288808a074ef8bafc7216a2a206ff",
                "7c1b64e10366a69802eac2eb57dde1191fb57416e97acef090d53f6be91b98f2",
                "1d3aa1bcaafe4d5fe7e04a2f1c10831af95d4e80f7a37605996f4f584ab46ac8",
                "b6938d9d836d8fb8714463bb2d42947823e524a9fafce0f28b42dadf54f4334b",
                "56e8ce5cd92e7ce0562868ad37a62f8e552f2bd18b40a4b8bc4a28d34b953f0c"
            ],
            "type": "Document",
            "firstPartyCookies": {},
            "firstPartyCookiesSent": {},
            "exampleSites": [
                "area-porno.net",
                "extremeporn.xyz",
                "girlsgames4fun.com",
                "hiijav.net",
                "italianvidxxx.com",
                "javhay.net",
                "milfpornhub.site",
                "momxmature.com",
                "ojuporno.com",
                "porn-hab.com",
                "teenagepornx.com",
                "the-moms.com",
                "thothub.online",
                "thotshub.tv",
                "turkeysexi.com",
                "www.freesexvideos.pro",
                "www.sexxxx.pro",
                "www.tubexmotors.com",
                "xnxx.club",
                "xxxhot.pro"
            ]
        }
    ],
    "categories": [],
    "performance": {},
    "cookies": 0,
    "topInitiators": [
        {
            "domain": "tubecorp.com",
            "prevalence": 1
        }
    ],
    "types": {
        "Document": 20
    },
    "nameservers": [
        "ns3.digitalocean.com",
        "ns2.digitalocean.com",
        "ns1.digitalocean.com"
    ]
}