{
    "domain": "rtbsuperhub.com",
    "owner": {},
    "source": [
        "DuckDuckGo-US"
    ],
    "prevalence": 0.000166,
    "sites": 20,
    "subdomains": [
        "eu-adsrv"
    ],
    "cnames": [],
    "fingerprinting": 0,
    "resources": [
        {
            "rule": "rtbsuperhub\\.com\\/ir\\/",
            "cookies": 0.000149,
            "fingerprinting": 0,
            "subdomains": [
                "eu-adsrv"
            ],
            "apis": {},
            "sites": 18,
            "prevalence": 0.000149,
            "cnames": [],
            "responseHashes": [
                "1c856df9beb8fd81f1dff8139a637ebf4d4abaeb06958412d320d1c298367d51",
                "98bd3de651d331a7b02e6b86cbb362f81c41587c64e05021123348a36f8fd716",
                "3db52d6c6ae2ba416d2d1efa0efc3822b5eafc1f14ee10a5f252ecf59d68886a",
                "c044a17c454c89f5a149489e32420074a51dbfed524421452697a6cb96b55f0a",
                "86a24a5e8225e458ee5cee1a3a2d1a93ef0bbf8fcdb7223b848b20d9b6cb4389",
                "7aa937e8b9b2e297817736dc6155357590bc6f10d3b08dd877a88e1077995084",
                "a4f457cee4d6889802ef21a2b993ad842e76410d11b280241655df2f5558a26b",
                "a8b60385eb939d4bed5ee3db32147243dcc7262ddcc6de8b6c5f99f6c55bddf0",
                "ba244ae653eb1033acbe72d03e4d4a205743e6e995993d77b410c1d9951e6240",
                "18ee68398f039dbebe6f630e9d5183ac9d61062afdc4c0a7ce64543f5d7b955c",
                "cf5eec8d3af2e298cd3a6c75e0a992dc8616ce56e19e35667074c3063c3e573e",
                "4ddb9bcd081b164026e45985fafd451623aa1f134b4a3ab6d55bfbd00d098f07",
                "d064a5e7f184372bd24c8ef738d8f80e315afcfc0f797e72999e9b05fb4b8d6b",
                "7464cadd438b474629889c0afbe7e7038cdbf7437b282c297ac45968ae5d1cd7",
                "d57353bda5bbe97026d38972eb9f1cedb3be741dca4988c96c3f343eb3283123",
                "113993cbb99ebc903085b747a9e9d55a295e42ad893568f0e39ddd1ffb073e34",
                "96b2d51d196a9f68ce2094c687a48a639ce66798d87eada9b7917918b2bde597"
            ],
            "type": "Document",
            "firstPartyCookies": {},
            "firstPartyCookiesSent": {},
            "exampleSites": [
                "anyporn.com",
                "aypapi.com.listcrawler.eu",
                "blackdynomite.com.listcrawler.eu",
                "candy.com.listcrawler.eu",
                "erotik.markt.de",
                "escortalligator.com.listcrawler.eu",
                "hellporno.com",
                "hellporno.net",
                "m.alphaporno.com",
                "manup.com.listcrawler.eu",
                "milfy.com.listcrawler.eu",
                "superasian.com.listcrawler.eu",
                "transx.com.listcrawler.eu",
                "www.cumlouder.com",
                "www.heavy-r.com",
                "www.porndroids.com",
                "xbabe.com",
                "yolo.com.listcrawler.eu"
            ]
        }
    ],
    "categories": [],
    "performance": {},
    "cookies": 0.000166,
    "topInitiators": [
        {
            "domain": "itransitauthority.com",
            "prevalence": 0.5217391304347826
        },
        {
            "domain": "first party",
            "prevalence": 0.2608695652173913
        },
        {
            "domain": "realsrv.com",
            "prevalence": 0.08695652173913043
        },
        {
            "domain": "pierlinks.com",
            "prevalence": 0.08695652173913043
        },
        {
            "domain": "solads.media",
            "prevalence": 0.043478260869565216
        }
    ],
    "types": {
        "Document": 18
    },
    "nameservers": [
        "ns0107.secondary.cloudflare.com",
        "ns0137.secondary.cloudflare.com"
    ]
}