{
    "domain": "rtoaster.jp",
    "owner": {
        "name": "BrainPad Inc.",
        "displayName": "BrainPad"
    },
    "source": [
        "DuckDuckGo-US"
    ],
    "prevalence": 0.000474,
    "sites": 70,
    "subdomains": [
        "rt",
        "js"
    ],
    "cnames": [],
    "fingerprinting": 1,
    "resources": [
        {
            "rule": "rtoaster\\.jp\\/t\\/",
            "cookies": 0.00000677,
            "fingerprinting": 1,
            "subdomains": [
                "rt"
            ],
            "apis": {
                "Document.cookie setter": 1
            },
            "sites": 35,
            "prevalence": 0.000237,
            "cnames": [],
            "responseHashes": [
                "20a91ceb4414385653f49eec48e22b9c381a0d2fe46c865a5a88c487ba0776c0",
                "4414b156045a6fb2352edfbf21223a60d5de966e56fbd94cc3cf4229cd06d96d",
                "a52a63795417d1f39c75b854382a6090c4d40bd28b6c6683506c521a1c57d07a",
                "48b642db466bc6061d492dcf0ce8e2d4f76e743a2b12ba37a0ab05c0cb3b8ef7",
                "945e792905ab0d4a8321155162e0c70f2f32213ae89b660c7a3e4fdf20107aab",
                "1e1bf5d70d756edbc4f5b2ffe0ce51f213f8b0aaeaa825d97c617c749cb8752e",
                "20c879a6d39af1d57ed0984c925a79028b1ef23074048ef19dbaea87ca3cfda6",
                "f9806afd13fb156d7875c45fc0231aa5c2838b5ac8b6e7b8f0d3afeec507af25",
                "f48063ac27ee93270382b476f0c3789327237561363cc3f6fd07228ed091f677",
                "6d6582a9b4eb3fa16b7eaf2acd45ebed303bf9b59c53865eeb9d6885f892612a",
                "ad72a95514a6a61de91c285d665f19e3f887e2e7c62dcf4002867553f2855a6a",
                "9a2e43281c7b04588ed28ff4031892cccdfd009fcc255509810b24578a88335f",
                "d94d9898c979d29fef2ab6e757ed42e883c76df8f9669285fcf1cd9931c4da08",
                "445a550244669a8ee0d710a6e24fc7c1135991e42946042a89b2dc09ec929690",
                "bd88bca21d48c3bf9e05ca5ac971165af74997dca658faadc98bc40228738077",
                "51c210f2382cfbc319be94aa3eca8b86370858fa1123e0b48db621440a813160",
                "28c44c290db7d31e732ba8e2f0b199d97cef6e40ff98d141c465ce34c5c2e4cc",
                "235ac83c243fc0b47d8effa3620d05a33b7bc6183299a7c1c34f5e3ba7e7fb25",
                "2f5514e7cc83e11e2bdc3ca436592a05caac7f7502401fe97994d144e4d39ea4",
                "24ecec9f29b7c464a64cc13203b865aab09ce90b9c82c7a38f82a5edc3281b65",
                "491444da4cee81b9aec77f81d9d265b94222bc8194b1f96df0bf57b06b525ead",
                "9adc0b78151420b5d411522e050bbadc0a5d55c18bb21ba76094a4a600dced66",
                "85f48a20ca70ad207f0612f4b56d3e595640cdea4b69cdad7dff3bf1bbb54a1b",
                "ac35480b33268edd922d6eb48aa30aa4eb95e360290ad2b3796674114f730888",
                "cb0ef43cf3d640373997b6ab1cdadabdaeab39f5bc735c83a398ee0f11544d50",
                "91fc012fe6980ad98d42f2f2bb0d55a5732be18e97bd607ca6a907dcffc85f10",
                "b9d64eac1b64baf0abb158cbd0d7c62bd36bb162df1df4392e1208ac984ee805"
            ],
            "type": "Script",
            "firstPartyCookies": {
                "_rt.uid": {
                    "ttl": 63158424,
                    "length": 36,
                    "prevalence": 0.0000067723606417488944,
                    "uniqueness": 1
                },
                "_rt.xd": {
                    "ttl": 82824,
                    "length": 8,
                    "prevalence": 0.0000067723606417488944,
                    "uniqueness": 1
                }
            },
            "firstPartyCookiesSent": {
                "__pid": 0.0000067723606417488944,
                "lotame_domain_check": 0.000013544721283497789
            },
            "exampleSites": [
                "www.e-earphone.jp",
                "www.shiseido.co.jp",
                "www.wowow.co.jp",
                "koneta.nifty.com",
                "www.animatetimes.com",
                "www.matsui.co.jp",
                "cancam.jp",
                "precious.jp",
                "www.shimamura.co.jp",
                "www.jrkyushu.co.jp",
                "www.ntt.com",
                "jbpress.ismedia.jp",
                "www.nikkei.com",
                "rurubu.jp",
                "www.nintendo.co.jp",
                "www.biteki.com",
                "oggi.jp",
                "www.pro.logitec.co.jp",
                "crosset.onward.co.jp",
                "style.nikkei.com"
            ]
        },
        {
            "rule": "rtoaster\\.jp\\/r\\/",
            "cookies": 0,
            "fingerprinting": 0,
            "subdomains": [
                "rt"
            ],
            "apis": {},
            "sites": 22,
            "prevalence": 0.000149,
            "cnames": [],
            "responseHashes": [
                "c6390fd973510f4efdecae6760a5c93594aef5719f6502aabcc05e4fa4cb7a78",
                "320ccbf5d51a61779b245b6e42380771f1ec061b0f8bdb2be4ee7a7950193a89",
                "87f32e103924ac6a850d810d684703bb4ff86ba890328dce0598a0c468dae551",
                "d8038a9d0b3959cecec6d3e41243548078cba0a1db84a7beb4c7a80e8083bc24",
                "5e7740010efc31c21f9f6189770b4b3a972ea890c7a005fc47ee6fa0b0081707",
                "1cd52ca5a50b0b3e939c7ebf628813e46fb57a9cdd9e4d6c878a4bcda8f944d2",
                "8b2ec327f26182377768705d2717c6f9a3ba43317305c0e270229fab8084b2ad",
                "b66adef18f77ee12d64bfc4d6335f49244fd385fddac2f8bcf21fda7e8d82ffb",
                "3295dc4c34a8dac06149210d6dba7050e7d410623051255fd2c250cc29d23923",
                "28d8d7ae44b88849de6839ced20de8e99854f8de31a6fadcd5de1aa11f13047e",
                "834803aba000e240159704e351d6c589a645096619f480104e8463aa11e8a194",
                "9ef151a60150dadc95fa14f192169f8cb585f1192e38114ff6e90747ba513be4",
                "2ca3d70c37e57e72a4561b9f0566597e9249b785ecd3781a97ef192d0b3050a0",
                "1526407090e7ccd8c157577bbc7003c38c60811b55c00c396d0919591a5c61af",
                "670a9dc04516a06fe6c1ab38a1aba43d5e28da2c2e8ea82a460d1f7be06f53b4"
            ],
            "type": "Script",
            "firstPartyCookies": {},
            "firstPartyCookiesSent": {
                "__pid": 0.0000067723606417488944,
                "_rt.uid": 0.0001219024915514801,
                "lotame_domain_check": 0.000013544721283497789
            },
            "exampleSites": [
                "www.orico.co.jp",
                "www.shimamura.co.jp",
                "rurubu.jp",
                "www.animatetimes.com",
                "r.nikkei.com",
                "www.wowow.co.jp",
                "nikkei.com",
                "www.ntt.com",
                "www.amiami.com",
                "www.melonbooks.co.jp",
                "www.pro.logitec.co.jp",
                "jbpress.ismedia.jp",
                "www.nta.co.jp",
                "www.usj.co.jp",
                "www.shiseido.co.jp",
                "www.nifty.com",
                "www.felissimo.co.jp",
                "www.yukoyuko.net",
                "www.matsui.co.jp",
                "www.nikkei.com"
            ]
        },
        {
            "rule": "rtoaster\\.jp\\/Rtoaster\\.js",
            "cookies": 0.000115,
            "fingerprinting": 1,
            "subdomains": [
                "js",
                "rt"
            ],
            "apis": {
                "Document.cookie getter": 23,
                "Document.cookie setter": 17
            },
            "sites": 29,
            "prevalence": 0.000196,
            "cnames": [],
            "responseHashes": [
                "6762615804eea62d385bab7695e0fdeed7c4f66c3fd966798a7f72dd6866bef4"
            ],
            "type": "Script",
            "firstPartyCookies": {
                "_rt.uid": {
                    "ttl": 63158403,
                    "length": 36,
                    "prevalence": 0.00010158540962623342,
                    "uniqueness": 1
                },
                "_rt.xd": {
                    "ttl": 82803,
                    "length": 8,