{
    "domain": "run-syndicate.com",
    "owner": {},
    "source": [
        "DuckDuckGo-US"
    ],
    "prevalence": 0.000277,
    "sites": 41,
    "subdomains": [
        "cdn"
    ],
    "cnames": [],
    "fingerprinting": 0,
    "resources": [
        {
            "rule": "run-syndicate\\.com\\/sdk\\/v1\\/n\\.css",
            "cookies": 0,
            "fingerprinting": 0,
            "subdomains": [
                "cdn"
            ],
            "apis": {},
            "sites": 39,
            "prevalence": 0.000264,
            "cnames": [],
            "responseHashes": [
                "24b59f4e4fbf1d4a988ffa478952ceb54e0b2f0774da926bcd2cc0376200dbfe"
            ],
            "type": "Stylesheet",
            "firstPartyCookies": {},
            "firstPartyCookiesSent": {},
            "exampleSites": [
                "www.readm.org",
                "komikcast.site",
                "mangakomi.io",
                "comiko.net",
                "www.kukasoitti.com",
                "cin.pw",
                "www.fsiblog2.com",
                "nontonhentai.me",
                "simplyhentai.org",
                "readtcbscans.com",
                "webtoonscan.com",
                "jumi.one",
                "kiryuu.id",
                "www.visitmama.com",
                "battwo.com",
                "yaoiscan.com",
                "cin.guru",
                "mangakakalot.to",
                "gayvids.tube",
                "api.myvidster.com"
            ]
        },
        {
            "rule": "run-syndicate\\.com\\/do2\\/7bde4a562ff44144aeadb1c4b0b394cb\\/dynamic",
            "cookies": 0.000223,
            "fingerprinting": 0,
            "subdomains": [],
            "apis": {},
            "sites": 33,
            "prevalence": 0.000223,
            "cnames": [],
            "responseHashes": [
                "3edfc0841ab1c8a00a2211f9f8b76ac4aa127654f2ddb14802a76c61a1beab33",
                "50361910bb265bc7547859b5e813f2f50631071f80d890161c48d58727203d9f",
                "88f643ea711ffbaa8a0335db60ca7f79221340dfb1024ddc54c200e8c23f9075",
                "dca76d08296216316bc3f2e47fd6264c1eb5b4ba1cb2b3dacc781e3a6b707d53",
                "0720b5140a55f60e01d8f9388123b2a2d48e7b402af92217c19a6747ecc8bd3c",
                "e648495bb4e344de729c195e5328f0ccaef1500c00ce0028e60278dc1672abad",
                "de0c35e2014c84b79357550bce86a814bb969082b7ca15e00b5fc207c22b5677",
                "76628f3ea09def29167ebf3e17fcf311a647c47113eeb2b53ced75bab6a343af",
                "619e1e43fa7a329c35787c1eba79f3430c78b9dd273a3bf749e31851459a10a1",
                "c3f9af7c5e68f2e6b5787cae1f4c5ddf56cb0a6b7d313f5097367ff6203d3ca4",
                "07e22c52677822af9832168db83eae361183da422d9ebe5fb06e8ef3128c5b2f",
                "cd8a4eb20c1fa2a6fb227b2b6bd7221f08818adb7915cb6e70bdc659d4751a44",
                "75148e2a1cd4f939a42fc3c02b46b444c8d1085ffd6b2216cd474b0ef8e8e6da",
                "dc33e269d0661b704b0ec187f77202ec5f241d8c2b89f5d66b61aaa32c0721fd",
                "a6cbffdf5e4533fb3a9a8cac1c6d94a93bcfbc46e3418c007f98dafb1118497f",
                "461193d3a163aeeba7976cb76d427e5a1fe9103320b3e30f963d526bfe0a49cc",
                "28ac2dcc77d71b90312ddef0e14f80e59efa18711af85768b43e30b71376d20d",
                "8dd0e7e551b19601d009815e9577a124503edfbb5ae97436902be9bf2f80e023",
                "ca6065b3a02a8a76dd104e1c84b4508318b11068ebf75d90fef920cfce50d1f4",
                "e1ef0c1bad6cbbaf635f51aa8065070ee15fbdca9771edf565b7880e0732bb6f",
                "a4790fb2baba2abbb49cdf52f9afd0918df27ee9ed6c05d2648a90fe9aaa6ff6",
                "98216ca39f6ee9620f5f72d17faee26cc17c9326092b514b053b96dda23bcc09",
                "f9182c72aa958646d811a6752971aa64948f05ea8f480ea97dca68ed8549ffb1",
                "3c7b548bade64163a1524b766f87470de3cd16232dd3626d7c701d0e337df75b",
                "9054b1b8e8ef47dd2b85d3ec6a4c9856ae409cb0d54e8686c543adf197bc389b",
                "f1d9c7f0e520dc1d3c36101209ef45a162933eb05c8fc3e37eeb41ac518c0dcf",
                "d0a7ead9a34a7ff963594b7085b9dc760f9c0a695b75d15714e176908496ba7a",
                "9741b77c60007a1067c6d9dc27affac366d695182f2c0937263462030aba871b",
                "548bc9dfa0449df9a7b30f053a7b4dc13ea9b86f9966a63decde272696e8631f",
                "a28c90783ffb6be250b9e8322ceb6b63759f9ef22f426b5902c0c8bc609604f8",
                "cdfad03e6d43ad65c542552a380c92c1b7058a03dadb7071148ffc6c1fe7bf43",
                "c8bad47d0ae4faae0a53a893cfe781f3076da3e3ce34f101acb6ba01b15b7734"
            ],
            "type": "Script",
            "firstPartyCookies": {},
            "firstPartyCookiesSent": {},
            "exampleSites": [
                "nontonhentai.me",
                "www.kukasoitti.com",
                "webtoonscan.com",
                "komikcast.site",
                "mangatoto.com",
                "www.xxxvasna.com",
                "gayvids.tube",
                "kiryuu.id",
                "battwo.com",
                "manhwalover.com",
                "olympusscanlation.com",
                "readtcbscans.com",
                "mangakomi.io",
                "cin.guru",
                "adultmanga.us",
                "simplyhentai.org",
                "jumi.one",
                "manhwatop.com",
                "doramasflix.co",
                "cin.pw"
            ]
        },
        {
            "rule": "run-syndicate\\.com\\/do2\\/fb31d65b95db4b1393943e001dc09d95\\/dynamic",
            "cookies": 0.0000135,
            "fingerprinting": 0,
            "subdomains": [],
            "apis": {},
            "sites": 2,
            "prevalence": 0.0000135,
            "cnames": [],
            "responseHashes": [
                "0353362da1c89c2b80e4a1d7bb2b7be7015d11b278475345c030ef08262d3d5c"
            ],
            "type": "Script",
            "firstPartyCookies": {},
            "firstPartyCookiesSent": {},
            "exampleSites": [
                "mangapark.net",
                "v2.mangapark.net"
            ]
        },
        {
            "rule": "run-syndicate\\.com\\/do2\\/d30b7c8f5d4142f79c359f42703a8471\\/dynamic",
            "cookies": 0.0000135,
            "fingerprinting": 0,
            "subdomains": [],
            "apis": {},
            "sites": 2,
            "prevalence": 0.0000135,
            "cnames": [],
            "responseHashes": [
                "936a935b70d39c33bcb3865301784db12cd203cbfbdc77f6e064b2eaee7c55b8"
            ],
            "type": "Script",
            "firstPartyCookies": {},
            "firstPartyCookiesSent": {},
            "exampleSites": [
                "mangafreak.net",
                "w14.mangafreak.net"
            ]
        }
    ],
    "categories": [],
    "performance": {},
    "cookies": 0.000277,
    "topInitiators": [
        {
            "domain": "runative-syndicate.com",
            "prevalence": 1
        }
    ],
    "types": {
        "Stylesheet": 39,
        "Script": 37
    },
    "nameservers": [
        "ns-10.awsdns-01.com",
        "ns-1055.awsdns-03.org",
        "ns-1936.awsdns-50.co.uk",
        "ns-916.awsdns-50.net"
    ]
}