{
    "domain": "scl6gc5l.site",
    "owner": {},
    "source": [
        "DuckDuckGo-US"
    ],
    "prevalence": 0.000149,
    "sites": 22,
    "subdomains": [],
    "cnames": [],
    "fingerprinting": 0,
    "resources": [
        {
            "rule": "scl6gc5l\\.site\\/api\\/data\\/analytics_ads",
            "cookies": 0,
            "fingerprinting": 0,
            "subdomains": [],
            "apis": {},
            "sites": 14,
            "prevalence": 0.0000949,
            "cnames": [],
            "responseHashes": [],
            "type": "Preflight",
            "firstPartyCookies": {},
            "firstPartyCookiesSent": {},
            "exampleSites": [
                "asianpinay.com",
                "clipsbai.com",
                "darknessporn.com",
                "hitbdsm.com",
                "justpicsplease.com",
                "megapornx.com",
                "njav.tv",
                "vercomicsporno.com",
                "vermangasporno.com",
                "www.amateurporn.me",
                "www.freexcafe.com",
                "www.homemoviestube.com",
                "www.mypornhere.com",
                "xxxpicz.com"
            ]
        },
        {
            "rule": "scl6gc5l\\.site\\/api\\/data\\/analytics_ads",
            "cookies": 0,
            "fingerprinting": 0,
            "subdomains": [],
            "apis": {},
            "sites": 14,
            "prevalence": 0.0000949,
            "cnames": [],
            "responseHashes": [
                "e485239c3ae654238163250a51fb46eaf74ed4cd9c040ca784850a8ac34fd948",
                "c34f5564e0e62302144fead4086fe7f8330fab101d28fc35d6a72466f8a7d817",
                "73ed40bc6764df45d4099d1523e174050aa9778975a651e3700f36524b40eb38",
                "4e4ff96b35699a5c62b629b7d1bc15e63c6bc3bd3702e9f3c5255668d3459dbe",
                "5923f9387a30eed788d0d7126a0890fadc506fe1154b4d84ad00463360451a76",
                "793aebd3e6aff45b91821ff8e1603164eca64885b755e33fc0a22f9f4f3939be",
                "648d9d773c9d95e39f82c6676edd93ab955ce3466945c888b118845d782ff971",
                "d4d4f86b7c773d4ed0250d5aaff5da1e3d16141bac182cd2e02ae694c2c6d962",
                "a2f78328121533dbd30f232b54739b8f2a5718d49e2b64717621ec8ca59bf3ff"
            ],
            "type": "XHR",
            "firstPartyCookies": {},
            "firstPartyCookiesSent": {},
            "exampleSites": [
                "asianpinay.com",
                "clipsbai.com",
                "darknessporn.com",
                "hitbdsm.com",
                "justpicsplease.com",
                "megapornx.com",
                "njav.tv",
                "vercomicsporno.com",
                "vermangasporno.com",
                "www.amateurporn.me",
                "www.freexcafe.com",
                "www.homemoviestube.com",
                "www.mypornhere.com",
                "xxxpicz.com"
            ]
        }
    ],
    "categories": [],
    "performance": {},
    "cookies": 0,
    "topInitiators": [
        {
            "domain": "banneradsday.com",
            "prevalence": 0.43478260869565216
        },
        {
            "domain": "boostcpm.su",
            "prevalence": 0.391304347826087
        },
        {
            "domain": "vidogrey.fun",
            "prevalence": 0.17391304347826086
        }
    ],
    "types": {
        "Preflight": 14,
        "XHR": 14
    },
    "nameservers": [
        "ns6.hosting.reg.ru",
        "ns5.hosting.reg.ru"
    ]
}