{
    "domain": "scorpion.co",
    "owner": {},
    "source": [
        "DuckDuckGo-US"
    ],
    "prevalence": 0.00024,
    "sites": 29,
    "subdomains": [
        "sa",
        "api"
    ],
    "cnames": [],
    "fingerprinting": 0,
    "resources": [
        {
            "rule": "scorpion\\.co\\/sa\\.js",
            "cookies": 0,
            "fingerprinting": 0,
            "subdomains": [
                "sa"
            ],
            "apis": {},
            "sites": 16,
            "prevalence": 0.000133,
            "cnames": [],
            "responseHashes": [
                "14c6a9077e0881ef433d8d483e3e521ed081ed3755107c3c6720d11c0c130155",
                "48261b8cfe648ae21981b732f737df6b6f485a8a0c8ed6245041f32d12ecd7c0",
                "b59444d7338f6385126b5ef34e278e35bd72bd90f9d0847c4ef5f2db3ceb0772",
                "eedeca6f536c9aabee2d47ed3774d3e3bad5b1e9d1b17ce074290baae62e6afd",
                "0408059eb1320964a4575714331b1584e7ebb2dac25ed95b4156fd71473ae6f1",
                "e6d6021f641946477693fdc58f4669b39e9e553ffe8fb02c37b64b5aebd10984",
                "32014e63a4a7e678d111b1613efdea0417ffb4e8ab3523f8391c1cadb63c96a8",
                "34a959945ba6b23e8d9732fd7670f8bd472516088bf70779bf8d2b43025c7fb6",
                "418998350c5ce9743515d6c374cbe448cf42030991beb2590daea5d179db9951",
                "5717a3571927fc6e0643f5c9707f6d6de1f9d80a75e17b0797122960f66a6b7f",
                "ffb9371c32339f4c0ec895700da668847c43c927588f0407faf176ffc2e30da4",
                "c72deb4fd34d4e8a065d47b57777d369d85d618355fd9ed943510c05c1098522",
                "2e2116a34a609daf406683a10172e08df952f915cbe06bb0fb169b942fa388d8",
                "0a9a9ceb85e51f5d258ff496ecc01a7fbcccb54539fc6af8a4f46b894193ac1b",
                "18a55bc31e173bac48722ea7b562820df345e026baa8491fddb30233d6da19eb"
            ],
            "type": "Script",
            "firstPartyCookies": {},
            "firstPartyCookiesSent": {
                "__origin_landing": 0.0000082917364554485,
                "gpv_c51": 0.0000082917364554485,
                "_li_dcdm_c": 0.0000082917364554485
            },
            "exampleSites": [
                "aireserv.com",
                "www.aireserv.com",
                "www.campbowwow.com",
                "www.cbac.com",
                "www.centracare.com",
                "www.chickensaladchick.com",
                "www.fastsigns.com",
                "www.griswoldhomecare.com",
                "www.lcmchealth.org",
                "www.merrymaids.com",
                "www.mrappliance.com",
                "www.mrhandyman.com",
                "www.mrrooter.com",
                "www.ouhealth.com",
                "www.psjhmedgroups.org",
                "www.rwjbh.org"
            ]
        },
        {
            "rule": "scorpion\\.co\\/communicationsplatform\\/webhooks\\/v1\\/api\\/cxcchat\\/chatpre",
            "cookies": 0,
            "fingerprinting": 0,
            "subdomains": [
                "api"
            ],
            "apis": {},
            "sites": 2,
            "prevalence": 0.0000166,
            "cnames": [],
            "responseHashes": [
                "715640dcef8a2d4122650017c5fde4aa4505562b23cb1c20d9ad7fdf2568d791"
            ],
            "type": "Fetch",
            "firstPartyCookies": {},
            "firstPartyCookiesSent": {},
            "exampleSites": [
                "merrymaids.com",
                "www.merrymaids.com"
            ]
        }
    ],
    "categories": [],
    "performance": {},
    "cookies": 0,
    "topInitiators": [
        {
            "domain": "first party",
            "prevalence": 0.6129032258064516
        },
        {
            "domain": "d20iq7dmd9ruqy.cloudfront.net",
            "prevalence": 0.06451612903225806
        },
        {
            "domain": "d12yp66odzcfr0.cloudfront.net",
            "prevalence": 0.06451612903225806
        },
        {
            "domain": "dttdrlk9qx747.cloudfront.net",
            "prevalence": 0.06451612903225806
        },
        {
            "domain": "d1rrbfu5dru7i1.cloudfront.net",
            "prevalence": 0.06451612903225806
        },
        {
            "domain": "scorpion.direct",
            "prevalence": 0.06451612903225806
        },
        {
            "domain": "d19fhfqdgbj7sd.cloudfront.net",
            "prevalence": 0.03225806451612903
        },
        {
            "domain": "scorpioncms.com",
            "prevalence": 0.03225806451612903
        }
    ],
    "types": {
        "Script": 16,
        "Fetch": 2
    },
    "nameservers": [
        "ns-159.awsdns-19.com",
        "ns-1636.awsdns-12.co.uk",
        "ns-1493.awsdns-58.org",
        "ns-539.awsdns-03.net"
    ]
}