{
    "domain": "sda.fyi",
    "owner": {},
    "source": [
        "DuckDuckGo-US"
    ],
    "prevalence": 0.00585,
    "sites": 863,
    "subdomains": [],
    "cnames": [],
    "fingerprinting": 0,
    "resources": [
        {
            "rule": "sda\\.fyi\\/update",
            "cookies": 0.00358,
            "fingerprinting": 0,
            "subdomains": [],
            "apis": {},
            "sites": 580,
            "prevalence": 0.00393,
            "cnames": [],
            "responseHashes": [
                "7e2ed182372c388eab66061dd420e25a4f537226bcf381ac40d9f7cc4294ec17",
                "44136fa355b3678a1146ad16f7e8649e94fb4fc21fe77e8310c060f61caaff8a",
                "c9420015ee2c3e290a675830cdc97b84e896390fb6970df6fcf37ff84c16259f",
                "af6ff358bf5213b1a03c55b5668b7fc050d65c44115390cfdc4b58428ac40fb9",
                "16d167ab21cef491047d2a26310a75562ba66d4b10965bf18b41f23791a40aef",
                "ed4a0f5b5f0d146f1caf0c18fcaad2a84f81f1681dcc28b78db8cd36deb66f9e",
                "3bd20504252ed220d46858bf09471434a5fcb75b800b67457c5fa1168a85586d",
                "17cfdb44e26a73fbccee8f25d6bf704c68205f9da12908f1a344ad8f1c019f68",
                "50a3cc40e4e9a52a12c09070766b2633bc28ba502e76cff3847c8520708b7bf8",
                "4b3c6f88ee88c68f9e32281c386154833991aec8eb928730e9219353ae89f359",
                "5bd2dd09ba8e84f98bacf3d981632fd1cd7a9749b7ac79d2b52499bfbdc8c989",
                "4a8668fce044698cafa3605c48f3be52ea2693ea1636099807c350aca42716ce",
                "255b4cd37a5abcd6cf223e83b6e74ff4c2cbd540cdb94a991f0d1be3c08a73c5",
                "b1af4c2aa2a63cf2eb4c4ae10fbdd7679cfcefbf56a2d6682d615916e9813726",
                "aab650866dd27485d655b18fc1d2439b6abfcd5387c487b62e7e853867019a00",
                "5d96cccc485daea95058d61369966d82de39c0a5ee06ea1b15a412b0d5e7ce3e",
                "44c1a276c9f02d09e065fb22d5550fac0f2306169e694be9650cb96b5f1f0969",
                "4b9ea036ebd135a659193c92e9a838ce7d5cda7a45e6c08cad81c0fcad6518b2",
                "0b020c829867279fd77994b513d63164cb94fdf980e7647aa0ea182d087de4fc",
                "451970ab8c02346073980aad09f59688bae8f6ce012db09aba84e6924c256725",
                "af8fa6d7e594bee5eb0c007d25787989b11b606af25bf9a70b8e5436b0611768",
                "50639c3aac398af2f63597cb1af2f34736bd642f3c7fe1800cbfdb183134fb9d",
                "7a5afb70ef2fae02f8a8066db5415a7647a6770d3c583f3c5a2595e0638eb55a",
                "e409e19ec3516fbb2da7a3aec6da67197245b7bf904f491beceb315fc2e0b28d",
                "f7642b3d128dc5c0aedeb19117126a83b9071cadd3d77107d8ca716fbbcea49a",
                "fb809377b1097af22a22a02eb6e9fb0d79d72b84e9df51bee1746fbb8d4998d6",
                "c3e5679da0d5274fc7a9464ac0a5c0fd59b84013132f7f5ea8b716b810bc5454",
                "05cf2372e25b21dd8f4ad3540b207d726edccf204c805af9f35b68bfdb9bcac8",
                "2b9b2dfd08442f0474cf95a532961e83ecac2b05485f9ec4e63972a95105aa38",
                "5b1df2b5bf82fb96e2913c7041169a10e74fbfb394fb063bad7bac388ef11879",
                "ea71879cefb0364ad16e0133c31399c2437befeb41a512d6bce2dcdc46e4c589",
                "0a32cd02b9df35a559f62a8a284ca81327ed25ef45b39624bae5727ea494c72f",
                "ca1ec5c583f1f08fb0eb4fadf95d0eb11d8f58500bcb3dee804c598ee127a4b3",
                "4fa68663f170be6345dd1e765bb465a5b637f72f009b8e801505bf20a2974b76",
                "013532b00303caf97b7c54cf87c992249d89c5176fa01d7e2ceb2c0f4d82eb04",
                "ccd01758a3d63bc6a9eebe6b0f819ae7ee37f487e9328455cdcbfc5cbb48db7d",
                "7bdcc0070483336a07aa1203cc205d14ad1bf93854edb671291ab83e91b9606d",
                "d1dcf97f25da1091b26bb97e9c0d40bc9acb371a1ed7938a3310a7de32e98634",
                "40e6806f132ff6b78024edc5bf74b18fcd7023a198bddb33f182d5a63c407147",
                "3e31e873242ba92d73c81c523c05c8480d86f237ae0e789d610e7ca3ebfca8f9",
                "9a530e898938a8fae4a7ef7c8a9f317678ef7c6fb597989d280571da35a5a9dd",
                "5da3c4e37b5b2ab5d8f02cd585488d97f8622ea2394753c7f56cdad8fae8c9df",
                "83c5eb6e6da6818e805f9a93d89e389aed47662d10185f82b9e10f4770de5e58",
                "04eee595c200e7d339714f3ea2cf978b56d375447d335505bd65e08299ced62e",
                "5f708392f3425eae7317f7c9d1508cad70f6886cda971d6bda3e0168a2ce59e0",
                "13c5e81f3d9eb23cee703964add0f4ad1f59ea840314ed6d66d7340d00538cfd",
                "163ef39fe167aac378c899df0d72592843f434373e4c6485a8b8eef68eab0de6",
                "5c1945519a8dd81bb5afd3de1d3513655a6b7df719eec35ae1493f17c157e771",
                "9ca88ee274aacea1f5c060af9a6768d43e918bf135f2c4d79348d1232dbe5e48",
                "7ccbdb47498719d283064c5eccfd1543ea7147eb093789e76aeea0a424e79428",
                "9a4ca557dd1620a535b2e669651140afe9927ecffd48dae83b1b28d48ba4dc0d",
                "c1079612052fd3d3ccfce13952e1296685ce078773c9a54e2cdf83a2801cccfc",
                "3db3e6175d1bdda29751b3f1d22fc0fdabfc1eb2ddb85f6820f452a31f5ad783",
                "2ef3830257f61e8e0ea6720400009d5937982877c1a90b6e9a3e46e16d70851a",
                "b8027d2cb04c684f1f549f9a8e8e899810245c7de173c950bbd348facb3efa78",
                "9efb37f58958e9dd5dd75b1af3a298ed710e9d9a0a38e51fa1eddb02f5bdd57d",
                "d9579284ccaac78466b81f588d152894dcc3b863d6548f44fb1cf3cbc709ad11",
                "7f843fe558b8a2c8fd1a871886e695afcde5698bcf5fe4007a278c2c37057d45",
                "58b6545443c4f9f5b5315bb91464fe1a17b88b8c4372ba84af1ea7626fa1eda6",
                "554f9a75c0b12b6008f62d760379acbb85e947a2a07251533c2a1d22d6d3d3d5",
                "eb648bdfaf945b197e54e0018a8372370db1ef4215ae3ec661b40d336145f4d5",
                "f139a10fa2ca0ebd503309f61c55970c759b37ca38e494feafea9df7195ff87d",
                "add82bb3f925262aa8effe1653c43a642b3bbf179025080ead77d548c42e731b",
                "ed90fc3fa2a0dfc9eae3a956079dc2a0af15bb254adf9e89f3065728d89c8bf9",
                "7c44a26aaed0407020858bab33a5ce281099573b96d5f266cd038bb3f38bdb0e",
                "d0b33d2e897d7730c2daf73a2a9f84c4ea67c860bbbe7ed489e9e1d6973ca226",
                "6d1ef043845f83a4fdd5d3be05b7f88aff90b332218a5c6131dbca86a147b9da"
            ],
            "type": "XHR",
            "firstPartyCookies": {},
            "firstPartyCookiesSent": {},
            "exampleSites": [
                "twinfinite.net",
                "nourishedkitchen.com",
                "thetoastykitchen.com",
                "www.diys.com",
                "www.usurnsonline.com",
                "www.careeraddict.com",
                "mystischerrabe.de",
                "www.siliconera.com",
                "www.traveltomtom.net",
                "looacademy.com",
                "www.operationmilitarykids.org",
                "bodylanguagematters.com",
                "www.southerncravings.com",
                "www.adamenfroy.com",
                "kitchensnitches.com",
                "howtoshoe.com",
                "luxatic.com",
                "www.thespreadsheetguru.com",
                "geeksaroundglobe.com",
                "www.howtouselinux.com"
            ]
        }
    ],
    "categories": [],
    "performance": {},
    "cookies": 0.00545,
    "topInitiators": [
        {
            "domain": "mediavine.com",
            "prevalence": 0.9351100811123986
        },
        {
            "domain": "pubnation.com",
            "prevalence": 0.0440324449594438
        },
        {
            "domain": "first party",
            "prevalence": 0.009269988412514484
        },
        {
            "domain": "shopify.com",
            "prevalence": 0.005793742757821553
        },
        {
            "domain": "outseta.com",
            "prevalence": 0.002317497103128621
        },
        {
            "domain": "getalong.io",
            "prevalence": 0.0011587485515643105
        },
        {
            "domain": "cloudflare.com",
            "prevalence": 0.0011587485515643105
        },
        {
            "domain": "rollbar.com",