{
    "domain": "sda.fyi",
    "owner": {},
    "source": [
        "DuckDuckGo-US"
    ],
    "prevalence": 0.00891,
    "sites": 1315,
    "subdomains": [],
    "cnames": [],
    "fingerprinting": 0,
    "resources": [
        {
            "rule": "sda\\.fyi\\/update",
            "cookies": 0.00555,
            "fingerprinting": 0,
            "subdomains": [],
            "apis": {},
            "sites": 883,
            "prevalence": 0.00598,
            "cnames": [],
            "responseHashes": [
                "758d822de1acff6a8f1b7b7aacf5f2296b9bf7fca7a67aa8cf60304b9c57ba04",
                "f800412e4e2b12e3532f8310b4e726422e626458bf33e2aed726a8a6b446096d",
                "dcfaa9d98ed9f710af585ec42c7c2ee31f9808d52fa1a95f9fe28fe5cc40e374",
                "3312a19820a1860e3e9ebc6f84ced115e47f222e92d9eb0d6bfe9543451e0178",
                "44136fa355b3678a1146ad16f7e8649e94fb4fc21fe77e8310c060f61caaff8a",
                "0af19a2942ddb0dcd2ce10036885ec9bc187b15a974aa977136e4e1d5a3a732f",
                "482b33850e8d8f3e27d0f36e5e863cf3da3a8f084c36460b594ffb9b4ef4df6e",
                "2af2a12f75db354c7a2c15653d599d36208f34583d842800680fa59c4fc1f2a1",
                "8a20b32cc5cc616e8f0c17bce63ed0d0213fad36d6ff8bc8dc4c95a39ca55dbf",
                "06c3213790bbd8672353045354a1677f84c9de1097420de107be393636b976aa",
                "c1e10cff79e50ed9f8a9bd25579b2206b2280b44a550e7e17f262069a50b3a9b",
                "304b4311b68dd68b3ce9ecc48d88bbac11bde17647b29d32db70fe9f006a098f",
                "70359c5dc489bba003d03f507ba52c8e4fbe97432541c84bdf71991a4a37149b",
                "1ba479d44d50efdef0206a7ab71f15bba5295c6f7e8e52375659b12f53babbce",
                "bc4ab46b4d19f8c7f1958ed12a62aa82b3d7e7414631deb1cb19434db98a7155",
                "6c1d7b929bdba39fd12ee345df14c28d7657928fb607186e45877fbc87dad94b",
                "a9663ece705e82ad3774d38c84f6bf7811c4120a413e581a4e149e6a0c6dc257",
                "4ae503863bac78e56823cd33967f47e9ca03219aae3269ae3aac7cf75be410fe",
                "ba92ce0454d0572e947bbf9cf35a1b4b2b9db22b3a1d018e1643c5e42cf7e19e",
                "ece2dc3ec113d3c0f38288677e7be65d9f33b08399033046cf5776144a5d62a5",
                "c8e6264712828d3fd82f31b4d7f7f77afd71ac34e815e503ecdb9ef905fd4cda",
                "07d684ecb868628aea8747d5f8ad3e4817ff9c0f761a496732a21767d82a6db4",
                "7eb8e6706874b8120b49bfd44639e362a6e1c91d31eb8cf1c6cfd850a6279470",
                "54fc96f4b5953794643bac26583ffe0f7b19887f7bea7ee587e6239e2244ec3d",
                "328cdb91fb4998c8a1dcdb95f872053c5e5868117c1662db06970b7a5610112d",
                "d64775e5d7c03a8b8ddce67bddaf90d3367f2b11612a04d0195cdd00b60b3543",
                "74c6332ae274d44e75f2f93cd41a1d84970d5fbd42a4677a35a9f8d2fcfd0cef",
                "b78b7df5d88599d93cfbfabf474512d089019c434f0255acaa9fbf0b280b67a4",
                "c7eba8b8de501b95ff0db2733f56f16255d44d43fc281ad62213f689fd893132",
                "081f7bec31e2585c35c0eebcbb9365db88cb9beeb516767b54c96bf6ed2c3d0d",
                "57c8090804d78067aaa31e7deedc660666328bcd5fb2fb9e0e78c1eb4ad8eeee",
                "312cb754d7d2872f054559e5fa3cb433cb5676c3e4e1ae76a771874b6b6b9ddc",
                "f5b867f031cb8a6564fafe120fae55aa450a6598a2311b50fd30c6a7e3d2dba4",
                "ba4de7d6cd6257978eda5044658f6e989a532dc8aa11b1b1448ff03ac50ac5d2",
                "3f0c253c9250a4546d691b69a6bab55f44fb1a4d84b59e01ca0d86515047494e",
                "2f51686a35a50ba53bc9a5f934c6633a089a1c0cc4dec02d702712726b6955f9",
                "c1cc431325b0848d912f924d7452e191f6a254081b0be77e79503f5d6acf0ea6",
                "a69de87da34e1ae5733ba12f2d2072a1af5a79ae8076976953b85a91b289504a",
                "194d735d643d702e036eb01ec5452febeda122ab123ca13bb0416709db4976a9",
                "8fd4038b5f57829f6e8bb07cfdfa2d4f61d7987e545f0bedf22fd194de7c5f60",
                "c7ef2d97364808fc29fe7912aa270e7564315161817fffdfbcc379f96462a996",
                "4668c36a28faf3fbfa9ecc9fb689e345766da3ab71857035d00edefaf3065e35",
                "8423a35adee241e17f3282470647981aee7614753df366f7c860785f38a5b655",
                "2c2c140b561ac716d98a3bc7f3febee7de44f3eb14caeb98b9e6e4a833af9a4e",
                "e5cc693e560696da9c0d63c3c6e0220f0edf2dab00a43d12d44b9e210070cdda",
                "dd012be8dcc4bd8dc8a17dc0a215e48c0061401c729a1385a359417e821e5eef",
                "3fc7b9e11aabf93f0b588f458e269641de49c725c2ca124539ec9ae4563b0ede",
                "aa1a00950b9e5568695185feb69705b738bdf2b4d5f4ac14f365b1572f1fb671",
                "81c739c85a01794e03c1ae917877aa5e23f7fdc5e53958f971e1eb03f17daa46",
                "cede720e2b40dbb78190210682b4f451b0a94b561c8984ade845eda484021824",
                "99d30d58ccb63d1f62a6d8c17e1f3359d454371851dfebf8215e8f32d9c55024",
                "bc159c7deb2980c8b77ff9fe2e55df6a18ff106a1a17212205fc84d1087afbde",
                "06104201a3af08ae63505ab57cbe6177d9b39071999e480f790244e29a01f19e",
                "11286403d7dd5b3f218baace34eeac6389a5318230887e4387afc270b6b6bdf9",
                "990fe73fa567215ec4f7c805a40adbb807df84ab355481d8bb847199c7571a9b",
                "cfb61cea94e168539e31e50311acc2454acb332b14749fb9b11087f0589ea8d4",
                "5bdc112bf043aeed340ca05a1b9da4e883d9f8158450a1b1f0470b166ce18c35",
                "eb38f90df878bf3822f962802dd0de0a88e934eb35fe77c18b063a5477003832",
                "674c3fd5ff880bd4661021b8961c55abd4dcd11dc9ab74a25830193fe17e6f59",
                "22f947b59cdd4ca81a77ce7720b24577af873dc34258370a9172076d0de6d291",
                "8a626431045cab4c22cdb0748096a4f0474dfd9aa8a017fd99e7533b40cb4bc4",
                "7d7d79aaecb179236f15da69ed352c180e59f60d6f0e967da08f8ac807aeee46",
                "33b226adb89382410cf4d4fdc3ece2d990697409b5af4d71a33575b5f9dc4cbe",
                "6bcc57f6fa82567c86f2b15b1a7fa8c8ea648a394812e60b7824b37d6017f251",
                "841415937547a5db034f6ed77a8773d3e52c6a2c6b6d909996b0a44830aa7607",
                "f16db00fa72a8b53f9582978829752c8186429f41124ff29cc9447c15f8767ec",
                "eb5d75f6fced28587dad0e37b7a7a884c1ebc61e94682526e2ab0b8f1decb7ac",
                "d8cc2758b5af471b38a0bbf7a468168e58f0639c6a5d912504b24eb6e5cbb982",
                "3b01db36727a5d7f90ad6250fe6d8172bee00e44c96e2f4e3fc40b68662b38f7",
                "92557ddf2a36b5e9a763cb9461a7a4d3d6eee6ff92fbf3721e4217552280155c",
                "204e35f2997ea55862a786eb4d4157f331c6375098f8a7294fd6c33c6ee841fc",
                "f13b17aa5f45f69af4285f79c7f321bc77ad32f8f8e6fddf04d952a3a5653056",
                "1ee6b093a8807416610654254bcae99729b7a4da8dcbd7a487ab5c5c5c665048",
                "3d9019a897b07913e93eb8184c5aca10c1513b0d7f0fc2a7b7a60d4df471b070",
                "96eeefe4b58edf8a8691aadf7decbb56518114e76ffb6e1c7174fa2e631ea1b0",
                "a725fc16ad822df8dcd34ccd490789e51be6708bdb5cf638889b585e676e427f",
                "fe9c153b9cbdf4afc765b9d842b39629caff6eb151aafc3dc26a3af2500bca38",
                "b13183a9b4987573eb282a241005ba0bea5e01139dce734e7bf79ace27a1a2da",
                "8ad560aeaf2d21f394d695c7caa30124dd04cc8e7862c38d6fcc254471752d3e",
                "3d14c99a6846289be8f13fdf6c88b29b48cbbc44d21112f7585670bd4a191c04",
                "af9cc012fe2212b30c61bdac68c2df04b5e61c64e024e66616cade91139de11d",
                "672b010b03a063679970c841633c2fc20b9d6e5a51bb661e0ac932716c4ccbee",
                "fa8ef2c5b793fe35305a1a54aea4f8d0f15b90f3d1f98c9ab6cf67937716d2b6",
                "da414a92c2aaaefb85b5bf541f2a22fa1cc89170b6b24b9199fd21251b4bda3f",
                "6e53be133df3848238c6dcea10b3c27e4ca52e4da8dac01cc8e9783e55402f36",
                "8582e9b6c79a98e74506087058aef9ab4208a1dde6b8a0ac619eb8da50d8ac5a",
                "c15a5e8f188a3d4e4eda03e2072ce545c1f90c7f5fffe917d3572f259c1d40a7",
                "1da9698836d5e53e0a680d84cb3c24f5d087ae55567038b6a168f3caa145091e",
                "02928984d9582d81f105b567dc12e92627e9cec474d7223fbbc899bcd314df3c",
