{
    "domain": "secureaddisplay.com",
    "owner": {},
    "source": [
        "DuckDuckGo-US"
    ],
    "prevalence": 0.00046,
    "sites": 68,
    "subdomains": [],
    "cnames": [],
    "fingerprinting": 1,
    "resources": [
        {
            "rule": "secureaddisplay\\.com\\/au\\/bmd\\/",
            "cookies": 0.000128,
            "fingerprinting": 0,
            "subdomains": [],
            "apis": {},
            "sites": 19,
            "prevalence": 0.000128,
            "cnames": [],
            "responseHashes": [
                "3d67b2795f8c78a2d7d448500afb7b3e2bcbb5acc6dfc30854084974a2600fce",
                "8b3ab5243202f046bc84f5e343dca2ea143780ab7d8abc8b5414f4e3952f9896",
                "ad6af10a5fcac5a46f34abfc9d53035235357cd94c90d6c121b122b0db5b178d",
                "89d1b6d5f5bbab4ed2319411d9c7f813418e6da16ef2041e919959a4e0a0ec1f",
                "c0f4e1bf1db12c880507ceda926c4fe880628ae582c964a6416eeca86c291abc",
                "7f3530c1a88dbf57b496dbb03e05b1314bf1b41a1457487f25102b2a27082c36",
                "5d84c73ad2a727deb10bdf6dc5f256358c87c18b91764558b38343ac00e74c10",
                "98b13ba36fe391f0a2e9464219721ca03fd538616f1b717c989b36b876fe5aa9",
                "8685287b55a63bb6a4012c937709f054e9270fb943f35ecc0cc0d2647f775ad3",
                "0a4404eedfb72d5d03d69380c6467396755ad75439b94ff625046d50f142d38b",
                "a75575605ecc3b2c709e5e6e75ef3658224393a5f8f6d2bf922e740cfc245f13",
                "87bc69b49afcf27f0d037049e55c48fc6eb57526e9de23492270465fb40ffb85",
                "66ddc422d14297cd47be044d5830a7f365b90198190403ba444ac5815886d0d9",
                "5063d135322fedcb942bdd21b22b12f6418b97c18684a3669da6e2ab6c03db19",
                "7bf99b000582f41da004e216c3ffe3a9e8fe730a8f9c81530758810ec860d4ef",
                "33b5fef2615b56251321886b8dcb8ecadd7ad5889dfd8f4abb5efe8704ef65dc",
                "b1a38ff803860bf2f0d2ed1fb76da6c64cac8e440b7dda436da61b6f61fb231b",
                "54deceeed0dae5236ad1a060b6e540a5d91c7f5255acd5037e606a33f4d17cfe"
            ],
            "type": "Script",
            "firstPartyCookies": {},
            "firstPartyCookiesSent": {},
            "exampleSites": [
                "aleteia.org",
                "americanpregnancy.org",
                "catholiccourier.com",
                "catholicexchange.com",
                "catholicstand.com",
                "es.aleteia.org",
                "onepeterfive.com",
                "the-american-catholic.com",
                "www.americamagazine.org",
                "www.catholic-hierarchy.org",
                "www.catholic365.com",
                "www.catholicworldreport.com",
                "www.crisismagazine.com",
                "www.deeranddeerhunting.com",
                "www.newadvent.org",
                "www.ourcatholicprayers.com",
                "www.spiritdaily.com",
                "www.timesleader.com",
                "www.wishtv.com"
            ]
        },
        {
            "rule": "secureaddisplay\\.com\\/au\\/",
            "cookies": 0.000142,
            "fingerprinting": 0,
            "subdomains": [],
            "apis": {},
            "sites": 21,
            "prevalence": 0.000142,
            "cnames": [],
            "responseHashes": [
                "98c4eaf854e523bfb39e83431084a7cca03399ec26b568f29353b4bb052f0c02",
                "9527d29f8a65d714ae5e3314fd945a922d67f74fb0c341f5c373bc7b16c24509",
                "d8820ceaba653a5b1869a0e4ddbce4fd50353a4a04b9511e8c5cfe20c299e64a",
                "3ac9f3f1bdf71251861d17eec93bd642dbcdd74a8eb528e41450372d97298b39",
                "1a7b992703733d2ad6016e71fd444d508c3ff1bda3399524d03ac5d0d951634b",
                "af09ecad872002e76de401fd88889937690afbde8b4841054d21864af4808d8a",
                "7bd7976e7ddfd30a2ee8d57922ae72db69876952b64fc465f84711f4cacee100",
                "bdefe22b8a49c85abceb7d3c8dabcc6318242f011065c0b8843e67bbd889469d",
                "2c5ef62a83569a3ad3cf69586b2e618d513f974b22c3a2b6267ca5788d1931ce",
                "f48d7c44a9b6de54bffc7b001ccd21cecae053cf9cd14a2fead7cca771b19a56",
                "54868eed0091b744436d98698d95c950e366f24672f4c16c15a8a9d47adb0571",
                "0f2181dbbb72bfb21f7795fecb0bc237f698a11a320a0b6f0d1b2cdc029605dc",
                "1be7907b8d94443c154c2d367eb8cc54d5f008d894316b53cc0d5fd1b6df9032",
                "89c623bf6d5802f4248d209b3f0bf256226feb43fa32eeb227245231f40ff704",
                "ef414d020b36ee21d689bd0f7788fad0b1a3990b9cb40b1520a2de02f463bdf4",
                "822e0d41fd4e266e2ce8f2188d5dd515e3ffbebd97315820ff8761fb820c4571",
                "7ac0f5d441de1cf08beae64d4f6ac48586719ee1a7a9f1fc756b5d95ffce5671",
                "4734e3f1d36a6fee7943ab013e1201f19a30207093b18935251b90c7ce557d08",
                "9d3a6b4d1d376db6ce940a43417c0db3709f6608282862bb1f1c8c642d851127",
                "2f049fb97b5975f16c6cdcbc97e36012721be24fef8be6b565b2f1abbc07390f"
            ],
            "type": "Script",
            "firstPartyCookies": {},
            "firstPartyCookiesSent": {},
            "exampleSites": [
                "uscatholic.org",
                "www.desertusa.com",
                "catholicreadings.org",
                "www.catholic365.com",
                "www.ncronline.org",
                "pulpitandpen.org",
                "catholicchurch.directory",
                "epicpew.com",
                "mycatholic.life",
                "www.catholicnewsagency.com",
                "canon212.com",
                "denvercatholic.org",
                "www.thecatholiccrusade.com",
                "ucatholic.com",
                "catholicstand.com",
                "www.churchpop.com",
                "www.catholicworldreport.com",
                "www.aciprensa.com",
                "www.catholicfaithstore.com",
                "www.ourcatholicprayers.com"
            ]
        },
        {
            "rule": "secureaddisplay\\.com\\/ctp\\/js\\/lp\\/",
            "cookies": 0,
            "fingerprinting": 0,
            "subdomains": [],
            "apis": {},
            "sites": 2,
            "prevalence": 0.0000135,
            "cnames": [],
            "responseHashes": [
                "d73be84a750a23f1820326d8d080352442bcf6f491f1c54a4246ae500d5183fd"
            ],
            "type": "Script",
            "firstPartyCookies": {},
            "firstPartyCookiesSent": {},
            "exampleSites": [
                "cruxnow.com",
                "hslda.org"
            ]
        }
    ],
    "categories": [],
    "performance": {},
    "cookies": 0.000419,
    "topInitiators": [
        {
            "domain": "first party",
            "prevalence": 0.46153846153846156
        },
        {
            "domain": "doubleclick.net",
            "prevalence": 0.4461538461538462
        },
        {
            "domain": "liqwid.net",
            "prevalence": 0.07692307692307693
        },
        {
            "domain": "masterworks.digital",
            "prevalence": 0.015384615384615385
        }
    ],
    "types": {
        "Script": 42
    },
    "nameservers": [
        "ns53.domaincontrol.com",
        "ns54.domaincontrol.com"
    ]
}