{
    "domain": "secureaddisplay.com",
    "owner": {},
    "source": [
        "DuckDuckGo-US"
    ],
    "prevalence": 0.000481,
    "sites": 58,
    "subdomains": [],
    "cnames": [],
    "fingerprinting": 1,
    "resources": [
        {
            "rule": "secureaddisplay\\.com\\/au\\/bmd\\/",
            "cookies": 0.000133,
            "fingerprinting": 0,
            "subdomains": [],
            "apis": {},
            "sites": 16,
            "prevalence": 0.000133,
            "cnames": [],
            "responseHashes": [
                "66a3796fd2a518a3723ec2d04081c5c47a11ffd78a19c7d7e0b0ba584e810492",
                "e443141faca827ca4eea0f70917c17de4ed2be5a39f12edb8c57848aa26bcd1f",
                "579bb959a5d95f94cc794b6c67197f174ca0d3d0d64243c7eae21774f3c98883",
                "f69470cab705ce0cc0cef17d7a08c2d00f6f7084b586b812a1cd7121219fe888",
                "557b5b6e08c0cbfc0f50e32a5039dacf49ba1c7b7d650b9a4365b1f78150ed03",
                "9609c93b610ba08c860c5c4f131b80965adb39ec1264ccd55deb93b38228de8c",
                "fb32c485bf43c7165a2e58537e2960b85cdc99b01aad40301947f14acdd1ce13",
                "9262ddb64117d112bc36f8878c1b359ba06635978dcc77a229166250eacc8ec3",
                "e59bf48274a35a68d202fd5f3c3fa89e97d1979013bf23f482eb017bf3b05219",
                "457b4c499809c64604ff9e69065e54ae98e3c2c70ec773cedbb55e4e84d4e99f",
                "167b32829ea6a08f1893dcd73f25b187140de1ad800d3e848f100c0b0b10542c",
                "6d4182fab08893ad223ab7c71cdd5c4e6704cf7c5ab03fc41d371b5ff4f5dcaa",
                "60ab5890fcc5a252ccaf1f3d02fdb6746965099c8012d0171ce86cd0f49bd41f",
                "fa3b420df804b529b721443e6cd92cddf4dd2b477b143e9a6e83d5f7402af3bd",
                "70387f5626f8b6af0a41db0ba9233284244b10fb760500007ca7374d19389618"
            ],
            "type": "Script",
            "firstPartyCookies": {},
            "firstPartyCookiesSent": {},
            "exampleSites": [
                "aleteia.org",
                "bible.org",
                "catholicexchange.com",
                "catholicstand.com",
                "es.aleteia.org",
                "onepeterfive.com",
                "www.americamagazine.org",
                "www.catholic365.com",
                "www.catholicworldreport.com",
                "www.crisismagazine.com",
                "www.deeranddeerhunting.com",
                "www.goldenskate.com",
                "www.newadvent.org",
                "www.ourcatholicprayers.com",
                "www.spiritdaily.com",
                "www.timesleader.com"
            ]
        },
        {
            "rule": "secureaddisplay\\.com\\/au\\/",
            "cookies": 0.000141,
            "fingerprinting": 0,
            "subdomains": [],
            "apis": {},
            "sites": 18,
            "prevalence": 0.000149,
            "cnames": [],
            "responseHashes": [
                "970d964c8d0ce76962416c8acbd7ec7bee495b8d2cebd2f04a935034bad804f9",
                "15d2f734db5736640113620222a084b071341f5afab54d7ee949d42602e1004f",
                "d42e77d43d6dfd794c8d099b7d303f10d14f666d27249c0f4bc8007bb04ac38d",
                "d1ff3d6ce6815e84f38014051a792cefb94d0b4a92d9c6e6f96522283fb67240",
                "a998ff3433b565372c61246fd2bb2cda06c693ddd3b0dd0024b4d89cf2ea7628",
                "1edef41a8df53141032b18dc43157f34f73494c6e32602619db761b447552d5b",
                "7b903d991c7d743787939a88031768c6f20f89fad5eb93c3978d38da06460167",
                "7c84ef7d9fc3a7cd2342858104147fb417d4a7905a970cf448d3412c65bf3bba",
                "5df1f2c1cf9525f52da9eb198bbc40eca561694da392bd6e2dff3518cfb4be6c",
                "2331e74ddf059a5b39afe335528cf36bc739bb980629ad7da4016d517adf13f3",
                "4b4a0ac807de1917c4b69e99fb3312895c60d4c00efa82c334856e334e2df1ea",
                "7ca30c08b8755612e9d6e7dbb2ae6e2bbf86c02468fafb4531150dd8953f8d91",
                "10fce98b0ab6c7ef50767f3950d35027f306c8e9d847c017e02280e2315a33af",
                "72518cdddaadadd1ad1ab5875e984b0df15c426acc61dc5eddad3d6ebac7e4ff",
                "b11112c8b9243b56db80d0d51a42cb70217e58b96d04a4de18dd416a6338aa20",
                "8b427bf3dc54f10184e0d0ea759d1b22d00a718c7c43222e49946830367baa88"
            ],
            "type": "Script",
            "firstPartyCookies": {},
            "firstPartyCookiesSent": {},
            "exampleSites": [
                "canon212.com",
                "catholicchurch.directory",
                "catholicreadings.org",
                "catholicstand.com",
                "epicpew.com",
                "mycatholic.life",
                "pulpitandpen.org",
                "ucatholic.com",
                "www.aciprensa.com",
                "www.catholic365.com",
                "www.catholicfaithstore.com",
                "www.catholicnewsagency.com",
                "www.catholicworldreport.com",
                "www.churchpop.com",
                "www.desertusa.com",
                "www.ncronline.org",
                "www.ourcatholicprayers.com",
                "www.simplycatholic.com"
            ]
        },
        {
            "rule": "secureaddisplay\\.com\\/ctp\\/js\\/lp\\/",
            "cookies": 0,
            "fingerprinting": 0,
            "subdomains": [],
            "apis": {},
            "sites": 2,
            "prevalence": 0.0000166,
            "cnames": [],
            "responseHashes": [
                "d73be84a750a23f1820326d8d080352442bcf6f491f1c54a4246ae500d5183fd"
            ],
            "type": "Script",
            "firstPartyCookies": {},
            "firstPartyCookiesSent": {},
            "exampleSites": [
                "cruxnow.com",
                "hslda.org"
            ]
        }
    ],
    "categories": [],
    "performance": {},
    "cookies": 0.000431,
    "topInitiators": [
        {
            "domain": "first party",
            "prevalence": 0.5263157894736842
        },
        {
            "domain": "doubleclick.net",
            "prevalence": 0.4421052631578947
        },
        {
            "domain": "masterworks.digital",
            "prevalence": 0.021052631578947368
        },
        {
            "domain": "liqwid.net",
            "prevalence": 0.010526315789473684
        }
    ],
    "types": {
        "Script": 36
    },
    "nameservers": [
        "ns53.domaincontrol.com",
        "ns54.domaincontrol.com"
    ]
}