{
    "domain": "serieslife.online",
    "owner": {},
    "source": [
        "DuckDuckGo-US"
    ],
    "prevalence": 0.000088,
    "sites": 13,
    "subdomains": [],
    "cnames": [],
    "fingerprinting": 0,
    "resources": [
        {
            "rule": "serieslife\\.online\\/frndnp\\.php",
            "cookies": 0,
            "fingerprinting": 0,
            "subdomains": [],
            "apis": {},
            "sites": 10,
            "prevalence": 0.0000677,
            "cnames": [],
            "responseHashes": [
                "c6879b467e43cacb7dc95f862bb8a7825ada1ee75485253611b3cae3bec25a02",
                "4f8c2b0cf91d6e1fa924238f038af1a1c6786710f642a3f3c871389616570dea",
                "168291c0a2a3c6208dc5e7ad5fc7c94e4d86e1595e267a54b7dfaa8e752f750d",
                "341c68aad9a4031f23b3641790d85e85f0cafd6f002eccbedf4380606730c8ac",
                "cf2bf9bcc7d29843565d949213f44c175ea1fe55408aeee723dd493575700515",
                "6890de456918cc30f814da597484f128ae99af2961c0d8be7c8610812c0eaaba",
                "f1cc74d8695ccca776ff5e729cc64baa1bbaac68813ea0bb18eb8794b905c115",
                "c48cabb547039752f42edd8d8cd6bbaf6247ba9b927e6b5175ac6deab4ff972a",
                "21a919293ace06d9f317aa76c481e54fda91fc4363c620a818a0b08e11157678"
            ],
            "type": "Script",
            "firstPartyCookies": {},
            "firstPartyCookiesSent": {},
            "exampleSites": [
                "11klasov.net",
                "kinozal.tv",
                "ogrom.ru",
                "onlinemultfilmy.ru",
                "rutor-search.info",
                "w140.zona.plus",
                "www.cyberforum.ru",
                "www.fast-torrent.ru",
                "www.rutor.info"
            ]
        }
    ],
    "categories": [],
    "performance": {},
    "cookies": 0,
    "topInitiators": [
        {
            "domain": "vak345.com",
            "prevalence": 0.96
        },
        {
            "domain": "4everproxy.com",
            "prevalence": 0.04
        }
    ],
    "types": {
        "Script": 10
    },
    "nameservers": [
        "george.ns.cloudflare.com",
        "cloe.ns.cloudflare.com"
    ]
}