{
    "domain": "sessioncam.com",
    "owner": {
        "name": "Glassbox Ltd.",
        "displayName": "Glassbox"
    },
    "source": [
        "DuckDuckGo-US"
    ],
    "prevalence": 0.000597,
    "sites": 72,
    "subdomains": [
        "ws"
    ],
    "cnames": [],
    "fingerprinting": 0,
    "resources": [
        {
            "rule": "sessioncam\\.com\\/Record\\/config\\.aspx",
            "cookies": 0.000158,
            "fingerprinting": 0,
            "subdomains": [
                "ws"
            ],
            "apis": {},
            "sites": 42,
            "prevalence": 0.000348,
            "cnames": [],
            "responseHashes": [
                "01b5b188a49b7e3792c86da11111bad914a19111b780c3ce214fadcb71a1e107",
                "0dca547b59c4fbcd851ab52275af17aca24162114b919ddaa955e7d35838e9d4",
                "828c2d00ab00c7db22eb82ceebc043975b93ff724ea131333837c0917241a368",
                "eee153429a3e5a2496f9b8d24a0fd67f1d89205027659288dd70a64d3185500d",
                "ecfc39f5feb85791565f830c0ca7ceb426fe1a6d50b451c37d7704a3d328c8f8",
                "3d29cc193f4e29bcaddeb08ffd49df9c719565699977f21c30764e46cc23d727",
                "bb1614576d2ba44cf37b3a98c358467ea111f8d67d56bdf0de423d14cd92c322",
                "ee993fabd70f5a36ef6b96f9ed4b2bb63b0d76d822fd7103b2f17ee0db0fb8d5",
                "96765a6b6c4bb10f3346cb237d7de505d629d4f244233fd3e4cd061998f91b30",
                "5fe8ac04cfcf0ee2cf1744ea70fa09f691a7a0c27767e7811b9796dea3fdfe58",
                "4831a2c101875d62f3773b44085b3caeaf6def117cad1a6685419b56ed928fd1",
                "11777ec9dc46edd37cfe34deaed7f6c9522a62076172833e626e0989fd0b5f93",
                "7772b9186e88ee13fc67b8e8feb733b4de64c036229661f6c4db725e22eff770",
                "105d0737be407b8318353d54b8bb1e0e3535502e23622f432317eef24c6782a6",
                "ba76180b3d5689a767ecf1e6ba8f34edeb547b5e66374b550666b585d13e5fe3",
                "83cf7623efe07e1c5ee317517fde0e7ff115ea74db2b82d26b0648b0ac2ac06a",
                "1afeb8178750dd79d259e3c3c0cbc5e2881df8ac60ed649655c3129a7a398287"
            ],
            "type": "XHR",
            "firstPartyCookies": {},
            "firstPartyCookiesSent": {
                "_schn": 0.000016583472910897,
                "IR_gbd": 0.0000248752093663455,
                "gpv_pn": 0.0000082917364554485,
                "_li_dcdm_c": 0.0000082917364554485
            },
            "exampleSites": [
                "wsj.com",
                "global.ihs.com",
                "www.skyzone.com",
                "www.uhccommunityplan.com",
                "www.eonenergy.com",
                "tnuck.com",
                "www.spark.co.nz",
                "www.mckesson.com",
                "order.sonicdrivein.com",
                "www.dentalplans.com",
                "www.spectrum.com",
                "www.anthem.com",
                "www.vyvanse.com",
                "www.barrons.com",
                "www.gazelle.com",
                "www.legalandgeneral.com",
                "www.txu.com",
                "tdstelecom.com",
                "www.thegreatcourses.com",
                "www.icanvas.com"
            ]
        },
        {
            "rule": "sessioncam\\.com\\/Record\\/record\\.asmx\\/GetPageId",
            "cookies": 0,
            "fingerprinting": 0,
            "subdomains": [
                "ws"
            ],
            "apis": {},
            "sites": 12,
            "prevalence": 0.0000995,
            "cnames": [],
            "responseHashes": [
                "e3b0c44298fc1c149afbf4c8996fb92427ae41e4649b934ca495991b7852b855"
            ],
            "type": "XHR",
            "firstPartyCookies": {},
            "firstPartyCookiesSent": {
                "sc.ASP.NET_SESSIONID": 0.0000912091010099335,
                "IR_gbd": 0.0000082917364554485,
                "gpv_pn": 0.0000082917364554485
            },
            "exampleSites": [
                "jpmorgan.com",
                "www.aarpmedicareplans.com",
                "www.corebridgefinancial.com",
                "www.dentalplans.com",
                "www.mckesson.com",
                "www.medicare.uhc.com",
                "www.poferries.com",
                "www.spark.co.nz",
                "www.spectrum.com",
                "www.txu.com",
                "www.uhc.com",
                "www.uhccommunityplan.com"
            ]
        },
        {
            "rule": "sessioncam\\.com\\/Record\\/record\\.asmx\\/SaveEvents",
            "cookies": 0,
            "fingerprinting": 0,
            "subdomains": [
                "ws"
            ],
            "apis": {},
            "sites": 13,
            "prevalence": 0.000108,
            "cnames": [],
            "responseHashes": [
                "e3b0c44298fc1c149afbf4c8996fb92427ae41e4649b934ca495991b7852b855"
            ],
            "type": "XHR",
            "firstPartyCookies": {},
            "firstPartyCookiesSent": {
                "sc.ASP.NET_SESSIONID": 0.000099500837465382,
                "IR_gbd": 0.0000082917364554485,
                "gpv_pn": 0.0000082917364554485
            },
            "exampleSites": [
                "jpmorgan.com",
                "am.jpmorgan.com",
                "www.aarpmedicareplans.com",
                "www.corebridgefinancial.com",
                "www.dentalplans.com",
                "www.mckesson.com",
                "www.medicare.uhc.com",
                "www.poferries.com",
                "www.spark.co.nz",
                "www.spectrum.com",
                "www.txu.com",
                "www.uhc.com",
                "www.uhccommunityplan.com"
            ]
        }
    ],
    "categories": [
        "Analytics",
        "Action Pixels",
        "Session Replay"
    ],
    "performance": {},
    "cookies": 0.000299,
    "topInitiators": [
        {
            "domain": "first party",
            "prevalence": 0.5470588235294118
        },
        {
            "domain": "d2oh4tlt9mrke9.cloudfront.net",
            "prevalence": 0.28823529411764703
        },
        {
            "domain": "gbqofs.com",
            "prevalence": 0.1
        },
        {
            "domain": "msecnd.net",
            "prevalence": 0.01764705882352941
        },
        {
            "domain": "shopify.com",
            "prevalence": 0.011764705882352941
        },
        {
            "domain": "eonnext.com",
            "prevalence": 0.011764705882352941
        },
        {
            "domain": "shopifyorderlimits.s3.amazonaws.com",
            "prevalence": 0.011764705882352941
        },
        {
            "domain": "techlab-cdn.com",
            "prevalence": 0.011764705882352941
        }
    ],
    "types": {
        "XHR": 67
    },
    "nameservers": [
        "ns-222.awsdns-27.com",
        "ns-894.awsdns-47.net",
        "ns-1547.awsdns-01.co.uk",
        "ns-1417.awsdns-49.org"
    ]
}