{
    "domain": "setupad.net",
    "owner": {},
    "source": [
        "DuckDuckGo-US"
    ],
    "prevalence": 0.000595,
    "sites": 88,
    "subdomains": [
        "prebid-stag"
    ],
    "cnames": [],
    "fingerprinting": 0,
    "resources": [
        {
            "rule": "setupad\\.net\\/cookie_sync",
            "cookies": 0,
            "fingerprinting": 0,
            "subdomains": [
                "prebid-stag"
            ],
            "apis": {},
            "sites": 50,
            "prevalence": 0.000338,
            "cnames": [],
            "responseHashes": [
                "a7c0386a74b8d81c90e7f17ec07c4b7373d2000bfe1ef02207435aab5086bacb",
                "8b54b019fd5901192e649c8f5f219b8840a8536988acb1a1f077ba3e3622f144",
                "fe0d9b0c47e56700062e1e6cfcaa084f5bfd85a7901721f9c8ce651b60c59a6a",
                "57ce2b08ef8da65d0f5627d6e41c7725efd32d3e377dea3c91025a375ae93fdf",
                "419a2f5bf48d67e570ae578b46499ddb4d0320356d06ecb00178ff5943607625",
                "02b532150734368b79fb1ad7451de8a3289d9c7d037e52f0e8b9fd55282c6833",
                "f7517d6f156e47ede0639fef425676a18f7acf9794f94bbd15e6ff5100af3b16",
                "823a0d207d746f8f0bcc7f2c5bbf943a2f49dfdff6292ca740808e9acc824d36",
                "b40e136e2d920339b9fb34ff17327ee119e9d4d27ffca4df8b8f5e1351e6ee00",
                "51a64fbd62e012c5dfe232e092c0ab05c9fdb8790bd5eeaf45a3041af6dc555b",
                "2939d39f0de348dff2024aff0102d9360bbb4e5ebbe96ed220ce534043f6f62d",
                "bd4b494440f7f8eaff4cb0dd95f6fbe7a69481b4411cb73cd5f3c4af5e72961d",
                "dd765c630af74131f1fa246ea65263340e3ca23647630e546725f3c38cc7c968",
                "ab9f04a8b3387e3aa01d1187ca6d801d98cd4b252cbf6f10cafd5c8a72d7508c",
                "c10ddd7012fa948e6ee351b72affa9253ec302bb99a1bde684385f2d5f559223",
                "5825cea417fb3e855ee6ac7880e5ce587cc1f552d2359752db8a760d6d9b41d1",
                "d94cdd606f211fc1ad9c167c8bacbffcbb35b0def9c509782d21e03ce5837188",
                "821f73b6a7691f748452f46201d106590368640c5a7e8cdb49a88d39f52761b8",
                "04fd691dba8cdfbf4f90c23c10d999ae00550fafe614c012fa8a73ef9aacdc0e",
                "b5988fa57e05402b2a44af3720d91359509c9141d4d66f83d705d5431955a7ba",
                "ad9330938fe07d8dae68a003e22256de4f3371028a1a18b3a00fe70be4e5507f",
                "dd6db2a2961006ec4018ae32eee888fa8f1a68208e0db00711fe4794ca15a393",
                "bb538dfd7258240d4fade601b73666169282e350ab91c43b02ff452b735a302b",
                "c4da3eab609d838740fcf8f43d82e158b69cbebcc524a06878dcb9ee61594952",
                "f67ad49063130bf5e576edf224d232c3d6f101841a1ec901b3ca3054d1be631f"
            ],
            "type": "XHR",
            "firstPartyCookies": {},
            "firstPartyCookiesSent": {},
            "exampleSites": [
                "jadwalnonton.com",
                "dailynewshungary.com",
                "unocasa.com",
                "www.averagesalarysurvey.com",
                "samfw.com",
                "lapalabradeldia.com",
                "getmodsapk.com",
                "www.airmilescalculator.com",
                "www.shabdkosh.com",
                "myrockshows.com",
                "www.photopea.com",
                "www.programmerall.com",
                "www.greatitalianchefs.com",
                "www.gismeteo.lt",
                "www.gismeteo.ua",
                "www.arabic.chat",
                "www.polovniautomobili.com",
                "www.picuki.com",
                "realmscans.com",
                "www.lrytas.lt"
            ]
        },
        {
            "rule": "setupad\\.net\\/openrtb2\\/auction",
            "cookies": 0,
            "fingerprinting": 0,
            "subdomains": [
                "prebid-stag"
            ],
            "apis": {},
            "sites": 50,
            "prevalence": 0.000338,
            "cnames": [],
            "responseHashes": [
                "d929289ba1df6b14d136a967afa921519265b864842b4ad0df74dfc4b975c8a1",
                "f561b3057076ef901bde3584536c4a05136818bef65813fa6f18f5b37d2a0eea",
                "9cfde4aaac1c59be537355331abe03b65dbeb485d57f8c674457c158990f6b13",
                "a45e4ae516afa77df9f25743e5a1d11b0362facbfe2dcaff5125a202606a3e59",
                "dcdf8073cec330382f20d6100268c51fb6a014b4c49bf522d28855b877b33b55",
                "8bb8a21bb3181fe1e136b03adb419f08e4f72207fabc983d72c027adeec2639d",
                "4ae64ffcbf42fab820dbdd5bfa4b60b3a06db7cdc41e2557ed267534f632f9d4",
                "ce1f1c9164f2553ce699bd3e207645c5987d2139afc8665072f203f537a6265c",
                "1af5d6e01e06581ed589b986a8f5d87f1b2815b39560dd1e657554dd589a5f8c",
                "e305f0c25443f77499921d0f1a58995292f3c0fc78a5ccbdb98bace5407b97d6",
                "df576f211afc1d2e9157899cf54ed565a2e98dada251601c01a797e65056a0fd",
                "c9e342c1f96a0d07cf00db9a8b8c75e20e926ead73172b86f036c837c676c339",
                "8eb123c2d76868ace172ed324198af550078442bfd32308f73f9b96d249706ee",
                "3a087950dd86ceb6b1fb8be44f1aae35fe34b23c5049dabc58ba960eb1be483e",
                "a3df7e3cb109a69bb333fe1d07634a467715bc1040d0ccb445133b52c03ec4af",
                "e053f19ff705ccb0aaf36ecca9de16b8f3b2ae233a8b74d4e074b61ba20095ba",
                "c15612e6ef4d644f01679a043e5083adf170a7092ef8a5e6e41078b203f4121d",
                "0e409413303c05566873755ab816cc9649d83a399ac3edf63aa894bc972f088b",
                "af94d065d9497f5d6417d0fc8cacf901d6d5d72b025eeaf3111d676adbc64f0f",
                "1dc0044a8678f5c1a917ff1625a7b5a1439c83c86c70bb8a008fa3773b17ba9e",
                "9b0a17dd94799514b1107f81df7db919ad7111c9b1c9d214da6182fce159d2cf",
                "bb212d16b7ec8e19b919a5052eac32d87c2e9bc83ca51a7f3e6fb14e547298af",
                "11c4495fec2f9a5c315c685b4c5de032e1e27fe9df3dba36b2ebec2232a2481f",
                "5617b84dab06067f48c7c3ad4790592b1e04ab654a753af376cf8d842cbc504d",
                "190c2f6470aacaacb0e2deb45c2423e40507d22bd9b96f7f0685084f157703a7",
                "2b20390e98b5b9dd8229a03a715c3c2bf27aa15f20df1a0fa34cec8ae16a86f0",
                "db0d1c7e716e8d43700a5815ce4f9c8a9d036ac1a72c4caa46a130e2bee17d95",
                "c7ca325c46c1134900954613ce26d094d890504ac6f9057438af316432d31232",
                "6d3ddddf241400d834f086a522ac630a85d0ace19abbe10719eab4b9e53e7651",
                "6f18cd1594b2e6d0acb2ecbfe9cc6db257f66fe93e2e1951db6a2458dd944e60",
                "75c6ca6edfbc68327137ea04952e555a6082cf05ff73aad18c5b381f84c90479",
                "f4692744b806996625f6631be3c5c3b723cbd40dfbcac09d3ec205280a0b3680",
                "5091608cf4018b1c8ac5fa6ab6f1f1a0ee8a2d09b0364eed6fc18e7ca2192365",
                "16123a8d78b2ab7a20895efc4f7234df0360c420148882a394cdc84755102132",
                "62f57da15a57d4b9b9a5a16025632821a530e5cf6070ba86ae7ec3e0808d6c84",
                "7b571dc3557131bfbda2cf8dc5718258748bb7f219886269989d6826aa25a936",
                "d8035c22b23fe13fb4c3d92888a078cc185838345f98e41fc7919c3cd601212b",
                "8386c07f45fe84ac370bb33639032dab3ddd260dec588f517144ea2ac356be6f",
                "2deb1a832780236c35954345e6094d2b5ffd3b9657aab676d7b1cfd1a623f9fc",
                "dce1a3d81410f175a9468da964457dd96af13efa6a0fe1539d3a7522c9be71b8",
                "5648568cbfda7993cbadc6f6f55fd1d791f967865d4b24057323df5ab1b4de5c",
                "4e56f768573b05e8ab1e81cda780eed880de9b78beed6020565319b4b29bb249"
            ],
            "type": "XHR",
            "firstPartyCookies": {},
            "firstPartyCookiesSent": {},