{
    "domain": "shogakukan-web-api.net",
    "owner": {},
    "source": [
        "DuckDuckGo-US"
    ],
    "prevalence": 0.000132,
    "sites": 17,
    "subdomains": [],
    "cnames": [],
    "fingerprinting": 0,
    "resources": [
        {
            "rule": "shogakukan-web-api\\.net\\/rest\\/get-common-footer\\/site",
            "cookies": 0,
            "fingerprinting": 0,
            "subdomains": [],
            "apis": {},
            "sites": 9,
            "prevalence": 0.0000698,
            "cnames": [],
            "responseHashes": [
                "a6f98f90d9044817674f480333761322f810e4717715627fc9b5d253c42c1c9d",
                "1e87aa7e24963d6f5ab9e9e0d06e4d173ccdf5be4b1eace376855044551af089",
                "b767b9d51f88a828121bb45be6e84e034eb27fe8ae3cd9e242a773d4367595a5",
                "aed819a6afb394787b2f9d33f166622a40c91a5c9f9cc2d6efb1492f78a4b612",
                "4746ba9b5152fa6c787d5414abcba6a71c852e64a84b3a2a4091d67d4c83138e",
                "6dfb357272d2388d207bef61fd9011b429c596656587f8f62d0a19c049adc002",
                "9e81739663c01ec56351307680cf37b92de589b3a31d739470278b883c470463",
                "df7807fbdc85ebfd75e3c72d26094c9a1f614bd6f98a70f4c40eb404288447a3"
            ],
            "type": "Script",
            "firstPartyCookies": {},
            "firstPartyCookiesSent": {},
            "exampleSites": [
                "cancam.jp",
                "domani.shogakukan.co.jp",
                "hugkum.sho.jp",
                "intojapanwaraku.com",
                "kufura.jp",
                "menjoy-digital.jp",
                "oggi.jp",
                "serai.jp",
                "www.news-postseven.com"
            ]
        }
    ],
    "categories": [],
    "performance": {},
    "cookies": 0,
    "topInitiators": [
        {
            "domain": "first party",
            "prevalence": 1
        }
    ],
    "types": {
        "Script": 9
    },
    "nameservers": [
        "ns-838.awsdns-40.net",
        "ns-1088.awsdns-08.org",
        "ns-407.awsdns-50.com",
        "ns-1778.awsdns-30.co.uk"
    ]
}