{
    "domain": "shopinsync.com",
    "owner": {},
    "source": [
        "DuckDuckGo-US"
    ],
    "prevalence": 0.000169,
    "sites": 25,
    "subdomains": [
        "dressbarn-us.api",
        "flooranddecor-us.api",
        "aol-us.api",
        "oath-us.api",
        "steinmart-us.api",
        "horizonhobby-us.api",
        "bodybuilding-us.api",
        "pier1-us.api",
        "towerhobbies-us.api"
    ],
    "cnames": [],
    "fingerprinting": 0,
    "resources": [
        {
            "rule": "shopinsync\\.com\\/remote\\/administration\\/sdk_version",
            "cookies": 0,
            "fingerprinting": 0,
            "subdomains": [
                "dressbarn-us.api",
                "flooranddecor-us.api",
                "aol-us.api",
                "oath-us.api",
                "steinmart-us.api",
                "horizonhobby-us.api",
                "bodybuilding-us.api",
                "pier1-us.api",
                "towerhobbies-us.api"
            ],
            "apis": {},
            "sites": 13,
            "prevalence": 0.000088,
            "cnames": [],
            "responseHashes": [
                "2622ae2743d84fe3c764f6dc1db2a7dc882fda4709cb8a4dcb58fc4671d00ad8",
                "c7bf9ed4f78928acdf1c8ac6ab53ed58deca91a363567f79e252f7be3e6edfa9",
                "c75733ecc8403f3f1effdbeadfc035bab40fbbf52d3a884da47c84876e9cefda",
                "f2b75510d5102c56900c32f54d9fef8a8227207b1c73bdc356306ad251dbcd77",
                "1eafa01130e05199f128bbc7d6d8ab02f6a454b6c905e2c359893f68b5a8cebc",
                "623e411ed44bad8bfe13d80768fb348b4f1ebfe08fa9371de9747c1a52964a5b",
                "da6400f88e23fad11e2485101d07962b5a973742eb7683b096c433a6fad1e449",
                "c24fa87dfb7b8d0204b4250e756af1fbda7bb4c60fed6a844101d39ca9d0ee5e",
                "fc4864ff98e1f18f1bdedf3e1ff52924a6e11243845d8fc4da42667262143945",
                "ddcddce86f49d7082980c5c723ce9caf8ec53d8efaa785bef5ce151d3e66c6c3",
                "34a9b37d3b21106fad8c04f38f3b3ede14451d7bee67ab9ec7050522b236f02a",
                "e8a7bfb0c8bd1959fd76f827a1053b56f3c4fe201b13aeb65872797c8d01cfa4"
            ],
            "type": "XHR",
            "firstPartyCookies": {},
            "firstPartyCookiesSent": {},
            "exampleSites": [
                "dressbarn.com",
                "flooranddecor.com",
                "help.aol.com",
                "help.yahoo.com",
                "steinmart.com",
                "www.arrma-rc.com",
                "www.bodybuilding.com",
                "www.flooranddecor.com",
                "www.horizonhobby.com",
                "www.losi.com",
                "www.pier1.com",
                "www.prolineracing.com",
                "www.towerhobbies.com"
            ]
        },
        {
            "rule": "shopinsync\\.com\\/remote\\/administration\\/sdk_version",
            "cookies": 0,
            "fingerprinting": 0,
            "subdomains": [
                "dressbarn-us.api",
                "flooranddecor-us.api",
                "aol-us.api",
                "oath-us.api",
                "steinmart-us.api",
                "horizonhobby-us.api",
                "bodybuilding-us.api",
                "pier1-us.api",
                "towerhobbies-us.api"
            ],
            "apis": {},
            "sites": 13,
            "prevalence": 0.000088,
            "cnames": [],
            "responseHashes": [],
            "type": "Preflight",
            "firstPartyCookies": {},
            "firstPartyCookiesSent": {},
            "exampleSites": [
                "dressbarn.com",
                "flooranddecor.com",
                "help.aol.com",
                "help.yahoo.com",
                "steinmart.com",
                "www.arrma-rc.com",
                "www.bodybuilding.com",
                "www.flooranddecor.com",
                "www.horizonhobby.com",
                "www.losi.com",
                "www.pier1.com",
                "www.prolineracing.com",
                "www.towerhobbies.com"
            ]
        }
    ],
    "categories": [],
    "performance": {},
    "cookies": 0,
    "topInitiators": [
        {
            "domain": "dbrd449anfbv4.cloudfront.net",
            "prevalence": 1
        }
    ],
    "types": {
        "XHR": 13,
        "Preflight": 13
    },
    "nameservers": [
        "ns-cloud-c2.googledomains.com",
        "ns-cloud-c1.googledomains.com",
        "ns-cloud-c4.googledomains.com",
        "ns-cloud-c3.googledomains.com"
    ]
}