{
    "domain": "shopapps.site",
    "owner": {},
    "source": [
        "DuckDuckGo-US"
    ],
    "prevalence": 0.000217,
    "sites": 28,
    "subdomains": [
        "motivate"
    ],
    "cnames": [],
    "fingerprinting": 1,
    "resources": [
        {
            "rule": "shopapps\\.site\\/motivator\\.php",
            "cookies": 0,
            "fingerprinting": 1,
            "subdomains": [
                "motivate"
            ],
            "apis": {
                "Date.prototype.getTime": 6,
                "Document.cookie getter": 6
            },
            "sites": 9,
            "prevalence": 0.0000698,
            "cnames": [],
            "responseHashes": [
                "39f0d83542e802e0c5c634ef9be1be47a3c042a50962ce5ac62a520ffa19140c",
                "c89f32814c8e79c4b9d657e80013835b63d97347d683b6d4d22d80da22873a19",
                "2555ed039e873400fd6651fb724a2d7a3f1f57af2b6d8ec5c45a5781bdeda919",
                "627489a8d7f49a3ca94a1d7dd6d2e3155806865470311012dfba2aed0ae7e2c1",
                "efb3f117ab6f300b296ed429351129aebab6e1bcc94af4bc65ac4a5da6d939dc",
                "0e02ab6a4ce3f342146c228a84f4a40b285f489f3e462d865584f18bc4015c3f",
                "bedb5ba3d04b32d0e0aa1c90ad37e3ba84b69e18edde694c55bc377001dec26f",
                "8c5edbc6c484583d9d3af5fe154b755e77f25a515c33232f2a999e49296b1614"
            ],
            "type": "Script",
            "firstPartyCookies": {},
            "firstPartyCookiesSent": {},
            "exampleSites": [
                "darkestfox.com",
                "goodr.com",
                "optcorp.com",
                "www.blackriflecoffee.com",
                "www.breyerhorses.com",
                "www.drakewaterfowl.com",
                "www.harrisseeds.com",
                "www.healthrangerstore.com",
                "zacbrownband.com"
            ]
        },
        {
            "rule": "shopapps\\.site\\/get_premium_goals\\.php",
            "cookies": 0,
            "fingerprinting": 0,
            "subdomains": [
                "motivate"
            ],
            "apis": {},
            "sites": 6,
            "prevalence": 0.0000465,
            "cnames": [],
            "responseHashes": [
                "4f53cda18c2baa0c0354bb5f9a3ecbe5ed12ab4d8e11ba873c2f11161202b945"
            ],
            "type": "XHR",
            "firstPartyCookies": {},
            "firstPartyCookiesSent": {},
            "exampleSites": [
                "darkestfox.com",
                "goodr.com",
                "optcorp.com",
                "www.breyerhorses.com",
                "www.healthrangerstore.com",
                "zacbrownband.com"
            ]
        }
    ],
    "categories": [],
    "performance": {},
    "cookies": 0,
    "topInitiators": [
        {
            "domain": "boldapps.net",
            "prevalence": 0.37777777777777777
        },
        {
            "domain": "first party",
            "prevalence": 0.3333333333333333
        },
        {
            "domain": "shopify.com",
            "prevalence": 0.2
        },
        {
            "domain": "d2fj3s7h83rb61.cloudfront.net",
            "prevalence": 0.044444444444444446
        },
        {
            "domain": "yottaa.com",
            "prevalence": 0.044444444444444446
        }
    ],
    "types": {
        "Script": 9,
        "XHR": 6
    },
    "nameservers": [
        "clark.ns.cloudflare.com",
        "aurora.ns.cloudflare.com"
    ]
}