{
    "domain": "shoppinggives.com",
    "owner": {},
    "source": [
        "DuckDuckGo-US"
    ],
    "prevalence": 0.000278,
    "sites": 41,
    "subdomains": [
        "cdn",
        "stores.api",
        "tracking.api"
    ],
    "cnames": [],
    "fingerprinting": 1,
    "resources": [
        {
            "rule": "shoppinggives\\.com\\/cc-utilities\\/sgloader\\.js",
            "cookies": 0,
            "fingerprinting": 1,
            "subdomains": [
                "cdn"
            ],
            "apis": {
                "window.sessionStorage": 4,
                "window.localStorage": 4,
                "window.name": 4
            },
            "sites": 4,
            "prevalence": 0.0000271,
            "cnames": [],
            "responseHashes": [
                "4f008ff256cc868f18049abf91e672a05086397d9f294d38193fabc69912f081"
            ],
            "type": "Script",
            "firstPartyCookies": {},
            "firstPartyCookiesSent": {},
            "exampleSites": [
                "ensorings.com",
                "www.charlottesweb.com",
                "www.christysports.com",
                "www.wusthof.com"
            ]
        },
        {
            "rule": "shoppinggives\\.com\\/cc-small\\/none",
            "cookies": 0,
            "fingerprinting": 0,
            "subdomains": [
                "stores.api"
            ],
            "apis": {},
            "sites": 21,
            "prevalence": 0.000142,
            "cnames": [],
            "responseHashes": [
                "acc054cb79a0d2e74f94b4dcf44d4063702f3bf3c690e5493de10d4c29676fb9",
                "e3d7c3b32839f397fa22ff8d9c8344c4b20a7bdc179af2b70f05d2baaea345b6",
                "2f08fd54831412136fcce3c476ecfc7709c005fb908ea5f3dec85245e1fa0131",
                "34ec5555437eb98566f9d81a5c116fb3eadeca13e67a160a0afef0079076072d",
                "cd88f5c99503d57ee3bc4cdcc4cc4a652466dd15705e5a79d30c431f0d9c4de2",
                "44e2857f14987504364bec8cd1ca1afcdabb5df5e7d346290a4a374d2f6e0256",
                "d3aee6a1899e14b9881a50a7213a8de038fcd5f0a9244ee7c19ed9b0204af6c2",
                "e8a73c01cadfaf208820219eca943db0cfbdba67cec6c2910a57685188c176de",
                "eac587485e6a4ee8a7c012e13d4fdb834559e16a43280c0728c5008e85dedab3",
                "41d85f4eb88752801fea3590c131d39e559e27c756bde081285fb18218dad577",
                "3bb976e6e1ff0d02ca6fae2db8632b58d54bf98d2fe12f4edeb6bce2395a07c2",
                "bea51fa18d2b2cb9fa9ecee98fee67f63889f133e8e8714f4724e1942927d250",
                "24eaa0ead5c8d337edebf722f9d9dc9cc8ec94391f8bedeffa32958c0f7319f8",
                "7a43c3c6c6645b3e9770f94c3eb4b4e66111d1d0742c6af88ea2e6810ee3bc30",
                "a151095dd650d66aeb6d69f8c8690cfdcabcc15b72330f393c8d865d256133fa",
                "3dd9974333f7f3ed4374c03c6c513c7686766c2e901ddd2f6ade31982e5498dc",
                "0d0bb11f9739ceb8c0f476484480ad744ffa7b560305c403066071359d4fd48e",
                "d29d6b5aa0156b7a9800a4d0f274fd5a525d1ebaea0f390453a527b492eb6c2f",
                "707182f593f26391797c92c0f7dee37fee07d662a0074e211c8f88b49e2cade5"
            ],
            "type": "XHR",
            "firstPartyCookies": {},
            "firstPartyCookiesSent": {},
            "exampleSites": [
                "ensorings.com",
                "www.kennethcole.com",
                "www.softminkyblankets.com",
                "www.shopjustice.com",
                "www.charlottesweb.com",
                "www.brooklinen.com",
                "www.puffco.com",
                "www.traditionalmedicinals.com",
                "www.stevemadden.com",
                "thechristmaslightemporium.com",
                "www.americanapipedream.com",
                "www.christysports.com",
                "www.coachoutlet.com",
                "olaplex.com",
                "www.herb-pharm.com",
                "www.jeepworld.com",
                "porterroad.com",
                "www.trxtraining.com",
                "www.dolcevita.com",
                "www.bokksu.com"
            ]
        },
        {
            "rule": "shoppinggives\\.com\\/cc-small\\/none",
            "cookies": 0,
            "fingerprinting": 0,
            "subdomains": [
                "stores.api"
            ],
            "apis": {},
            "sites": 21,
            "prevalence": 0.000142,
            "cnames": [],
            "responseHashes": [],
            "type": "Preflight",
            "firstPartyCookies": {},
            "firstPartyCookiesSent": {},
            "exampleSites": [
                "www.wusthof.com",
                "porterroad.com",
                "www.trxtraining.com",
                "www.stevemadden.com",
                "www.puffco.com",
                "olaplex.com",
                "www.charlottesweb.com",
                "www.softminkyblankets.com",
                "thechristmaslightemporium.com",
                "www.coachoutlet.com",
                "www.kennethcole.com",
                "www.christysports.com",
                "www.brooklinen.com",
                "ensorings.com",
                "www.bokksu.com",
                "www.jeepworld.com",
                "www.traditionalmedicinals.com",
                "www.shopjustice.com",
                "www.dolcevita.com",
                "www.herb-pharm.com"
            ]
        },
        {
            "rule": "shoppinggives\\.com\\/",
            "cookies": 0.0000882,
            "fingerprinting": 0,
            "subdomains": [
                "tracking.api"
            ],
            "apis": {},
            "sites": 13,
            "prevalence": 0.0000882,
            "cnames": [],
            "responseHashes": [
                "07d19ac398604725c671092f7355547c87a8fcff8dbbf06442cc1ff58367e7ec",
                "1a9a63b4391373878baaadad41db6ec3336a0b4ef6a1cab9720b0dacb16bd8a4",
                "ca348b29528ee12114f05f93071f610a21e28f5a019077bc0922c6c9247f815e",
                "37283e05711c8895a59c51685dec49f0af85df226a8c9ba4d128dc4b27374e98",
                "dbf34a5b6f8c2108b1f46d359f2a81812ac19da3543bbb1431caf59844cc215a",
                "522d9f5fe11a5109578cb29e864b595cdf5168aef13ce317f93ab7ecfb06d7e0",
                "af6ab131dadf2780255678094d37bd0e6a30c339a91759cd047b0c218ba340b8",
                "49f924674341f1100ffa80d3a085ba9d3c443b1a16a8c7d732acb83b31b9c7ab",
                "f0438c3df414d4ab5649171c467005a02063ff8f2c9b2ca170112564149a4d58",
                "60b68a4c991e98b099a7000f2cc466df4c59a1eddafbc1f03bd0de85129fcb23",
                "d4fb1f1136dae1836e878b38bda78cfca16f70ae21242ad8d75e436626904cbc"
            ],
            "type": "XHR",
            "firstPartyCookies": {},
            "firstPartyCookiesSent": {},
            "exampleSites": [
                "ensorings.com",
                "olaplex.com",
                "thechristmaslightemporium.com",
                "www.americanapipedream.com",
                "www.brooklinen.com",
                "www.charlottesweb.com",
                "www.christysports.com",
                "www.coachoutlet.com",
                "www.dolcevita.com",
                "www.kennethcole.com",
                "www.puffco.com",
                "www.softminkyblankets.com",
                "www.traditionalmedicinals.com"
            ]
        },
        {
            "rule": "shoppinggives\\.com\\/",
            "cookies": 0,
            "fingerprinting": 0,
            "subdomains": [
                "tracking.api"
            ],
            "apis": {},
            "sites": 13,
            "prevalence": 0.0000882,
            "cnames": [],
            "responseHashes": [],
            "type": "Preflight",
            "firstPartyCookies": {},
            "firstPartyCookiesSent": {},