{
    "domain": "siktirlan.xyz",
    "owner": {},
    "source": [
        "DuckDuckGo-US"
    ],
    "prevalence": 0.0000678,
    "sites": 10,
    "subdomains": [
        "www"
    ],
    "cnames": [],
    "fingerprinting": 0,
    "resources": [
        {
            "rule": "siktirlan\\.xyz\\/images\\.php",
            "cookies": 0,
            "fingerprinting": 0,
            "subdomains": [
                "www"
            ],
            "apis": {},
            "sites": 10,
            "prevalence": 0.0000678,
            "cnames": [],
            "responseHashes": [
                "66f1f377c947feffdeb99f2b443550b9a448a4336cea7da929ffcfdd11a3d53d",
                "3355185272c70066dae202db97059c65edac79a6a38c3b40e90e3fd776d041eb",
                "5087e90631a306b828b8b56690f3dad0177106c431aa9365316a5820cb9f0c5c",
                "1d7cb78796b638f43043aad5336dbd664be0d6da6c27ca524e4c6922d01b7ad8",
                "18ed4d1c2aad2414aa32d86b47d67a5dd00b4f8e25cae29657dfd0e3f3f929de",
                "64bdc9280995180cd8b88034fba3399546030d31c1de712b16bab184e364e1a2",
                "7374ec6f092816be9dd479206ab8b056f91e929df395dfe17b49849b67ede6df",
                "246e9a0d92d20c36a5e4f8204b1c477f366cb5e88fbd1ce166401e76022c8b24",
                "56c805ce48b4df03afebff7997d05181cb47ce5c8fe9a2cead2872b30a03fcba"
            ],
            "type": "Image",
            "firstPartyCookies": {},
            "firstPartyCookiesSent": {},
            "exampleSites": [
                "synnove.info",
                "www.bernis.info",
                "www.nannie.info",
                "www.orse.info",
                "www.paraaha.info",
                "www.porngooo.com",
                "www.reeta.info",
                "www.rhoda.info",
                "www.rosalyn.info",
                "www.thomasina.info"
            ]
        }
    ],
    "categories": [],
    "performance": {},
    "cookies": 0,
    "topInitiators": [
        {
            "domain": "jwpcdn.com",
            "prevalence": 1
        }
    ],
    "types": {
        "Image": 10
    },
    "nameservers": [
        "kip.ns.cloudflare.com",
        "lucy.ns.cloudflare.com"
    ]
}