{
    "domain": "silveregg.net",
    "owner": {},
    "source": [
        "DuckDuckGo-US"
    ],
    "prevalence": 0.00021,
    "sites": 31,
    "subdomains": [
        "baycrews",
        "campfire",
        "aigent2",
        "tbsnews",
        "otakumode",
        "pbansg",
        "clipstudiotips",
        "able",
        "nitori",
        "palcloset",
        "worldfcl",
        "beams",
        "veltra",
        "kaldi",
        "pokemon",
        "ac21",
        "ac26",
        "ac15",
        "ac30",
        "bellemaison"
    ],
    "cnames": [],
    "fingerprinting": 0,
    "resources": [
        {
            "rule": "silveregg\\.net\\/pycre5\\/jsonp\\/recommend",
            "cookies": 0,
            "fingerprinting": 0,
            "subdomains": [
                "baycrews",
                "campfire",
                "aigent2",
                "tbsnews",
                "otakumode",
                "pbansg",
                "clipstudiotips",
                "able",
                "nitori",
                "palcloset"
            ],
            "apis": {},
            "sites": 11,
            "prevalence": 0.0000745,
            "cnames": [],
            "responseHashes": [
                "c50d28de570ccc16bc1b23e8233994933bbaf3f06c26db60972595c8db0bd6c0",
                "162907e07af40e62693be7caa152b10711e5a5f92cc1ae18451077d187f1d9a6",
                "0c1640d00f50f10c3d794d8f82a398da7505b8c5b4255adf28f8ee4cb847a3e8",
                "265ea055b003c46b9e4319024f0375535e2121862ef46286fce60474bf17191c",
                "1b3fc6ede488c19be9e082d2505fbd87c98b6f93fdf87a935f0a2c52566a5d0d",
                "cdbea1b6e10b3e66643f98653c76197fd899220b04e06572d22707dac57ca95e",
                "43c2b463b602d7bb9832d96772e17cf9b392276be0944584b033d37be3f00d0d",
                "01582f5e165e974f8454908f7b1725fce4216bb7fe534dc1ec3be9655f5df2a8",
                "dfbd45c1d52a5ed3bd7c641860f49eac868758eb2e5a1a10692aeb1976b50e8a",
                "f67cd1f954481c862939c52ef10021560728ea3a3518cbd147bbe76c889075c0"
            ],
            "type": "Script",
            "firstPartyCookies": {},
            "firstPartyCookiesSent": {},
            "exampleSites": [
                "baycrews.jp",
                "camp-fire.jp",
                "employment.en-japan.com",
                "newsdig.tbs.co.jp",
                "otakumode.com",
                "p-bandai.com",
                "tips.clip-studio.com",
                "www.able.co.jp",
                "www.buyma.com",
                "www.nitori-net.jp",
                "www.palcloset.jp"
            ]
        },
        {
            "rule": "silveregg\\.net\\/suite\\/page",
            "cookies": 0.0000136,
            "fingerprinting": 0,
            "subdomains": [
                "worldfcl",
                "beams",
                "aigent2",
                "veltra",
                "kaldi",
                "pokemon"
            ],
            "apis": {},
            "sites": 8,
            "prevalence": 0.0000542,
            "cnames": [],
            "responseHashes": [
                "6b093c8aadbd7803732c216d391bb6e5c3e060535f471bdc1d4f7bfcaf74d9c9",
                "c9ef08899e75f2ca2386d6e7d92106a9a00917ca189d992759cf199352c3b943",
                "c64be058943722cb323e32671b90c8f17087a80c453ddfbe66b45f467d6f6a77",
                "cb8be69d08b8277c970ed75dad0ef8511392591d255edad83eaeb26396843a33",
                "c82ebd5b52e471cda033ed72a74b292f16a74e524748d5b6ebaac8aea1da6a8e",
                "9e3ddafdbd6696bf53f95a236f1dd69ecb5f8ce5e4df84407037c1c08f2bdfd6",
                "f45264f961c4df8b1100dc85dd4320ce5b780d14f2d0e7d66a19d2763eecc5cd"
            ],
            "type": "Script",
            "firstPartyCookies": {},
            "firstPartyCookiesSent": {},
            "exampleSites": [
                "world.co.jp",
                "www.beams.co.jp",
                "www.felissimo.co.jp",
                "www.hawaiiactivities.com",
                "www.kaldi.co.jp",
                "www.ksdenki.com",
                "www.pokemoncenter-online.com",
                "www.veltra.com"
            ]
        },
        {
            "rule": "silveregg\\.net\\/unitag\\/jsonp\\/recommend3",
            "cookies": 0,
            "fingerprinting": 0,
            "subdomains": [
                "ac21",
                "aigent2",
                "ac26",
                "ac15",
                "ac30"
            ],
            "apis": {},
            "sites": 8,
            "prevalence": 0.0000542,
            "cnames": [],
            "responseHashes": [
                "2732c9dcb2b9c57c7844f82dae470910ed65b6946a2de0409203d442de7b5a24",
                "e62f665f2a7398ca231ab3d10dfc053abca214444530a942fbad6eeb30e10c8b",
                "5ac734be4883545ccc2106ab2bef6aba648420d9437f4ecddee95464b741051b",
                "a08a3ca02d0a10ff9e48f7077804c91dec90c7da732b6160374dca51a4164824",
                "78cb60890f81662465611c68df8f7f049c0b8be320a660fc1063e6c89f828d5e",
                "b5ba3d096f907da4981aa3a66d7a268351638c391cdda52b330045abe4dca9e4",
                "fac380c8e1e9dae16652b5220b4125f2aad983448a9d3e43a73475bd2165e62e"
            ],
            "type": "Script",
            "firstPartyCookies": {},
            "firstPartyCookiesSent": {},
            "exampleSites": [
                "world.co.jp",
                "www.beams.co.jp",
                "www.felissimo.co.jp",
                "www.hawaiiactivities.com",
                "www.kaldi.co.jp",
                "www.ksdenki.com",
                "www.pokemoncenter-online.com",
                "www.veltra.com"
            ]
        },
        {
            "rule": "silveregg\\.net\\/pycre5\\/jsonp\\/mrecommend",
            "cookies": 0,
            "fingerprinting": 0,
            "subdomains": [
                "bellemaison"
            ],
            "apis": {},
            "sites": 2,
            "prevalence": 0.0000136,
            "cnames": [],
            "responseHashes": [
                "786a9d4c8a4d4f50fcca363d9d75292ed7ec1b183738aa0e74a48bf392bcd83b"
            ],
            "type": "Script",
            "firstPartyCookies": {},
            "firstPartyCookiesSent": {},
            "exampleSites": [
                "bellemaison.jp",
                "www.bellemaison.jp"
            ]
        }
    ],
    "categories": [],
    "performance": {},
    "cookies": 0.0000271,
    "topInitiators": [
        {
            "domain": "first party",
            "prevalence": 0.8775510204081632
        },
        {
            "domain": "ismcdn.jp",
            "prevalence": 0.04081632653061224
        },
        {
            "domain": "yjtag.jp",
            "prevalence": 0.04081632653061224
        },
        {
            "domain": "jquery.com",
            "prevalence": 0.02040816326530612
        },
        {
            "domain": "d1u8dm08vp3e0x.cloudfront.net",
            "prevalence": 0.02040816326530612
        }
    ],
    "types": {
        "Script": 29
    },
    "nameservers": [
        "ns-546.awsdns-04.net",
        "ns-1370.awsdns-43.org",
        "ns-1966.awsdns-53.co.uk",
        "ns-95.awsdns-11.com"
    ]
}