{
    "domain": "silveregg.net",
    "owner": {},
    "source": [
        "DuckDuckGo-US"
    ],
    "prevalence": 0.00023,
    "sites": 34,
    "subdomains": [
        "baycrews",
        "campfire",
        "aigent2",
        "tbsnews",
        "otakumode",
        "pbansg",
        "uniteda",
        "clipstudiotips",
        "able",
        "nitori",
        "palcloset",
        "worldfcl",
        "beams",
        "veltra",
        "kaldi",
        "pokemon",
        "ac21",
        "ac26",
        "ac15",
        "ac30",
        "bellemaison"
    ],
    "cnames": [],
    "fingerprinting": 0,
    "resources": [
        {
            "rule": "silveregg\\.net\\/pycre5\\/jsonp\\/recommend",
            "cookies": 0,
            "fingerprinting": 0,
            "subdomains": [
                "baycrews",
                "campfire",
                "aigent2",
                "tbsnews",
                "otakumode",
                "pbansg",
                "uniteda",
                "clipstudiotips",
                "able",
                "nitori",
                "palcloset"
            ],
            "apis": {},
            "sites": 12,
            "prevalence": 0.0000813,
            "cnames": [],
            "responseHashes": [
                "0802991d6cb7b1fc336c48999645c353a61fb84b941d25e759ecc5c116fcd174",
                "4b9f9df22de8038f8f4d3503b6f897287832c5b07670fddb9107ef9112ee426e",
                "de16620a1103dd5f222df9506cb95ff6a0673a86b66cbe03ca03837b41c849d7",
                "5493b707b941039f88a3dd10e855440bc764f8388e19698c34d0c8d7537617f5",
                "a09169270834a5f87b9581e2fb900a51176058c3890046da976c0a8f7a21082a",
                "08d1ba2aec8813a975edd50c7d371d29b6694d59f273afba50b0115df8eedb30",
                "2a082659e3acd1e9c80f87303e71864d780e34120a1b10693898dcf02584276b",
                "37a84a2a90d84dee998208011d605586e2daa2464c68088b28e4275fb12fe279",
                "242b4bdacad6e562e0ebd545c1e80e7c3dfe98cb5acc272da2f978d580339a2e",
                "dbcf332c29d62fa2c206958510ba919921b0c039ab1109fb84987998b6349d66",
                "bfbb37cb0449944143c42f1cce45bfc49cb6004b5bf47733e856ff48d99b6368"
            ],
            "type": "Script",
            "firstPartyCookies": {},
            "firstPartyCookiesSent": {},
            "exampleSites": [
                "baycrews.jp",
                "camp-fire.jp",
                "employment.en-japan.com",
                "newsdig.tbs.co.jp",
                "otakumode.com",
                "p-bandai.com",
                "store.united-arrows.co.jp",
                "tips.clip-studio.com",
                "www.able.co.jp",
                "www.buyma.com",
                "www.nitori-net.jp",
                "www.palcloset.jp"
            ]
        },
        {
            "rule": "silveregg\\.net\\/suite\\/page",
            "cookies": 0.0000135,
            "fingerprinting": 0,
            "subdomains": [
                "worldfcl",
                "beams",
                "aigent2",
                "veltra",
                "kaldi",
                "pokemon"
            ],
            "apis": {},
            "sites": 8,
            "prevalence": 0.0000542,
            "cnames": [],
            "responseHashes": [
                "c470e0d1e32171216c2d3ce79b1abc86541f28a1b92fed96ebeece3513a5dd7e",
                "b179800aa171bc20b77a21d23b6acafdb335bc8a655d52541568d4d5009e477f",
                "603d8219917fcb3dc7d4f5655570eff83d60cb7f8503690344e7bba19f80a9d8",
                "5972a877fc58c948cba35cb01683fd74288d8e0f2e1b515174da41efc73c93bd",
                "5afbdecf0681a102c93b7e4e54f8105feff7ea9c0f8ce0416355b7b07396f532",
                "2fcdfc155932cce95859edf3f6b1fd3ad4efdd5174ddbd8d3ba7f57749ecceaf",
                "09ebdbd035ece28babe7edb69b285097cf4a70583323103f704dc8757f3171da"
            ],
            "type": "Script",
            "firstPartyCookies": {},
            "firstPartyCookiesSent": {},
            "exampleSites": [
                "world.co.jp",
                "www.beams.co.jp",
                "www.felissimo.co.jp",
                "www.hawaiiactivities.com",
                "www.kaldi.co.jp",
                "www.ksdenki.com",
                "www.pokemoncenter-online.com",
                "www.veltra.com"
            ]
        },
        {
            "rule": "silveregg\\.net\\/unitag\\/jsonp\\/recommend3",
            "cookies": 0,
            "fingerprinting": 0,
            "subdomains": [
                "ac21",
                "aigent2",
                "ac26",
                "ac15",
                "ac30"
            ],
            "apis": {},
            "sites": 8,
            "prevalence": 0.0000542,
            "cnames": [],
            "responseHashes": [
                "a97e94aa2d0707cab2c048b43733723fbe4dae0a1eda2a2f6044d9acd0a77cec",
                "4171b71b4bd214f57f51d72b0bc755cd34a25b4a1dc254b35304774de1757bfd",
                "41d42af23b88d5e7342d8e3ea926c9ed2bcb22d3e7d2c48a6d98d6b65b1cb268",
                "036a60484f607804f12f3a1d9bd72539d5d2b12b6fccc5f08a4479ed53670058",
                "e819e32c03ee84a482bddbad883e8008853a7a3654d0293e8b1917a668b79406",
                "6429e119e97e4000c970005463f1b59c7a36ba3fae81bc9a1428a4dedb484ab1",
                "832942e2353723f2fe8d5c0a40a3faca8a1ce21e57d0bcbe6f2a4c8470b04304"
            ],
            "type": "Script",
            "firstPartyCookies": {},
            "firstPartyCookiesSent": {},
            "exampleSites": [
                "world.co.jp",
                "www.beams.co.jp",
                "www.felissimo.co.jp",
                "www.hawaiiactivities.com",
                "www.kaldi.co.jp",
                "www.ksdenki.com",
                "www.pokemoncenter-online.com",
                "www.veltra.com"
            ]
        },
        {
            "rule": "silveregg\\.net\\/pycre5\\/jsonp\\/mrecommend",
            "cookies": 0,
            "fingerprinting": 0,
            "subdomains": [
                "bellemaison"
            ],
            "apis": {},
            "sites": 2,
            "prevalence": 0.0000135,
            "cnames": [],
            "responseHashes": [
                "271c13229e5ab42b11f31a179dc7e88e255db109089272fe0ddced9e7a1d6dbd"
            ],
            "type": "Script",
            "firstPartyCookies": {},
            "firstPartyCookiesSent": {},
            "exampleSites": [
                "bellemaison.jp",
                "www.bellemaison.jp"
            ]
        }
    ],
    "categories": [],
    "performance": {},
    "cookies": 0.0000271,
    "topInitiators": [
        {
            "domain": "first party",
            "prevalence": 0.8888888888888888
        },
        {
            "domain": "ismcdn.jp",
            "prevalence": 0.037037037037037035
        },
        {
            "domain": "yjtag.jp",
            "prevalence": 0.037037037037037035
        },
        {
            "domain": "jquery.com",
            "prevalence": 0.018518518518518517
        },
        {
            "domain": "d1u8dm08vp3e0x.cloudfront.net",
            "prevalence": 0.018518518518518517
        }
    ],
    "types": {
        "Script": 30
    },
    "nameservers": [
        "ns-95.awsdns-11.com",
        "ns-546.awsdns-04.net",
        "ns-1966.awsdns-53.co.uk",
        "ns-1370.awsdns-43.org"
    ]
}