{
    "domain": "simplewebanalysis.com",
    "owner": {},
    "source": [
        "DuckDuckGo-US"
    ],
    "prevalence": 0.000529,
    "sites": 78,
    "subdomains": [],
    "cnames": [],
    "fingerprinting": 0,
    "resources": [
        {
            "rule": "simplewebanalysis\\.com\\/stats",
            "cookies": 0.000129,
            "fingerprinting": 0,
            "subdomains": [],
            "apis": {},
            "sites": 19,
            "prevalence": 0.000129,
            "cnames": [],
            "responseHashes": [
                "31d1725515204079de1d87d9cd6ffa343e9a6199e2caa8f3029075e178a1957d",
                "d52fb95d61e3e51d161c37fb95266787f71edfa43c138f46e79c4b98ca7452f4",
                "31836b65042ee2a75eac9691ddfca2d87c4239abba6bdd48ecb8da80a4a025b6",
                "88d65d1a069021c158cecc75c633972e62ca7d5bd7ed9bb501a2c5256a5b9b71",
                "065e47e9f4826de0213ed1c9a246c6f1eeeb820d96fb7841de7cc5b1b7f1abd6",
                "bf8b30697dac00b2936ffd8d1ca7afbba0eb5c5d00239bd2327f05fb1e308346",
                "4bb34ad834e67964cbc4dd4cdb8381393ca52f8a143025fffd896e42f08e5280",
                "f8dc0a94766816b1b53e9128af8595f2d122277a115f301c4effeaff537fd3be",
                "8b4483cb4b2c91240ee75dfb40b47fdf1873d432c022a62009d49d62386878a5",
                "962f77e6791edf2ddb74074fac569670f38a6c439ea0c63808cb6f8706e3dc36",
                "4a1b170cf050d14c7291aba117c342afb809c56c75548bdd0c0d121631ea303b",
                "afe1e534d6195dee6142e7830d57f5ce2831a6c5a9dbfb535e34e4075d03ee14",
                "9f056b3ae30cda40e67ffcfaebb25ce9cc5eac873c55894e263bf788a412881a",
                "9e27d5c90930a69c716a31e28e82359462561a2d098816ef93736dac04634e7f",
                "8844e24e47d48c1a5af50c958ff9999d9c62554bb630a0d064dae77853a0ad62",
                "56f8e78c656c68339424553f0847946a7a037dbdf4e24fb29c8916a3b706ca5c",
                "06a094df2b78c65bce84996215f558392f1eb8992d362f1541fdbd91802576b4",
                "e2b08555252777bcf9b7987f28fabaf06abd6a9da01911999de0e2241adb2616"
            ],
            "type": "XHR",
            "firstPartyCookies": {},
            "firstPartyCookiesSent": {},
            "exampleSites": [
                "arabsex1.com",
                "avizoone.com",
                "biqle.org",
                "biqle.ru",
                "familyporn.tv",
                "gogoanime.gold",
                "looti.org",
                "shahvani.com",
                "w123moviesfree.net",
                "www.aflamk1.net",
                "www.kinox.fun",
                "www.xxxlucah.com",
                "www2.javhdporn.net",
                "www3.bestjavporn.com",
                "www4.bestjavporn.com",
                "www4.javxxx.me",
                "xmovies8.vip"
            ]
        },
        {
            "rule": "simplewebanalysis\\.com\\/px\\.gif",
            "cookies": 0.000197,
            "fingerprinting": 0,
            "subdomains": [],
            "apis": {},
            "sites": 29,
            "prevalence": 0.000197,
            "cnames": [],
            "responseHashes": [
                "e3b0c44298fc1c149afbf4c8996fb92427ae41e4649b934ca495991b7852b855"
            ],
            "type": "Image",
            "firstPartyCookies": {},
            "firstPartyCookiesSent": {},
            "exampleSites": [
                "www.tnaflix.com",
                "camchickhub.com",
                "actressx.com",
                "javhd.com",
                "www.mrman.com",
                "eggporncomics.com",
                "hentaixcomic.com",
                "nudedesiactress.pics",
                "www.sxyprn.net",
                "javtubefree.com",
                "totempole666.com",
                "manhwaraw.com",
                "www.hentairules.net",
                "redbust.com",
                "www.thotfox.com",
                "gizgamez.com",
                "dev.rule34video.com",
                "2ch.hk",
                "rule34video.party",
                "f95zone.to"
            ]
        }
    ],
    "categories": [],
    "performance": {},
    "cookies": 0.000529,
    "topInitiators": [
        {
            "domain": "twistconcept.com",
            "prevalence": 0.48514851485148514
        },
        {
            "domain": "first party",
            "prevalence": 0.16831683168316833
        },
        {
            "domain": "liaisondegreedaughters.com",
            "prevalence": 0.07920792079207921
        },
        {
            "domain": "adblocktape.store",
            "prevalence": 0.0594059405940594
        },
        {
            "domain": "countryinflammable.com",
            "prevalence": 0.039603960396039604
        },
        {
            "domain": "whisperfog.com",
            "prevalence": 0.039603960396039604
        },
        {
            "domain": "streamtape.com",
            "prevalence": 0.019801980198019802
        },
        {
            "domain": "streamta.pe",
            "prevalence": 0.019801980198019802
        },
        {
            "domain": "washsilly.com",
            "prevalence": 0.019801980198019802
        },
        {
            "domain": "mplayer.me",
            "prevalence": 0.019801980198019802
        }
    ],
    "types": {
        "XHR": 19,
        "Image": 29
    },
    "nameservers": [
        "ns-398.awsdns-49.com",
        "ns-796.awsdns-35.net",
        "ns-1167.awsdns-17.org",
        "ns-1808.awsdns-34.co.uk"
    ]
}