{
    "domain": "site24x7rum.com",
    "owner": {
        "name": "ZOHO Corporation",
        "displayName": "ZOHO"
    },
    "source": [
        "DuckDuckGo-US"
    ],
    "prevalence": 0.00042,
    "sites": 62,
    "subdomains": [
        "static",
        "col"
    ],
    "cnames": [],
    "fingerprinting": 2,
    "resources": [
        {
            "rule": "site24x7rum\\.com\\/beacon\\/site24x7rum-min\\.js",
            "cookies": 0.000115,
            "fingerprinting": 2,
            "subdomains": [
                "static"
            ],
            "apis": {
                "PerformanceTiming.prototype.navigationStart": 17,
                "Date.prototype.getTime": 17,
                "Document.cookie getter": 17,
                "Document.cookie setter": 17,
                "Navigator.prototype.userAgent": 18,
                "Screen.prototype.height": 17,
                "Screen.prototype.width": 17,
                "Navigator.prototype.connection": 17,
                "Navigator.prototype.deviceMemory": 17
            },
            "sites": 35,
            "prevalence": 0.000237,
            "cnames": [],
            "responseHashes": [
                "01ba4719c80b6fe911b091a7c05124b64eeece964e09c058ef8f9805daca546b",
                "b7e824c4ef1fbccf9f4f361eb27312f94c30276cfe61ab1fa896407f34692c03",
                "250648773846ce90c7c2db706816763be77d06972b5d221d217ec8a9cfeef064",
                "0d30a72b9b4955ddda8ed4fff38f20cd13007ba87a28d8ff3ad550401898379f",
                "b239910e62db6547a3cb6d4a9f360e1c450d65881f21c6654d3793b569ddc5a6",
                "a0aa1bbde809ba337e8e677fc8f0d0ca4105be070d5a57238554fc9e2d9db6a7",
                "47271abcd9407cd01f93c7038b32a33d0098225d7e52de19e233e44222c5d41c",
                "937699f5005c73b7f634a9f2f6b4e3b7cbff25880d136ffb4f66cb9429ba2c61",
                "ae0a238984f6a6f94734c24f85d84ff867d6b6a64c6f13e85df0fa9eb2ee1c16",
                "fe924659cfc5d7fa13abca89c614b73cd7e89ab36df427c9904b410f252be591",
                "06f0bea1443bb35d23cac2562c3b584c093b4932ca46e37599f384de591b330a",
                "c7f604e268e70e2d1ca4141f751aae7a8bce261e2b3e7200cd6d784d6f5f8cc8",
                "8cac166d34df2c64ef56fc189a74badcb9b6d0cab27c70900b64d5fbbb3a7025",
                "8fc33699544ea159fe51aa42bec9bebb4222e628920c6cde531a8ce50c89f473",
                "b2a3d4da06549400f42a6bd14ec25ee63e1f9cb0089310d6244fd48f8705f35c",
                "7184e7a6fafc3133a03633c8f7e2c75fe1b8339ce45e8e0690fd9371bb3ea0a1",
                "9712c75a762e330a06c7a098f2b32df9a60e841ee5d37c63b37b7b6a9f1be6d3",
                "761df59e87c904dfaa229691752b8383e0e49d9bb6665baa7bda16125626091e"
            ],
            "type": "Script",
            "firstPartyCookies": {
                "site24x7rumID": {
                    "ttl": 63072004,
                    "length": 44,
                    "prevalence": 0.00011521440044459203,
                    "uniqueness": 1
                }
            },
            "firstPartyCookiesSent": {},
            "exampleSites": [
                "www.fonts.com",
                "www.paulayoung.com",
                "hometheaterhifi.com",
                "www.sabcnews.com",
                "www.greensboro-nc.gov",
                "www.maynoothuniversity.ie",
                "www.indochino.com",
                "www.rainbowresource.com",
                "legislature.maine.gov",
                "www.professionalplastics.com",
                "www.signaturehardware.com",
                "ksiegarnia.pwn.pl",
                "www.vive.com",
                "www.eccouncil.org",
                "www.zipair.net",
                "www.fabletics.com",
                "www.buyersproducts.com",
                "myaccount.sdge.com",
                "fizz.ca",
                "www.cambridgeinternational.org"
            ]
        },
        {
            "rule": "site24x7rum\\.com\\/rum\\/data",
            "cookies": 0.000136,
            "fingerprinting": 0,
            "subdomains": [
                "col"
            ],
            "apis": {},
            "sites": 20,
            "prevalence": 0.000136,
            "cnames": [],
            "responseHashes": [
                "e3b0c44298fc1c149afbf4c8996fb92427ae41e4649b934ca495991b7852b855"
            ],
            "type": "Ping",
            "firstPartyCookies": {},
            "firstPartyCookiesSent": {},
            "exampleSites": [
                "andersonmanufacturing.com",
                "fizz.ca",
                "legislature.maine.gov",
                "myaccount.sdge.com",
                "www.buyersproducts.com",
                "www.cambridgeenglish.org",
                "www.cambridgeinternational.org",
                "www.eccouncil.org",
                "www.fabletics.com",
                "www.fonts.com",
                "www.hafele.com",
                "www.indochino.com",
                "www.lcbo.com",
                "www.loewshotels.com",
                "www.maynoothuniversity.ie",
                "www.myfonts.com",
                "www.ocr.org.uk",
                "www.professionalplastics.com",
                "www.signaturehardware.com",
                "www.zipair.net"
            ]
        },
        {
            "rule": "site24x7rum\\.com\\/js\\/rum-beacon-min\\.js",
            "cookies": 0,
            "fingerprinting": 0,
            "subdomains": [
                "static"
            ],
            "apis": {},
            "sites": 2,
            "prevalence": 0.0000136,
            "cnames": [],
            "responseHashes": [
                "63ed8f04797c9b2472b41a38b441c93d66a1e392af136cdd1b4da03d20ca32a4"
            ],
            "type": "Script",
            "firstPartyCookies": {},
            "firstPartyCookiesSent": {},
            "exampleSites": [
                "maynoothuniversity.ie",
                "www.maynoothuniversity.ie"
            ]
        },
        {
            "rule": "site24x7rum\\.com\\/rum\\/trace",
            "cookies": 0,
            "fingerprinting": 0,
            "subdomains": [
                "col"
            ],
            "apis": {},
            "sites": 2,
            "prevalence": 0.0000136,
            "cnames": [],
            "responseHashes": [
                "e3b0c44298fc1c149afbf4c8996fb92427ae41e4649b934ca495991b7852b855"
            ],
            "type": "Ping",
            "firstPartyCookies": {},
            "firstPartyCookiesSent": {},
            "exampleSites": [
                "myfonts.com",
                "www.myfonts.com"
            ]
        }
    ],
    "categories": [],
    "performance": {},
    "cookies": 0.000217,
    "topInitiators": [
        {
            "domain": "first party",
            "prevalence": 0.7638888888888888
        },
        {
            "domain": "googletagmanager.com",
            "prevalence": 0.19444444444444445
        },
        {
            "domain": "droiw9gfb309t.cloudfront.net",
            "prevalence": 0.013888888888888888
        },
        {
            "domain": "facebook.net",
            "prevalence": 0.013888888888888888
        },
        {
            "domain": "bolt.com",
            "prevalence": 0.013888888888888888
        }
    ],
    "types": {
        "Script": 37,
        "Ping": 22
    },
    "nameservers": [
        "ns-1705.awsdns-21.co.uk",
        "ns-118.awsdns-14.com",
        "ns-1420.awsdns-49.org",
        "ns-796.awsdns-35.net"
    ]
}