{
    "domain": "smct.co",
    "owner": {
        "name": "SMARTER CLICK TECHNOLOGY LTD",
        "displayName": "SMARTER CLICK"
    },
    "source": [
        "DuckDuckGo-US"
    ],
    "prevalence": 0.00046,
    "sites": 68,
    "subdomains": [
        "ls",
        "ep"
    ],
    "cnames": [],
    "fingerprinting": 1,
    "resources": [
        {
            "rule": "smct\\.co\\/tm\\/",
            "cookies": 0,
            "fingerprinting": 1,
            "subdomains": [],
            "apis": {
                "window.sessionStorage": 14,
                "Date.prototype.getTime": 2,
                "window.localStorage": 2
            },
            "sites": 23,
            "prevalence": 0.000155,
            "cnames": [],
            "responseHashes": [
                "5ed5a625bd09c41e3ef74bef1c4a82d5690de990ee2facbaa4b51a17162e50ff",
                "424edbdfc5338669dc7bd505105a777fab9f90c697120cff643489ea8ff6916f",
                "56799b3a5253b3808dbf935c6975ae3f11a39a9077d1135acb7f76a4e6d9f9d9",
                "74461d65b99f4a957d6e6d99be8cf59d26a8e000e8bdc7f4c8bb73a239033de0",
                "ae96e1da7fa586b4de264d06cd90499f4836d79ef4fdaf7aa705ce934bcd8dfa",
                "f08a675ac8bc9b0778b10de11bc6137976ee334f7d268a4fdd357a5c5a1b6b69",
                "574c8b5431c7a68119a329dfb8d09d0d1d2c7e140b86f06aae34507b51ddc1d8",
                "1c428b500ea9ff48fd2903a54f50530e8d8624ad7e0780c1837888785edb772a",
                "70e8bfc6aa323525f19e3bb66cfbab1e8d82b34c2e1a9ba80ac84e9abeff8cbb",
                "399be73eefaf743c41aea7b9185643ea4e168ac10ab781ec6e5b4ecec3cd92f5",
                "35ab8f854c2051e104bbb38836aead681a424741a29ed72b864e5b3d923db927",
                "18d10f8f15ea233ab2548a8684885a182e149ec37b7bd6bea60b88a098654646",
                "c494d8870071a4d036b10fe75e3d33bb7af66df8fc9b73daa693c47935e5ec3f",
                "35f821bc57680410719dbb11647917595152881ad4a4803a445e0ce62045fa25",
                "4c49dee157e3cef79c8726ba95f77325ff51123dc827a7ecf5ceb6004f14c8f1",
                "bd17c091d3b32a22247c6a984915e69b5833abfcf9214d79b1c32b03f762d23f",
                "f8473708e74a91e8976d9b8cc8adcb4e57bd5ede9cf35f4281704dc8deaa076a",
                "59947559449aa22cab6850f4e344c8f2de005359fe742bbc5f1f9766d039fd6e",
                "e63d05702eadb2f5f27880820e57a52a47bf29328d6a7edd94468b1c1a37d007",
                "4e2b69d21f1550adbe4b918f3cdaa54c958fe28261b7d7a2f8d612b2ecacbbdc",
                "ba22462ebdbed2e8926cfbf0884e312a337dbc5d03df41363985a1a00eb142e2"
            ],
            "type": "Script",
            "firstPartyCookies": {},
            "firstPartyCookiesSent": {
                "_schn": 0.000013515887926257316,
                "IR_gbd": 0.000006757943963128658
            },
            "exampleSites": [
                "help.nowtv.com",
                "tienda.movistar.com.ar",
                "www.datacamp.com",
                "www.elektra.mx",
                "support.vodafone.co.uk",
                "www.forevernew.com.au",
                "www.nowtv.com",
                "www.suttons.co.uk",
                "www.kwik-fit.com",
                "www.crosman.com",
                "www.rhinorack.com",
                "www.hive.co.uk",
                "www.legoland.co.uk",
                "www.moneygram.com",
                "ffx.co.uk",
                "www.leedsbradfordairport.co.uk",
                "www.sportsshoes.com",
                "www.drsamrobbins.com",
                "www.wildsecrets.com",
                "www.jessops.com"
            ]
        },
        {
            "rule": "smct\\.co\\/lse1\\.3\\.html",
            "cookies": 0,
            "fingerprinting": 0,
            "subdomains": [
                "ls"
            ],
            "apis": {},
            "sites": 9,
            "prevalence": 0.0000608,
            "cnames": [],
            "responseHashes": [],
            "type": "Document",
            "firstPartyCookies": {},
            "firstPartyCookiesSent": {},
            "exampleSites": [
                "minitool.com",
                "moviemaker.minitool.com",
                "smarty.co.uk",
                "www.crosman.com",
                "www.datacamp.com",
                "www.hughes.co.uk",
                "www.jessops.com",
                "www.kwik-fit.com",
                "www.sportsshoes.com"
            ]
        },
        {
            "rule": "smct\\.co\\/ov5\\/load\\/4864\\/88843\\/1",
            "cookies": 0,
            "fingerprinting": 0,
            "subdomains": [],
            "apis": {},
            "sites": 2,
            "prevalence": 0.0000135,
            "cnames": [],
            "responseHashes": [
                "90dbf69469c22c88c00df49b05add47954fc899b047b65c176dfb07b219c3c2e"
            ],
            "type": "XHR",
            "firstPartyCookies": {},
            "firstPartyCookiesSent": {},
            "exampleSites": [
                "minitool.com",
                "moviemaker.minitool.com"
            ]
        },
        {
            "rule": "smct\\.co\\/tm",
            "cookies": 0,
            "fingerprinting": 1,
            "subdomains": [],
            "apis": {
                "window.sessionStorage": 4,
                "Date.prototype.getTime": 1,
                "window.localStorage": 2,
                "Navigator.prototype.userAgent": 1
            },
            "sites": 17,
            "prevalence": 0.000115,
            "cnames": [],
            "responseHashes": [
                "b0a4f0a6073219596674c63cbe243fbf541234c253e2b72d872ca65fd8505256",
                "17496e30374de88e34ef67cc4dab1d15d57ff0f43bddaf1cd44cd5545a7950f2",
                "79b7a355bfccf0330b2d7987b2c18a80c59f03236b6597b81da4b6889caf7f71",
                "25e8e8257150017508f040522323ab4e3392f83ab90258ffd3f058b03e6802be",
                "447acf62962884b5850580a5e29292f9514606ab1d2d079c2069b85023230d60",
                "14e86040afe2c261d353c98a7213ea69f5ea02648e73a3c4040167839148a7fa",
                "98f4e97d082ee47da5f7b1b76891ed3db4892b2a332dbee11b93c637ab9b4094",
                "67602b618df138dea1c2f236b57818706c2a9239379a5e0b0a83a7d3a6f70d29",
                "ad4abb1bd5a9ad218936577e9c1002d9ef2e64d2f3e21251804c9c9133e357c2",
                "2ec81e61ce454c8304ce1d3c51918234dd9f1463b45cbe11a6d46c32ae83160f",
                "3998a47c036e433b9254754af66c9d7b616be6d94535712eea7f0d3be4201c84",
                "736375894948918abea4975d6d275f72a72b41a613541c7e9df0da92da4bec51",
                "6059c17afd7e547b888802c42f30c5a94de863c478935fbbba0ffefeb1c36d4e",
                "da711f68fd912649908617d030b8ebbd1446fc2e4a3e3f8625d17ba5225f89e1"
            ],
            "type": "Script",
            "firstPartyCookies": {},
            "firstPartyCookiesSent": {
                "_hjTLDTest": 0.000006757943963128658
            },
            "exampleSites": [
                "talktalk.co.uk",
                "new.talktalk.co.uk",
                "smarty.co.uk",
                "www.bodendirect.de",
                "www.brewdog.com",
                "www.decluttr.com",
                "www.esrgear.com",
                "www.goldsmiths.co.uk",
                "www.harmonystore.co.uk",
                "www.hughes.co.uk",
                "www.jessops.com",
                "www.mobiles.co.uk",
                "www.musicmagpie.co.uk",
                "www.prettylittlething.com",
                "www.protyre.co.uk",
                "www.sky.com",
                "www.talktalk.co.uk"
            ]
        },
        {
            "rule": "smct\\.co\\/ov5\\/load\\/4454\\/96446\\/1",
            "cookies": 0,
            "fingerprinting": 0,
            "subdomains": [],
            "apis": {},
            "sites": 2,
            "prevalence": 0.0000135,
            "cnames": [],
            "responseHashes": [
                "d53f3b2851a3acd4341a5ab03ce3f53a33f8d013619d5032921f90c83dfc9dc6"
            ],
            "type": "XHR",