{
    "domain": "smi2.ru",
    "owner": {
        "name": "LLC \"SMI2\"",
        "displayName": "SMI2"
    },
    "source": [
        "DuckDuckGo-US"
    ],
    "prevalence": 0.000251,
    "sites": 37,
    "subdomains": [
        "target",
        "exad",
        "js"
    ],
    "cnames": [],
    "fingerprinting": 1,
    "resources": [
        {
            "rule": "smi2\\.ru\\/init\\/",
            "cookies": 0,
            "fingerprinting": 0,
            "subdomains": [
                "target"
            ],
            "apis": {},
            "sites": 21,
            "prevalence": 0.000142,
            "cnames": [],
            "responseHashes": [
                "ac554a4ea8b34bbb80db013e14be195ebc986f82f24e5b18b0ea9032ef561f57"
            ],
            "type": "Image",
            "firstPartyCookies": {},
            "firstPartyCookiesSent": {
                "_grf_ref": 0.000006781500067815
            },
            "exampleSites": [
                "vz.ru",
                "www.fontanka.ru",
                "intrigue.dating",
                "svpressa.ru",
                "www.5-tv.ru",
                "horoscopes.rambler.ru",
                "riafan.ru",
                "inosmi.ru",
                "www.e1.ru",
                "www.mk.ru",
                "podolyaka.ru",
                "m.vz.ru",
                "www.forbes.ru",
                "pronedra.ru",
                "russian.rt.com",
                "sports.ru",
                "iz.ru",
                "www.pravda.ru",
                "finance.rambler.ru",
                "www.passion.ru"
            ]
        },
        {
            "rule": "smi2\\.ru\\/newdata\\/jsapi",
            "cookies": 0.000136,
            "fingerprinting": 0,
            "subdomains": [],
            "apis": {},
            "sites": 20,
            "prevalence": 0.000136,
            "cnames": [],
            "responseHashes": [
                "1636def6c2d6303d77ba21ffb0d47216f07995e1afa5f53a64254810c05e81ca",
                "bf0183b66475df47560c591cf2b936c590d77923726156cc0e4eb426e1a1e367",
                "a834dc13c0d4acab5da175f1f641d2f43741ba12394a5d73b930ccbb99a7a737",
                "74ae9391362d9c149fd40f5f968f3e0dbd74c1f6397ca4c914021360a9e39cb0",
                "988f4d634159275587f6e5bfd3f26c44837a69ce3174e4baf8c42f9b69c355f7",
                "3af941687198a3b67808fcfaf3c517ee1cefdafb030bc14b110c35b53b1401d1",
                "134b17b0c4e052052714d6d8eb741149f8ecdeefb2bfd346f55e43ce7be876f3",
                "7b7612fdfe02976ca58e78b1b63c02f7785741f000fd0bba7a509616dad03c48",
                "9db941c73c827e66416601e6c9c3c7b90f6319eca7b5066a3d0cf053758d2d62",
                "250da8a6ddac2c5ddcf50f78e3bc50c71fa9612f4bae8b857f7900ec34381a05",
                "2d90a21f619e4028f28fc21725650a665a1cee090cc82bea4177572a17f2d42a",
                "3d26040f19d80247cda8d4e0da857b8ca8704f43b729a54557495e471e4fce0c",
                "701965b884617e28baabfb63c93841457ecca7fcb9962e8ce97bd9308c802c5d",
                "ba25fcbda691ff399a6cb6c03e1340bfc60818e8b150eb984651822a412b0393",
                "581c90710b2087a624a936fa3134e8beabad7d694e240f45eeeb1c8d9822ea8f",
                "672ec67d5875187fc72f1aaf72a53883d3e9fb65519124b8096183f63c28e83b",
                "c4a7a362eaa30f65fb9bb7f96e2454dff8388129f311d2c221ea698c3bfc47e8",
                "4fb62a2f55c346ba2dddae273abee26da380839c4d265b3ff0655d8a622880c5",
                "a6f32aed8bd56da211f05a25f27c8a1e90b57fcd8e664a5193709d0a43136eb1"
            ],
            "type": "XHR",
            "firstPartyCookies": {},
            "firstPartyCookiesSent": {},
            "exampleSites": [
                "sports.ru",
                "eadaily.com",
                "finance.rambler.ru",
                "horoscopes.rambler.ru",
                "inosmi.ru",
                "intrigue.dating",
                "iz.ru",
                "m.vz.ru",
                "medportal.ru",
                "pronedra.ru",
                "riafan.ru",
                "russian.rt.com",
                "svpressa.ru",
                "vz.ru",
                "www.5-tv.ru",
                "www.e1.ru",
                "www.fontanka.ru",
                "www.mk.ru",
                "www.passion.ru",
                "www.pravda.ru"
            ]
        },
        {
            "rule": "smi2\\.ru\\/cookiematching\\/",
            "cookies": 0.000163,
            "fingerprinting": 0,
            "subdomains": [],
            "apis": {},
            "sites": 24,
            "prevalence": 0.000163,
            "cnames": [],
            "responseHashes": [
                "d346801abbf9bb4e9e9a055239053d4ab5596514304f601a6c70604187acb744"
            ],
            "type": "Image",
            "firstPartyCookies": {},
            "firstPartyCookiesSent": {
                "_ym_d": 0.00005425200054252
            },
            "exampleSites": [
                "svpressa.ru",
                "finance.rambler.ru",
                "www.kp.ru",
                "riafan.ru",
                "www.5-tv.ru",
                "medportal.ru",
                "www.e1.ru",
                "sports.ru",
                "inosmi.ru",
                "m.vz.ru",
                "iz.ru",
                "pronedra.ru",
                "russian.rt.com",
                "intrigue.dating",
                "www.mk.ru",
                "vz.ru",
                "podolyaka.ru",
                "sport24.ru",
                "www.fontanka.ru",
                "www.forbes.ru"
            ]
        },
        {
            "rule": "smi2\\.ru\\/data\\/js\\/97233\\.js",
            "cookies": 0.0000136,
            "fingerprinting": 1,
            "subdomains": [],
            "apis": {
                "window.innerWidth": 1,
                "window.innerHeight": 1,
                "Date.prototype.getTime": 2
            },
            "sites": 2,
            "prevalence": 0.0000136,
            "cnames": [],
            "responseHashes": [
                "6f9c14b43528dc45cb0b7347479a307c963fe6f7eadfc318baae65bde7388b7c"
            ],
            "type": "Script",
            "firstPartyCookies": {},
            "firstPartyCookiesSent": {},
            "exampleSites": [
                "rambler.ru",
                "horoscopes.rambler.ru"
            ]
        },
        {
            "rule": "smi2\\.ru\\/data\\/js\\/97234\\.js",
            "cookies": 0.0000136,
            "fingerprinting": 1,
            "subdomains": [],
            "apis": {
                "Date.prototype.getTime": 2,
                "window.innerWidth": 1,
                "window.innerHeight": 1
            },
            "sites": 2,
            "prevalence": 0.0000136,
            "cnames": [],
            "responseHashes": [
                "622e6d9538ee7f4b5fdfad8e0fe8c9faef086176c40a2090d89e9ab60e161bf1"
            ],
            "type": "Script",
            "firstPartyCookies": {},
            "firstPartyCookiesSent": {},
            "exampleSites": [
                "rambler.ru",
                "horoscopes.rambler.ru"
            ]
        },
        {
            "rule": "smi2\\.ru\\/data\\/js\\/83340\\.js",
            "cookies": 0.0000136,
            "fingerprinting": 0,
            "subdomains": [],
            "apis": {},
            "sites": 2,
            "prevalence": 0.0000136,
            "cnames": [],
            "responseHashes": [
                "4eb3e34701003b2f4de7f49e513c66a0e4d1a52720a28ddc75c6ed91089dcb7d"
            ],
            "type": "Script",
            "firstPartyCookies": {},
            "firstPartyCookiesSent": {},
            "exampleSites": [
                "vz.ru",
                "m.vz.ru"
            ]
        },
        {
            "rule": "smi2\\.ru\\/data\\/js\\/78924\\.js",
            "cookies": 0.0000136,
            "fingerprinting": 0,
            "subdomains": [],
            "apis": {},
            "sites": 2,
            "prevalence": 0.0000136,
            "cnames": [],