{
    "domain": "spankbanglive.com",
    "owner": {},
    "source": [
        "DuckDuckGo-US"
    ],
    "prevalence": 0.0000542,
    "sites": 8,
    "subdomains": [
        "go"
    ],
    "cnames": [],
    "fingerprinting": 0,
    "resources": [
        {
            "rule": "spankbanglive\\.com\\/api\\/models\\/vast",
            "cookies": 0,
            "fingerprinting": 0,
            "subdomains": [
                "go"
            ],
            "apis": {},
            "sites": 9,
            "prevalence": 0.000061,
            "cnames": [],
            "responseHashes": [
                "a944a318570b8b9fa9d0599aab97727b14162323cc69d52b6009e0faaaa52a55",
                "87d251808eea956c576a032179de8db7d75daa73b7b06f6c9f5f4019bdf7c038",
                "563698055930258681d99080f192998147118974de27e4c79e54f6afc74a619f",
                "f2381a87146ebd3ca2d76dbdf9d94f641c0bf357e2a0e89b305d139f8b7af00d",
                "6c05566c722223519c788dde55deee1fb5cdc17a0601155d4685cf44ea9a4cb2",
                "71de94f878b343ce651e17f94ec9e8cf18e397c2823b8413cbc7d89ef92a8c62",
                "8eb6d3d710e4ebda783409d644909b2f90d7744ae25ef105f6aff9c21322f1cc",
                "b854c7c7d06eaac64daf44a31b970c4c954e6e77f4b038b6efaccf0a9c31cab1"
            ],
            "type": "XHR",
            "firstPartyCookies": {},
            "firstPartyCookiesSent": {},
            "exampleSites": [
                "spankbang.com",
                "br.spankbang.com",
                "es.spankbang.com",
                "id.spankbang.com",
                "it.spankbang.com",
                "la.spankbang.com",
                "m.spankbang.com",
                "nl.spankbang.com",
                "ru.spankbang.com"
            ]
        }
    ],
    "categories": [],
    "performance": {},
    "cookies": 0,
    "topInitiators": [
        {
            "domain": "sb-cd.com",
            "prevalence": 1
        }
    ],
    "types": {
        "XHR": 9
    },
    "nameservers": [
        "dns2.registrar-servers.com",
        "dns1.registrar-servers.com"
    ]
}