{
    "domain": "squarelovin.com",
    "owner": {},
    "source": [
        "DuckDuckGo-US"
    ],
    "prevalence": 0.000116,
    "sites": 15,
    "subdomains": [
        "med-euw3c"
    ],
    "cnames": [],
    "fingerprinting": 1,
    "resources": [
        {
            "rule": "squarelovin\\.com\\/squarelovin\\.js",
            "cookies": 0,
            "fingerprinting": 1,
            "subdomains": [],
            "apis": {
                "window.innerWidth": 9,
                "Document.cookie getter": 9,
                "window.innerHeight": 2
            },
            "sites": 12,
            "prevalence": 0.000093,
            "cnames": [],
            "responseHashes": [
                "ce1ee596a3f13dd12e73913d7af59383af347287a808ac68bdd57de0afab2d0a",
                "d284d4422dc603164e67c9909b499ffc9a3dcf0d3539653468055fe6066e7b43",
                "e3c74b3fcb74f3ef8c4d6fbe32eeb47d595fd1b07c143057100d7010de2c9d7c",
                "4c030aed14093efd405f25490b0d3f5ce565d5a30a90c34171321d86bddd465b",
                "e0f9c1a708a6490f0fb090c782fa1d14210701313532a42afae1b3fdfb24b1d3",
                "5752431803a2812c1eebd39bab7fec5b5b86bcf64cc8e744d8f0482401dc6111",
                "8e65e176089ce1c4a2892a5788825a977ee69cb0230b9ce84a1799364d826575",
                "27308000b3ae6a79f1774479cbf33f88c1514308e07734408de74fc9b4800d59",
                "8df5ff790e72864d25980a55a278be68c77550790c41f68f34b2a6b9c0d19cc8",
                "881a5ec3e4327f6bdc0642d3be2ed1044ddfa0e95a0fcba0b5bb7f3e9b5b3905"
            ],
            "type": "Script",
            "firstPartyCookies": {},
            "firstPartyCookiesSent": {},
            "exampleSites": [
                "teufel.de",
                "www.atomic.com",
                "www.casio-europe.com",
                "www.groundies.com",
                "www.jack-wolfskin.com",
                "www.mueller.at",
                "www.mueller.de",
                "www.naturzeit.com",
                "www.ortlieb.com",
                "www.rossmann.de",
                "www.schoeffel.com",
                "www.wall-art.de"
            ]
        },
        {
            "rule": "squarelovin\\.com\\/squarelovin\\.css",
            "cookies": 0,
            "fingerprinting": 0,
            "subdomains": [],
            "apis": {},
            "sites": 11,
            "prevalence": 0.0000853,
            "cnames": [],
            "responseHashes": [
                "cf61d1359112fc8d921c9614e25449b49ef75a7f63a43bd80c5880c0f4c3cb2e",
                "506d6e9048c286831be962852490750b7316c9596890f07bf50e5df62795e88d",
                "2c42e358ff69bfc1f17255918c75438ece5576fda159feb9c159f72ab337baa4",
                "6b07d20cb75ca21244a6fbde0d3cbcafc5c69f6ee7bcbc04ba6c6ec647c6c4fe",
                "9f55cbfe9fd29eeca31b7eaade088b653cd1acd282662a644badc43126c6134b",
                "bfcaad188ab286571060f7185fd70ff32a58654a5219ceacecf371d2ff6e9438",
                "f324a211a4e4c5dc1c642af8c62292c51b1e88a46d400ce9a02890b88d9e04a6"
            ],
            "type": "Stylesheet",
            "firstPartyCookies": {},
            "firstPartyCookiesSent": {},
            "exampleSites": [
                "teufel.de",
                "www.atomic.com",
                "www.casio-europe.com",
                "www.groundies.com",
                "www.mueller.at",
                "www.mueller.de",
                "www.naturzeit.com",
                "www.ortlieb.com",
                "www.rossmann.de",
                "www.schoeffel.com",
                "www.wall-art.de"
            ]
        },
        {
            "rule": "squarelovin\\.com\\/themes\\/api\\/assets\\/img\\/bl\\.png",
            "cookies": 0,
            "fingerprinting": 0,
            "subdomains": [],
            "apis": {},
            "sites": 6,
            "prevalence": 0.0000465,
            "cnames": [],
            "responseHashes": [
                "1af14f73c78064721d14c92a9fb2b49959a53ba6c5e055a97c01c93c608d8db5"
            ],
            "type": "Image",
            "firstPartyCookies": {},
            "firstPartyCookiesSent": {},
            "exampleSites": [
                "teufel.de",
                "www.groundies.com",
                "www.mueller.at",
                "www.mueller.de",
                "www.naturzeit.com",
                "www.rossmann.de"
            ]
        },
        {
            "rule": "squarelovin\\.com\\/themes\\/api\\/assets\\/img\\/br\\.png",
            "cookies": 0,
            "fingerprinting": 0,
            "subdomains": [],
            "apis": {},
            "sites": 6,
            "prevalence": 0.0000465,
            "cnames": [],
            "responseHashes": [
                "5013898951308d6c811b59b65ecb8ea632187b30cedbd9ba99183c42a195ed1e"
            ],
            "type": "Image",
            "firstPartyCookies": {},
            "firstPartyCookiesSent": {},
            "exampleSites": [
                "teufel.de",
                "www.groundies.com",
                "www.mueller.at",
                "www.mueller.de",
                "www.naturzeit.com",
                "www.rossmann.de"
            ]
        },
        {
            "rule": "squarelovin\\.com\\/api\\/index\\/get-stream-media\\/",
            "cookies": 0,
            "fingerprinting": 0,
            "subdomains": [],
            "apis": {},
            "sites": 7,
            "prevalence": 0.0000543,
            "cnames": [],
            "responseHashes": [
                "357503cff20f95820f75d5bfebba05640dc05bcf8e1007360cecfc456b75cdfa",
                "62a4e7d0934e2799359ae98bc12ac69dcafa694364594de2679b55f3a3c77d30",
                "1fc36bfe0232134ee50e2e76b13912ece455548b0c0922dec311f47d887eea1f",
                "429455503c572bf7d6989020e714395e77f610d8d25374e75017d3a041f0f5d6"
            ],
            "type": "Script",
            "firstPartyCookies": {},
            "firstPartyCookiesSent": {},
            "exampleSites": [
                "teufel.de",
                "www.atomic.com",
                "www.casio-europe.com",
                "www.groundies.com",
                "www.naturzeit.com",
                "www.ortlieb.com",
                "www.wall-art.de"
            ]
        },
        {
            "rule": "squarelovin\\.com\\/",
            "cookies": 0,
            "fingerprinting": 0,
            "subdomains": [
                "med-euw3c"
            ],
            "apis": {},
            "sites": 6,
            "prevalence": 0.0000465,
            "cnames": [],
            "responseHashes": [
                "ccd4e7b74400621f4d501e625252b14b4b680b7aa376054aeb4683d0342011c7",
                "a12a85a0ee2fc33dcbfc81d5cc4b1c43b271bd4b363ae84a65a2aae053ee9a09",
                "74cefb94b0229403944795828e5912476c72df2438cb26c77e10e9a38125abb0",
                "6e55867d5bfd52781a25228d5f034d41121242f57be83f6154b6879765e4f262",
                "8edd56ba976f91817f95fea1effc95485a05e1412c03f820d9b4bd35aff1d7f6"
            ],
            "type": "Image",
            "firstPartyCookies": {},
            "firstPartyCookiesSent": {},
            "exampleSites": [
                "teufel.de",
                "www.atomic.com",
                "www.casio-europe.com",
                "www.deuter.com",
                "www.groundies.com",
                "www.ortlieb.com"
            ]
        }
    ],
    "categories": [],
    "performance": {},
    "cookies": 0,
    "topInitiators": [
        {
            "domain": "usercentrics.eu",
            "prevalence": 0.47058823529411764
        },
        {
            "domain": "first party",
            "prevalence": 0.3235294117647059
        },
        {
            "domain": "casio.com",
            "prevalence": 0.08823529411764706
        },
        {
            "domain": "ravenjs.com",
            "prevalence": 0.058823529411764705
        },
        {
            "domain": "sdiapi.com",