{
    "domain": "srvtrck.com",
    "owner": {},
    "source": [
        "DuckDuckGo-US"
    ],
    "prevalence": 0.000093,
    "sites": 12,
    "subdomains": [
        "js",
        "i",
        "search",
        "hades"
    ],
    "cnames": [],
    "fingerprinting": 1,
    "resources": [
        {
            "rule": "srvtrck\\.com\\/v1\\/js",
            "cookies": 0.000031,
            "fingerprinting": 1,
            "subdomains": [
                "js"
            ],
            "apis": {
                "Document.cookie getter": 6,
                "Date.prototype.getTime": 4,
                "Document.cookie setter": 4
            },
            "sites": 8,
            "prevalence": 0.000062,
            "cnames": [],
            "responseHashes": [
                "bca017295308fab815edd1d69511155484a41581bf5d98d0a9d88f02c3d249d7",
                "95e43e9195d0e8609b7da5f62f50bb235602833541ba49f8bff83a69133b9a5a",
                "70dbeafa8bd45c8eb5d38e4686946a9d15814ed202494e6f4c7b3b01838438b2",
                "f7c31c9c68630eaa2aa01ae2eb827d183239ea3d908caf16f68cfbaa51e2eb97",
                "0fd61b218008432fb18907cfd21d3539838b664b71fcdbe6d6492808a66571a4",
                "45cb4244d7da86240bd4422572dad6e329fd84052e8b91a300002ccda4219a41",
                "7ef1fcb5d2f138279feccc3b2414c2444cd82e5c092c493c27ba397b67ef217c"
            ],
            "type": "Script",
            "firstPartyCookies": {
                "vidyk": {
                    "ttl": 31536003,
                    "length": 1,
                    "prevalence": 0.000031016648185913786,
                    "uniqueness": 0.25
                },
                "svidyk": {
                    "ttl": 1803,
                    "length": 1,
                    "prevalence": 0.000031016648185913786,
                    "uniqueness": 0.25
                }
            },
            "firstPartyCookiesSent": {},
            "exampleSites": [
                "pcgameshardware.de",
                "extreme.pcgameshardware.de",
                "simontok.en.softonic.com",
                "www.buffed.de",
                "www.couponbirds.com",
                "www.erfahrungen.com",
                "www.igorslab.de",
                "www.techniker-forum.de"
            ]
        },
        {
            "rule": "srvtrck\\.com\\/v1\\/i",
            "cookies": 0.0000388,
            "fingerprinting": 0,
            "subdomains": [
                "i"
            ],
            "apis": {},
            "sites": 7,
            "prevalence": 0.0000543,
            "cnames": [],
            "responseHashes": [
                "370dbc0a7e85181d81ecf29999a4782fc0fde9621e538b4d17887e2d1af1522d"
            ],
            "type": "Image",
            "firstPartyCookies": {},
            "firstPartyCookiesSent": {
                "_li_dcdm_c": 0.000007754162046478447
            },
            "exampleSites": [
                "pcgameshardware.de",
                "extreme.pcgameshardware.de",
                "simontok.en.softonic.com",
                "www.couponbirds.com",
                "www.erfahrungen.com",
                "www.igorslab.de",
                "www.techniker-forum.de"
            ]
        },
        {
            "rule": "srvtrck\\.com\\/v2\\/page\\/link",
            "cookies": 0.0000233,
            "fingerprinting": 0,
            "subdomains": [
                "search"
            ],
            "apis": {},
            "sites": 3,
            "prevalence": 0.0000233,
            "cnames": [],
            "responseHashes": [
                "3bce62cb3784b701bd5331eee6844a66cae3641e95002086aba34d3a3ec20ead",
                "44136fa355b3678a1146ad16f7e8649e94fb4fc21fe77e8310c060f61caaff8a"
            ],
            "type": "XHR",
            "firstPartyCookies": {},
            "firstPartyCookiesSent": {
                "_li_dcdm_c": 0.000007754162046478447
            },
            "exampleSites": [
                "softonic.com",
                "www.igorslab.de",
                "www.techniker-forum.de"
            ]
        },
        {
            "rule": "srvtrck\\.com\\/v2\\/uuid\\.html",
            "cookies": 0,
            "fingerprinting": 0,
            "subdomains": [
                "hades"
            ],
            "apis": {},
            "sites": 5,
            "prevalence": 0.0000388,
            "cnames": [],
            "responseHashes": [
                "cd45713beee6c2428f11ad6444c6e2a6bbe1bfad330e68002052e9832a5dcc03"
            ],
            "type": "Document",
            "firstPartyCookies": {},
            "firstPartyCookiesSent": {},
            "exampleSites": [
                "softonic.com",
                "www.couponbirds.com",
                "www.erfahrungen.com",
                "www.igorslab.de",
                "www.techniker-forum.de"
            ]
        },
        {
            "rule": "srvtrck\\.com\\/static\\/json2\\.js",
            "cookies": 0,
            "fingerprinting": 0,
            "subdomains": [
                "hades"
            ],
            "apis": {},
            "sites": 5,
            "prevalence": 0.0000388,
            "cnames": [],
            "responseHashes": [
                "caba961cf71d7213df26fc8d5f11212204b5968f62698056ce768dada4656676"
            ],
            "type": "Script",
            "firstPartyCookies": {},
            "firstPartyCookiesSent": {},
            "exampleSites": [
                "softonic.com",
                "www.couponbirds.com",
                "www.erfahrungen.com",
                "www.igorslab.de",
                "www.techniker-forum.de"
            ]
        },
        {
            "rule": "srvtrck\\.com\\/static\\/hades-server2\\.js",
            "cookies": 0,
            "fingerprinting": 1,
            "subdomains": [
                "hades"
            ],
            "apis": {
                "window.localStorage": 4,
                "Document.cookie getter": 4
            },
            "sites": 5,
            "prevalence": 0.0000388,
            "cnames": [],
            "responseHashes": [
                "e3e8ec7865f2d8dffcd47b65e40efda889633cc02962596a6bf3d1be6d19a6dd"
            ],
            "type": "Script",
            "firstPartyCookies": {},
            "firstPartyCookiesSent": {},
            "exampleSites": [
                "softonic.com",
                "www.couponbirds.com",
                "www.erfahrungen.com",
                "www.igorslab.de",
                "www.techniker-forum.de"
            ]
        },
        {
            "rule": "srvtrck\\.com\\/v1\\/profile",
            "cookies": 0,
            "fingerprinting": 0,
            "subdomains": [
                "hades"
            ],
            "apis": {},
            "sites": 5,
            "prevalence": 0.0000388,
            "cnames": [],
            "responseHashes": [
                "7b9a45f9b8bdd8badbd1e899bd91f396c8014f7e7c9fa6a5eb838086cbc5300b"
            ],
            "type": "Image",
            "firstPartyCookies": {},
            "firstPartyCookiesSent": {},
            "exampleSites": [
                "softonic.com",
                "www.couponbirds.com",
                "www.erfahrungen.com",
                "www.igorslab.de",
                "www.techniker-forum.de"
            ]
        }
    ],
    "categories": [],
    "performance": {},
    "cookies": 0.000062,
    "topInitiators": [
        {
            "domain": "first party",
            "prevalence": 0.8125
        },
        {
            "domain": "googletagmanager.com",
            "prevalence": 0.125
        },
        {
            "domain": "datadoghq-browser-agent.com",
            "prevalence": 0.0625
        }
    ],
    "types": {
        "Script": 18,
        "Image": 12,
        "XHR": 3,
        "Document": 5
    },
    "nameservers": [
        "ben.ns.cloudflare.com",
        "fay.ns.cloudflare.com"
    ]
}