{
    "domain": "statstrk01.com",
    "owner": {},
    "source": [
        "DuckDuckGo-US"
    ],
    "prevalence": 0.000199,
    "sites": 24,
    "subdomains": [
        "cdn"
    ],
    "cnames": [],
    "fingerprinting": 1,
    "resources": [
        {
            "rule": "statstrk01\\.com\\/assets\\/javascripts\\/sdk2\\.js",
            "cookies": 0.0000829,
            "fingerprinting": 1,
            "subdomains": [
                "cdn"
            ],
            "apis": {
                "window.sessionStorage": 12,
                "Document.cookie getter": 11,
                "window.localStorage": 11,
                "Document.cookie setter": 10
            },
            "sites": 12,
            "prevalence": 0.0000995,
            "cnames": [],
            "responseHashes": [
                "16403cc82ca43fd645c0436685810d4596fe735c7580362bff890dc68a4e9002"
            ],
            "type": "Script",
            "firstPartyCookies": {
                "streamstats_anon_id_502265": {
                    "ttl": 31536000,
                    "length": 36,
                    "prevalence": 0.0000082917364554485,
                    "uniqueness": 1
                },
                "streamstats_anon_id_513647": {
                    "ttl": 31536000,
                    "length": 36,
                    "prevalence": 0.0000082917364554485,
                    "uniqueness": 1
                },
                "streamstats_anon_id_511873": {
                    "ttl": 31536000,
                    "length": 36,
                    "prevalence": 0.0000082917364554485,
                    "uniqueness": 1
                },
                "streamstats_anon_id_511721": {
                    "ttl": 31536000,
                    "length": 36,
                    "prevalence": 0.0000082917364554485,
                    "uniqueness": 1
                },
                "streamstats_anon_id_509899": {
                    "ttl": 31536000,
                    "length": 36,
                    "prevalence": 0.0000082917364554485,
                    "uniqueness": 1
                },
                "streamstats_anon_id_510147": {
                    "ttl": 31536000,
                    "length": 36,
                    "prevalence": 0.0000082917364554485,
                    "uniqueness": 1
                },
                "streamstats_anon_id_513125": {
                    "ttl": 31536000,
                    "length": 36,
                    "prevalence": 0.0000082917364554485,
                    "uniqueness": 1
                },
                "streamstats_anon_id_512307": {
                    "ttl": 31536000,
                    "length": 36,
                    "prevalence": 0.0000082917364554485,
                    "uniqueness": 1
                },
                "streamstats_anon_id_510959": {
                    "ttl": 31536000,
                    "length": 36,
                    "prevalence": 0.0000082917364554485,
                    "uniqueness": 1
                },
                "streamstats_anon_id_512871": {
                    "ttl": 31536000,
                    "length": 36,
                    "prevalence": 0.0000082917364554485,
                    "uniqueness": 1
                }
            },
            "firstPartyCookiesSent": {},
            "exampleSites": [
                "growerssolution.com",
                "leonardusa.com",
                "nightvisionguys.com",
                "www.armynavysales.com",
                "www.carolinashooterssupply.com",
                "www.farmandhomesupply.com",
                "www.fs1inc.com",
                "www.lmperformance.com",
                "www.mountsplus.com",
                "www.renogy.com",
                "www.rvupgradestore.com",
                "www.tandemkross.com"
            ]
        }
    ],
    "categories": [],
    "performance": {},
    "cookies": 0.000166,
    "topInitiators": [
        {
            "domain": "googletagmanager.com",
            "prevalence": 0.5806451612903226
        },
        {
            "domain": "screenpopper.com",
            "prevalence": 0.22580645161290322
        },
        {
            "domain": "first party",
            "prevalence": 0.1935483870967742
        }
    ],
    "types": {
        "Script": 12
    },
    "nameservers": [
        "ns3.ezpublishing.com",
        "ns2.ezpublishing.com",
        "ns.ezpublishing.com",
        "ns4.ezpublishing.com"
    ]
}