{
    "domain": "supercounters.com",
    "owner": {},
    "source": [
        "DuckDuckGo-US"
    ],
    "prevalence": 0.000534,
    "sites": 79,
    "subdomains": [
        "widget",
        "service",
        "www"
    ],
    "cnames": [],
    "fingerprinting": 1,
    "resources": [
        {
            "rule": "supercounters\\.com\\/ssl\\/online_t\\.js",
            "cookies": 0,
            "fingerprinting": 1,
            "subdomains": [
                "widget"
            ],
            "apis": {
                "Navigator.prototype.userAgent": 5,
                "Screen.prototype.width": 5,
                "Screen.prototype.height": 5
            },
            "sites": 6,
            "prevalence": 0.0000405,
            "cnames": [],
            "responseHashes": [
                "f56b0bd9e5cd22334b47cc1d10e2cf1ae6a2fd95c16ed5534e925f6dfae331ed"
            ],
            "type": "Script",
            "firstPartyCookies": {},
            "firstPartyCookiesSent": {},
            "exampleSites": [
                "desah.buzz",
                "moviesverse.mx",
                "redditsave.com",
                "www.joysporns.com"
            ]
        },
        {
            "rule": "supercounters\\.com\\/fc\\.php",
            "cookies": 0,
            "fingerprinting": 0,
            "subdomains": [
                "service"
            ],
            "apis": {},
            "sites": 39,
            "prevalence": 0.000264,
            "cnames": [],
            "responseHashes": [
                "4f89eccc6c84af75580c51a0c32800d883f45cd1df316ff56648d3abecf088f8",
                "d4cc7eb99bbc365ac33ea7079760750d34b58aacfabb115ecd60b8af65f71769",
                "aaba68b661b319ed895fdbeceddfa25f25d6174447876c43666fe5bbf37703fe",
                "ab1ca662c43d6bc9bc1c8559107405300f2ebe7942d6a762b0f6f69bea453f66",
                "e67b47f42ea7fe039f559c2330e2a783cb54f96d81762bab26825c86e5380916",
                "523605489725dc25c5eed7c79d803f91ec273c1263f790e6b4a62625a6dcd1ce",
                "de2dd2eb96bd5edf2d5d0f6749a517aa641c5c97725bc301c9922c9b735f3a49",
                "c68666eb791cb46ae01e98d51141afff8bda4ced5a53a5825129302a552b18f5",
                "1410560478120e0dd4e156dfa186a042b1e1d627f6e25d1a0ce49c5554a456ae",
                "048195680859ae127998de587cd06e7e26023ba32ebe31549b8787b875efefae",
                "178d55375eea3243a19b5f060e85b9d46ede284e735c6b5fccf7f46d0a1111ba",
                "d1e0936acf940ff2c172f6ac728337febc089109544adbfafeea543572d4d446",
                "e616590f1eeaa47096bfadf116a0e44099469fee1a221fbe4b2a0f8fb7611bb6",
                "681093f44592efa61dce9957db51d959b10ba45375035b6dac93c363cbcc5acb",
                "a4cc897368d71c396acf496e1d46a67c2c614c7b08afdcd540202dc5b70747d4",
                "e5cfc36ce64a80894e9c6dd67b424e3759173647f872dbe35e4eab6d1dda4b71",
                "d8258ca0fb17bb80fdc1926eca45ae6df0343f8cc23197d5565882c4358c2103",
                "ec71ac141acfc51fea748315c22caa276fef96b6015983758e646a36966d07d5",
                "916c5f45cb06e96dda641ff7e26c2d330545df4acf7f56579fb2b2cf133e223b",
                "06d1907050f30eeea993219336d71e7a98eceff1ea18b5e867a29321763a053c",
                "b5084bcabdd097e23a1f936665a72abf578c4f17d9412b61f150c096c23d3273",
                "b3ea313cbbb83313dfd84f0bb10ce72820ba9b6979be41af3576b2b6eae0b0a7",
                "882224a7deb0535be76fc32e25e9ef40a65f10b48eaef5c6abc1c034c1501f4e",
                "31e60fde19f1ed7228543b9e8c16ec1c556fde1f3ed42623021c11f6be89d378",
                "04267bce0a348edcbef86425dec113c3089f53b402a46172dab784be8b5b3474",
                "da0f6aec2f7044d77ab0d04cb81fff222ecf71f15101896b7debb8a92094be5e",
                "1c4a06968778ad08de64a523b6bb4887b612ee8fff4ba2655f6a46f60a540a5b",
                "27dce019d03a03ed97b0c165e23c5afa716a8dfd4796d64a30ca32383908422c",
                "562af3317608ff196ac484727514e2d69e14c336027f9cba4dc19c4b2380ac97",
                "a54502434ef4f2124232f74bd12911ff11f47656b7a30e81f95a90d27a30e9bf",
                "0acb656105bcfd9fef3a741fd10a7f98a856ef5c5c4280bff4c0d946a2ead923",
                "37aed7ced627bf7f4ff3e5fd25e474849df4fc12a59d488d25e4376f2d51ba1f",
                "2f7273ac43090a7853c6bdbfd80697aafc3135fbf8b5045fd0ecd75527aeec59",
                "ae3463094a3d49c6e87dd48a2946673c2cbd21a2c42f25a236a237daec4244a9",
                "32f94d3fa950a20af809abceb964effbb38debb693cfe179706e6bd5cca9f545",
                "838401f0775265de1c93164c0207915ea2614eac79cb070c0ee0e9eeae0fdb3c",
                "a7624749a0855ce9f7a23c6cb448aeb8f3bfc927139b3fd5926de9b4b6797c8a",
                "f96d33744a8e23a6ce4bd3d2ddfaca222cb48e85e2fb511bb307ea86e45e2e90"
            ],
            "type": "Script",
            "firstPartyCookies": {},
            "firstPartyCookiesSent": {
                "__PPU___PPU_SESSION_URL": 0.000020273831889385974
            },
            "exampleSites": [
                "facecrot.me",
                "fanscrot.com",
                "xbokeponlineterbaru.link",
                "www.empressleak.biz",
                "linkbokep.cam",
                "auntymaza.com",
                "www.kontol.in",
                "www.joysporns.com",
                "www.bokepmesum.cam",
                "hijab.link",
                "sange.tube",
                "www.bokepterbaru.cam",
                "colmek.link",
                "bokepviral.org",
                "www.fanscrot.com",
                "facecrot.cam",
                "pornbokep.com",
                "colyfans.com",
                "sange.link",
                "desah.buzz"
            ]
        },
        {
            "rule": "supercounters\\.com\\/ssl\\/online_i\\.js",
            "cookies": 0,
            "fingerprinting": 1,
            "subdomains": [
                "widget"
            ],
            "apis": {
                "Navigator.prototype.userAgent": 27,
                "Screen.prototype.width": 27,
                "Screen.prototype.height": 27
            },
            "sites": 34,
            "prevalence": 0.00023,
            "cnames": [],
            "responseHashes": [
                "ee80e1799cfa522898910f9b955030eb967d87ff400bf423561b6fa8b05d666a"
            ],
            "type": "Script",
            "firstPartyCookies": {},
            "firstPartyCookiesSent": {},
            "exampleSites": [
                "bokepviral.org",
                "facecrot.me",
                "facecrot.vip",
                "bokepviral.cam",
                "facecrot.cam",
                "xbokeponlineterbaru.link",
                "www.fanscrot.com",
                "www.bokepmesum.cam",
                "linkbokep.cc",
                "www.kontol.in",
                "indosex.cam",
                "uncutwebseries.com",
                "sange.tube",
                "colmek.link",
                "playcrot.org",
                "auntymaza.com",
                "sangelink.cam",
                "playcrot.com",
                "hijab.link",
                "www.bokepterbaru.cam"
            ]
        },
        {
            "rule": "supercounters\\.com\\/images\\/online\\/000000\\.png",
            "cookies": 0,
            "fingerprinting": 0,
            "subdomains": [
                "widget"
            ],
            "apis": {},
            "sites": 23,
            "prevalence": 0.000155,
            "cnames": [],
            "responseHashes": [
                "f2440bbd6a7da564628ae7a21a714903f8a758b75b12b0c3b190f2d0fe8f5a8f"
            ],
            "type": "Image",
            "firstPartyCookies": {},
            "firstPartyCookiesSent": {},