{
    "domain": "tangiblee.com",
    "owner": {},
    "source": [
        "DuckDuckGo-US"
    ],
    "prevalence": 0.000115,
    "sites": 17,
    "subdomains": [
        "api",
        "anapi",
        "cdn"
    ],
    "cnames": [],
    "fingerprinting": 2,
    "resources": [
        {
            "rule": "tangiblee\\.com\\/api\\/tngimpr",
            "cookies": 0.0000474,
            "fingerprinting": 0,
            "subdomains": [
                "api"
            ],
            "apis": {},
            "sites": 7,
            "prevalence": 0.0000474,
            "cnames": [],
            "responseHashes": [],
            "type": "Preflight",
            "firstPartyCookies": {},
            "firstPartyCookiesSent": {
                "IR_gbd": 0.000013544721283497789,
                "_li_dcdm_c": 0.000013544721283497789,
                "_dor": 0.000013544721283497789
            },
            "exampleSites": [
                "beistravel.com",
                "colemanfurniture.com",
                "www.bulova.com",
                "www.citizenwatch.com",
                "www.goldsmiths.co.uk",
                "www.homecenter.com.co",
                "www.shoplc.com"
            ]
        },
        {
            "rule": "tangiblee\\.com\\/api\\/tngimpr",
            "cookies": 0.0000474,
            "fingerprinting": 0,
            "subdomains": [
                "api"
            ],
            "apis": {},
            "sites": 7,
            "prevalence": 0.0000474,
            "cnames": [],
            "responseHashes": [
                "4b91187b99aeb73a3fc4df039d66d9d7be24b091c1c043873df1c4a69aef9052",
                "80543279689fba56c37e9cc25f4a6ddd6dfdca5cf3af7321da5b4f38e5e81fd6",
                "741b5bf2e6f04e62829b5779e881ea4bed19fb65cfcb2e18dd6fe0ea30bde35c",
                "f7a5b69a89669317c59b4fc3c564f2158feb63b088b4db8c1125dec445ebff49",
                "68c24b6c3c64a6153a89d7d3fa154be71069ff3fc5ecda3bb1534a7b2c8ac6a0",
                "886d92c5b81911bec0ebaaa273fe1e9589122b2b18a62982e9909993b39742a7"
            ],
            "type": "XHR",
            "firstPartyCookies": {},
            "firstPartyCookiesSent": {
                "IR_gbd": 0.000013544721283497789,
                "_li_dcdm_c": 0.000013544721283497789,
                "_dor": 0.000013544721283497789
            },
            "exampleSites": [
                "beistravel.com",
                "colemanfurniture.com",
                "www.bulova.com",
                "www.citizenwatch.com",
                "www.goldsmiths.co.uk",
                "www.homecenter.com.co",
                "www.shoplc.com"
            ]
        },
        {
            "rule": "tangiblee\\.com\\/api\\/Register\\/Impression",
            "cookies": 0,
            "fingerprinting": 0,
            "subdomains": [
                "anapi"
            ],
            "apis": {},
            "sites": 3,
            "prevalence": 0.0000203,
            "cnames": [],
            "responseHashes": [],
            "type": "Preflight",
            "firstPartyCookies": {},
            "firstPartyCookiesSent": {
                "IR_gbd": 0.000013544721283497789,
                "_ga": 0.000027089442566995578,
                "_li_dcdm_c": 0.0000067723606417488944,
                "tangiblee:widget:user": 0.000013544721283497789,
                "_dor": 0.0000067723606417488944
            },
            "exampleSites": [
                "beistravel.com",
                "www.bulova.com",
                "www.goldsmiths.co.uk"
            ]
        },
        {
            "rule": "tangiblee\\.com\\/api\\/Register\\/TimeToButton",
            "cookies": 0,
            "fingerprinting": 0,
            "subdomains": [
                "anapi"
            ],
            "apis": {},
            "sites": 3,
            "prevalence": 0.0000203,
            "cnames": [],
            "responseHashes": [],
            "type": "Preflight",
            "firstPartyCookies": {},
            "firstPartyCookiesSent": {
                "IR_gbd": 0.000013544721283497789,
                "_ga": 0.000027089442566995578,
                "_li_dcdm_c": 0.0000067723606417488944,
                "tangiblee:widget:user": 0.000013544721283497789,
                "_dor": 0.0000067723606417488944
            },
            "exampleSites": [
                "beistravel.com",
                "www.bulova.com",
                "www.goldsmiths.co.uk"
            ]
        },
        {
            "rule": "tangiblee\\.com\\/api\\/Register\\/Impression",
            "cookies": 0,
            "fingerprinting": 0,
            "subdomains": [
                "anapi"
            ],
            "apis": {},
            "sites": 3,
            "prevalence": 0.0000203,
            "cnames": [],
            "responseHashes": [
                "e3b0c44298fc1c149afbf4c8996fb92427ae41e4649b934ca495991b7852b855"
            ],
            "type": "XHR",
            "firstPartyCookies": {},
            "firstPartyCookiesSent": {
                "IR_gbd": 0.000013544721283497789,
                "_ga": 0.000027089442566995578,
                "_li_dcdm_c": 0.0000067723606417488944,
                "tangiblee:widget:user": 0.000013544721283497789,
                "_dor": 0.0000067723606417488944
            },
            "exampleSites": [
                "beistravel.com",
                "www.bulova.com",
                "www.goldsmiths.co.uk"
            ]
        },
        {
            "rule": "tangiblee\\.com\\/api\\/Register\\/TimeToButton",
            "cookies": 0,
            "fingerprinting": 0,
            "subdomains": [
                "anapi"
            ],
            "apis": {},
            "sites": 3,
            "prevalence": 0.0000203,
            "cnames": [],
            "responseHashes": [
                "e3b0c44298fc1c149afbf4c8996fb92427ae41e4649b934ca495991b7852b855"
            ],
            "type": "XHR",
            "firstPartyCookies": {},
            "firstPartyCookiesSent": {
                "IR_gbd": 0.000013544721283497789,
                "_ga": 0.000027089442566995578,
                "_li_dcdm_c": 0.0000067723606417488944,
                "tangiblee:widget:user": 0.000013544721283497789,
                "_dor": 0.0000067723606417488944
            },
            "exampleSites": [
                "beistravel.com",
                "www.bulova.com",
                "www.goldsmiths.co.uk"
            ]
        },
        {
            "rule": "tangiblee\\.com\\/analytics\\/1\\.0\\/ta\\.min\\.js",
            "cookies": 0.0000135,
            "fingerprinting": 1,
            "subdomains": [
                "cdn"
            ],
            "apis": {
                "window.localStorage": 2,
                "Document.cookie getter": 2,
                "Date.prototype.getTime": 2,
                "Document.cookie setter": 2
            },
            "sites": 2,
            "prevalence": 0.0000135,
            "cnames": [],
            "responseHashes": [
                "a7e31db5fa865135b912e9d09545fbc0da33eed0760e23179a430b27c0af10a9"
            ],
            "type": "Script",
            "firstPartyCookies": {
                "tangiblee:widget:user": {
                    "ttl": 31536009,
                    "length": 36,
                    "prevalence": 0.000013544721283497789,
                    "uniqueness": 1
                }
            },
            "firstPartyCookiesSent": {},
            "exampleSites": [
                "katespade.com",
                "www.coachoutlet.com"
            ]
        },
        {
            "rule": "tangiblee\\.com\\/integration\\/3\\.1\\/managed\\/www\\.bulova\\.com\\/revision_1\\/variation_original\\/tangiblee-bundle\\.min\\.js",
            "cookies": 0.0000135,
            "fingerprinting": 2,
            "subdomains": [
                "cdn"
            ],
            "apis": {
                "Navigator.prototype.userAgent": 2,