{
    "domain": "tarteaucitron.io",
    "owner": {},
    "source": [
        "DuckDuckGo-US"
    ],
    "prevalence": 0.000133,
    "sites": 16,
    "subdomains": [
        "cdn"
    ],
    "cnames": [],
    "fingerprinting": 1,
    "resources": [
        {
            "rule": "tarteaucitron\\.io\\/load\\.js",
            "cookies": 0.0000746,
            "fingerprinting": 1,
            "subdomains": [],
            "apis": {
                "Document.cookie getter": 9,
                "Navigator.prototype.doNotTrack": 9,
                "Date.prototype.getTime": 9,
                "Document.cookie setter": 9
            },
            "sites": 9,
            "prevalence": 0.0000746,
            "cnames": [],
            "responseHashes": [
                "b937e0af414543588f38898f8dd1e5b0f2162b10f120d24aee082864babfb141",
                "2f67f74f3c44fcc755c9f738c1721b7fc4b92da5cbfc8ec6473a8768b012fc12",
                "8a39274f704d8a9422fdf8e60fdabd78858d1e217bd345575488b4ef57473d1b",
                "d7ff27ae437b2bde10dd678a45300522cd7c5c40edd0cf0aedee48b6829432b0",
                "f4ebe8555a6eae64d8e0b9950844d1bd78e793c4dd11a5258ce41622ad401193",
                "c57fd97f7ceaed3dee58c91b7522e26f1aa0e31029f744824b2d33710f975d05",
                "5bdb13ba140ccb93a7a057d68425a6bbce7ceda007950de1cc161fad2c55b499",
                "28ea9d2630ad9500b68550bcd5c8589bebac51f980d404e26a47c196fa6a2fa0"
            ],
            "type": "Script",
            "firstPartyCookies": {
                "tarteaucitroncatalogue": {
                    "ttl": 31536004,
                    "length": 5,
                    "prevalence": 0.000016583472910897,
                    "uniqueness": 0.5
                },
                "tarteaucitron": {
                    "ttl": 31536002,
                    "length": 13,
                    "prevalence": 0.0000414586822772425,
                    "uniqueness": 0.8
                },
                "tarteaucitrongallica": {
                    "ttl": 31536006,
                    "length": 5,
                    "prevalence": 0.0000082917364554485,
                    "uniqueness": 1
                },
                "tarteaucitronbnf": {
                    "ttl": 31536009,
                    "length": 5,
                    "prevalence": 0.0000082917364554485,
                    "uniqueness": 1
                }
            },
            "firstPartyCookiesSent": {},
            "exampleSites": [
                "bnf.fr",
                "catalogue.bnf.fr",
                "en.mediamass.net",
                "gallica.bnf.fr",
                "metropole.toulouse.fr",
                "www.bnf.fr",
                "www.culture.gouv.fr",
                "www.info-retraite.fr",
                "www.trixhentai.com"
            ]
        },
        {
            "rule": "tarteaucitron\\.io\\/css\\/tarteaucitron\\.css",
            "cookies": 0,
            "fingerprinting": 0,
            "subdomains": [
                "cdn"
            ],
            "apis": {},
            "sites": 8,
            "prevalence": 0.0000663,
            "cnames": [],
            "responseHashes": [
                "70abfb15fe599e14ce4cc6c7ee8fff5d4c34fd5b9053a69e46952e4627e578c3"
            ],
            "type": "Stylesheet",
            "firstPartyCookies": {},
            "firstPartyCookiesSent": {},
            "exampleSites": [
                "bnf.fr",
                "catalogue.bnf.fr",
                "en.mediamass.net",
                "gallica.bnf.fr",
                "metropole.toulouse.fr",
                "www.bnf.fr",
                "www.info-retraite.fr",
                "www.trixhentai.com"
            ]
        },
        {
            "rule": "tarteaucitron\\.io\\/lang\\/tarteaucitron\\.en\\.js",
            "cookies": 0,
            "fingerprinting": 0,
            "subdomains": [
                "cdn"
            ],
            "apis": {},
            "sites": 6,
            "prevalence": 0.0000498,
            "cnames": [],
            "responseHashes": [
                "ab51aabb779c3fa0da54afcf05165e3a578815bc9582e0daec4053a5152ae3db"
            ],
            "type": "Script",
            "firstPartyCookies": {},
            "firstPartyCookiesSent": {},
            "exampleSites": [
                "bnf.fr",
                "catalogue.bnf.fr",
                "en.mediamass.net",
                "gallica.bnf.fr",
                "www.bnf.fr",
                "www.info-retraite.fr"
            ]
        },
        {
            "rule": "tarteaucitron\\.io\\/tarteaucitron\\.services\\.js",
            "cookies": 0,
            "fingerprinting": 1,
            "subdomains": [
                "cdn"
            ],
            "apis": {
                "Document.cookie getter": 1
            },
            "sites": 8,
            "prevalence": 0.0000663,
            "cnames": [],
            "responseHashes": [
                "63d9cd872ac87b1c960e55ee985ea43a1a659503378ec24dcc806bcf4921f641",
                "9eb131252f42929e6e4f443f0fccdff1aad196bc2ddf7cfeaf6c0872541dc47f"
            ],
            "type": "Script",
            "firstPartyCookies": {},
            "firstPartyCookiesSent": {},
            "exampleSites": [
                "bnf.fr",
                "catalogue.bnf.fr",
                "en.mediamass.net",
                "gallica.bnf.fr",
                "metropole.toulouse.fr",
                "www.bnf.fr",
                "www.info-retraite.fr",
                "www.trixhentai.com"
            ]
        },
        {
            "rule": "tarteaucitron\\.io\\/log\\/",
            "cookies": 0,
            "fingerprinting": 0,
            "subdomains": [],
            "apis": {},
            "sites": 7,
            "prevalence": 0.000058,
            "cnames": [],
            "responseHashes": [
                "ac554a4ea8b34bbb80db013e14be195ebc986f82f24e5b18b0ea9032ef561f57"
            ],
            "type": "Image",
            "firstPartyCookies": {},
            "firstPartyCookiesSent": {
                "tarteaucitron": 0.0000248752093663455
            },
            "exampleSites": [
                "bnf.fr",
                "catalogue.bnf.fr",
                "en.mediamass.net",
                "gallica.bnf.fr",
                "metropole.toulouse.fr",
                "www.bnf.fr",
                "www.culture.gouv.fr"
            ]
        },
        {
            "rule": "tarteaucitron\\.io\\/lang\\/tarteaucitron\\.fr\\.js",
            "cookies": 0,
            "fingerprinting": 0,
            "subdomains": [
                "cdn"
            ],
            "apis": {},
            "sites": 3,
            "prevalence": 0.0000249,
            "cnames": [],
            "responseHashes": [
                "90f73e7878e0a0269af49364f1bade56a093413f242f2391b807227000947077"
            ],
            "type": "Script",
            "firstPartyCookies": {},
            "firstPartyCookiesSent": {},
            "exampleSites": [
                "bnf.fr",
                "metropole.toulouse.fr",
                "www.trixhentai.com"
            ]
        },
        {
            "rule": "tarteaucitron\\.io\\/load\\.js",
            "cookies": 0.0000166,
            "fingerprinting": 1,
            "subdomains": [],
            "apis": {
                "Document.cookie getter": 2,
                "Navigator.prototype.doNotTrack": 2,
                "Date.prototype.getTime": 2,
                "Document.cookie setter": 2
            },
            "sites": 2,
            "prevalence": 0.0000166,
            "cnames": [],
            "responseHashes": [
                "e3b0c44298fc1c149afbf4c8996fb92427ae41e4649b934ca495991b7852b855"
            ],
            "type": "Fetch",
            "firstPartyCookies": {
                "tarteaucitron": {
                    "ttl": 15811202,
                    "length": 14,
                    "prevalence": 0.000016583472910897,