{
    "domain": "tarteaucitron.io",
    "owner": {},
    "source": [
        "DuckDuckGo-US"
    ],
    "prevalence": 0.000128,
    "sites": 19,
    "subdomains": [
        "cdn"
    ],
    "cnames": [],
    "fingerprinting": 1,
    "resources": [
        {
            "rule": "tarteaucitron\\.io\\/load\\.js",
            "cookies": 0.0000541,
            "fingerprinting": 1,
            "subdomains": [],
            "apis": {
                "Document.cookie getter": 8,
                "Navigator.prototype.doNotTrack": 8,
                "Date.prototype.getTime": 8,
                "Document.cookie setter": 8
            },
            "sites": 9,
            "prevalence": 0.0000608,
            "cnames": [],
            "responseHashes": [
                "94d4a21eba67c1d0b9454e9c08885ae70925eebe1d5b57617f196ac6feb55cab",
                "86b3f4b2b80bf3dfdf304d246ae077709054faa0e06a86ee67979509cfbf8545",
                "ac94f983030f11262b88e2e22aacb7d00587ef08933d51d8a60829886a64b88e",
                "b0b2d5f14ae7f8571674dece8234a407d44cb8beca17f1bce54b8e515ed40177",
                "e3eb2d752dbaefe02e63967f60762fdfd41ba8eed15ad1ea68d31550646c12cf",
                "e54f66a91a6e165ac26e26e1d22ddd2e51d2632fc953c55bdf4fe0b6ef3ae02d",
                "89f514d8d51490ab1c0d73c34ccd30a410fb74265e0edcf182d157afc784389c",
                "53639035c3a9772e96e0215b76eda478e4e1646a200dda9f0300496593849476"
            ],
            "type": "Script",
            "firstPartyCookies": {
                "tarteaucitroncatalogue": {
                    "ttl": 31536006,
                    "length": 5,
                    "prevalence": 0.000013515887926257316,
                    "uniqueness": 0.5
                },
                "tarteaucitron": {
                    "ttl": 31536008,
                    "length": 13,
                    "prevalence": 0.000033789719815643287,
                    "uniqueness": 0.8
                },
                "tarteaucitrongallica": {
                    "ttl": 31536013,
                    "length": 5,
                    "prevalence": 0.000006757943963128658,
                    "uniqueness": 1
                }
            },
            "firstPartyCookiesSent": {},
            "exampleSites": [
                "bnf.fr",
                "catalogue.bnf.fr",
                "en.mediamass.net",
                "gallica.bnf.fr",
                "metropole.toulouse.fr",
                "www.bnf.fr",
                "www.culture.gouv.fr",
                "www.info-retraite.fr",
                "www.trixhentai.com"
            ]
        },
        {
            "rule": "tarteaucitron\\.io\\/css\\/tarteaucitron\\.css",
            "cookies": 0,
            "fingerprinting": 0,
            "subdomains": [
                "cdn"
            ],
            "apis": {},
            "sites": 7,
            "prevalence": 0.0000473,
            "cnames": [],
            "responseHashes": [
                "90e7c611f0e08c21a89b640f0e3c1ff6fdd5482bfc133b649dad98068a67a607"
            ],
            "type": "Stylesheet",
            "firstPartyCookies": {},
            "firstPartyCookiesSent": {},
            "exampleSites": [
                "bnf.fr",
                "catalogue.bnf.fr",
                "en.mediamass.net",
                "gallica.bnf.fr",
                "metropole.toulouse.fr",
                "www.info-retraite.fr",
                "www.trixhentai.com"
            ]
        },
        {
            "rule": "tarteaucitron\\.io\\/lang\\/tarteaucitron\\.en\\.js",
            "cookies": 0,
            "fingerprinting": 0,
            "subdomains": [
                "cdn"
            ],
            "apis": {},
            "sites": 5,
            "prevalence": 0.0000338,
            "cnames": [],
            "responseHashes": [
                "ab51aabb779c3fa0da54afcf05165e3a578815bc9582e0daec4053a5152ae3db"
            ],
            "type": "Script",
            "firstPartyCookies": {},
            "firstPartyCookiesSent": {},
            "exampleSites": [
                "bnf.fr",
                "catalogue.bnf.fr",
                "en.mediamass.net",
                "gallica.bnf.fr",
                "www.info-retraite.fr"
            ]
        },
        {
            "rule": "tarteaucitron\\.io\\/tarteaucitron\\.services\\.js",
            "cookies": 0,
            "fingerprinting": 1,
            "subdomains": [
                "cdn"
            ],
            "apis": {
                "Document.cookie getter": 1
            },
            "sites": 7,
            "prevalence": 0.0000473,
            "cnames": [],
            "responseHashes": [
                "e717b2dbd0b36ae2b309d7c770ec477b55414c7b79684e75fc43c755d20e657c"
            ],
            "type": "Script",
            "firstPartyCookies": {},
            "firstPartyCookiesSent": {},
            "exampleSites": [
                "bnf.fr",
                "catalogue.bnf.fr",
                "en.mediamass.net",
                "gallica.bnf.fr",
                "metropole.toulouse.fr",
                "www.info-retraite.fr",
                "www.trixhentai.com"
            ]
        },
        {
            "rule": "tarteaucitron\\.io\\/log\\/",
            "cookies": 0,
            "fingerprinting": 0,
            "subdomains": [],
            "apis": {},
            "sites": 9,
            "prevalence": 0.0000608,
            "cnames": [],
            "responseHashes": [
                "ac554a4ea8b34bbb80db013e14be195ebc986f82f24e5b18b0ea9032ef561f57"
            ],
            "type": "Image",
            "firstPartyCookies": {},
            "firstPartyCookiesSent": {
                "tarteaucitron": 0.00004054766377877195
            },
            "exampleSites": [
                "bnf.fr",
                "catalogue.bnf.fr",
                "en.mediamass.net",
                "gallica.bnf.fr",
                "metropole.toulouse.fr",
                "www.annuaire-therapeutes.com",
                "www.culture.gouv.fr",
                "www.immobilier.notaires.fr",
                "www.info-retraite.fr"
            ]
        },
        {
            "rule": "tarteaucitron\\.io\\/lang\\/tarteaucitron\\.fr\\.js",
            "cookies": 0,
            "fingerprinting": 0,
            "subdomains": [
                "cdn"
            ],
            "apis": {},
            "sites": 3,
            "prevalence": 0.0000203,
            "cnames": [],
            "responseHashes": [
                "90f73e7878e0a0269af49364f1bade56a093413f242f2391b807227000947077"
            ],
            "type": "Script",
            "firstPartyCookies": {},
            "firstPartyCookiesSent": {},
            "exampleSites": [
                "toulouse.fr",
                "metropole.toulouse.fr",
                "www.trixhentai.com"
            ]
        },
        {
            "rule": "tarteaucitron\\.io\\/advertising\\.js",
            "cookies": 0,
            "fingerprinting": 0,
            "subdomains": [
                "cdn"
            ],
            "apis": {},
            "sites": 2,
            "prevalence": 0.0000135,
            "cnames": [],
            "responseHashes": [
                "ade27346a718378be2ce30eb58afada63ea4c6f34c5f5579173b567c80dd57a1"
            ],
            "type": "Script",
            "firstPartyCookies": {},
            "firstPartyCookiesSent": {},
            "exampleSites": [
                "trixhentai.com",
                "www.trixhentai.com"
            ]
        }
    ],
    "categories": [],
    "performance": {},
    "cookies": 0.0000879,
    "topInitiators": [
        {
            "domain": "first party",
            "prevalence": 0.8421052631578947
        },
        {
            "domain": "ferank.eu",
            "prevalence": 0.15789473684210525
        }
    ],
    "types": {
        "Script": 26,
        "Stylesheet": 7,
        "Image": 9
    },