{
    "domain": "testingmetriksbre.ru",
    "owner": {},
    "source": [
        "DuckDuckGo-US"
    ],
    "prevalence": 0.000359,
    "sites": 53,
    "subdomains": [],
    "cnames": [],
    "fingerprinting": 0,
    "resources": [
        {
            "rule": "testingmetriksbre\\.ru\\/netu\\.php",
            "cookies": 0,
            "fingerprinting": 0,
            "subdomains": [],
            "apis": {},
            "sites": 51,
            "prevalence": 0.000346,
            "cnames": [],
            "responseHashes": [
                "fd45bb46808611318ab74c39100ef0aa9aa78e5ad508e6219d0ec8d4d52f2a46"
            ],
            "type": "Script",
            "firstPartyCookies": {},
            "firstPartyCookiesSent": {},
            "exampleSites": [
                "xxvideoss.org",
                "voyeur-house.club",
                "porncrush.me",
                "fullporner.org",
                "gnula.nu",
                "blackedjav.com",
                "fetish-extreme.com",
                "xxxfree.watch",
                "asiansexdiarys.com",
                "japanmassagesex.com",
                "www.iceporncasting.net",
                "facesittinghub.com",
                "fbbpornvideos.com",
                "mundoporn.net",
                "castingporn.org",
                "gotanynudes.net",
                "erokrad.online",
                "pornocomlegenda.org",
                "pornxnow.me",
                "ivfree.asia"
            ]
        },
        {
            "rule": "testingmetriksbre\\.ru\\/f\\.php",
            "cookies": 0,
            "fingerprinting": 0,
            "subdomains": [],
            "apis": {},
            "sites": 49,
            "prevalence": 0.000332,
            "cnames": [],
            "responseHashes": [
                "1e6cbca1c4f2a81c66501594e5576fffaa3e090537ccac8bc8fd53cf73296214",
                "add759b93cd495fbf427f079aab2a1a14415cf51703d58cc5b49ce6e967136cf",
                "bf12a03f4287a0c271ef9442952f8b1f932ea7071b8fca41ad743b287edd289f",
                "7d114dc032e400a00f791745086bb2813322867506eae3f17b7c005ab8228fc1",
                "bcfcb2ff84c9ed4726dd41261d439f472bb1148d2d6e51eae3526e1d5d4645f3",
                "a039a56224e5315b8cd587aea9febc206d4846815774cc638f54076b3e5ddd81",
                "e5977041b14e7e93c4a6d3272eaaa92a9966fe58183ceda613682b79bf7c8e2c",
                "a468d0ad99567db6984517c9b098a9a6508b5e2f33cae868e668a639f7f64f0f",
                "d22e4061021da2534d71f2cdd75e8f167baa796394f5e7683e52a250a019e32d",
                "64b643c041312a8694a1b92a469882fdd36ebe4739d558f4919fb69f5857dfd6",
                "473f1d9695dfc9656ba1b80a6906cda7641d7e20162e910532061eb1ef02f980",
                "098c1857afb07a3681ef13a9f62365e5f9a7f877ab2b1ffe8cc6f5f6418daad2",
                "0857da4f2194c8384c379f2a168f95e97f691ba76f2b726fc0660bb3da691fa5",
                "31b500a355bf588d9487a5ed183a56dfdce6b85c2b3cb5b03d014d1cfa2f4425",
                "cfa84cdf13fc1cbc0e92ec24242305414be38038c4024db720c716a69ed674d0",
                "33dafd496623b8ad0298128d2f14a23f0ca5bb3517bafdf9a8d3e84e4c4edcaa",
                "29353c783de7d9ffade4179a420974dfa50dde93eabdecca6a8b621812aa101d",
                "2e9faeed739ae81db9ad197c2830abad97b359499d4dd67a64b283629dfdd449",
                "4cfcba0f802244ef3b30ec3ef8ff4dbab24e8cfa30902201cebf131954e1c36b",
                "f470eef7c39c1db811c7123e612610709138551fbcff81c2ed7e6b5040b22984",
                "1ab1712ebe45b054daca2bff2ffac9e8219337183e9b6d07332d5e242ecdbe8d",
                "0733232abc76ed07b2a82aee6841ba58fb39faf3faac0c7b498ef559033be85a",
                "ed692be19b0bd2403eea5658d5bff3af8044f7ca74717a4e1ea468df3dbcca62",
                "806f039e649c91efdeef959067f3d992a40f75dcd0622a0a574172a7ad453403",
                "144ee856e1b18cd5021b79c9ea48f69e73b4ecba353f1ab53627f6b2e8709e9c",
                "a4a7792a297fbd2742ed5a7ff48f26f94621a700fda1d0bc499bbae10451b687",
                "e666509381e60a487cd88d313cabaaaf7b17882c9691fcfe5906c037b8f780e0",
                "deb59d1aeac4bf48a4b9a17bfc39790650dca30318d9593a2d549ddbc69863ec",
                "cdd9aa96603e1f3c5b1eedb5daa55b2cee33f6b25f11996370a1611de7d1641a",
                "05645017e327743169d94315b1dd2e6d37a708713ade33eff838268ef8ca4d47",
                "c71d4cf650672892bfe34b10a16d156b1054f5690492ac0aab9e8c9dcfa234a5",
                "e8b8d82b108ac8def0c4ce6251ab68656ebf06c00408919eaa2e247062859618",
                "ccbbe849015fc3b7ab301de47212ffae5a78ad93d3bac7214c7f6236911712aa",
                "81f316747e1d4008caa003bdf85e6e91c4fcdf36232f5ebfacbaedf428788b08",
                "aa526e8a37bff1778caa1fa863a88db4e54806a649e824e3e8ea68f96d60cd86",
                "e162381052110745d0e299bcf1b4b1d53cd405931cece28e1211bc13af748f1e",
                "70cfbebbc1e0d2768e8b2b21b43795aedf792d821e6f264b69a3ab8ba594b39a",
                "6fe8538673a5093adac9302dc1c5903883eb677e5b9ae47f85c5b3b81b4b55b8",
                "a43337fb5bac8373de4638a96904b5b5a0d475400551a6a98275a62c22ff61ea",
                "8227532163b728c4ff7a63e774e5ef42bc22bd01fcfa914b0260289a6832c097",
                "6ea6f8f5c11ea583230e1504200c59a7084adb9d638c164752f4dced813127f0",
                "1012d9939e25a7a24a393a5ece09fdd5b9e883ebb5c5882bb6e75fbca6f1b01a",
                "dadf70f5f664b77a90347e2b36bb6f24ee7161ead70ba8ec9512a6f0e3fae28a",
                "2ecfc080329f7bd6577e90e97d83c781cf5d708de020f3b1d6a04ead26a9fecb",
                "945c3d09141aa5aa44565a3fa48d3f034ed436a972217c20dba0cfd5e3994584",
                "7a3dc768de1544a60cfa8fdaf41d458b6e7ea5c9fc79bccba9b793ee6a6ae38d",
                "4f69e72071b80900474813d01f7392d49f04119dfb1b227fefd56e41c1d8333e",
                "10c97196f15f68a61c059a35b169bd63fab77068fbe32bebfaefb143dce80b03"
            ],
            "type": "Document",
            "firstPartyCookies": {},
            "firstPartyCookiesSent": {},
            "exampleSites": [
                "asiansexdiarys.com",
                "asianwifeporn.com",
                "xxvideoss.org",
                "gaypornhdfree.com",
                "pornwatch.ws",
                "pandamovies.org",
                "www.18filmler.org",
                "japanmassagesex.com",
                "xxxparodyhd.net",
                "www.iceporncasting.net",
                "xxxfree.watch",
                "www.holedk.com",
                "yomovies1.lol",
                "streaming-integrale.com",
                "reallifecams.net",
                "castingporntube.com",
                "milkporntube.com",
                "gnula.nu",
                "vsex.in",
                "www.casting-porno-tube.com"
            ]
        },
        {
            "rule": "testingmetriksbre\\.ru\\/ads\\/banner\\.gif",
            "cookies": 0,
            "fingerprinting": 0,
            "subdomains": [],
            "apis": {},
            "sites": 49,
            "prevalence": 0.000332,
            "cnames": [],
            "responseHashes": [
                "1866961a029c65376fefb7f2ba1e6187e09ff50ea58d97dedfd72c197947d002"
            ],
            "type": "Image",
            "firstPartyCookies": {},
            "firstPartyCookiesSent": {},