{
    "domain": "testingmetriksbre.ru",
    "owner": {},
    "source": [
        "DuckDuckGo-US"
    ],
    "prevalence": 0.000345,
    "sites": 51,
    "subdomains": [],
    "cnames": [],
    "fingerprinting": 0,
    "resources": [
        {
            "rule": "testingmetriksbre\\.ru\\/netu\\.php",
            "cookies": 0,
            "fingerprinting": 0,
            "subdomains": [],
            "apis": {},
            "sites": 49,
            "prevalence": 0.000332,
            "cnames": [],
            "responseHashes": [
                "fd45bb46808611318ab74c39100ef0aa9aa78e5ad508e6219d0ec8d4d52f2a46",
                "e3b0c44298fc1c149afbf4c8996fb92427ae41e4649b934ca495991b7852b855"
            ],
            "type": "Script",
            "firstPartyCookies": {},
            "firstPartyCookiesSent": {},
            "exampleSites": [
                "www.iceporncasting.net",
                "xxxfree.watch",
                "xxxmoviestream.org",
                "reallifecams.net",
                "fbbpornvideos.com",
                "asiansexdiarys.com",
                "castingporn.org",
                "japanmassagesex.com",
                "porncrush.me",
                "facesittinghub.com",
                "pornxnow.me",
                "castingporntube.com",
                "gaypornhdfree.com",
                "www.influencersgonewild.video",
                "xtapes.to",
                "hentai-share.ru",
                "gay.xtapes.to",
                "asianwifeporn.com",
                "streaming-integrale.com",
                "hdporn92.net"
            ]
        },
        {
            "rule": "testingmetriksbre\\.ru\\/f\\.php",
            "cookies": 0,
            "fingerprinting": 0,
            "subdomains": [],
            "apis": {},
            "sites": 47,
            "prevalence": 0.000318,
            "cnames": [],
            "responseHashes": [
                "0597f81cd07c1e1c17a62567684b85d562fd359a20f869aceae737ed4f2499ee",
                "4435d0ee33053b479cf09a982c26faa94d69068280ddce1eade2ff14e5a15b27",
                "caf8543eb28477a2df9f59042b19889799ae5997fcf79d2a04d4aa1a9f9b59df",
                "2de7191824275e2809870b95d78a94d603393563af1a11233f46ed475dc8c689",
                "6aa1e53c087caa2a6a9b91d2aa4f023fd2f437252944fa4a5a653d0affcfbef2",
                "5ca14e874527df5cfb7016bc39249bac0cc4ce06e085eca04f43816880874010",
                "286ca5df81e5453b82ec6d105e7d393cce5a40fddce003c8b251512dcea025c7",
                "a7b1e0576f5888b84babb926b54dbced02ef39dca104745c851e4b1837425642",
                "2b6168a5613a4eefb656bae2304673ab072c667ba24d323ace29390eb0c371b0",
                "431b72fe688ebbb04cd770200e4197d07d878a3048ce335eb3c13a8a6608c7ef",
                "30f9e2476fdcbeb879e7eae391e4dbc793b5697193e987caa17a63c726056c4d",
                "278a46f1753d69259353e0f6a32fd278eb804638c7ac921c49579799ef6ce582",
                "7a753a54dd50ffc7abb11f3147140828428167fb22b50ee7b7298e0795469a24",
                "6f512affe5cc78f33e7de628af5b7a56bad36e186d7c8ae2ded64e4f9fbf7c1b",
                "0c0db19de953ec39d0cdcc49b4bddc233692d62e2d58e35592f3f29ff5499181",
                "d2eb20a426c50d74332b99691d52308375f7e741f57aac2081087b86356efa8e",
                "6fb043a3ebbd9718bb620700a47e50b7321f19d7d3b5d066c890540d396d7611",
                "422e1b40f55b3f7d31f9b238b47a27c11bc8507428b50d69654471435ee8fd9b",
                "4c3b5e5565baa487388056748cd4ded8fffd3c6d7072489683ab916d3f2fe2d5",
                "f7a5e765f0f69d296e9dade04e5f5b1eb8fc56a1831d9e1400ab89bb55455a3c",
                "21d84c08985b6fe74261a8338d7abebd81adb4bfee36b516c8b530af797e5681",
                "c14c25aa94c08b88f1f91b003a5dde171866d01bd6bbab4361d3034a80d80561",
                "f298d638fd433a30c30fa0e2529bb0786402f563028f40b976b1310795427e3e",
                "e07e1ab8a5dd2595127ea33d1999274c9866c2e087fb197e2211a5e9f934d65d",
                "31c6afc144eb6fd324cb0819f94ad344e59cfb0a5c4038d4c06286bb175345b9",
                "a142eafa4be094ed97041127d8c8f197f58488e07e05d36c1d38ba3a6d9b7e47",
                "c09854a9a412cda8eea9621a70141f27e954feab9613e7728575015ae63e9b45",
                "ded8dd161eaa45fd03bf702bcc6ad8dce093755e2c0a803a1a5421c87858978a",
                "524373a12fc707b6a1516d2816b8433cd7d81ef35e6cea0676f05dde19b35a7f",
                "69e1de3795bd1a20858de1c3dbde30e8b24770e9093236a584ad253a1fa73097",
                "b847cc76c07a695741cd263e6756d69c201d127f247637e0ffca0a5f4f8233fe",
                "b4ab5969930d705ae2d00011c812aa7a6c7d29b9720b15bb7f790e2b1499df02",
                "41591bfb71e51d7461ff51dc9a7906ed835416dfa80e2e6fd4817e373ecde9a1",
                "9c6ca106e0646f7eba3b1b74e7d7ec31311b4e2410f606d189502c4d5b300d6c",
                "17f8caa39564e028d8e683419a012ad9f47a40ae654ddf94203b91fec8f27fde",
                "e9358746be7403a04d24e22ea4a171d91ab3fa09757085c4147ae72c3f6678d9",
                "53e44d61c4061cd1f45171039c24d72e49c122e0a80c2aeebe42d69a577d4a1c",
                "affe263dd1aed8ac9f698a41721dcab9e9e5b397a8edac9072f0098d8386964a",
                "2a9d4a6967d3f0e07ed75a7d6ca851c0f4696eddc08ba87f09f4cec6952828f5",
                "d105b62fd4b13a41cca20c434896043456a28bf578c9f193f09ac66fe5be7b8d",
                "dadf70f5f664b77a90347e2b36bb6f24ee7161ead70ba8ec9512a6f0e3fae28a",
                "5761a5a8cc045bf2750a18190b31748c93d5ee42e65460ea74c2ae107416e522",
                "a104ea27aeb6ec3eee994041885c3d7fbee17676a13c5eef849315f6c5953563",
                "7ece1940d74e28e15e649cef79b23521374f3f659fb5e9c8d66f6e9e1afb370f",
                "44ff787ca77d0a4b856bc543c1d9e43ea272d612b83e025b16472b575f4517a9"
            ],
            "type": "Document",
            "firstPartyCookies": {},
            "firstPartyCookiesSent": {},
            "exampleSites": [
                "hdporn92.net",
                "castingporntube.com",
                "fullporner.org",
                "streaming-integrale.com",
                "pornocomlegenda.org",
                "ivfree.asia",
                "tabooporns.com",
                "facesittinghub.com",
                "asianwifeporn.com",
                "xxxfree.watch",
                "www.turkerotikfilm.com",
                "xxvideoss.org",
                "reallifecams.net",
                "xxxmoviestream.org",
                "porncrush.me",
                "pornxnow.me",
                "xxxparodyhd.net",
                "vsex.in",
                "www.pornhegemon.com",
                "www.vintagepornfun.com"
            ]
        },
        {
            "rule": "testingmetriksbre\\.ru\\/ads\\/banner\\.gif",
            "cookies": 0,
            "fingerprinting": 0,
            "subdomains": [],
            "apis": {},
            "sites": 46,
            "prevalence": 0.000312,
            "cnames": [],
            "responseHashes": [
                "1866961a029c65376fefb7f2ba1e6187e09ff50ea58d97dedfd72c197947d002"
            ],
            "type": "Image",
            "firstPartyCookies": {},
            "firstPartyCookiesSent": {},
            "exampleSites": [
                "gayfor.us",
                "www.holedk.com",
                "hentai-share.ru",
                "fullporner.org",
                "xxxstream.me",
                "www.casting-porno-tube.com",
                "xxvideoss.org",
                "xxxmoviestream.org",
                "www.pornhegemon.com",
                "asianwifeporn.com",
                "www.turkerotikfilm.com",
                "castingporntube.com",
                "bestbondagevideos.com",
                "tabooporns.com",
                "blackedjav.com",
                "japanmassagesex.com",
                "www.18filmler.org",
                "gaypornhdfree.com",
                "www.iceporncasting.net",
                "ivfree.asia"
            ]
        }
    ],
    "categories": [],
    "performance": {},
    "cookies": 0,