{
    "domain": "thunderhead.com",
    "owner": {
        "name": "Thunderhead.com Limited",
        "displayName": "Thunderhead.com"
    },
    "source": [
        "DuckDuckGo-US"
    ],
    "prevalence": 0.000248,
    "sites": 32,
    "subdomains": [
        "na5",
        "eu2.cdn",
        "na5.cdn",
        "ap1.cdn",
        "ap1",
        "eu2"
    ],
    "cnames": [],
    "fingerprinting": 1,
    "resources": [
        {
            "rule": "thunderhead\\.com\\/one\\/rt\\/web\\/v1\\/ONE-G8V3SQCVEX-2062",
            "cookies": 0.0000233,
            "fingerprinting": 0,
            "subdomains": [
                "na5"
            ],
            "apis": {},
            "sites": 3,
            "prevalence": 0.0000233,
            "cnames": [],
            "responseHashes": [
                "71a8ac7268505f0b7da09b5abe8592c9cdd0255431fc9b3eead5fef1c1a204ff",
                "18384a79861f69e8862dfc73586b7121f5932acc52bd342e3460484bae6f9210"
            ],
            "type": "XHR",
            "firstPartyCookies": {},
            "firstPartyCookiesSent": {},
            "exampleSites": [
                "att.com",
                "forums.att.com",
                "www.att.com"
            ]
        },
        {
            "rule": "thunderhead\\.com\\/one\\/rt\\/js\\/one-tag\\.js",
            "cookies": 0.000031,
            "fingerprinting": 1,
            "subdomains": [
                "na5",
                "eu2.cdn",
                "na5.cdn",
                "ap1.cdn",
                "ap1"
            ],
            "apis": {
                "Date.prototype.getTime": 6,
                "Document.cookie getter": 5,
                "window.localStorage": 5,
                "Navigator.prototype.userAgent": 1,
                "Document.cookie setter": 4,
                "window.sessionStorage": 1
            },
            "sites": 16,
            "prevalence": 0.000124,
            "cnames": [],
            "responseHashes": [
                "bbf6091c01afadd5d5fc5e6624fd1e1496dc504f3f6856ef23c8c2058aad4172",
                "f5a93e4ad8e1e404ead2c98e8ee62ba9fd907e010b653c9e75b90c81d4a47934",
                "28a1abb26bab1c0295d4da7f08284c4f5cb2202defc72fc09e4353fd83a93b95",
                "12efba1a5319ee6ba18ef319ad5525555241d23f7f6332c93382d4aafc95390e",
                "daee32441321d43804f16bad14931954624f3693f5eff79391e2df82b2c3cd5d",
                "e871c58bf14b6a0274ec1ac27924382fc2c8a8d6f2529721caf6560cd789e511",
                "7c1bef37375e7dbcdd015017fd9246140d78395edfaa311537e127946883162b",
                "5113a3abe3bfa58a5d22b13e4bc5d5a568899e4723d3f915dc2f37ed781692da",
                "ac9d5ede3cd586666bbba369a6368810d4c27f744fb4b0d9c3c683deed398eda",
                "50b0a00a43aa5c73859c4f3d9b8aafdd966864c5507d1b43d8c8304a3d9c6441",
                "3b823c19893b87384a9a546e6395aa5bc36b7b84d036f6f1bb8f5240d96b8b2d",
                "50d88d1a9452b6229b9f26327bf2dba9f5546b6790e8a509e6eae1e986d535af"
            ],
            "type": "Script",
            "firstPartyCookies": {
                "_one_ODAwNg": {
                    "ttl": 62985601,
                    "length": 36,
                    "prevalence": 0.000007754162046478447,
                    "uniqueness": 1
                },
                "_one_MTgwNTMy": {
                    "ttl": 62985600,
                    "length": 36,
                    "prevalence": 0.000007754162046478447,
                    "uniqueness": 1
                },
                "_one_MTM5NTc4": {
                    "ttl": 62985610,
                    "length": 36,
                    "prevalence": 0.000007754162046478447,
                    "uniqueness": 1
                },
                "_one_ODAwMg": {
                    "ttl": 62985602,
                    "length": 36,
                    "prevalence": 0.000007754162046478447,
                    "uniqueness": 1
                }
            },
            "firstPartyCookiesSent": {},
            "exampleSites": [
                "auburntigers.com",
                "betway.com",
                "denverpioneers.com",
                "luxuryescapes.com",
                "mijn.budgetthuis.nl",
                "store.ubi.com",
                "www.arsenal.com",
                "www.bge.com",
                "www.budgetdirect.com.au",
                "www.budgetthuis.nl",
                "www.forever21.com",
                "www.infomoney.com.br",
                "www.invesco.com",
                "www.my.telstra.com.au",
                "www.rhs.org.uk",
                "www.telstra.com.au"
            ]
        },
        {
            "rule": "thunderhead\\.com\\/one\\/rt\\/web\\/v1\\/ONE-WNLDKAOQ41-1776",
            "cookies": 0.0000155,
            "fingerprinting": 0,
            "subdomains": [
                "ap1"
            ],
            "apis": {},
            "sites": 2,
            "prevalence": 0.0000155,
            "cnames": [],
            "responseHashes": [
                "edce468e87b741b33f26cf87862c32a210c766f25a64358ff353f44420fdb60a"
            ],
            "type": "XHR",
            "firstPartyCookies": {},
            "firstPartyCookiesSent": {},
            "exampleSites": [
                "budgetdirect.com.au",
                "www.budgetdirect.com.au"
            ]
        },
        {
            "rule": "thunderhead\\.com\\/one\\/rt\\/web\\/v1\\/ONE-WNLDKAOQ41-1776\\/error",
            "cookies": 0,
            "fingerprinting": 0,
            "subdomains": [
                "ap1"
            ],
            "apis": {},
            "sites": 2,
            "prevalence": 0.0000155,
            "cnames": [],
            "responseHashes": [
                "7fff1569ea68ef52782ba25b0cf3934627f7a4fc1e8e22f4652de959c5f97978"
            ],
            "type": "Image",
            "firstPartyCookies": {},
            "firstPartyCookiesSent": {
                "_one_ODAwNg": 0.000015508324092956893
            },
            "exampleSites": [
                "budgetdirect.com.au",
                "www.budgetdirect.com.au"
            ]
        },
        {
            "rule": "thunderhead\\.com\\/one\\/rt\\/web\\/v1\\/ONE-5MLXTGGMUC-1258",
            "cookies": 0.0000155,
            "fingerprinting": 0,
            "subdomains": [
                "na5"
            ],
            "apis": {},
            "sites": 2,
            "prevalence": 0.0000155,
            "cnames": [],
            "responseHashes": [
                "4656a91a908f0762b35ad1d27cc6db75c79522954e73fa3c036cbb914098748b"
            ],
            "type": "XHR",
            "firstPartyCookies": {},
            "firstPartyCookiesSent": {},
            "exampleSites": [
                "att.com",
                "www.business.att.com"
            ]
        },
        {
            "rule": "thunderhead\\.com\\/one\\/rt\\/web\\/v1\\/ONE-FU3YLQGSAF-1154",
            "cookies": 0.0000155,
            "fingerprinting": 0,
            "subdomains": [
                "ap1"
            ],
            "apis": {},
            "sites": 2,
            "prevalence": 0.0000155,
            "cnames": [],
            "responseHashes": [
                "fdf8b80ec37f57d4584be3192b6191b6710395687508dcb754fd788f2986ca42"
            ],
            "type": "XHR",
            "firstPartyCookies": {},
            "firstPartyCookiesSent": {},
            "exampleSites": [
                "telstra.com.au",
                "www.telstra.com.au"
            ]
        },
        {
            "rule": "thunderhead\\.com\\/one\\/rt\\/web\\/v1\\/ONE-ZDYD1BS1YI-4948",
            "cookies": 0.0000155,
            "fingerprinting": 0,
            "subdomains": [
                "eu2"
            ],
            "apis": {},
            "sites": 2,
            "prevalence": 0.0000155,
            "cnames": [],
            "responseHashes": [
                "6fa327ae9de8e163bafa5e55b5a46a9e4959209a41d3ebe6981a1987fc6b7bb1"
            ],