{
    "domain": "tonemedia.com",
    "owner": {},
    "source": [
        "DuckDuckGo-US"
    ],
    "prevalence": 0.000325,
    "sites": 48,
    "subdomains": [
        "srv"
    ],
    "cnames": [],
    "fingerprinting": 1,
    "resources": [
        {
            "rule": "tonemedia\\.com\\/showads\\/adunit\\.php",
            "cookies": 0.00023,
            "fingerprinting": 0,
            "subdomains": [
                "srv"
            ],
            "apis": {},
            "sites": 34,
            "prevalence": 0.00023,
            "cnames": [],
            "responseHashes": [
                "59772d824866c33afc3e994ffca55612fa6d0776d1f21182f080b4aaf0e5aeac",
                "e72a308ca8dc977973357f9f9e1a7665f27f34f381f7b0e113d95240026099c3",
                "59bd7bb2187c75f2874c7f364ed99ffe1aa7d261c1365c7320561d654f72e20c",
                "b8fb3478166d44bd43f38744dceaa98d4c17740614d01da956b5ef16db78063f",
                "fe14fc69670ea28027f23798769007754c525a1c29578fd3bfce797ef2ee7298",
                "cd906c99325b8a255741e426971c6c3fd3ad5c9ce89a98c6daa0e6f715faccfc",
                "336547fac9762cd7a2cb150ccaff15c480c97034740ebda7314c0c1a740092f6",
                "086ced077dc319fe414a3df7b6a5bca1890443f2fb7aa17101901c9fb03a7298",
                "59013b7d611786bb406a43461788a6f37aafb553d4837f6262007a3e68e23ee1",
                "96f70b79e4c3b2f4a5423a8e3bd0027af5880b4f4e80126887db7937432f1a3d",
                "890b3c2ad7b4a07e431e13543a8888d2a86acabacc6bfceb3b3ca1b6bbc2808b",
                "e25d89a7d55afcbd9c884044399d27e69f7cb8b07fe1cc8fb34a466d87fec9bd",
                "394c7d8ac396e0f2497836e4f41b3ff9c60181131b7ad2fc44f54ac007b99496",
                "e7f6a78014731d5c5002e829be2323f1bfdaa602abffcb5e350ef98bf7e60359",
                "9311583939de73ccb24dbb57cb831145d883940bca22eb6dc1cc7b5df42e5360",
                "d24b1b660fa4c99387e5c41e57a7fef23c48b4af6b71165d7e5a895f51d6af2d",
                "f42efceed1566129ae0b0934920141a31532326b81fb6ab9446658f0375aff63",
                "05ea713e7f577204252b844f62a92cf250cd4cab06fd720a08361da366f4b279",
                "112ed66b608fe4df3b082e371001537f9c1047f49e760f20227e29c0e84e13a2",
                "cc84866ea126a19a039a63c3e273cabec95a011f32a909a29983a57caf0e7d8f",
                "49f96b978d1a25d4cc64070b8f9636dca352bca0a69ae621d57055cb8c445b8c",
                "4d81f1182324cfc363b1d16c403cade2aa0fa24afdca775f4c6c9514ad06355f",
                "ac5e541ea390b03d882f2c7660cc7103a259e20712de388b6f01a33bf99b43f8",
                "300a460a3d36789c45b355c56afc4c342ded5e0198c400f7951ccb9a96491f82",
                "1b539b61296031a60b0f2bf4b9559648383534c711ada207c71e05609226db72",
                "209a0642f8ea423626973c3ba24f1d49762109e2ca2d5e49be3ec0f407eb2e3f",
                "cc2393b22eb2fe1f83d319e6bebb052b021920f2ff923f82348f188f14b78fce",
                "f71d72c1b03d9fb56e19285e744ef8e2894aa1ab5155e9b259ffbc6c963fa78c",
                "af27869ba3754dc8c4b130a02a7db54a4f0d5529918139020387994894be20fa",
                "87c76761a68aaaf11faaaf336b94bb2d8c4cabcee8c62f2edff7fa58677eb33b",
                "f75d107c272d329e68dfd238b5a05de238694383f50fa34589c8ba02e8451bdb",
                "6dd88b2525621362dd6ea72fc3c16549bfc24c76d28059afeeb31327e6a79909",
                "34739c64f2e59bfe3061d41b026e0d025ba7fdfc498e0c9c62d14ff7a5075e17"
            ],
            "type": "Script",
            "firstPartyCookies": {},
            "firstPartyCookiesSent": {
                "lotame_domain_check": 0.000020317081925246682,
                "_li_dcdm_c": 0.0000067723606417488944
            },
            "exampleSites": [
                "www.angolotesti.it",
                "www.allmusicals.com",
                "muzikum.eu",
                "www.lyricsmania.com",
                "www.lacoccinelle.net",
                "www.tablyrics.com",
                "tvshowpilot.com",
                "www.metalsucks.net",
                "top40weekly.com",
                "www.setlist.fm",
                "www.accordiespartiti.it",
                "getsongbpm.com",
                "metalinjection.net",
                "www.paroles-musique.com",
                "www.lyrics.com",
                "paroles2chansons.lemonde.fr",
                "www.cineman.ch",
                "muslyrics.com",
                "societyofrock.com",
                "robloxsong.com"
            ]
        },
        {
            "rule": "tonemedia\\.com\\/showads\\/track\\/imp\\.php",
            "cookies": 0.00023,
            "fingerprinting": 0,
            "subdomains": [
                "srv"
            ],
            "apis": {},
            "sites": 40,
            "prevalence": 0.000271,
            "cnames": [],
            "responseHashes": [
                "fdac71109000ee5e21163bc6b60221d4077f59d8224d3e7cb16fa994a184440b"
            ],
            "type": "XHR",
            "firstPartyCookies": {},
            "firstPartyCookiesSent": {
                "lotame_domain_check": 0.000027089442566995578,
                "_li_dcdm_c": 0.0000067723606417488944
            },
            "exampleSites": [
                "www.cineman.ch",
                "robloxsong.com",
                "muzikum.eu",
                "m.e-chords.com",
                "www.letssingit.com",
                "www.oldielyrics.com",
                "www.lyreka.com",
                "www.vagalume.com.br",
                "www.last.fm",
                "www.nashvillescene.com",
                "muslyrics.com",
                "tvshowpilot.com",
                "www.lyrics.com",
                "getsongbpm.com",
                "www.e-chords.com",
                "www.paroles-musique.com",
                "societyofrock.com",
                "www.accordiespartiti.it",
                "countryrebel.com",
                "iloveclassicrock.com"
            ]
        },
        {
            "rule": "tonemedia\\.com\\/ads\\/adunit\\.php",
            "cookies": 0,
            "fingerprinting": 0,
            "subdomains": [
                "srv"
            ],
            "apis": {},
            "sites": 6,
            "prevalence": 0.0000406,
            "cnames": [],
            "responseHashes": [
                "7edab869fbd8b9d0731fb1eebb92764f3b69f9c68989d77dbf29063db2d63d91",
                "36bfb65e3884b25caf4ae7d7016f2423588f5fbd40e23451dc07bf885b8f1d79",
                "b2e9cb11863158d28d2e2980da8c641f60f46f962651dcbd96cfb6301ab80034",
                "c901073d946a3f1c6debdf31771afaa6dc1ea0f9fe49e91dfa8ed1e526eee6f6",
                "978b66a178beaaa18f733d25d620131b51e02621ba0ee5d724f829965fb8341e"
            ],
            "type": "XHR",
            "firstPartyCookies": {},
            "firstPartyCookiesSent": {
                "lotame_domain_check": 0.0000067723606417488944
            },
            "exampleSites": [
                "e-chords.com",
                "www.e-chords.com",
                "www.letssingit.com",
                "www.lyricsbox.com",
                "www.tunefind.com",
                "www.yourchords.com"
            ]
        },
        {
            "rule": "tonemedia\\.com\\/showads\\/css\\/flex\\.min\\.css",
            "cookies": 0,
            "fingerprinting": 0,
            "subdomains": [
                "srv"
            ],
            "apis": {},
            "sites": 4,
            "prevalence": 0.0000271,
            "cnames": [],
            "responseHashes": [
                "d0bdffc356ed0615540f4cac598814aeb24dbfe2a3ae87c5292dac0dfd35db20"
            ],
            "type": "Stylesheet",
            "firstPartyCookies": {},
            "firstPartyCookiesSent": {},
            "exampleSites": [
                "muzikum.eu",
                "www.accordiespartiti.it",
                "www.cowboylyrics.com",
                "www.oldielyrics.com"
            ]
        },
        {
            "rule": "tonemedia\\.com\\/showads\\/js\\/desktop_adhesion\\.min\\.js",
            "cookies": 0,