{
    "domain": "trackwilltrk.com",
    "owner": {},
    "source": [
        "DuckDuckGo-US"
    ],
    "prevalence": 0.000582,
    "sites": 86,
    "subdomains": [
        "r"
    ],
    "cnames": [],
    "fingerprinting": 0,
    "resources": [
        {
            "rule": "trackwilltrk\\.com\\/s1\\/54e73dcc-123a-4ecd-bac6-12de02007da0",
            "cookies": 0.0000203,
            "fingerprinting": 0,
            "subdomains": [
                "r"
            ],
            "apis": {},
            "sites": 3,
            "prevalence": 0.0000203,
            "cnames": [],
            "responseHashes": [
                "c217d1a012dc3d3119277d5dd68e92b3c1ee7a23838b504e17a0e353365cc295",
                "7f01651bbd455122abe6a161b74a06ee893ca87fa439c6c6892e1edcbd995e57"
            ],
            "type": "Document",
            "firstPartyCookies": {},
            "firstPartyCookiesSent": {},
            "exampleSites": [
                "3hentai.net",
                "es.3hentai.net",
                "fra.3hentai.net"
            ]
        },
        {
            "rule": "trackwilltrk\\.com\\/s1\\/e766d629-8aa2-4f64-800f-7458117d07a9",
            "cookies": 0.0000542,
            "fingerprinting": 0,
            "subdomains": [
                "r"
            ],
            "apis": {},
            "sites": 8,
            "prevalence": 0.0000542,
            "cnames": [],
            "responseHashes": [
                "6844739f4f5194c05b4689275fb625edd8880870a382cc502d4746988881e6c8",
                "00cf77066be4d61f74266eb7573ec50e569c13ea7ab75d7974e4790a1b2b7c08",
                "744ca9b80eecb53d31dc144c254e7abf175de47191211fb61f5bff4911f29d69",
                "07a45eed285f4ffbc17803b77b1b8be0ab931aba6beeaf76ff113efbe7402bb5",
                "7bc89e661d930a94b07750cef4c1bada071f725cba80679266d09c7401420001",
                "d67394fc65b24d1dee965af4633dfdbc1979725408b1c05bad7b1b9139806d33",
                "39b31296eaee7930d1bef39aae63e0350b024e0ece79d9fcc340bc6701b9e9c4"
            ],
            "type": "Document",
            "firstPartyCookies": {},
            "firstPartyCookiesSent": {},
            "exampleSites": [
                "avgle.com",
                "hentaifromhell.org",
                "kisscos.net",
                "muchohentai.com",
                "mycomicsxxx.com",
                "mynekopoi.com",
                "porndude.tv",
                "www.vintagepornfun.com"
            ]
        },
        {
            "rule": "trackwilltrk\\.com\\/s1\\/728c6a32-3939-4076-ab81-46a7713ae6fb",
            "cookies": 0.0000135,
            "fingerprinting": 0,
            "subdomains": [
                "r"
            ],
            "apis": {},
            "sites": 2,
            "prevalence": 0.0000135,
            "cnames": [],
            "responseHashes": [
                "3f28cd99bfeb1b0c2cbba8793d5ae8f3c9fa0b0d25c6543725aea84454d34ddb"
            ],
            "type": "Document",
            "firstPartyCookies": {},
            "firstPartyCookiesSent": {},
            "exampleSites": [
                "avgle.com",
                "mynekopoi.com"
            ]
        },
        {
            "rule": "trackwilltrk\\.com\\/s1\\/f64bc7c8-4de1-4e70-b251-6ce246a9afe1",
            "cookies": 0.0000135,
            "fingerprinting": 0,
            "subdomains": [
                "r"
            ],
            "apis": {},
            "sites": 2,
            "prevalence": 0.0000135,
            "cnames": [],
            "responseHashes": [
                "1ad9302351bc8a177292b2764effacfaa36a05e7499dd4b457ad03971bf0c7fe"
            ],
            "type": "Document",
            "firstPartyCookies": {},
            "firstPartyCookiesSent": {},
            "exampleSites": [
                "jav.guru",
                "javhd.today"
            ]
        },
        {
            "rule": "trackwilltrk\\.com\\/s1\\/78a8f7ad-fba9-4758-9084-6835105b2d8b",
            "cookies": 0.0000135,
            "fingerprinting": 0,
            "subdomains": [
                "r"
            ],
            "apis": {},
            "sites": 2,
            "prevalence": 0.0000135,
            "cnames": [],
            "responseHashes": [
                "8b2e16e2c241a08040f64a1a132860008ee53232b5b0c5b35521ed2a6758d918"
            ],
            "type": "Document",
            "firstPartyCookies": {},
            "firstPartyCookiesSent": {},
            "exampleSites": [
                "javrave.club",
                "javraveclub.com"
            ]
        },
        {
            "rule": "trackwilltrk\\.com\\/s1\\/a07e547b-49b9-41f3-9d4b-f6343c4a8d0b",
            "cookies": 0.0000203,
            "fingerprinting": 0,
            "subdomains": [
                "r"
            ],
            "apis": {},
            "sites": 3,
            "prevalence": 0.0000203,
            "cnames": [],
            "responseHashes": [
                "3b59a00fa1f4a4be91c4cdccf653e48e5b373dccd907f73866b00603ecc09c28",
                "2e3a9e05ba2647d67fe2198da1d30954afca7dc8edcff5bcc1cb469d91b78797"
            ],
            "type": "Document",
            "firstPartyCookies": {},
            "firstPartyCookiesSent": {},
            "exampleSites": [
                "kisscos.net",
                "www.povaddict.com",
                "www.vintagepornfun.com"
            ]
        },
        {
            "rule": "trackwilltrk\\.com\\/s1\\/71ecf247-65a7-4be4-8c6d-e8e2855141c9",
            "cookies": 0.0000135,
            "fingerprinting": 0,
            "subdomains": [
                "r"
            ],
            "apis": {},
            "sites": 2,
            "prevalence": 0.0000135,
            "cnames": [],
            "responseHashes": [
                "bfd58ec01609e117c147c637ab3b95acfb96e7fcf61a228c4baf599d0f2a3849"
            ],
            "type": "Document",
            "firstPartyCookies": {},
            "firstPartyCookiesSent": {},
            "exampleSites": [
                "mynekopoi.com",
                "porndude.tv"
            ]
        },
        {
            "rule": "trackwilltrk\\.com\\/s1\\/1e7778a4-b76d-4cda-a303-117f17a36ec2",
            "cookies": 0.0000135,
            "fingerprinting": 0,
            "subdomains": [
                "r"
            ],
            "apis": {},
            "sites": 2,
            "prevalence": 0.0000135,
            "cnames": [],
            "responseHashes": [
                "3d4828791a009be3a3f4905a10e59634e92f4bc5a18f3dd9a7d1f3be35ef59eb"
            ],
            "type": "Document",
            "firstPartyCookies": {},
            "firstPartyCookiesSent": {},
            "exampleSites": [
                "chinababe.net",
                "ww2.chinababe.net"
            ]
        },
        {
            "rule": "trackwilltrk\\.com\\/s1\\/b63e44c5-418e-4f62-ad35-7c54018e474d",
            "cookies": 0.0000135,
            "fingerprinting": 0,
            "subdomains": [
                "r"
            ],
            "apis": {},
            "sites": 2,
            "prevalence": 0.0000135,
            "cnames": [],
            "responseHashes": [
                "1863f8c915ff3477cf9fac92e6f6aa4a717a2883a7657e6d3c5937bc0bd3f26f"
            ],
            "type": "Document",
            "firstPartyCookies": {},
            "firstPartyCookiesSent": {},
            "exampleSites": [
                "fusker.xxx",
                "www.fusker.xxx"
            ]
        },
        {
            "rule": "trackwilltrk\\.com\\/s1\\/4121eca0-ff5a-4c89-9772-768fbbfd1900",
            "cookies": 0.0000271,
            "fingerprinting": 0,
            "subdomains": [
                "r"
            ],
            "apis": {},
            "sites": 4,
            "prevalence": 0.0000271,
            "cnames": [],