{
    "domain": "trengo.eu",
    "owner": {
        "name": "Trengo",
        "displayName": "Trengo"
    },
    "source": [
        "DuckDuckGo-US"
    ],
    "prevalence": 0.000142,
    "sites": 21,
    "subdomains": [
        "static.widget",
        "api.widget",
        "cdn.widget"
    ],
    "cnames": [],
    "fingerprinting": 2,
    "resources": [
        {
            "rule": "trengo\\.eu\\/embed\\.js",
            "cookies": 0,
            "fingerprinting": 2,
            "subdomains": [
                "static.widget"
            ],
            "apis": {
                "Navigator.prototype.product": 7,
                "Navigator.prototype.userAgent": 8,
                "window.localStorage": 7,
                "Date.prototype.getTime": 8
            },
            "sites": 9,
            "prevalence": 0.000061,
            "cnames": [],
            "responseHashes": [
                "6809165acbeac09630fe72d97f42a22922fd8bb878cffa3c4ae75e53ae7894ba"
            ],
            "type": "Script",
            "firstPartyCookies": {},
            "firstPartyCookiesSent": {},
            "exampleSites": [
                "graydongo.nl",
                "keukenhof.nl",
                "www.moestuinweetjes.com",
                "www.nha.nl",
                "www.ohnuts.com",
                "www.pixum.de",
                "www.usmobile.com",
                "www.vapstore.de",
                "www.vdberk.nl"
            ]
        },
        {
            "rule": "trengo\\.eu\\/web-widget-api\\/widget",
            "cookies": 0,
            "fingerprinting": 0,
            "subdomains": [
                "api.widget"
            ],
            "apis": {},
            "sites": 11,
            "prevalence": 0.0000745,
            "cnames": [],
            "responseHashes": [
                "3abf032b453fda8e801f2124a4f88c148cb75288242b3ae03008c0222cdb2aa6",
                "bdb590031b395fdfd65c5c3460ee0ba39cddb31bb63bb99fe1dec8e4e53c3e36",
                "2dbd43882ee2dd424948d8e99acca1780d77ab993931cb0904dd796459c330db",
                "9d445e1b73dc58910c10cc71e4e7163f9514982418eefadc22177fe131fdb07c",
                "6b0bdac62370aa42aa5b3b393a1d12f821a6ecab7a86921c4c12bbdc2838808d",
                "8a64351d95fa761d238b2c80bf68b488c3334b0e7059a1b50f5132b7e17677e2",
                "3a79d2118c5f58b0fc50a973736bea13db128b73c05741f5135ac45d3b5d3bf7",
                "c183d2c3a56c2b9aa3140d6eed5760f8088b36de75cd668bbbc88f8c4053593f",
                "2b1494cacc5054f4f2b4ace964a1c1c6158c63a74d573aa369fad6e816b8825b",
                "7eddca521c42e830e9e4ffc71863c5d2965bfb4441f44d7e5398568cf52d5556"
            ],
            "type": "XHR",
            "firstPartyCookies": {},
            "firstPartyCookiesSent": {},
            "exampleSites": [
                "graydongo.nl",
                "keukenhof.nl",
                "www.kanker.nl",
                "www.moestuinweetjes.com",
                "www.nha.nl",
                "www.ohnuts.com",
                "www.pixum.de",
                "www.usmobile.com",
                "www.vapstore.de",
                "www.vdberk.nl",
                "www.wildkamp.nl"
            ]
        },
        {
            "rule": "trengo\\.eu\\/widget\\.js",
            "cookies": 0,
            "fingerprinting": 2,
            "subdomains": [
                "static.widget",
                "cdn.widget"
            ],
            "apis": {
                "Navigator.prototype.userAgent": 10,
                "Event.prototype.timeStamp": 6,
                "Navigator.prototype.product": 6,
                "window.localStorage": 8,
                "window.sessionStorage": 5,
                "Date.prototype.getTime": 11
            },
            "sites": 11,
            "prevalence": 0.0000745,
            "cnames": [],
            "responseHashes": [
                "545be702789b0f0da0c2a50b5935d4bb34c6438cd753354681f80fa0982a48b7"
            ],
            "type": "Script",
            "firstPartyCookies": {},
            "firstPartyCookiesSent": {},
            "exampleSites": [
                "graydongo.nl",
                "keukenhof.nl",
                "www.kanker.nl",
                "www.moestuinweetjes.com",
                "www.nha.nl",
                "www.ohnuts.com",
                "www.pixum.de",
                "www.usmobile.com",
                "www.vapstore.de",
                "www.vdberk.nl",
                "www.wildkamp.nl"
            ]
        },
        {
            "rule": "trengo\\.eu\\/assets\\/chat\\.mp3",
            "cookies": 0,
            "fingerprinting": 0,
            "subdomains": [
                "static.widget"
            ],
            "apis": {},
            "sites": 11,
            "prevalence": 0.0000745,
            "cnames": [],
            "responseHashes": [
                "cf72ed0b2d260e377d8c9919c5ea7eaf614e26e26814eee3cea9cf4d6e69f260"
            ],
            "type": "Media",
            "firstPartyCookies": {},
            "firstPartyCookiesSent": {},
            "exampleSites": [
                "graydongo.nl",
                "keukenhof.nl",
                "www.kanker.nl",
                "www.moestuinweetjes.com",
                "www.nha.nl",
                "www.ohnuts.com",
                "www.pixum.de",
                "www.usmobile.com",
                "www.vapstore.de",
                "www.vdberk.nl",
                "www.wildkamp.nl"
            ]
        }
    ],
    "categories": [],
    "performance": {},
    "cookies": 0,
    "topInitiators": [
        {
            "domain": "first party",
            "prevalence": 0.8611111111111112
        },
        {
            "domain": "googletagmanager.com",
            "prevalence": 0.1388888888888889
        }
    ],
    "types": {
        "Script": 20,
        "XHR": 11,
        "Media": 11
    },
    "nameservers": [
        "lars.ns.cloudflare.com",
        "virginia.ns.cloudflare.com"
    ]
}