{
    "domain": "trey.shop",
    "owner": {},
    "source": [
        "DuckDuckGo-US"
    ],
    "prevalence": 0.00108,
    "sites": 159,
    "subdomains": [
        "h"
    ],
    "cnames": [],
    "fingerprinting": 0,
    "resources": [
        {
            "rule": "trey\\.shop\\/",
            "cookies": 0.000556,
            "fingerprinting": 0,
            "subdomains": [
                "h"
            ],
            "apis": {},
            "sites": 84,
            "prevalence": 0.00057,
            "cnames": [],
            "responseHashes": [
                "53a0d4d97f32fffc221c54dffd135ef5056d840594ba6468e60c5e9f3da76cd2",
                "44258f832d979b00eeb6812f082ccc0d998be6b11f05d3ddeb7fb1601bcffe0d",
                "bc8aabe16fac957f712532e4f0217fbb6fdfb24482a570aa9d124fb4ee8f9df1",
                "b27bb2d3f7e7d7dc24cf651eb61f12079037ba39c9af032ec998404147d35f75",
                "fbe3b8fc19e6f341e8171d83957f317caa2e138338f3a759bf2738f4c32c3591",
                "f0560a82fb47f40b1c078c0e874f9ac4c229b3632de755f1b331d29492ff2e6d",
                "d6bece122c65e37070b32dff383ecfd3bfba18d74d8a917681ab18a97001d963",
                "cdb11bad830bd6cd37a27d88f5cd1c4a1537956dbf2f14d56815a1b9b5ba1039",
                "05a93db1c42a8751c3a2bd3aa4d1b98a386142b609c138f988255df6936b4744",
                "c00fef2513f57a526d005c1198acc0f68613666f3a192b24540433dc23bcd25a",
                "c06e755be72e741520d0efb29b9a038a19387acdba84516793906758f65cbeca",
                "ab4dc60392eecfe2011ba300a585754f442a1cdd9825b6cfc3fe0f34eb37d4cd",
                "7f7fdf4ef9321d2b37d69b1bf6e43be3f1904646d1e91b00d7464c6c4b2325b1",
                "ce89c737b710a8346727d8156c3a4fffb82bc0a0ecc2039a71ac13c6af868a01",
                "272cfeb255ff273fcf0add2ee21a9b8c5b9a11bf325db965095d2496c1572354",
                "dd212e38b621f652809202420bb86a7d6a4e890f30d85993de4a7490666a8cd8",
                "ea8798ff81f19fc26525bba8a35dc3676080570b888b9fad6147b08741cbe883",
                "44758f9c479acd97ee5bac2ff69149c7efcce0dd45b72cba0c0accd35f90d095",
                "11781624b6d041113f7db7620452f2a0d53b3c278e713ff9c720c7974786c295",
                "c4aabdccf26e977f661457108459fe3784d906a4b2995d23b05a97c700b7ceff",
                "d1abfb8358bbf47e66d8d1962b206dba15eeb60c61bc3015653a0ca254b202e7",
                "02d22dbf21f0be6e96e23fc27fe5d8081ae958b6849a50d7858b922fcd6e87d4",
                "07792737f293e6700a75c89dd37b3388e02098c9ed2a804151a88faa0f4a363d",
                "b0ee3cd542fde2f5522c8bf47d9b1aaa1dce2946f4fc5c8ae490a8d55dba1ba8",
                "448835c021893344d2e9d49799e48161202f841670cdd8b0196b0b669e73c4d3",
                "54522b57376e7b547a9290611c452931d6d7ede4316dd5cb852e458b9f28d911",
                "1da9bebc1a4eb245bec2bdad98795d6600efd908aa84aba160233a26e975ed10",
                "77e7c8a3b4ad741f8d05a4ed676f19deb25cc69670ea0e7132cd7b55fdb7365c",
                "79f594a69eb5500599b838d1f8dd13ae9586f8b3d307cef1ae23454333d9bbfa",
                "3778286a40115b3230b888d94536341ec92e659f9e6d065981d4bdbd2c6b50fc",
                "defc9123b1aeaf63ec576b5cac2a8384eb2ad6cd5a369e1b3b6fd9fb9b3c9fd4",
                "97d6e5e44399976a15a02d02bbb855418f59521805c71cb8c3c5f8d6db3a18dd",
                "da806721a9af40ebd13b044a0fef89fc0ec03d1c8f670ebbd7f8826c228590d6",
                "f7c5049cb7c418a37085f8f90e364543b82b4a84bc37dc15ce0e3ad8a25182fb",
                "dfad1beda15c193d3d951f94274fb088e50b9a6072b55dc2950217dce8217b6b",
                "977787f3c3099025e7f814ec20fc03dc2abba82bb53ae236d00b008610fbb3fa",
                "85a702afe0928d71eda3e94b73ac80d7fd20cf0c5ca11fa1461ba50765f0566b",
                "15db97260c4684c8ce56397a91351f7c3933ecf068088759f6c6b1e941daee84",
                "c3467a46726d4b41ab599a7eee4b315e4cb93ed0a750d7aaa90ea5883201d297",
                "1a3d50719c9bee3fbc606758cc7008ae84075251a1decccf17daf75123b80895",
                "16d350bc851dc283ec880bf67cc1795d9cb2e06f807db011713b7abb7a5fedae",
                "1520cc53eb823a40c046c611a58346c69983cab3e157db506fb797f6cb3a79a5",
                "3ffdc4bcf0cbc9869e3a8d4c94546174117cd48ea8343ea565ef96c04213350a",
                "f5f22c18d5f9bd589052592c3401dfeb7351dfc9a6e6fbfb20a77e12434aa82a",
                "1a307e5127c76e92fa9b675b9191a75375b7fc793e1aa514eec321c92bdaf78b",
                "217ba4b6dce7d71cd1fe5dfd75d61e14800c4ad7b10f5c8dec84292799babbd2",
                "5f116024afbe80dbbc67e2787bc2926662ed1b61516b9e7cc9463f794d6fe396",
                "500f149912c59565d5678f379bbd8fb70a93271f4df356dafbc166edecb8dc3a",
                "bad9b77b8c8afa5a30909c4597b53a76afd001ecd04d0d378909caff65c4579c",
                "23ed079edca481f7dd81c58164e158aea268b9f77b5a38af841aae3c9a3f4f80",
                "47fa6305a2d8ad3d1730d587a32ca245f2644a4bf70d7841c9fe8c74e1e5d2f9",
                "8c1dd3981c7c0695bcc4f0b038e91a94193c573cabc94d1eba37ea10773156b3",
                "7d0dc6e474c3d524ebfabb096c5c984039039084587d43dafaecd9e53b0c6019",
                "29f447cc14f69b31ebf6d49f2fbb03be46f2a97840b17e0620772db02fb78e5c",
                "3b0e80fbbe237c19afb5f63110e8be8bfb5edcce34afba11c6860f33686c0d34",
                "e82b0d1c0e754db63be475f2b80e578033a5258789e51d1d8fc485935338b263",
                "7ddafeebcd67006ef0f643d6e9b145296822e72e1c8805fa27319c286c817dd2",
                "87aec2ca4eaf237b2bf48637d3ad897374a2157d026fb7d36b93739f533aa49b",
                "da5eea109fe7e70513c0c131d0fa2d26f3210d62ef95fb8c01fa6c2cc9b222c0",
                "dc5e9b385851292d0385e889249789623e8c484193b2cb285e7cf65a14fbd0ef",
                "3a72953c007d12b17530fc7124e5eaa668e7f058068739d1d018f5fb1b9015a1",
                "29a191aad3595046942f4100d060602056dc15d8b2bed106c835629c77dc07a0",
                "d66a8c7a2d1c8dbf74c7169ab39d3df47e4d79ba04ff4f0db2ee2a0d51143d55",
                "b75008e777f90cd548b281119348af4aca45f901740bda54fe0c7411254d0ede",
                "6d7635a5aa633481e992eb414c4283907cbff1c11d518ba3a9eecce3d56d08f0",
                "e08083a75d95df4487c8035d9ae1d9f8789c7580c37706317bfe2e1807906b29",
                "46024a0432eb34debb7e3ae0015e87bc598dc287411797ee859468aac69df6e0",
                "55d3ee411ab7acf143161c03003892129d90b3fc61af7580662ebe2138817d90",
                "22a4a1d87e052b020a581d68b4c5b37908309b1cbe90baac07238c443982fe45",
                "5ea8667225c0c01702f90807b1080c9aa30ffb31e8257f11bc1d79d2a27a63ba",
                "503fda6abe7e638eb8927cac189222dd4ac40a5bb5af39fc510e9e45a1e83491",
                "46edf404238b1c1e82f29177bec6e255c595d17cfc6b81a04bd1f9191b11aa7f",
                "f33e8b01f7839919189c4e1d27bd0e7175a2420597b7287016dfe8df4e3630eb",
                "b1a6f75e46a05c7bbe4a58681da9a81ec1afc052dee7871763b9f0d649a91f9c",
                "b035f194824d64993ae254f0bc1f12fec338021d867615e50c1b36f5d196036e",
                "bef26882cbd413683b68cb0bf92e5a6d750983f661de4e72c80e46cedfdfd66e",
                "e04c391d29be601d34ac458b9d369505c83b27f98c0e0d7f14d8bc262705f874",
                "8b9cbdd0ea7cba23da35dd5c959796e3d4dc58eb39fd008cc17f7fd7f6c16000",
                "8da4b1460a68651b724fdfbcb52ecc3efdfb530ba06f4ec1bbc14a4e78681677",
                "035f2ce78d5eb559b6f73c901035a72b65a77f1aa04561d7b3fda7c8e43e4f1c",
                "d2857c2ef1000f40f5b100f00dc9512b356eb4de36aa20050980cb9313a29f5d",
                "4426462e01a19c6e2628e0b93166301ee1eface716a74f8d2bbc5d94e8140407",
                "5326d679f2691f53f571340e605016447e6c2014189952a9b9043bfd9e9201a2"
            ],
            "type": "XHR",
            "firstPartyCookies": {},
            "firstPartyCookiesSent": {},