{
    "domain": "trinitymedia.ai",
    "owner": {},
    "source": [
        "DuckDuckGo-US"
    ],
    "prevalence": 0.000514,
    "sites": 76,
    "subdomains": [
        "vd"
    ],
    "cnames": [],
    "fingerprinting": 2,
    "resources": [
        {
            "rule": "trinitymedia\\.ai\\/player\\/trinity\\/2900003117\\/",
            "cookies": 0.000237,
            "fingerprinting": 0,
            "subdomains": [],
            "apis": {},
            "sites": 35,
            "prevalence": 0.000237,
            "cnames": [],
            "responseHashes": [
                "376e56ce52ca4d544f05d3a2fd993ca93fece6cb7b0e2eb57c4b9a0758b27d27",
                "6f74305fca6ccec9d8bce173effa2c81b9291d8239d77cf3909e671e6c4d83d3",
                "b04c48307ccef3ecae1039510a2379c323a86d80b067744eda4badabf1ded92e",
                "00af93b2c1d6d187af5fc629afe4b83cc3588182b909acc7b9c39fd987a76d52",
                "e08d56740c2892484e38831f4725ee7bb13f63a0243bb9d012dc4ce81a2b46fa",
                "59773a0bcae7edb7970783cb1e53fb3a9f2bcd8cf058aed50bd63457cb548d91",
                "d52016b5d52f48e42e0bf6f05b25b0f4d57a577570800f003de7c52d13a62d82",
                "eb423d3cf4b0bb4a0dbe220d73e96fafa396581b7350def51023d297d0990c1d",
                "90ac988f1e31282d8e1deba10dbed3f2eb44463e6d1b78f9e1777b29d57e6bad",
                "9153733ca53102d52fdcecd63a13c86ac600a8d2017459d7f22b74a740b7c49c",
                "3095d936f194448a1abc521a2fac976d12f576fc94f2d66c4df79fe62d669516",
                "a8912dcf91293ee0572e13a22014921ae6a4ab202b11005549f09615e7c5f816",
                "5b9224ce144c5ff3ec60fbf692e2bb08b047b878eabc171715cb9442986b6087",
                "4e5c913b2771333204941d54e58e6672f1cc1d1105762825056c8c7cc4381708",
                "a25dbcb5853e30e30da926cae71a4124345b80de7fc9c641321573d36d8526f8",
                "01e22240e178d245ebc7d125d352f7d3c312f57f317b0cf55899addb696cbd1e",
                "96425e8f2489eda15b03b8bde1fc4281df6f4264eb327cc420b9aa8e2133ba29",
                "5ed0a460d4bb12691ba4b71baf219b136091a1c49849818b341f65b9c336cbcf",
                "72996501cc08a5c3b2efdb1bd0d6801b01d1699216d8a795b944dd6dbebe1eae",
                "a12e7e65e461845a752bbff11c93f9b6d23da77da9a136630bcaa565a3709177",
                "eeb0180eec1cc3646bf3cde8b32e7da845e37e014b918f8ae74ff794e0913020",
                "aa69ddd430961aec2ed5902f43da6c744b3de2c62725ef7313f99a3df89adf92",
                "9dfb1ad459ae226decd0d706e9cca5f365e0dc4e2bd0b8c4011a02853a5df4db",
                "6f63efd2d19d0c4aeca16c79ec9bfa88df4f3875d307bead101a7a92668629c3",
                "5d60750f2be8e03dc889a4a879e0f67432f3fda4f28e13601aa2557a31c7c14c",
                "e433ff844dd2953701eda85a8660f3c7bdd56ecf9e07e3bbcf041ec913697ced",
                "a6cc2f713876dde134520a8f03584a375965647a456bb020c2637a6fe2a03e40",
                "d330349dd0f4e22139c132806130711207c7a623ddfb96eff9b8e6f15cb6c8c9",
                "1ee3c79960b28a13b1e6cda5b03ad0dd86607dcafaf5b54dc941ec2a54206a1f",
                "10808b843c33d91d6fb25e394562c8946b82a0a176bf74767715ae5b5ca8b102",
                "f3d48b360556add31f6f592181aba1cbd4a38b0e907804bde0b297dda9922c51",
                "802386d30091fd08dd2fde210d3ed0d66e18f677cee52088ca587eb3fc634de9",
                "ec115b323850fb14973e051f0b064a901a35d27480a3b1238cd20dde4a759195",
                "22f33df4a5cf7cd358d3dcdac262cd282f6fbd6b762d7d1f07b5a75e87a981fc"
            ],
            "type": "Script",
            "firstPartyCookies": {},
            "firstPartyCookiesSent": {
                "lotame_domain_check": 0.000006757943963128658
            },
            "exampleSites": [
                "buffalonews.com",
                "www.nwitimes.com",
                "www.djournal.com",
                "dailyprogress.com",
                "www.gjsentinel.com",
                "www.thetimes-tribune.com",
                "www.toronto.com",
                "tdn.com",
                "tucson.com",
                "www.johnsoncitypress.com",
                "www.yoursun.com",
                "www.bakersfield.com",
                "www.dnronline.com",
                "fredericksburg.com",
                "rapidcityjournal.com",
                "richmond.com",
                "theeagle.com",
                "www.bendbulletin.com",
                "dentonrc.com",
                "www.ktbs.com"
            ]
        },
        {
            "rule": "trinitymedia\\.ai\\/trinity-player\\/tts-player\\/20230113_481d327f0015fee88486811a7d370bfe581a5731\\/trinity-injector-script\\.js",
            "cookies": 0.000149,
            "fingerprinting": 2,
            "subdomains": [
                "vd"
            ],
            "apis": {
                "window.localStorage": 47,
                "Navigator.prototype.connection": 47,
                "window.outerWidth": 47,
                "window.innerWidth": 47,
                "window.outerHeight": 47,
                "window.innerHeight": 47,
                "Navigator.prototype.userAgent": 47,
                "Navigator.prototype.maxTouchPoints": 47,
                "Document.cookie getter": 22,
                "Document.cookie setter": 22
            },
            "sites": 47,
            "prevalence": 0.000318,
            "cnames": [],
            "responseHashes": [
                "29b6ec3c22218097f16668c70c77dd1e84386725528ce0fbf25aeb760348780d"
            ],
            "type": "Script",
            "firstPartyCookies": {
                "TRINITY_USER_DATA": {
                    "ttl": 31536008,
                    "length": 35,
                    "prevalence": 0.00014867476718883048,
                    "uniqueness": 1
                },
                "TRINITY_USER_ID": {
                    "ttl": 31536008,
                    "length": 36,
                    "prevalence": 0.00014867476718883048,
                    "uniqueness": 1
                }
            },
            "firstPartyCookiesSent": {},
            "exampleSites": [
                "rapidcityjournal.com",
                "www.gmtoday.com",
                "www.macon.com",
                "starlocalmedia.com",
                "www.thenewstribune.com",
                "www.myrtlebeachonline.com",
                "wcfcourier.com",
                "prospect.org",
                "www.johnsoncitypress.com",
                "azdailysun.com",
                "usa.nissannews.com",
                "www.bnd.com",
                "www.toronto.com",
                "journaltimes.com",
                "www.timesnews.net",
                "www.kentucky.com",
                "dailyprogress.com",
                "www.thetimes-tribune.com",
                "www.columbiamissourian.com",
                "www.djournal.com"
            ]
        },
        {
            "rule": "trinitymedia\\.ai\\/player\\/trinity-player\\.php",
            "cookies": 0.000493,
            "fingerprinting": 0,
            "subdomains": [],
            "apis": {},
            "sites": 73,
            "prevalence": 0.000493,
            "cnames": [],
            "responseHashes": [],
            "type": "Document",
            "firstPartyCookies": {},
            "firstPartyCookiesSent": {
                "TRINITY_USER_ID": 0.00023652803870950303,
                "_dor": 0.000006757943963128658,
                "realReferer": 0.000006757943963128658,
                "_li_dcdm_c": 0.000027031775852514632,
                "lotame_domain_check": 0.000013515887926257316
            },