{
    "domain": "trovo-tag.com",
    "owner": {},
    "source": [
        "DuckDuckGo-US"
    ],
    "prevalence": 0.000183,
    "sites": 27,
    "subdomains": [
        "tag"
    ],
    "cnames": [],
    "fingerprinting": 0,
    "resources": [
        {
            "rule": "trovo-tag\\.com\\/193f0456",
            "cookies": 0,
            "fingerprinting": 0,
            "subdomains": [
                "tag"
            ],
            "apis": {},
            "sites": 14,
            "prevalence": 0.0000949,
            "cnames": [],
            "responseHashes": [
                "e658d961ff77dede7f93a0ddde135a2827475bff1813903b9833385fd1bf4ff9",
                "4d8d013c1a4fd33054aada59376e027eaf7aafbb759a74de4051fc1f44d9176c",
                "6f6a1fefb29b05ca2871f67f69c4897cbfe23aa50db515fb467b3591417e5829",
                "4eeebc72ef6a21e28d2dbc1a00d1ea0edd82a3be7c673e505c3de798431f4d67",
                "82920c5c6d119978887c267720fd30a06f1a7894dd175be7ec59099f5e99ba62",
                "30a7376a388ad364f400909abbdfe72104fae9359bc85210c5750ba98d4aafd6",
                "5883d35c80d9b9487d2f0d612aef92c00a9201c9d2639c793ae7f05a0536ba3f",
                "08ba579c4cd4c5715503431a0dd190af57199f8c98d80c36f9f2b992c2fd5b00",
                "568e26f6e00d077821e41f6b85ad8794d46cbffa40f0b91488305d9d38d3f252",
                "d31df3bbbcb052cfe016bd6ddbcdf63f22dff3c5f9e6c59c96d18a0a3147d5ba",
                "271ce5779ae0f3bd8c2c677cf6d220396cff44a60d7fa566d3f0c8a27e13cb0f",
                "790c145baba5a36c11e7c295549dac078fa74309e47c4c830ecd8aafbe42c2ba",
                "f9e8684eb2924146e1f7bfdbca280898053cfcb1572df6a29b1e2ed402511520"
            ],
            "type": "Document",
            "firstPartyCookies": {},
            "firstPartyCookiesSent": {},
            "exampleSites": [
                "theepochtimes.com",
                "m-news.theepochtimes.com",
                "m.theepochtimes.com",
                "mb.ntd.com",
                "www.banyanbotanicals.com",
                "www.eotechinc.com",
                "www.libertytax.com",
                "www.massagewarehouse.com",
                "www.nashvillesmls.com",
                "www.newsmax.com",
                "www.ntd.com",
                "www.renewalbyandersen.com",
                "www.ryzesuperfoods.com",
                "www.theepochtimes.com"
            ]
        },
        {
            "rule": "trovo-tag\\.com\\/156803f7",
            "cookies": 0,
            "fingerprinting": 0,
            "subdomains": [
                "tag"
            ],
            "apis": {},
            "sites": 2,
            "prevalence": 0.0000136,
            "cnames": [],
            "responseHashes": [
                "489c3181803027078a60c354df5e83b829cd042a8d698065eb099a74be6141fa"
            ],
            "type": "Document",
            "firstPartyCookies": {},
            "firstPartyCookiesSent": {},
            "exampleSites": [
                "aimultiple.com",
                "research.aimultiple.com"
            ]
        }
    ],
    "categories": [],
    "performance": {},
    "cookies": 0,
    "topInitiators": [
        {
            "domain": "clickcertain.com",
            "prevalence": 0.9032258064516129
        },
        {
            "domain": "first party",
            "prevalence": 0.06451612903225806
        },
        {
            "domain": "googletagmanager.com",
            "prevalence": 0.03225806451612903
        }
    ],
    "types": {
        "Document": 16
    },
    "nameservers": [
        "ns-1576.awsdns-05.co.uk",
        "ns-987.awsdns-59.net",
        "ns-67.awsdns-08.com",
        "ns-1077.awsdns-06.org"
    ]
}