{
    "domain": "trueaudience.io",
    "owner": {},
    "source": [
        "DuckDuckGo-US"
    ],
    "prevalence": 0.000232,
    "sites": 28,
    "subdomains": [
        "api"
    ],
    "cnames": [],
    "fingerprinting": 0,
    "resources": [
        {
            "rule": "trueaudience\\.io\\/pagestats\\/ingest",
            "cookies": 0,
            "fingerprinting": 0,
            "subdomains": [
                "api"
            ],
            "apis": {},
            "sites": 15,
            "prevalence": 0.000124,
            "cnames": [],
            "responseHashes": [
                "4c05996498d92c3be17540cfa0de726bdb790ba238b07c797b1665bd15c1de13",
                "bd6c5e74fbbaad2212c376b2615f095133f4791a8ecfa99438ec45dcb5af18fe",
                "06d02fd481df4134a741621aaaa54485ea61aefcbd3aad8b677fbea70056a88a",
                "857f0b07c1ba8cb701a16720e7e32432c3550667ca5fa8b2d8330fb41127842f",
                "f0801e370acc345e025ce1bff53d3832be81dd56b372add1e00d302c67e75fbe",
                "fdeacb20f991d1d86704c0f41121c5f43e4fc843cf07a261e332c07ef34054ae",
                "5f1015d4e7df06000d8831615771eb311d1019088e99ba6829f23c4e15141441",
                "5811e6a2309951b2822de0fc22f0aa2440f6cf1f6699d6b8639c67127f6a3f23",
                "41103fd413c58b861898752ff5a82d4c1ca8fb91fe5815393a8443eeb25f8bad",
                "7f62cbdfcd0957c034c33ca5b51a73237da29369596616ab3c8ba55546fd680e",
                "3ab5b17b8b1de3895cd428985845f1dc27dbd55af3caedb6f8b2eb8181b7f8f2",
                "4f32cc52895c49adfe2d8c9ccb30cfa20ae416da0aaccc6d084146e110b5ca2c",
                "fa2b6af6c5715b2b79f0d9be0fe5e253fbe5a086d0412d849a2b0a99ec0710c2",
                "0ed9e26a20d9e513db5ee939a49976abc58e7264acb3556d112429580787295e"
            ],
            "type": "XHR",
            "firstPartyCookies": {},
            "firstPartyCookiesSent": {},
            "exampleSites": [
                "howstuffworks.com",
                "adventure.howstuffworks.com",
                "animals.howstuffworks.com",
                "auto.howstuffworks.com",
                "computer.howstuffworks.com",
                "electronics.howstuffworks.com",
                "entertainment.howstuffworks.com",
                "health.howstuffworks.com",
                "history.howstuffworks.com",
                "home.howstuffworks.com",
                "money.howstuffworks.com",
                "people.howstuffworks.com",
                "play.howstuffworks.com",
                "recipes.howstuffworks.com",
                "science.howstuffworks.com"
            ]
        }
    ],
    "categories": [],
    "performance": {},
    "cookies": 0,
    "topInitiators": [
        {
            "domain": "flocdn.com",
            "prevalence": 1
        }
    ],
    "types": {
        "XHR": 15
    },
    "nameservers": [
        "ns19.domaincontrol.com",
        "ns20.domaincontrol.com"
    ]
}