{
    "domain": "trustspot.io",
    "owner": {},
    "source": [
        "DuckDuckGo-US"
    ],
    "prevalence": 0.000199,
    "sites": 24,
    "subdomains": [
        "www"
    ],
    "cnames": [],
    "fingerprinting": 1,
    "resources": [
        {
            "rule": "trustspot\\.io\\/assets\\/js\\/trustspot_product_reviews\\.js",
            "cookies": 0.0000995,
            "fingerprinting": 1,
            "subdomains": [],
            "apis": {
                "window.localStorage": 12,
                "window.devicePixelRatio": 12
            },
            "sites": 12,
            "prevalence": 0.0000995,
            "cnames": [],
            "responseHashes": [
                "a04a59aa3ba8506f0a0434b03974379f52f24686194c754649ceec419d118c87"
            ],
            "type": "Script",
            "firstPartyCookies": {},
            "firstPartyCookiesSent": {},
            "exampleSites": [
                "ambientweather.com",
                "charliescustomclones.com",
                "lunacycle.com",
                "mantisx.com",
                "originmaine.com",
                "rangerpointstore.com",
                "us.aicpa.org",
                "www.aicpa.org",
                "www.bootstrapfarmer.com",
                "www.deedclaim.com",
                "www.gopowersports.com",
                "www.tytyga.com"
            ]
        },
        {
            "rule": "trustspot\\.io\\/api\\/pub\\/product_review",
            "cookies": 0.0000995,
            "fingerprinting": 0,
            "subdomains": [],
            "apis": {},
            "sites": 12,
            "prevalence": 0.0000995,
            "cnames": [],
            "responseHashes": [
                "89aa1e8869280dc14b98e39899e417992aebd401b2216cd29674afa73c17329a",
                "12602072fbd3687862498ab8a826076ae0d04728712cf9b6bd3f0068a11af6a6",
                "01483b8e4e4d5314f424487a2c7a42dbe73e7dc1e83efc65424b07e0ca451d84",
                "2a6404b95a52874b8de83c3d0070bd03902f85c6b01a8664bb45f1920c891b87",
                "5687f696775ed0998ced7c7a93f69a390376f2e5afdf720cb85ed92e058f8770",
                "ad76ca8c6f855c688345423dce14b848a73157ada0769dc202d192e992fa3a5b",
                "562171e6a8a6dd0c95a02e9254d177124ab2d4a8442ef4789df01780faca814c"
            ],
            "type": "XHR",
            "firstPartyCookies": {},
            "firstPartyCookiesSent": {},
            "exampleSites": [
                "ambientweather.com",
                "charliescustomclones.com",
                "lunacycle.com",
                "mantisx.com",
                "originmaine.com",
                "rangerpointstore.com",
                "us.aicpa.org",
                "www.aicpa.org",
                "www.bootstrapfarmer.com",
                "www.deedclaim.com",
                "www.gopowersports.com",
                "www.tytyga.com"
            ]
        },
        {
            "rule": "trustspot\\.io\\/assets\\/sources\\/fonts\\/fontawesome-pro-6\\.0\\.0-beta1-web\\/css\\/fontawesome-all\\.min\\.css",
            "cookies": 0.0000995,
            "fingerprinting": 0,
            "subdomains": [],
            "apis": {},
            "sites": 12,
            "prevalence": 0.0000995,
            "cnames": [],
            "responseHashes": [
                "7f9def8c5b2347b6483cd9bd958b8c4cc719346aa77bbc8b93ac9ad627ab794c"
            ],
            "type": "Stylesheet",
            "firstPartyCookies": {},
            "firstPartyCookiesSent": {},
            "exampleSites": [
                "ambientweather.com",
                "charliescustomclones.com",
                "lunacycle.com",
                "mantisx.com",
                "originmaine.com",
                "rangerpointstore.com",
                "us.aicpa.org",
                "www.aicpa.org",
                "www.bootstrapfarmer.com",
                "www.deedclaim.com",
                "www.gopowersports.com",
                "www.tytyga.com"
            ]
        },
        {
            "rule": "trustspot\\.io\\/assets\\/sources\\/fonts\\/proxima-nova-normal\\.woff2",
            "cookies": 0.000058,
            "fingerprinting": 0,
            "subdomains": [],
            "apis": {},
            "sites": 7,
            "prevalence": 0.000058,
            "cnames": [],
            "responseHashes": [
                "ce56797907e2eb7eb5fee528c36db7cae1ef0ea057687942e43d33750af2613f"
            ],
            "type": "Font",
            "firstPartyCookies": {},
            "firstPartyCookiesSent": {},
            "exampleSites": [
                "ambientweather.com",
                "charliescustomclones.com",
                "lunacycle.com",
                "mantisx.com",
                "rangerpointstore.com",
                "www.deedclaim.com",
                "www.tytyga.com"
            ]
        },
        {
            "rule": "trustspot\\.io\\/assets\\/sources\\/fonts\\/proxima-nova-bold\\.woff2",
            "cookies": 0.000058,
            "fingerprinting": 0,
            "subdomains": [],
            "apis": {},
            "sites": 7,
            "prevalence": 0.000058,
            "cnames": [],
            "responseHashes": [
                "48d833e5c06e6f39b3d82212d3b225975ed5f67de9ce157a87191f51389b5948"
            ],
            "type": "Font",
            "firstPartyCookies": {},
            "firstPartyCookiesSent": {},
            "exampleSites": [
                "ambientweather.com",
                "charliescustomclones.com",
                "lunacycle.com",
                "mantisx.com",
                "rangerpointstore.com",
                "www.deedclaim.com",
                "www.tytyga.com"
            ]
        },
        {
            "rule": "trustspot\\.io\\/assets\\/sources\\/fonts\\/proxima-nova-bolder\\.woff2",
            "cookies": 0.0000415,
            "fingerprinting": 0,
            "subdomains": [],
            "apis": {},
            "sites": 5,
            "prevalence": 0.0000415,
            "cnames": [],
            "responseHashes": [
                "30f5fdb1a7186acc3db0e2984e82a09b9b506ad58b2557f2bc837441d90b7da0"
            ],
            "type": "Font",
            "firstPartyCookies": {},
            "firstPartyCookiesSent": {},
            "exampleSites": [
                "ambientweather.com",
                "charliescustomclones.com",
                "mantisx.com",
                "rangerpointstore.com",
                "www.tytyga.com"
            ]
        },
        {
            "rule": "trustspot\\.io\\/assets\\/sources\\/img\\/social\\/fb\\.png",
            "cookies": 0.0000498,
            "fingerprinting": 0,
            "subdomains": [],
            "apis": {},
            "sites": 6,
            "prevalence": 0.0000498,
            "cnames": [],
            "responseHashes": [
                "6ac90acb12bed914c193d4e7f5e6626ee86b722b2f3e025ea7cf734ca9a334f6"
            ],
            "type": "Image",
            "firstPartyCookies": {},
            "firstPartyCookiesSent": {},
            "exampleSites": [
                "ambientweather.com",
                "charliescustomclones.com",
                "lunacycle.com",
                "mantisx.com",
                "rangerpointstore.com",
                "www.tytyga.com"
            ]
        },
        {
            "rule": "trustspot\\.io\\/assets\\/sources\\/img\\/social\\/tweet\\.png",
            "cookies": 0.0000498,
            "fingerprinting": 0,
            "subdomains": [],
            "apis": {},
            "sites": 6,
            "prevalence": 0.0000498,
            "cnames": [],
            "responseHashes": [
                "30f1ab00de779b9724c6bb48eddd8e0754e883f8258319086cd32d8b4bdfa299"
            ],
            "type": "Image",
            "firstPartyCookies": {},
            "firstPartyCookiesSent": {},