{
    "domain": "tubecup.net",
    "owner": {},
    "source": [
        "DuckDuckGo-US"
    ],
    "prevalence": 0.00381,
    "sites": 563,
    "subdomains": [
        "notification"
    ],
    "cnames": [],
    "fingerprinting": 0,
    "resources": [
        {
            "rule": "tubecup\\.net\\/tags",
            "cookies": 0,
            "fingerprinting": 0,
            "subdomains": [
                "notification"
            ],
            "apis": {},
            "sites": 242,
            "prevalence": 0.00164,
            "cnames": [],
            "responseHashes": [
                "9f706c8d1d69ef55914d3670e1baa8fe14f00cca161283b1be04cba59d4827d8",
                "03ea5aec47f615fb3ce9e52396b38a182f6324a152bb8ee5de0f5203f3c5a0de",
                "8edf3dd73e9ac57f8900b946e8c20c8c856a3e68ae69cc58fc6ae5529f3b18b9",
                "b8f3b0e916c4ff73d5bd75aa2164940009570714f0252c1f27b49d45d56d6496",
                "ef37f23ab9a9aef4f1b5c22b14a957bf15aa2f79d0570946527391fd1a8242fa",
                "42fb8cadf1df8f71d71b910a745741cb3c0da1bd2bfde4ec6607a21a874a4906",
                "8370bfb1ee4f07bffbeafc3df70975b914674da50c1f07978fd7e70d5a37d93e",
                "7df2e2c2f4788cd398ea1c3121b6f9a1fdcecaad0fcb1df54ab42704b41f5906",
                "91440d04726a90f422e41021e0e437e2e6a015de950068920e7dd670c0a3b50d",
                "d6195d9c30a3ffd3531f89bebbc26444f3913d453164de993a8a370e738243bb",
                "20cfe2c2eb86622ce3db1f2a94944968feb915819f73da453aa005782e035081",
                "c034a169e695f93a72907c952f31b4751fb863ffbc3333988b1d494e4a5c41d5",
                "e3b0c44298fc1c149afbf4c8996fb92427ae41e4649b934ca495991b7852b855",
                "c44679b7390c5096101822cf5364be461b908b74f58048cda9cbe4c3294735d7",
                "d747dc65b2f2f05f25f11b83a51924063d3563c01098a3d4cc67bc84d6e6dc66",
                "8fc08100b5efc610fdbe38f2ec6507cc987f1eecb4fc6b0c80118f7d6bd8cc9c",
                "113ce20ab2022f40d5b957a745c2bc4cc2481e82e0b09824fcbbcd3d96a4c00f",
                "5347253254ceea4a18d18319970088c8c032cf4d96b2ad8a755f31428bc50817",
                "966e8047ee6787bdc89194ef06ae13e27bba781e950819838b8424f3eb981ba7",
                "f3375743e13bcf20252cb93b866720defa32d610100abbf00311d6805bb40aad",
                "0ed8d44f793228ca131ac30567118922480b5660ef4bde0b7d7c3b00ae1e8b3c",
                "e9a6ffecc61f5132de15ea11e4e409ce1adb9307d329982cec24a25ef44157ee",
                "4fe5d30cc640b765cb9d4721682973e352c1245aded62c314b8e376f6469d02c",
                "2643b2392b3c73ed9ca3c772bae0f8cabdded01f746aee8e25da60513b09be5e",
                "7a30d921cdafb6d5718131fc305059b056d22642873cc60aae107319afc89b48",
                "ef944b14e83faeb6f0a20466a1cb86bf48b305fca478c1584f706b8068fdc088",
                "15c56d31b2afc37d1e63bfcaae6a6194d08c4277621a2ad5b2e17ef0bc994be2",
                "2654e594e8fff8b4ec3b18f0af6096bf3d535f561094415d3a00e605e8a3453e",
                "f95340115d5abcc342eae7987c42c242c9266c6193e6402e5100d322fd70a189",
                "c83dfb94fe6ed00b71d856cdf88febcf90206df1f6c536299374beab6e748fbe",
                "a62bfda905a02ef8442e60554283f3aa92fc415d83634e4a1026c6afd81794cb",
                "314a2038fdde4534e31b071576b6f103cf64839a3c8b310f395ae9b303606a78",
                "11988b2b05bbfd8b1a33e9660f4921f1ef1afe2e251f3c1a77c6a29596363699",
                "505194f2248f24af9a19f320f12c4d3f227b01881059d66749c54bd5ebf2e96f",
                "ffbcff3bec2c96cce2673be3affbdf8e8acd659c47ad0abb9d733da208a9f55e",
                "e2bf92dae92b1d3bb773a979f337818279b31719a00cbf282386bc1bb26f0259",
                "2350dbed61f07d9250e8801a538f224fb7cbdf83cd86b97df0defc10584727a8",
                "81119267ea6a527658baad3f0e784b25913eb6fbef393e18366ac7ce5c1358ef",
                "e97ce809e49ac5de39c8bc9e768a0d977be652caadfdb8e6e8257350de050fcc",
                "4497fa41eb0b2e16f5043276028eb4bbea652d0e814c75ae7e35f52ec2441dfd",
                "c26f509a436b295a6321ac0c87336e936a3c493d3ece9d88103cf236b64ada3d",
                "e45b1fcab8d02c1ef0099b9071e4570bd3358bdf430ae2ea94c5dc73d9cde62d",
                "8c9911aa90d9358b0f3aa0fbec7b2f52befe7d48618b4c06446016d52495bd2e",
                "8b1d36d3a7642aaf1e92e5bd29959d2bda2cb51d31cd18ba7d9ff06a73da0b2b",
                "44144a58b67afcf9efc2d603a47868425d75ecdb7e184ee6f061d2524d8c6b0d",
                "ea412fba677fe51e6c30c441249b27b5249eae33a339ed057af5cccadf4f61ff",
                "3b8472f232d3b0213146406d60f3be02a02e1aa2617b33dff56e50afd6861f98",
                "1776ae9930a2a3f203170a5670e5d51b77a2565caa10e5147beb9f928fef64e1",
                "60e77833685d29bb6f26c5520166f2d79d9dc053b3e0873ad65212317f711c8a",
                "e28c87272112b25ad46148e739f9b62ae0d140d4466568df416bd0e7102b7658",
                "6de892e9ed149417ae7eee003118cca72bc28db69e2c8289c31003bc5f12d5e5",
                "4326faa533ea640a56af889d2174118473091077eb2da485604a05f1a0d81f9c",
                "0605ec01c6873ee4e481faa7c84fe6dee9d152b3d843560f2ed0140516873105",
                "e2d1fb29a4f74a379cd3559c24e0ca180b69a6da5a7b271c5e3ef54f4ecae770",
                "d5a70f80e9de625b662c3b5b16d09adbb63a87a277e33a3763f8efa6860c5ce3",
                "13cbd0220a8973e6eae88376b327efd55e7baf9e1b29a22ff4f02e53a2a23140",
                "30c1170a015ad10bc3523c8449f393d61fe8bd3536336266f2ac1743fa9d6238",
                "d4e8d7be380eacc69b5c739cde5a79338bfbac793f8aff54384f7677a4f2776d",
                "61a80d9c30cde10a1e718611028986e208b13b93e4d53e87958db22ece80e964",
                "4c8ec4eddc1cd1623182e152e9c6d99b2adb7172222c8332f240a4097ab50079",
                "fd31e82e6b7bd262354d95d9243190670e7518a6674387e5ae822b429ca07f5f",
                "8edd7e77c204c9043fdf8b8cb0b5ea5609d82d93f51c57146e7c01a3f8015e2b",
                "16197705f96d6b4978efd02d4565371b672f5cb06f0855f2f2a350b68f4b350d",
                "7aedcf1813a6430a99de58219b460a1371e62fe3d0a094a9a4ed00159c9f72e2",
                "7207d31a97d968415f2f50f1fdb7f20bfa9f2db1bfe6a4db929ca0bd7e839d06",
                "2a07ad8bf53c6f6a400f23af7d4747761929f4eb6ff692e685a9c5a36588b108",
                "10f8ea30c628279c0d98c88c1985e7a2fd407414412b346595c1af4bc6624fbe",
                "e1e2192616159b21cf13c9106ff037b38569ed8a20e5c5dc0ecdc1712614a07b",
                "cedc1b243f11cd0ded79f94abcf0b3c5f9e673674864c02a9fac79e6169d7d46",
                "38a929cf924b96801738ec67f49d6876439d9d77179a4d5c6f9660b202263194",
                "9347a678bfffdb5551fcdd79d5f7ad96848293c3d86af84df2129ae08235dd20",
                "ffe0282b6bff50e35f9f4fecd5a9c9d852779a9fd3afdb3ae191d370a2246bce",
                "d99b67d2425777a9ca567a8ca7abe3e517d3c6c2c2ea5a044b48f4ba366cfeb2",
                "eb56ded75e3f79f9eceb73776e3b7b41fb0be2c2e713043b4336c3fb351679af",
                "b322baf6583f7bd7aef9935909b25c6788b56128e998894d087a537fee366e11",
                "064c34e4bfca987f6023da0f01dbe142d28044ec9ea95a29961db7ee18e1699c",
                "209aa609cfbf6a6076017eb676e24c2b793d4e04e3084b61eb31d132c5875db7",
                "9c312a86375b78ac68cb9080fb5f79562ec02db4fe451ff56c1379c5db2eae54",
                "d5902cd1dbd23aefb8eb4cbc7a78009198934b85682c3341c437b1d652098e18",
                "0ef78fee4638867f08c50d54102268e0877462f31e7411b3c3b6d1089c3bcf53",
                "43a39d1dac3cfaca10d9b419c9ae3100d7eadb7d0e55f2c370d8ac36250fe786",
                "73b977ac6385a279c287a9e928a29c86fca2a09c44f6555c8788613d2f1257ea",
                "d102796819cb24163d7df7a88b9265d982385a7903c180e3212b13ecde9efe50",
                "db82fa90727b132a52c4d9b9ab10c68f420f3d44853d8bf4d325766a5b474be0",
                "64f0715d7d687cccd02ee42f1f220bb6ff9b22048f1729cad9abb04f3be9bbf9",
                "213e0bd86a9122d78b9745216459d2cedd34557b2498d844f9669170c941ca4a",
                "8269795dacbeeac4700ce1c3e72c15e10112f7c8f5d498a9c731217af7100e0b",
                "f74eec63517824345a822c05a1139688312938e147336e818d51909ac5a3d8f2",
