{
    "domain": "twinrdsyn.com",
    "owner": {},
    "source": [
        "DuckDuckGo-US"
    ],
    "prevalence": 0.000196,
    "sites": 29,
    "subdomains": [
        "cdn"
    ],
    "cnames": [],
    "fingerprinting": 2,
    "resources": [
        {
            "rule": "twinrdsyn\\.com\\/Scripts\\/infinity\\.js\\.aspx",
            "cookies": 0.00000677,
            "fingerprinting": 2,
            "subdomains": [
                "cdn"
            ],
            "apis": {
                "Navigator.prototype.userAgent": 8,
                "Navigator.prototype.platform": 9,
                "window.sessionStorage": 8,
                "window.localStorage": 8,
                "Date.prototype.getTimezoneOffset": 8,
                "Navigator.prototype.mimeTypes": 8,
                "window.innerWidth": 8,
                "window.innerHeight": 8,
                "Screen.prototype.width": 8,
                "Screen.prototype.height": 8,
                "Document.cookie getter": 2,
                "Document.cookie setter": 1,
                "window.screenLeft": 1,
                "window.screenTop": 1
            },
            "sites": 10,
            "prevalence": 0.0000677,
            "cnames": [],
            "responseHashes": [
                "75f4c4401202050a3077252b36231267bab011932c449671534eae85ff648e23",
                "85abc9c4ccce7fa925139599558c8a3ffe3c236912afa331e6e114dbfab0e597",
                "3a2a4692aa24a3ca65c6c2783582fea6a2ec98d9f75d15f5001ea5544f67117a",
                "77a992f09cdb343b21b527f6e623a325ee85060792996bb497b7d9327be92a52",
                "29ff324be65c9d1ad2e9831cfce41ed9b4911365c057e6e349ddcd86056a875f",
                "d88880ef12d9f5e613dd97e8f1317e6d9eba2c3d780975b6cabbf6eb2257f43e",
                "3b269234e6f2965d1bb3285479bc3a9e1c3619682ce4e87fccece4e79586b552",
                "0d6c386c6eed2dbe65435c59948da9ac50245c217c8fe9c8fa405765ebc1a2d5"
            ],
            "type": "Script",
            "firstPartyCookies": {
                "g36FastPopSessionRequestNumber": {
                    "ttl": null,
                    "length": 1,
                    "prevalence": 0.0000067723606417488944,
                    "uniqueness": 1
                }
            },
            "firstPartyCookiesSent": {},
            "exampleSites": [
                "desibp.com",
                "javx.cc",
                "justthegays.com",
                "myhentaicomics.com",
                "myhentaigallery.com",
                "vintage-erotica-forum.com",
                "www.boobieblog.com",
                "www.nudecelebforum.com",
                "www.planetsuzy.org",
                "www.thenipslip.com"
            ]
        },
        {
            "rule": "twinrdsyn\\.com\\/Tag\\.engine",
            "cookies": 0.0000677,
            "fingerprinting": 0,
            "subdomains": [],
            "apis": {},
            "sites": 10,
            "prevalence": 0.0000677,
            "cnames": [],
            "responseHashes": [
                "9de0c22810bd6e416b0e1985491231a9b234b4e7c6207aa52a990ca7df7a5da5",
                "2ec0f610cc4b3e9132c1c5064a85e72194c0a8f1cfa056feb0b430cfa4dfd9d5",
                "42e150e73f04a79bd152e8d91068b1277807e2171a2875c28fcc88d6fb45c228",
                "ce1a33569e02046449c254181c2f6bcdd31709c05d8e4f45da9c6abfde4b1b93",
                "d0f45ae104785f3c3bf85edad40e2dbf63fe2123824138e8c3d36be6840fe941",
                "0d6012f65a18083a03f23b20bba7123b24dc3054a99b9060c28233681db5e711",
                "6c03a605fe35fa653689ac306e8c40c1f19db2e7ea814440649afba76a1260e9",
                "c78b2a8435565428963b091e768313b897b87aac4360f6db7464cec3bcfa798a",
                "a9cce944898b5d1a3fb9d56f5d63ad7529c4d19eb8f1c3765c823657fdcd689f"
            ],
            "type": "Script",
            "firstPartyCookies": {},
            "firstPartyCookiesSent": {},
            "exampleSites": [
                "desibp.com",
                "javx.cc",
                "justthegays.com",
                "myhentaicomics.com",
                "myhentaigallery.com",
                "vintage-erotica-forum.com",
                "www.boobieblog.com",
                "www.nudecelebforum.com",
                "www.planetsuzy.org",
                "www.thenipslip.com"
            ]
        },
        {
            "rule": "twinrdsyn\\.com\\/link\\.engine",
            "cookies": 0.0000406,
            "fingerprinting": 0,
            "subdomains": [],
            "apis": {},
            "sites": 6,
            "prevalence": 0.0000406,
            "cnames": [],
            "responseHashes": [],
            "type": "Document",
            "firstPartyCookies": {},
            "firstPartyCookiesSent": {},
            "exampleSites": [
                "fucks.pics",
                "hclips.com",
                "kamuktas.com",
                "nudostar.pics",
                "thatpervert.com",
                "upornia.com"
            ]
        },
        {
            "rule": "twinrdsyn\\.com\\/Redirect\\.eng",
            "cookies": 0.0000271,
            "fingerprinting": 0,
            "subdomains": [],
            "apis": {},
            "sites": 4,
            "prevalence": 0.0000271,
            "cnames": [],
            "responseHashes": [
                "be4e86378afeff3a64b583f8bfa919b40485df26d848b0f30a5c440e1a198867",
                "6886ef5ef1cc623d42a601d64dd87e881f40dc40a8b09bc41fb4893f1e867fa2"
            ],
            "type": "Document",
            "firstPartyCookies": {},
            "firstPartyCookiesSent": {},
            "exampleSites": [
                "hclips.com",
                "kamuktas.com",
                "nudostar.pics",
                "upornia.com"
            ]
        },
        {
            "rule": "twinrdsyn\\.com\\/Scripts\\/MediaScripts\\/fb\\.js",
            "cookies": 0,
            "fingerprinting": 2,
            "subdomains": [
                "cdn"
            ],
            "apis": {
                "window.localStorage": 3,
                "Navigator.prototype.userAgent": 3,
                "window.devicePixelRatio": 3,
                "window.innerHeight": 3,
                "window.innerWidth": 3,
                "HTMLMediaElement.prototype.canPlayType": 3
            },
            "sites": 3,
            "prevalence": 0.0000203,
            "cnames": [],
            "responseHashes": [
                "e4dccd9025b50d0d7d2c380c620384e4a93013ad1e086d48aabacbcc8be113fc"
            ],
            "type": "Script",
            "firstPartyCookies": {},
            "firstPartyCookiesSent": {},
            "exampleSites": [
                "vintage-erotica-forum.com",
                "www.nudecelebforum.com",
                "www.planetsuzy.org"
            ]
        },
        {
            "rule": "twinrdsyn\\.com\\/vasttag\\.engine",
            "cookies": 0.0000203,
            "fingerprinting": 0,
            "subdomains": [],
            "apis": {},
            "sites": 3,
            "prevalence": 0.0000203,
            "cnames": [],
            "responseHashes": [
                "c84fd23aec39e9cdadcfe148eb2f795bea47f74247942b0549d90b63efca39d1",
                "08d2ec5b9367ad1e806ce7c74e4d2cb27348efe822e2f9430bb2e2c76e686183"
            ],
            "type": "XHR",
            "firstPartyCookies": {},
            "firstPartyCookiesSent": {},
            "exampleSites": [
                "vintage-erotica-forum.com",
                "www.nudecelebforum.com",
                "www.planetsuzy.org"
            ]
        },
        {
            "rule": "twinrdsyn\\.com\\/track\\.eng",
            "cookies": 0,
            "fingerprinting": 0,
            "subdomains": [],
            "apis": {},
            "sites": 3,
            "prevalence": 0.0000203,
            "cnames": [],
            "responseHashes": [
                "e3b0c44298fc1c149afbf4c8996fb92427ae41e4649b934ca495991b7852b855"
            ],
            "type": "Image",