{
    "domain": "typesquare.com",
    "owner": {},
    "source": [
        "DuckDuckGo-US"
    ],
    "prevalence": 0.000122,
    "sites": 18,
    "subdomains": [
        "wf",
        "l",
        "api"
    ],
    "cnames": [],
    "fingerprinting": 1,
    "resources": [
        {
            "rule": "typesquare\\.com\\/3\\/tsst\\/script\\/ja\\/typesquare\\.js",
            "cookies": 0,
            "fingerprinting": 1,
            "subdomains": [],
            "apis": {
                "Navigator.prototype.userAgent": 7
            },
            "sites": 7,
            "prevalence": 0.0000474,
            "cnames": [],
            "responseHashes": [
                "24a148c3688d1dd5b06724c40e2f09c2aab2ce076219c8360743e73d0f542e1c",
                "633bb69e1faab0d3c6fd480d9e0d14a9865c376798dac7ea68a0bdc224abb13b",
                "3a7e40e926e910169a60e3593f5720bababd77a951b4c590cef0de33c8f81db8",
                "a2465d125b4fc19bb95f95394ac7b228cf69de2e4fa3160a7e24503cade0ec3a",
                "f99ff554b11d43db7a5ac41ed0e2dfa61ebf7aba66484fd019a365c149b2e26c",
                "fce7f69b622e3ebb08423e948fd130ae72ed57bfff6f362f060b2bae936536fa"
            ],
            "type": "Script",
            "firstPartyCookies": {},
            "firstPartyCookiesSent": {},
            "exampleSites": [
                "bandai-hobby.net",
                "mineo.jp",
                "www.city.chiba.jp",
                "www.otsuka.co.jp",
                "www.sbfoods.co.jp",
                "www.takashimaya.co.jp",
                "www.webcg.net"
            ]
        },
        {
            "rule": "typesquare\\.com\\/3\\/tsst\\/dist\\/ja\\/ts",
            "cookies": 0,
            "fingerprinting": 0,
            "subdomains": [
                "wf"
            ],
            "apis": {},
            "sites": 6,
            "prevalence": 0.0000407,
            "cnames": [],
            "responseHashes": [
                "d1d58fd2a4c4cd6687791be4ab251d0a3aafe5b51ffd57e2f1f368481e73e1f3",
                "c5fb3010da231c9c484905d17001f9367eba3aff34db279ea1c6e3e157c8fa83",
                "a05b27644ce99986ed869d5225f9c53eda06c8f1ec7564f84e68e287a7063c0f",
                "54a2f6f2d50f9623241f0f9cb4b97ac65cd3cfa72aced956694700122dc5cf50",
                "f06c51e195cc05ea739d0b60e367d528551193b146ebd4ca39bde515d8b6ccbe"
            ],
            "type": "Font",
            "firstPartyCookies": {},
            "firstPartyCookiesSent": {},
            "exampleSites": [
                "bandai-hobby.net",
                "mineo.jp",
                "www.city.chiba.jp",
                "www.otsuka.co.jp",
                "www.takashimaya.co.jp",
                "www.webcg.net"
            ]
        },
        {
            "rule": "typesquare\\.com\\/ab\\.woff",
            "cookies": 0,
            "fingerprinting": 0,
            "subdomains": [
                "wf"
            ],
            "apis": {},
            "sites": 4,
            "prevalence": 0.0000271,
            "cnames": [],
            "responseHashes": [
                "d180aa8cded0b031a66f73c7ff9da9279f6cc2b1b2d0531a19f82c566c324719"
            ],
            "type": "Font",
            "firstPartyCookies": {},
            "firstPartyCookiesSent": {},
            "exampleSites": [
                "bandai-hobby.net",
                "www.otsuka.co.jp",
                "www.takashimaya.co.jp",
                "www.webcg.net"
            ]
        },
        {
            "rule": "typesquare\\.com\\/3\\/ts\\/finish\\/ja\\/ts",
            "cookies": 0,
            "fingerprinting": 0,
            "subdomains": [
                "l",
                "api"
            ],
            "apis": {},
            "sites": 8,
            "prevalence": 0.0000542,
            "cnames": [],
            "responseHashes": [
                "e3b0c44298fc1c149afbf4c8996fb92427ae41e4649b934ca495991b7852b855"
            ],
            "type": "Fetch",
            "firstPartyCookies": {},
            "firstPartyCookiesSent": {},
            "exampleSites": [
                "bandai-hobby.net",
                "mineo.jp",
                "www.city.chiba.jp",
                "www.felissimo.co.jp",
                "www.fujifilm.com",
                "www.otsuka.co.jp",
                "www.takashimaya.co.jp",
                "www.webcg.net"
            ]
        },
        {
            "rule": "typesquare\\.com\\/accessor\\/script\\/typesquare\\.js",
            "cookies": 0,
            "fingerprinting": 1,
            "subdomains": [],
            "apis": {
                "Navigator.prototype.userAgent": 1
            },
            "sites": 2,
            "prevalence": 0.0000136,
            "cnames": [],
            "responseHashes": [
                "9ea3aacf8c17203c8ae4cc793ac5925c6b6adb0203bdb2993a1198f19ac67c39"
            ],
            "type": "Script",
            "firstPartyCookies": {},
            "firstPartyCookiesSent": {},
            "exampleSites": [
                "panasonic.jp",
                "www.clipstudio.net"
            ]
        },
        {
            "rule": "typesquare\\.com\\/3\\/tsst\\/api\\/ja\\/ts",
            "cookies": 0,
            "fingerprinting": 0,
            "subdomains": [
                "wf"
            ],
            "apis": {},
            "sites": 2,
            "prevalence": 0.0000136,
            "cnames": [],
            "responseHashes": [
                "b292f7435745aa9b1c68d0c9ba03363f454bd628fa7ac198b14f4c17a7d6a581"
            ],
            "type": "Fetch",
            "firstPartyCookies": {},
            "firstPartyCookiesSent": {},
            "exampleSites": [
                "city.chiba.jp",
                "www.city.chiba.jp"
            ]
        }
    ],
    "categories": [],
    "performance": {},
    "cookies": 0,
    "topInitiators": [
        {
            "domain": "first party",
            "prevalence": 0.8387096774193549
        },
        {
            "domain": "googlesyndication.com",
            "prevalence": 0.12903225806451613
        },
        {
            "domain": "ismcdn.jp",
            "prevalence": 0.03225806451612903
        }
    ],
    "types": {
        "Script": 9,
        "Font": 10,
        "Fetch": 10
    },
    "nameservers": [
        "ns-403.awsdns-50.com",
        "ns-666.awsdns-19.net",
        "ns-1658.awsdns-15.co.uk",
        "ns-1356.awsdns-41.org"
    ]
}