{
    "domain": "ugojjmm.cn",
    "owner": {},
    "source": [
        "DuckDuckGo-US"
    ],
    "prevalence": 0.000147,
    "sites": 19,
    "subdomains": [
        "td"
    ],
    "cnames": [],
    "fingerprinting": 3,
    "resources": [
        {
            "rule": "ugojjmm\\.cn\\/k\\/0BB38E51-0916-4385-A5C6-087EA65F56D3\\.tj",
            "cookies": 0,
            "fingerprinting": 2,
            "subdomains": [
                "td"
            ],
            "apis": {
                "Navigator.prototype.userAgent": 10,
                "HTMLCanvasElement.prototype.toDataURL": 10,
                "DeviceOrientationEvent.prototype.alpha": 10
            },
            "sites": 10,
            "prevalence": 0.0000775,
            "cnames": [],
            "responseHashes": [
                "b02101567d4f814efc19ac473e6af00257c2748eae0a8d21c52cd35199d7ac17",
                "1a3d71607459f502c7dde55c7f49816b857f358160e8efdb39f08c468131c23a",
                "264a7e04a105c24a98a20b818b4da8402e032b59005a5199a1c145868de59791",
                "aa863585e4019eeb497b414a5abcc7b4f4bfbe1b68b2bb7d21dfd4455ec7f62f",
                "e4a16c9db40c67b0ce63278eba047209664f169f44eb2b2b0799c62060ce7675",
                "2f34b729fafdf78dcb5eef62f2cce94af7b9d9e880e25f2d9c0f9fb21a0a21fa",
                "7b9bc52238cc98e4173e57eb0bc16b9fbdf1eaa8373cafe21bccc194af3514ec",
                "866fd5d7c1513d1bab779cd46ea55c2d4cf95ae8e8c37b3d83f74227148b22fa"
            ],
            "type": "Script",
            "firstPartyCookies": {},
            "firstPartyCookiesSent": {},
            "exampleSites": [
                "sexbarat.com",
                "simontok.org",
                "www-xnxx-health.com",
                "www-xnxx-xxx.com",
                "www.https-xnxx-com.com",
                "www.xv-xvideos02.com",
                "www.xvideos8.org",
                "xv-xvideos1.net",
                "xv-xvideos3.net",
                "xvideos8.org"
            ]
        },
        {
            "rule": "ugojjmm\\.cn\\/k\\/3D34FA0C-DDE0-4BE5-9401-6057C6EAAC1E\\.tj",
            "cookies": 0,
            "fingerprinting": 2,
            "subdomains": [
                "td"
            ],
            "apis": {
                "Navigator.prototype.userAgent": 10,
                "HTMLCanvasElement.prototype.toDataURL": 10,
                "DeviceOrientationEvent.prototype.alpha": 10
            },
            "sites": 10,
            "prevalence": 0.0000775,
            "cnames": [],
            "responseHashes": [
                "598d09a7d5e5f2afe61b82b8e19346f1b29fdd043311b57d727469922cc42a03",
                "0b420af2e51b08f586a89df7929bdf8a06dc46f2dc2afdc8ae8a6e980df154af",
                "a552591caa1828aff92d490a29286a7d371467a2d49682a5ec19c0c5a70b98ed",
                "7fdf896976d1ad732838d79725b8dff8bfefae127ddae24edacc6eb19782a17b",
                "1d743aa58fc2fca4157882dc57a52fb7fd7542798415c04ac3e301d47044880a",
                "a851e11b9c301c10c1216b0484446bd0c8069b29934a9074dea87d7162d40f56",
                "4ee57088feda045a44821711f35801e6307fa026f98d047cbc2eccf531e4e156",
                "0d3e4bef4145b03cd6f7ca7263d4b863a4cbf811c255112553dd96929dd235cc",
                "a6b2bb724c87ca7826910c75ad5129dac80bed8cefca6f48a707470dca65d452"
            ],
            "type": "Script",
            "firstPartyCookies": {},
            "firstPartyCookiesSent": {},
            "exampleSites": [
                "sexbarat.com",
                "simontok.org",
                "www-xnxx-health.com",
                "www-xnxx-xxx.com",
                "www.https-xnxx-com.com",
                "www.xv-xvideos02.com",
                "www.xvideos8.org",
                "xv-xvideos1.net",
                "xv-xvideos3.net",
                "xvideos8.org"
            ]
        }
    ],
    "categories": [],
    "performance": {},
    "cookies": 0,
    "topInitiators": [
        {
            "domain": "xvideos00.sbs",
            "prevalence": 1
        }
    ],
    "types": {
        "Script": 20
    },
    "nameservers": [
        "dns10.hichina.com",
        "dns9.hichina.com"
    ]
}