{
    "domain": "uidsync.net",
    "owner": {},
    "source": [
        "DuckDuckGo-US"
    ],
    "prevalence": 0.000128,
    "sites": 19,
    "subdomains": [],
    "cnames": [],
    "fingerprinting": 0,
    "resources": [
        {
            "rule": "uidsync\\.net\\/sync",
            "cookies": 0,
            "fingerprinting": 0,
            "subdomains": [],
            "apis": {},
            "sites": 12,
            "prevalence": 0.0000811,
            "cnames": [],
            "responseHashes": [],
            "type": "Preflight",
            "firstPartyCookies": {},
            "firstPartyCookiesSent": {},
            "exampleSites": [
                "auralcrave.com",
                "filehippo.com",
                "filmpalast.to",
                "rapidgator.net",
                "save-from.com",
                "soccerstreams100.io",
                "thesportsgrail.com",
                "www.ac24.cz",
                "www.faqsclear.com",
                "www.goforquiz.com",
                "www.lottopcso.com",
                "www.matamata.com"
            ]
        },
        {
            "rule": "uidsync\\.net\\/sync",
            "cookies": 0.0000743,
            "fingerprinting": 0,
            "subdomains": [],
            "apis": {},
            "sites": 12,
            "prevalence": 0.0000811,
            "cnames": [],
            "responseHashes": [
                "4e21f611eddaa3133c87d0e8c9c558a3c7305558f7f10f97e0ecf72281cb76bc",
                "0f6fe28c1cb276a6c1d0360109b4ae731a570395c01279f6afb5a8445146349c",
                "8d915dcbeab8cb061bcb057fa4bd161624372d6dc6a292755dcbda3de43fad76",
                "bd6d39d127270477083e2998677c9a7f5cc6ff617ac48d1f8c43ca3538d6143b",
                "cfdc4aaba3fe5d3e7b527391303be1a6cf0a2fc4c9b5d14de4afc5e8b7877250",
                "076f3351080e0c2fa7d2201a0fed02b500997a2a224ff490a14819091759eaad",
                "8e064ac72aeeea9e06e7f156196e4c371ae65f5073d96ad88d0e99d6675ad178",
                "d94ae0b2c75ce605185481941ec4856e800d97261455cd9f32a82d3f24d8a29c",
                "96d2e3ce19973763e88bbbfc162369004c0ec8e46b4457a6c8ee34ab63413613"
            ],
            "type": "Fetch",
            "firstPartyCookies": {},
            "firstPartyCookiesSent": {},
            "exampleSites": [
                "auralcrave.com",
                "filehippo.com",
                "filmpalast.to",
                "rapidgator.net",
                "save-from.com",
                "soccerstreams100.io",
                "thesportsgrail.com",
                "www.ac24.cz",
                "www.faqsclear.com",
                "www.goforquiz.com",
                "www.lottopcso.com",
                "www.matamata.com"
            ]
        }
    ],
    "categories": [],
    "performance": {},
    "cookies": 0.000122,
    "topInitiators": [
        {
            "domain": "push-sdk.net",
            "prevalence": 0.47368421052631576
        },
        {
            "domain": "system-notify.app",
            "prevalence": 0.3684210526315789
        },
        {
            "domain": "first party",
            "prevalence": 0.10526315789473684
        },
        {
            "domain": "datadoghq-browser-agent.com",
            "prevalence": 0.05263157894736842
        }
    ],
    "types": {
        "Preflight": 12,
        "Fetch": 12
    },
    "nameservers": [
        "aspen.ns.cloudflare.com",
        "braden.ns.cloudflare.com"
    ]
}