{
    "domain": "uidsync.net",
    "owner": {},
    "source": [
        "DuckDuckGo-US"
    ],
    "prevalence": 0.000149,
    "sites": 22,
    "subdomains": [],
    "cnames": [],
    "fingerprinting": 0,
    "resources": [
        {
            "rule": "uidsync\\.net\\/sync",
            "cookies": 0.0000678,
            "fingerprinting": 0,
            "subdomains": [],
            "apis": {},
            "sites": 11,
            "prevalence": 0.0000746,
            "cnames": [],
            "responseHashes": [
                "91070b6912f6f0b9090b2186b9952948c651d6951290cfafd427ddd235afc29b",
                "41ab0438ffb3acaf913096b2d33d6d436affe0a2486b6c758753c4531b28f8bd",
                "2696d4c4eae4cf912918ede7e1ddbff781a0284f2daea0925a5f9bb9d8b0762e",
                "ffa8974c5302cefc20362a4c7db805154500c86b3017f0428768a6499e7a838c",
                "cd6e4adae880c0b1edba93e4bc059bd1951117a334bdb2b452472197bf210f75",
                "4b3112c7b66173d2018450adfe283211086065520472353433393fde88533021",
                "4facef0f2ebb74cb507cba3d75539b77542a48516e71dd47196fc479f8603042",
                "2d5365c48131bd374d35845dc70706c4fd731cff538d5b3dcc0f796100a8db87",
                "d2e95e32b033c78bbce687c438e2aac7d3dda7877efc4accf5bc5b69e9f13786"
            ],
            "type": "Fetch",
            "firstPartyCookies": {},
            "firstPartyCookiesSent": {},
            "exampleSites": [
                "answerbun.com",
                "auralcrave.com",
                "coolrom.com",
                "en.y2mate.is",
                "filehippo.com",
                "getmodsapk.com",
                "rapidgator.net",
                "www.ac24.cz",
                "www.lottopcso.com",
                "www.mp3indirdur.mobi",
                "y2mate.is"
            ]
        },
        {
            "rule": "uidsync\\.net\\/sync",
            "cookies": 0,
            "fingerprinting": 0,
            "subdomains": [],
            "apis": {},
            "sites": 11,
            "prevalence": 0.0000746,
            "cnames": [],
            "responseHashes": [],
            "type": "Preflight",
            "firstPartyCookies": {},
            "firstPartyCookiesSent": {},
            "exampleSites": [
                "answerbun.com",
                "auralcrave.com",
                "coolrom.com",
                "en.y2mate.is",
                "filehippo.com",
                "getmodsapk.com",
                "rapidgator.net",
                "www.ac24.cz",
                "www.lottopcso.com",
                "www.mp3indirdur.mobi",
                "y2mate.is"
            ]
        }
    ],
    "categories": [],
    "performance": {},
    "cookies": 0.000136,
    "topInitiators": [
        {
            "domain": "push-sdk.net",
            "prevalence": 0.45454545454545453
        },
        {
            "domain": "system-notify.app",
            "prevalence": 0.36363636363636365
        },
        {
            "domain": "first party",
            "prevalence": 0.09090909090909091
        },
        {
            "domain": "datadoghq-browser-agent.com",
            "prevalence": 0.09090909090909091
        }
    ],
    "types": {
        "Fetch": 11,
        "Preflight": 11
    },
    "nameservers": [
        "aspen.ns.cloudflare.com",
        "braden.ns.cloudflare.com"
    ]
}