{
    "domain": "uidsync.net",
    "owner": {},
    "source": [
        "DuckDuckGo-US"
    ],
    "prevalence": 0.000207,
    "sites": 25,
    "subdomains": [],
    "cnames": [],
    "fingerprinting": 0,
    "resources": [
        {
            "rule": "uidsync\\.net\\/sync",
            "cookies": 0.0000995,
            "fingerprinting": 0,
            "subdomains": [],
            "apis": {},
            "sites": 13,
            "prevalence": 0.000108,
            "cnames": [],
            "responseHashes": [
                "65760f769bc4d31b940bda135dbfe5747808b240a210d5e326120a46ee45b7cb",
                "800ecce235055e42ec347d37239a09f10de1487d01882f9f7e596fec4d21c49c",
                "8fc40a2ed45f868395d35f82b911008ceaa691859b4c89ecdfc9b0d953d78f65",
                "29104944eaf1cab7f4a51847cf45f2185b1f411738f5460f022d14653f692b6a",
                "31a1ecc8b91b354eece159a52aa03f46f13a796a13e4c9f0b514a1b2db794116",
                "177c8681f9c88831cfd6e63905ffac34d1c65d73f01445c52e1daa44f214d3a7",
                "6903acf982bed04db8b86d27c9e56dc0fae6189f89e05c92ea8de191579f4b3d",
                "ab75a6293d434c516d7959f7829187efe8ab90b90b81e34a880082a04804cba0",
                "043782c3106131c392dbb6baa772f854c88f91f5e5b425ee3d3fc3aafbbec193",
                "041ef75ca9bb4c74adf415d6016b31d7a55c1c9d996235d2d2bbc8988341b698",
                "b2d2e607b3bf1fffe66e8162c3849a447a6790a8cb85e43d85eebc9c832b0cc4"
            ],
            "type": "Fetch",
            "firstPartyCookies": {},
            "firstPartyCookiesSent": {},
            "exampleSites": [
                "10downloader.com",
                "auralcrave.com",
                "coolrom.com",
                "en.y2mate.is",
                "filehippo.com",
                "getmodsapk.com",
                "muzmar.net",
                "philnews.ph",
                "rapidgator.net",
                "save-from.com",
                "www.hindilinks4u.autos",
                "www.lottopcso.com",
                "y2mate.is"
            ]
        },
        {
            "rule": "uidsync\\.net\\/sync",
            "cookies": 0,
            "fingerprinting": 0,
            "subdomains": [],
            "apis": {},
            "sites": 13,
            "prevalence": 0.000108,
            "cnames": [],
            "responseHashes": [],
            "type": "Preflight",
            "firstPartyCookies": {},
            "firstPartyCookiesSent": {},
            "exampleSites": [
                "10downloader.com",
                "auralcrave.com",
                "coolrom.com",
                "en.y2mate.is",
                "filehippo.com",
                "getmodsapk.com",
                "muzmar.net",
                "philnews.ph",
                "rapidgator.net",
                "save-from.com",
                "www.hindilinks4u.autos",
                "www.lottopcso.com",
                "y2mate.is"
            ]
        }
    ],
    "categories": [],
    "performance": {},
    "cookies": 0.000207,
    "topInitiators": [
        {
            "domain": "system-notify.app",
            "prevalence": 0.2962962962962963
        },
        {
            "domain": "push-sdk.net",
            "prevalence": 0.25925925925925924
        },
        {
            "domain": "push-sdk.com",
            "prevalence": 0.25925925925925924
        },
        {
            "domain": "datadoghq-browser-agent.com",
            "prevalence": 0.1111111111111111
        },
        {
            "domain": "first party",
            "prevalence": 0.07407407407407407
        }
    ],
    "types": {
        "Fetch": 13,
        "Preflight": 13
    },
    "nameservers": [
        "aspen.ns.cloudflare.com",
        "braden.ns.cloudflare.com"
    ]
}