{
    "domain": "ulmoyc.com",
    "owner": {},
    "source": [
        "DuckDuckGo-US"
    ],
    "prevalence": 0.000158,
    "sites": 19,
    "subdomains": [],
    "cnames": [],
    "fingerprinting": 2,
    "resources": [
        {
            "rule": "ulmoyc\\.com\\/v1\\/sdk\\.js",
            "cookies": 0,
            "fingerprinting": 2,
            "subdomains": [],
            "apis": {
                "window.localStorage": 10,
                "Document.cookie getter": 10,
                "Navigator.prototype.permissions": 10,
                "Navigator.prototype.userAgent": 10
            },
            "sites": 11,
            "prevalence": 0.0000912,
            "cnames": [],
            "responseHashes": [
                "56def95203abaa5546a20ea96cf2052408a1c1a6cbd6510bc13c18238ccd886d",
                "a9d3d27407bb684aaeb2ae6fbe199adb2021885e157c51b5f7c47e1949b6fd9e",
                "0a62354c852badd1cae6ef98b37457cee22495fbead4b0cac5450acbfdb9973f",
                "5cdfabe2b21cf748075872d0bf789d48a80e6e0d6d3be714d71b97ad39e36cd4",
                "a9b809dd0de98b3ee55a58b58ad7cfba4d88a37d34861264bcccd39f2aab0d1e",
                "612f383d52000747bf2f37fdc13dd313f37dd34e271417f06bc4cf5f826e2144",
                "11aacdd2e07283f6b1542094655ca95cd5976716ca3a0451c47daccc0ac92fe0",
                "56622822e8d62e29a538919aeffa2eb26436cdf21b1bc99e02e425740af7db77"
            ],
            "type": "Script",
            "firstPartyCookies": {},
            "firstPartyCookiesSent": {},
            "exampleSites": [
                "abcdef.wiki",
                "de.abcdef.wiki",
                "de.frwiki.wiki",
                "fr.abcdef.wiki",
                "homeporno.biz",
                "moodbelle.com",
                "nl.abcdef.wiki",
                "sportsmanist.com",
                "staminacomfort.com",
                "www.pornotorrent.eu",
                "xxxi.porn"
            ]
        },
        {
            "rule": "ulmoyc\\.com\\/fp\\.js",
            "cookies": 0.0000829,
            "fingerprinting": 1,
            "subdomains": [],
            "apis": {
                "window.localStorage": 10,
                "Date.prototype.getTime": 10,
                "Document.cookie setter": 10
            },
            "sites": 10,
            "prevalence": 0.0000829,
            "cnames": [],
            "responseHashes": [
                "ea4e3a4547b4206f323062ae81861bc6b37a3ea52b907a697c7d280c6313faba",
                "386152d5bb1ff3f47a755c07aa556e85ac15e6575c91d8c7ad6bcde85d18bf1b",
                "2b3f759d3e8ba99db7743a3dacd0a5f317773d0d6c3ee9cad718c9e3fa138019",
                "4e130cd1e7e07a088563cc53b78912844cae9056d270fec5488e44df275c6c28",
                "8fd85d2322b15fffdae642d91bf39872ebb0af9935e93a8ea286374f26953ed9",
                "87ee93a83f8d87abb71a518e433e48e3d4cbf3f39214b18ae83f5bcf44857825",
                "4a42d114c8ec36e388181dbb28c9f6428776141a981d01430e165cf0c987ed4e",
                "e41748f6b715fd814632c39e313c0a778c4cafde69e48f292f0ba08c25c5280e",
                "e5226679830660b787d0e394b867df9c68bb4d45f8d9d99cc0e8ba6a77dee58a"
            ],
            "type": "Script",
            "firstPartyCookies": {
                "ufp2": {
                    "ttl": 604802,
                    "length": 40,
                    "prevalence": 0.000082917364554485,
                    "uniqueness": 0.9
                }
            },
            "firstPartyCookiesSent": {},
            "exampleSites": [
                "abcdef.wiki",
                "de.abcdef.wiki",
                "de.frwiki.wiki",
                "fr.abcdef.wiki",
                "moodbelle.com",
                "nl.abcdef.wiki",
                "sportsmanist.com",
                "staminacomfort.com",
                "www.pornotorrent.eu",
                "xxxi.porn"
            ]
        }
    ],
    "categories": [],
    "performance": {},
    "cookies": 0.000141,
    "topInitiators": [
        {
            "domain": "cjvdfw.com",
            "prevalence": 1
        }
    ],
    "types": {
        "Script": 21
    },
    "nameservers": [
        "brit.ns.cloudflare.com",
        "lex.ns.cloudflare.com"
    ]
}