{
    "domain": "ulyhadchos.com",
    "owner": {},
    "source": [
        "DuckDuckGo-US"
    ],
    "prevalence": 0.00031,
    "sites": 40,
    "subdomains": [],
    "cnames": [],
    "fingerprinting": 0,
    "resources": [
        {
            "rule": "ulyhadchos\\.com\\/utx",
            "cookies": 0.000178,
            "fingerprinting": 0,
            "subdomains": [],
            "apis": {},
            "sites": 23,
            "prevalence": 0.000178,
            "cnames": [],
            "responseHashes": [
                "e3b0c44298fc1c149afbf4c8996fb92427ae41e4649b934ca495991b7852b855"
            ],
            "type": "XHR",
            "firstPartyCookies": {},
            "firstPartyCookiesSent": {},
            "exampleSites": [
                "yifysubtitles.org",
                "www.fullfamilyincest.com",
                "pornchimp.com",
                "www.allnporn.com",
                "www.tumpik.com",
                "taboo.desi",
                "thepornfull.com",
                "midget.porn",
                "thepiratebay.chat",
                "lewdzone.com",
                "m.smutty.com",
                "www.porngo.com",
                "ww2.chinababe.net",
                "dood.re",
                "wallpaperaccess.com",
                "x.nudejet.com",
                "overwatch.porn",
                "torrentv.org",
                "homemade.porn",
                "viddownloader.online"
            ]
        },
        {
            "rule": "ulyhadchos\\.com\\/floater",
            "cookies": 0.000101,
            "fingerprinting": 0,
            "subdomains": [],
            "apis": {},
            "sites": 13,
            "prevalence": 0.000101,
            "cnames": [],
            "responseHashes": [
                "af894280d2048addd63bedfba241827de559c530734202048ee492effdcde288",
                "1b7bfdc8de52030c2c87bf4db1d11f70a131e7a9cf9068d76f37413913b884fc",
                "8e8c9a1dfefefae09f3669ff83353af1df6621c03fd0e9680da2ffa6e5b90dbd",
                "a5d6ba85395ea5cb4dbdd16de2a6337ec473a4e63a54ee45b7be7c92d83ddc8e",
                "a48e32e20bed26acaf8265603224f148dc6e4f131eab19d71f2ed7dee785ebe8",
                "50cb6145e1153dd83f406f8699848cc0bd1138676b3739ad0660825155e4d97e",
                "3e536dc70e9c500acc3a4cf4919af22e83a7bc6c352e9243c83183f27d74a223",
                "2f1d7001b9f5efa365827e8ca4443549249533b65e605d778690e261cc1a6450",
                "bf650db19d8f33a0c348497677d3d1137750f8d83bd421e6e67be92008401351",
                "f918299888aaf4856d670ce0eec8faea379ae0ebefa21cb6c618c6c7c62e492d",
                "b46a4cfbf9c805bda4313f6660926bc1bf065c85852a23fe25f83a59c13ff456",
                "0b77f9551c3708896def676488269102e411503e524a88ef2bad279dc1fcfe17"
            ],
            "type": "XHR",
            "firstPartyCookies": {},
            "firstPartyCookiesSent": {},
            "exampleSites": [
                "desixflix.com",
                "homemade.porn",
                "m.smutty.com",
                "midget.porn",
                "overwatch.porn",
                "pornchimp.com",
                "taboo.desi",
                "thepornfull.com",
                "ww2.chinababe.net",
                "www.allnporn.com",
                "www.fullfamilyincest.com",
                "www.porngo.com",
                "www.tumpik.com"
            ]
        },
        {
            "rule": "ulyhadchos\\.com\\/multi",
            "cookies": 0.0000155,
            "fingerprinting": 0,
            "subdomains": [],
            "apis": {},
            "sites": 2,
            "prevalence": 0.0000155,
            "cnames": [],
            "responseHashes": [
                "88b1da2a7e1e84f83e45eeb7890aba7f63d3f0789041eba5c0fcddb1e36ffc82"
            ],
            "type": "XHR",
            "firstPartyCookies": {},
            "firstPartyCookiesSent": {},
            "exampleSites": [
                "taboo.desi",
                "www.tumpik.com"
            ]
        }
    ],
    "categories": [],
    "performance": {},
    "cookies": 0.00031,
    "topInitiators": [
        {
            "domain": "d1nubxdgom3wqt.cloudfront.net",
            "prevalence": 0.10067114093959731
        },
        {
            "domain": "d1f05vr3sjsuy7.cloudfront.net",
            "prevalence": 0.08053691275167785
        },
        {
            "domain": "dq3yxnlzwhcys.cloudfront.net",
            "prevalence": 0.08053691275167785
        },
        {
            "domain": "d18g6t7whf8ejf.cloudfront.net",
            "prevalence": 0.08053691275167785
        },
        {
            "domain": "d3bbyfw7v2aifi.cloudfront.net",
            "prevalence": 0.06711409395973154
        },
        {
            "domain": "dlrioxg1637dk.cloudfront.net",
            "prevalence": 0.06711409395973154
        },
        {
            "domain": "d10ce3z4vbhcdd.cloudfront.net",
            "prevalence": 0.053691275167785234
        },
        {
            "domain": "d1ac2du043ydir.cloudfront.net",
            "prevalence": 0.053691275167785234
        },
        {
            "domain": "d1e28xq8vu3baf.cloudfront.net",
            "prevalence": 0.053691275167785234
        },
        {
            "domain": "ds88pc0kw6cvc.cloudfront.net",
            "prevalence": 0.053691275167785234
        }
    ],
    "types": {
        "XHR": 38
    },
    "nameservers": [
        "demi.ns.cloudflare.com",
        "aiden.ns.cloudflare.com"
    ]
}