{
    "domain": "unrulyvideo.com",
    "owner": {},
    "source": [
        "DuckDuckGo-US"
    ],
    "prevalence": 0.00021,
    "sites": 31,
    "subdomains": [
        "tg1",
        "player",
        "servt"
    ],
    "cnames": [],
    "fingerprinting": 2,
    "resources": [
        {
            "rule": "unrulyvideo\\.com\\/api\\/adserver\\/spt",
            "cookies": 0,
            "fingerprinting": 1,
            "subdomains": [
                "tg1"
            ],
            "apis": {
                "Navigator.prototype.userAgent": 1,
                "Navigator.prototype.appVersion": 1
            },
            "sites": 20,
            "prevalence": 0.000136,
            "cnames": [],
            "responseHashes": [
                "abc402eefb64e8e8ce67725740f3566140139877f9d4b07fa7f1a434c5b551a6",
                "c2a435f06ba9f71edb9a8d3e4889005e8d097dfdb0646d74f1cd56e1b70c8f64",
                "5da1dd4022fc8c1bb47ff242535cd7eae36093a6df5bf0f2e0f27e2b1ec0d753",
                "fc8578cf30dace63dd68e3be7f86b2233905f91d43cc383769bdc306145727bb",
                "8fbe7db39a9876892345ec5848b76a8c936e4fe2b5f6bc908101882d1624da69",
                "1d18d4b74d54cc9a12ec189b4b2116ee6a48c50de945141bb1b93e2b00c74a12",
                "207ed1e26955186c7a495a7a95450d9a813aa41051349870c15c1fa462a1886a",
                "cb05febcba4c21b6ffcd4ff869f8bd6bca18c39b7200129894384f7256ebc7da",
                "6568b3df6d5a487c7a9cdf91f584dccd23d64d4e2af346b66ef1bd734017bf6f",
                "08742c1053178ce99c9bb6356fa723a708c27f16b5e2a9291e9138d07ec88855",
                "8eaafcaddae95a540125f9ed1fe480a77cd782ce83531ca515bf4881aff3dae5",
                "c5171d3b93e35bfdcfc9bc3b4a6bb5131c0edbafea631a4ffaeb9f7d5b10c1e0",
                "7ed8888f60d7cbac2d7b93f32f67ca6cd83463af5408ec9c38d6d88410d34d9e",
                "fb14432e808967fc0940f3293b4432b7ef3fce61d7de3293f8c77e2518384e35",
                "912bd1bba30d47e48529f2cbbbd9cefb7b18d5ee68f6a165e737ea535bbb866a"
            ],
            "type": "Script",
            "firstPartyCookies": {},
            "firstPartyCookiesSent": {},
            "exampleSites": [
                "aish.com",
                "ananweb.jp",
                "boingboing.net",
                "decider.com",
                "erecipe.woman.excite.co.jp",
                "mamastar.jp",
                "metromode.se",
                "myjitsu.jp",
                "nypost.com",
                "oceans-nadia.com",
                "pagesix.com",
                "renote.net",
                "vokka.jp",
                "www.driving.co.uk",
                "www.insidethehall.com",
                "www.irishpost.com",
                "www.key.aero",
                "www.koreaboo.com",
                "www.malaymail.com",
                "www.wideopeneats.com"
            ]
        },
        {
            "rule": "unrulyvideo\\.com\\/script\\/6\\.1\\/player\\.js",
            "cookies": 0,
            "fingerprinting": 1,
            "subdomains": [
                "player"
            ],
            "apis": {
                "Navigator.prototype.userAgent": 7,
                "window.innerHeight": 7,
                "window.innerWidth": 7
            },
            "sites": 8,
            "prevalence": 0.0000542,
            "cnames": [],
            "responseHashes": [
                "d3ecff5c6f2bdf2e425e0c0d0d53e2b7c89837e06bf85b48c65d060485cd7ece"
            ],
            "type": "Script",
            "firstPartyCookies": {},
            "firstPartyCookiesSent": {},
            "exampleSites": [
                "ananweb.jp",
                "erecipe.woman.excite.co.jp",
                "mamastar.jp",
                "metromode.se",
                "vokka.jp",
                "www.driving.co.uk",
                "www.irishpost.com",
                "www.koreaboo.com"
            ]
        },
        {
            "rule": "unrulyvideo\\.com\\/track",
            "cookies": 0,
            "fingerprinting": 0,
            "subdomains": [
                "servt"
            ],
            "apis": {},
            "sites": 16,
            "prevalence": 0.000108,
            "cnames": [],
            "responseHashes": [
                "e3b0c44298fc1c149afbf4c8996fb92427ae41e4649b934ca495991b7852b855"
            ],
            "type": "Image",
            "firstPartyCookies": {},
            "firstPartyCookiesSent": {
                "_dor": 0.000013554635346422592,
                "lotame_domain_check": 0.000006777317673211296
            },
            "exampleSites": [
                "ananweb.jp",
                "boingboing.net",
                "decider.com",
                "erecipe.woman.excite.co.jp",
                "mamastar.jp",
                "metromode.se",
                "myjitsu.jp",
                "nypost.com",
                "oceans-nadia.com",
                "renote.net",
                "vokka.jp",
                "www.driving.co.uk",
                "www.irishpost.com",
                "www.key.aero",
                "www.koreaboo.com",
                "www.wideopeneats.com"
            ]
        },
        {
            "rule": "unrulyvideo\\.com\\/script\\/6\\.1\\/AVmanager\\.js",
            "cookies": 0,
            "fingerprinting": 2,
            "subdomains": [
                "player"
            ],
            "apis": {
                "Navigator.prototype.userAgent": 6,
                "Screen.prototype.orientation": 5,
                "Navigator.prototype.appVersion": 6,
                "Navigator.prototype.vendor": 6,
                "Date.prototype.getTime": 6,
                "Navigator.prototype.language": 6,
                "window.innerHeight": 6,
                "window.innerWidth": 6,
                "Navigator.prototype.doNotTrack": 6,
                "window.localStorage": 6,
                "Screen.prototype.width": 6,
                "Screen.prototype.height": 6
            },
            "sites": 7,
            "prevalence": 0.0000474,
            "cnames": [],
            "responseHashes": [
                "2fd53d7890305d0a528d03596b9019166a139f065168035d60ed704ffb779e02"
            ],
            "type": "Script",
            "firstPartyCookies": {},
            "firstPartyCookiesSent": {},
            "exampleSites": [
                "ananweb.jp",
                "erecipe.woman.excite.co.jp",
                "mamastar.jp",
                "metromode.se",
                "vokka.jp",
                "www.driving.co.uk",
                "www.irishpost.com"
            ]
        },
        {
            "rule": "unrulyvideo\\.com\\/script\\/6\\.1\\/libs\\/prebid\\/avpb7\\.36\\.0\\.js",
            "cookies": 0.0000339,
            "fingerprinting": 2,
            "subdomains": [
                "player"
            ],
            "apis": {
                "window.sessionStorage": 6,
                "window.localStorage": 5,
                "Navigator.prototype.cookieEnabled": 5,
                "Document.cookie getter": 5,
                "Document.cookie setter": 5,
                "Date.prototype.getTime": 5,
                "NavigatorUAData.prototype.getHighEntropyValues": 5,
                "window.innerWidth": 5,
                "window.innerHeight": 5,
                "Navigator.prototype.doNotTrack": 5,
                "Navigator.prototype.userAgent": 5,
                "Navigator.prototype.language": 5
            },
            "sites": 7,
            "prevalence": 0.0000474,
            "cnames": [],
            "responseHashes": [
                "d69440f62c2f0fa5dab70a4e5201a78f51b4a2cdb7ea6ba62d56152bcc19150c"
            ],
            "type": "Script",
            "firstPartyCookies": {
                "_pbjs_userid_consent_data": {
                    "ttl": 2592008,
                    "length": 16,
                    "prevalence": 0.000033886588366056485,
                    "uniqueness": 0.2
                },