{
    "domain": "unrulyvideo.com",
    "owner": {},
    "source": [
        "DuckDuckGo-US"
    ],
    "prevalence": 0.000209,
    "sites": 31,
    "subdomains": [
        "tg1",
        "player",
        "servt"
    ],
    "cnames": [],
    "fingerprinting": 2,
    "resources": [
        {
            "rule": "unrulyvideo\\.com\\/api\\/adserver\\/spt",
            "cookies": 0,
            "fingerprinting": 1,
            "subdomains": [
                "tg1"
            ],
            "apis": {
                "Navigator.prototype.userAgent": 1,
                "Navigator.prototype.appVersion": 1
            },
            "sites": 21,
            "prevalence": 0.000142,
            "cnames": [],
            "responseHashes": [
                "31067d52935965bee7010a2af0ea0c66d30caa1d6bfe697955e193fc2827580b",
                "d148bfd2825c482a0be2a008548e0b1f2580a8448c01c3658d2c5222ccc1b18f",
                "3528d1b74cf36f508c88e868d0c4609d8ffba5340f653c833e05ae21dc56e43b",
                "58773f0891af091834ccd5eb0745b9807abad170f34103ccde479d1dbed67121",
                "5a5b492dbfcd757555491c7cc04c3a16edeea78403b7bc79bfaf8f9b9dfb0a92",
                "58567b9c618fe97a0f8d690f8d7a1c8621fe73b8a6cd0ed05bd2bf60561f7d68",
                "59030c79284a0e915114ef1f9206b5ca18c741242596cd291c821c1dc33e1b25",
                "6fbd90c4c49fee9d58e39fc1afa0938429552a760f302f6e8aab8744cd952596",
                "b707ebdaffe5d6c953bd3f61ae2a5c5abce4055243cc30b33cfe896e102d6ed5",
                "69f067c7df495ea93967f79e48cff0c4658cee25826698f8184c3fe0d491b17e",
                "da112440ad140e7cf596c42c6021cc0b505fb3e312a79b51143f1a6752bc1741",
                "7b3a809428c0010fabe62f411765ea2511e5b7f1db2591568701b9a4972e5fad",
                "e24e5be52f434f7c9e2e7e4217abcc2944cedf2603f0348b3a6ddd80137ad2b5",
                "7e5ea008245e12ddfe22f9d054bf89bb2cd29f1948cd36466ebec817b95aaeed",
                "da00fa81888c9e750dcce4e2139eb49ddadfc358069277b1706e5cd3b5283bde",
                "6f18adb17219ca545ee9ad6b69de7a538a653f3aea2ea90636083a46f6cceb06",
                "71753821a02ed88400070497fb0efe7410f8bc3264760e5866620a7c87d31050",
                "2ceb7459d95ef08a21fc4ad2ed01e8b8e1ab006f435b5520666f991ab156d0bc",
                "e0af81e597c82e264927995e20371b912c0b9b37655f16f580ed7d896b207ff1",
                "78787cbed052b1a89d63a0310544c6583218458a1597a0dd11c621be635b8bd8"
            ],
            "type": "Script",
            "firstPartyCookies": {},
            "firstPartyCookiesSent": {},
            "exampleSites": [
                "nypost.com",
                "decider.com",
                "metromode.se",
                "www.wideopeneats.com",
                "oceans-nadia.com",
                "erecipe.woman.excite.co.jp",
                "www.koreaboo.com",
                "vokka.jp",
                "renote.net",
                "www.kompasiana.com",
                "mamastar.jp",
                "ananweb.jp",
                "live.kufu.co.jp",
                "boingboing.net",
                "pagesix.com",
                "yogajournal.jp",
                "aish.com",
                "www.driving.co.uk",
                "tribunnews.com",
                "www.irishpost.com"
            ]
        },
        {
            "rule": "unrulyvideo\\.com\\/script\\/6\\.1\\/player\\.js",
            "cookies": 0,
            "fingerprinting": 1,
            "subdomains": [
                "player"
            ],
            "apis": {
                "Navigator.prototype.userAgent": 11,
                "window.innerHeight": 11,
                "window.innerWidth": 11
            },
            "sites": 12,
            "prevalence": 0.0000811,
            "cnames": [],
            "responseHashes": [
                "a21028259d19d2346b287333e66ecd1a2616f45e60d0850e3baa44913796d0c8"
            ],
            "type": "Script",
            "firstPartyCookies": {},
            "firstPartyCookiesSent": {},
            "exampleSites": [
                "tribunnews.com",
                "ananweb.jp",
                "erecipe.woman.excite.co.jp",
                "live.kufu.co.jp",
                "mamastar.jp",
                "metromode.se",
                "vokka.jp",
                "www.driving.co.uk",
                "www.irishpost.com",
                "www.kompasiana.com",
                "www.koreaboo.com",
                "yogajournal.jp"
            ]
        },
        {
            "rule": "unrulyvideo\\.com\\/track",
            "cookies": 0,
            "fingerprinting": 0,
            "subdomains": [
                "servt"
            ],
            "apis": {},
            "sites": 21,
            "prevalence": 0.000142,
            "cnames": [],
            "responseHashes": [
                "e3b0c44298fc1c149afbf4c8996fb92427ae41e4649b934ca495991b7852b855"
            ],
            "type": "Image",
            "firstPartyCookies": {},
            "firstPartyCookiesSent": {
                "_dor": 0.000020273831889385974
            },
            "exampleSites": [
                "nypost.com",
                "www.kompasiana.com",
                "oceans-nadia.com",
                "yogajournal.jp",
                "boingboing.net",
                "metromode.se",
                "ananweb.jp",
                "myjitsu.jp",
                "live.kufu.co.jp",
                "vokka.jp",
                "renote.net",
                "mamastar.jp",
                "www.irishpost.com",
                "erecipe.woman.excite.co.jp",
                "aceh.tribunnews.com",
                "www.driving.co.uk",
                "decider.com",
                "tribunnews.com",
                "www.koreaboo.com",
                "pagesix.com"
            ]
        },
        {
            "rule": "unrulyvideo\\.com\\/script\\/6\\.1\\/AVmanager\\.js",
            "cookies": 0,
            "fingerprinting": 2,
            "subdomains": [
                "player"
            ],
            "apis": {
                "Navigator.prototype.userAgent": 9,
                "Screen.prototype.orientation": 7,
                "Navigator.prototype.appVersion": 8,
                "Navigator.prototype.vendor": 8,
                "Date.prototype.getTime": 10,
                "Navigator.prototype.language": 8,
                "window.innerHeight": 10,
                "window.innerWidth": 10,
                "Navigator.prototype.doNotTrack": 8,
                "window.localStorage": 9,
                "Screen.prototype.width": 8,
                "Screen.prototype.height": 8
            },
            "sites": 10,
            "prevalence": 0.0000676,
            "cnames": [],
            "responseHashes": [
                "612af3e3b9f79a1b37a32192706a9b4cc905624ef983f9b788714802b171ea98"
            ],
            "type": "Script",
            "firstPartyCookies": {},
            "firstPartyCookiesSent": {},
            "exampleSites": [
                "tribunnews.com",
                "ananweb.jp",
                "live.kufu.co.jp",
                "metromode.se",
                "vokka.jp",
                "www.driving.co.uk",
                "www.irishpost.com",
                "www.kompasiana.com",
                "www.koreaboo.com",
                "yogajournal.jp"
            ]
        },
        {
            "rule": "unrulyvideo\\.com\\/script\\/6\\.1\\/libs\\/prebid\\/avpb7\\.12\\.0\\.js",
            "cookies": 0.0000541,
            "fingerprinting": 1,
            "subdomains": [
                "player"
            ],
            "apis": {
                "window.sessionStorage": 8,
                "Date.prototype.getTime": 8,
                "window.localStorage": 8,
                "Navigator.prototype.cookieEnabled": 8,
                "Document.cookie getter": 8,
                "Document.cookie setter": 8,
                "Navigator.prototype.userAgent": 8
            },
            "sites": 8,
            "prevalence": 0.0000541,