{
    "domain": "uplift-platform.com",
    "owner": {
        "name": "Uplift Canada Services ULC",
        "displayName": "Uplift"
    },
    "source": [
        "DuckDuckGo-US"
    ],
    "prevalence": 0.000248,
    "sites": 32,
    "subdomains": [
        "cdn",
        "www"
    ],
    "cnames": [],
    "fingerprinting": 2,
    "resources": [
        {
            "rule": "uplift-platform\\.com\\/a\\/up\\.js",
            "cookies": 0.00014,
            "fingerprinting": 2,
            "subdomains": [
                "cdn"
            ],
            "apis": {
                "Document.cookie getter": 18,
                "Navigator.prototype.appName": 18,
                "Navigator.prototype.platform": 18,
                "Navigator.prototype.userAgent": 18,
                "Date.prototype.getTime": 18,
                "Document.cookie setter": 18,
                "Screen.prototype.width": 18,
                "Screen.prototype.height": 18,
                "Screen.prototype.colorDepth": 18,
                "Navigator.prototype.javaEnabled": 18,
                "Navigator.prototype.language": 18,
                "window.localStorage": 17,
                "window.sessionStorage": 13,
                "window.innerWidth": 4,
                "window.innerHeight": 4,
                "Event.prototype.timeStamp": 1
            },
            "sites": 18,
            "prevalence": 0.00014,
            "cnames": [],
            "responseHashes": [
                "acdee214cd5851b31c9c8e80c7482e26ed1bec0d1affb5358af39a7b89a7c592",
                "0847f290a7d13b326c31d1c5081256f9cef369567305f02470a417ecc45cbff0",
                "d130a537850c39b884edde5b7540f9aceac1e39adce37def15cf7463f56bb73a",
                "677190e2917948ec70ee8fd5ef0f5138cc29e064d444ff45cf638453c2c9f604",
                "157813cce0475eb6b1f44de7535dd288d341d0ac682d0124ac807549266268c9",
                "8f87c5952e154cfb3bb166c0fda6b2d2f246392bb7ab31d88a19a901e69ce418",
                "44502d83987147d4dc8d7e654cf9ad574f25d29b90afe476572aef74ba2575dc",
                "6eadc0dbdd27893db343a19bc99b3db78bf5ef992e8166447fa45a0949754eeb",
                "fde8a24dada7590d87415488ce55cedc9e6c7014e586ced7cdb565a1e1a33550",
                "623a848514f1ea24f6e8498b3b54183c98981923f74ca5030adfc3cb2ee73515",
                "7d0510d07c07c65733f7f5f04d4783707884adae05deaa474469ec3a02f42f5b",
                "45190f13e1dcd036bbcdd958f61b81a8f74f39f8b1444988c4fc85e4e38bf411"
            ],
            "type": "Script",
            "firstPartyCookies": {
                "_up": {
                    "ttl": 63072002,
                    "length": 25,
                    "prevalence": 0.00013957491683661206,
                    "uniqueness": 1
                }
            },
            "firstPartyCookiesSent": {},
            "exampleSites": [
                "aeromexico.com",
                "booking.flyfrontier.com",
                "flights.flyfrontier.com",
                "suncountry.com",
                "www.7springs.com",
                "www.aeromexico.com",
                "www.budget.com",
                "www.carnival.com",
                "www.cruises.com",
                "www.flybreeze.com",
                "www.flyfrontier.com",
                "www.goldennugget.com",
                "www.long-mcquade.com",
                "www.redtag.ca",
                "www.selloffvacations.com",
                "www.spirit.com",
                "www.virginvoyages.com",
                "www.voeazul.com.br"
            ]
        },
        {
            "rule": "uplift-platform\\.com\\/c",
            "cookies": 0.000147,
            "fingerprinting": 0,
            "subdomains": [
                "www"
            ],
            "apis": {},
            "sites": 19,
            "prevalence": 0.000147,
            "cnames": [],
            "responseHashes": [
                "7fff1569ea68ef52782ba25b0cf3934627f7a4fc1e8e22f4652de959c5f97978"
            ],
            "type": "Image",
            "firstPartyCookies": {},
            "firstPartyCookiesSent": {
                "lotame_domain_check": 0.000007754162046478447,
                "IR_gbd": 0.000007754162046478447,
                "s_v1": 0.000007754162046478447
            },
            "exampleSites": [
                "aeromexico.com",
                "booking.flyfrontier.com",
                "flights.flyfrontier.com",
                "mobile.southwest.com",
                "suncountry.com",
                "www.7springs.com",
                "www.aeromexico.com",
                "www.budget.com",
                "www.carnival.com",
                "www.cruises.com",
                "www.flybreeze.com",
                "www.flyfrontier.com",
                "www.goldennugget.com",
                "www.long-mcquade.com",
                "www.redtag.ca",
                "www.selloffvacations.com",
                "www.spirit.com",
                "www.virginvoyages.com",
                "www.voeazul.com.br"
            ]
        },
        {
            "rule": "uplift-platform\\.com\\/c",
            "cookies": 0.0000233,
            "fingerprinting": 0,
            "subdomains": [
                "www"
            ],
            "apis": {},
            "sites": 3,
            "prevalence": 0.0000233,
            "cnames": [],
            "responseHashes": [
                "7fff1569ea68ef52782ba25b0cf3934627f7a4fc1e8e22f4652de959c5f97978"
            ],
            "type": "XHR",
            "firstPartyCookies": {},
            "firstPartyCookiesSent": {},
            "exampleSites": [
                "redtag.ca",
                "www.redtag.ca",
                "www.spirit.com"
            ]
        }
    ],
    "categories": [],
    "performance": {},
    "cookies": 0.000248,
    "topInitiators": [
        {
            "domain": "first party",
            "prevalence": 0.6153846153846154
        },
        {
            "domain": "googletagmanager.com",
            "prevalence": 0.1076923076923077
        },
        {
            "domain": "uplift.com",
            "prevalence": 0.1076923076923077
        },
        {
            "domain": "termly.io",
            "prevalence": 0.06153846153846154
        },
        {
            "domain": "optimizely.com",
            "prevalence": 0.046153846153846156
        },
        {
            "domain": "fullstory.com",
            "prevalence": 0.046153846153846156
        },
        {
            "domain": "tiqcdn.com",
            "prevalence": 0.015384615384615385
        }
    ],
    "types": {
        "Script": 18,
        "Image": 19,
        "XHR": 3
    },
    "nameservers": [
        "ns-1603.awsdns-08.co.uk",
        "ns-1108.awsdns-10.org",
        "ns-288.awsdns-36.com",
        "ns-794.awsdns-35.net"
    ]
}