{
    "domain": "uplift-platform.com",
    "owner": {
        "name": "Uplift Canada Services ULC",
        "displayName": "Uplift"
    },
    "source": [
        "DuckDuckGo-US"
    ],
    "prevalence": 0.000258,
    "sites": 38,
    "subdomains": [
        "cdn",
        "www"
    ],
    "cnames": [],
    "fingerprinting": 2,
    "resources": [
        {
            "rule": "uplift-platform\\.com\\/a\\/up\\.js",
            "cookies": 0.000156,
            "fingerprinting": 2,
            "subdomains": [
                "cdn"
            ],
            "apis": {
                "Document.cookie getter": 18,
                "Navigator.prototype.appName": 19,
                "Navigator.prototype.platform": 19,
                "Navigator.prototype.userAgent": 20,
                "Date.prototype.getTime": 21,
                "Document.cookie setter": 18,
                "Screen.prototype.width": 19,
                "Screen.prototype.height": 19,
                "Screen.prototype.colorDepth": 19,
                "Navigator.prototype.javaEnabled": 20,
                "Navigator.prototype.language": 20,
                "window.localStorage": 17,
                "window.sessionStorage": 14,
                "window.innerWidth": 5,
                "window.innerHeight": 5,
                "Event.prototype.timeStamp": 1
            },
            "sites": 23,
            "prevalence": 0.000156,
            "cnames": [],
            "responseHashes": [
                "951adb39954ac0179cdaf575392658775935a8e4ca7a94626d1844c4a18f206f",
                "3e1b7887e24a83d94da1eca0238b7503f858a878c41d9698231b878fed8d1b05",
                "84332c57ef23581a71240d289ea7c09c7bb059f7589cca3ce8d2d6c3533567e0",
                "518305f26fb407150538d38a06777267a6a86781a13dbfe4847191c36c249f6c",
                "9525331ef003af77c34020b4590a68b3b78e35c06804824adf81c9215ab319a0",
                "677190e2917948ec70ee8fd5ef0f5138cc29e064d444ff45cf638453c2c9f604",
                "4dfdcfb68e2a9d17d86f0713f268d9a6ea6b5fe520f0a9958d8702a5656a4f61",
                "8f87c5952e154cfb3bb166c0fda6b2d2f246392bb7ab31d88a19a901e69ce418",
                "fde8a24dada7590d87415488ce55cedc9e6c7014e586ced7cdb565a1e1a33550",
                "8612df5d3deb042f00ae277e8ae559cf8a969efcb40e2eaa23c2ac6396505c23",
                "00df3118d1520d157ae25b03822d98c4f7229970287930b7589bb3a3ac0d66ad",
                "501c4553fdd80ab0372520203bd16c8a551638c06cb5ffd0642b52df03e8a590"
            ],
            "type": "Script",
            "firstPartyCookies": {
                "_up": {
                    "ttl": 63072002,
                    "length": 24,
                    "prevalence": 0.00011521440044459203,
                    "uniqueness": 1
                }
            },
            "firstPartyCookiesSent": {},
            "exampleSites": [
                "www.long-mcquade.com",
                "www.goldennugget.com",
                "www.selloffvacations.com",
                "www.redtag.ca",
                "flights.volaris.com",
                "flights.flyfrontier.com",
                "www.flyfrontier.com",
                "www.aircanada.com",
                "suncountry.com",
                "www.voeazul.com.br",
                "www.virginvoyages.com",
                "www.cruises.com",
                "www.flybreeze.com",
                "www.aeromexico.com",
                "www.7springs.com",
                "www.budget.com",
                "www.aavacations.com",
                "www.carnival.com",
                "www.vegas.com",
                "aeromexico.com"
            ]
        },
        {
            "rule": "uplift-platform\\.com\\/c",
            "cookies": 0.000149,
            "fingerprinting": 0,
            "subdomains": [
                "www"
            ],
            "apis": {},
            "sites": 22,
            "prevalence": 0.000149,
            "cnames": [],
            "responseHashes": [
                "7fff1569ea68ef52782ba25b0cf3934627f7a4fc1e8e22f4652de959c5f97978"
            ],
            "type": "Image",
            "firstPartyCookies": {},
            "firstPartyCookiesSent": {
                "lotame_domain_check": 0.000006777317673211296,
                "IR_gbd": 0.000006777317673211296
            },
            "exampleSites": [
                "www.goldennugget.com",
                "www.flybreeze.com",
                "www.cruises.com",
                "booking.flyfrontier.com",
                "www.long-mcquade.com",
                "mobile.southwest.com",
                "www.aavacations.com",
                "www.redtag.ca",
                "flights.flyfrontier.com",
                "www.carnival.com",
                "www.flyfrontier.com",
                "flights.volaris.com",
                "suncountry.com",
                "www.budget.com",
                "www.spirit.com",
                "www.virginvoyages.com",
                "www.vegas.com",
                "www.7springs.com",
                "www.volaris.com",
                "www.selloffvacations.com"
            ]
        },
        {
            "rule": "uplift-platform\\.com\\/c",
            "cookies": 0.0000407,
            "fingerprinting": 0,
            "subdomains": [
                "www"
            ],
            "apis": {},
            "sites": 6,
            "prevalence": 0.0000407,
            "cnames": [],
            "responseHashes": [
                "7fff1569ea68ef52782ba25b0cf3934627f7a4fc1e8e22f4652de959c5f97978"
            ],
            "type": "XHR",
            "firstPartyCookies": {},
            "firstPartyCookiesSent": {},
            "exampleSites": [
                "7springs.com",
                "www.7springs.com",
                "www.aavacations.com",
                "www.redtag.ca",
                "www.spirit.com",
                "www.vegas.com"
            ]
        }
    ],
    "categories": [],
    "performance": {},
    "cookies": 0.000258,
    "topInitiators": [
        {
            "domain": "first party",
            "prevalence": 0.6213592233009708
        },
        {
            "domain": "uplift.com",
            "prevalence": 0.10679611650485436
        },
        {
            "domain": "airtrfx.com",
            "prevalence": 0.07766990291262135
        },
        {
            "domain": "googletagmanager.com",
            "prevalence": 0.06796116504854369
        },
        {
            "domain": "termly.io",
            "prevalence": 0.038834951456310676
        },
        {
            "domain": "optimizely.com",
            "prevalence": 0.02912621359223301
        },
        {
            "domain": "fullstory.com",
            "prevalence": 0.02912621359223301
        },
        {
            "domain": "tiqcdn.com",
            "prevalence": 0.02912621359223301
        }
    ],
    "types": {
        "Script": 23,
        "Image": 22,
        "XHR": 6
    },
    "nameservers": [
        "ns-288.awsdns-36.com",
        "ns-1108.awsdns-10.org",
        "ns-1603.awsdns-08.co.uk",
        "ns-794.awsdns-35.net"
    ]
}