{
    "domain": "userlike.com",
    "owner": {},
    "source": [
        "DuckDuckGo-US"
    ],
    "prevalence": 0.000203,
    "sites": 30,
    "subdomains": [
        "api"
    ],
    "cnames": [],
    "fingerprinting": 0,
    "resources": [
        {
            "rule": "userlike\\.com\\/api\\/um\\/chat\\/button\\/check\\/",
            "cookies": 0,
            "fingerprinting": 0,
            "subdomains": [
                "api"
            ],
            "apis": {},
            "sites": 23,
            "prevalence": 0.000156,
            "cnames": [],
            "responseHashes": [
                "67c4bea8b3adffca7d248419edad103eb43c8c2326628f538dda5c48833cac5d",
                "572fe7a8f05d6b6baae39712f1237b55266b87d2df55f95f908269c8244188ae",
                "60600668e7eee9de7265ccd97ec46bcce8c48101a060a43e411599033b7658f0",
                "b0ee0058a2c2aaa58db7ad11bc156615c540619de04efe0c4af81b67c0fed1b4",
                "2771949c633e81b5bbee6741dd45f6c09441045c0ae6238a21a0c49789db8659",
                "4b73b0fd6cc015c70ab0a9f4745214589433b9b8685b4a03dc9dabe53735659c",
                "ea5d9976494c83a89c14d40032b6d1fa02ed5ebb5f7471c98daf8c45d573c14b",
                "215488931f8a039dce07b545fa86acd8ea67ef0f284b3922e1875cb6e8a48798",
                "344bd70515162d76ffab984d76ca5f013c791322cbb219112b8064dd390e7266",
                "533edbae6c2f07fd319a5a1fb611b263d574389f79efe423a3e70ed9d6b562f0",
                "4f1802aff18dc74935bd0dcc1f531d0ed9450ee2f1cf312782fc49bd86540e40",
                "bd83161da4a9c4ac3a66979461a973ac1007587ea531f6b782b1a9f11da4760a",
                "644f0bd7116945e7e8803adddf446bfcb5a50cae5ed0df2b3291e17caa8ddbb8",
                "f4a171f4ced953eed60742390cf7c03ee728e8e90a465c897dc81c451c096d40",
                "32c059f510e168f71f52a98144129f59142c151c0b21df38e54cdf1f75456646",
                "9634449bc70a0d62770b9c707bee355edbbaba99cf7b3bd8d4bf77b4f9ea493c"
            ],
            "type": "Fetch",
            "firstPartyCookies": {},
            "firstPartyCookiesSent": {},
            "exampleSites": [
                "www.mercedes-benz.fr",
                "www.munich.travel",
                "www.thenaturalsapphirecompany.com",
                "www.mercedes-benz.es",
                "www.transa.ch",
                "www.engelbert-strauss.de",
                "www.fensterversand.com",
                "www.babyone.de",
                "apotheke.de",
                "www.boker.de",
                "www.infinitytools.com",
                "www.campingshop-24.de",
                "www.mercedes-benz.de",
                "www.baustoffshop.de",
                "www.drhauschka.de",
                "www.badewelt-sinsheim.de",
                "www.muenchen.travel",
                "www.veja-store.com",
                "www.hoffmann-group.com",
                "www.apotheke.de"
            ]
        }
    ],
    "categories": [],
    "performance": {},
    "cookies": 0,
    "topInitiators": [
        {
            "domain": "d3dc1lgancj6l0.cloudfront.net",
            "prevalence": 1
        }
    ],
    "types": {
        "Fetch": 23
    },
    "nameservers": [
        "a.myradns.net",
        "b.myradns.net",
        "c.myradns.net"
    ]
}