{
    "domain": "userlike.com",
    "owner": {},
    "source": [
        "DuckDuckGo-US"
    ],
    "prevalence": 0.000223,
    "sites": 33,
    "subdomains": [
        "api"
    ],
    "cnames": [],
    "fingerprinting": 0,
    "resources": [
        {
            "rule": "userlike\\.com\\/api\\/um\\/chat\\/button\\/check\\/",
            "cookies": 0,
            "fingerprinting": 0,
            "subdomains": [
                "api"
            ],
            "apis": {},
            "sites": 23,
            "prevalence": 0.000156,
            "cnames": [],
            "responseHashes": [
                "d21135ff4fa04035336c3b7276e69bbc2b388caa000971de4d09991bf01b3d0c",
                "fe0f420f4862d112a2b43ca3d68de850ca77f434b5b3255c383194dbfd7d0688",
                "7d30fb684b9bd9644885247d6d09ff2214cbdda5ea6bd37fbb2d6231d994dad2",
                "f54839126f5e592780eec34c10595e7e9de20fea8214acd1568952b376cda9f7",
                "646f00de42b27af5c7beceac6bd708c32f4c037c07d521baab7e6c8a7c4cc268",
                "3099f432a7c607d8ffffe88b8dc65b116ddbf0818f621ba853ecc14354506a4c",
                "ba93bd9bc4351dad42de8fd6e024266cc8caf9208a7db66bad572e013cb10f51",
                "5fdb538048e2c9f8f5dd86ee8c527f202876bdcb6e8f85d0e7a31be46274db4d",
                "49de56aa288af161ff663b2bc46201923a08452f10f6bfada3c64d464e624c38",
                "08f1179f6332b4de315465f855680c3f115cc8a278d89116956d3f32cc8c9700",
                "e39875d74115857f678f22ba0aeb58506b7749a3b4a9a79986b0f3dc5d2608f3",
                "62cb19b76638e298d8b9415d4b713e6de3cd7c1b273fb63242dcd3d1bede039e",
                "a4c18c3a6950be009429d7ba65de9213d6728d0b18710e57088e798fecde5045",
                "cf5e3dd9b8ce2a9b3ba1f3eeb49144cd93119c27e2a506a1da6ebd9f84569603",
                "a30fb4b936a6809837c39bd40cad7998c821403ba458eb80f09f79109ad583c9",
                "252a950354fc1d6de906e6138d20c5e65a218a026ef6856d76fa555ae381467c",
                "5f8c8f300402a19164660bcd0499b1086c20cdfb4d243e126cb70f21d315e58d",
                "97f3058a0d4cf072af7168195315f91b9c105da0d564d33da86bf9e3197474e5"
            ],
            "type": "Fetch",
            "firstPartyCookies": {},
            "firstPartyCookiesSent": {},
            "exampleSites": [
                "toyota.de",
                "www.veja-store.com",
                "www.baustoffshop.de",
                "www.offgridtec.com",
                "www.mercedes-benz.es",
                "www.babyone.de",
                "www.hoffmann-group.com",
                "www.wempe.com",
                "www.mercedes-benz.fr",
                "www.boker.de",
                "www.wertgarantie.de",
                "www.thenaturalsapphirecompany.com",
                "www.norma24.de",
                "www.apotheke.de",
                "www.toyota.de",
                "www.mercedes-benz.co.uk",
                "www.mercedes-benz.de",
                "www.apodiscounter.de",
                "www.hark.de",
                "www.peek-und-cloppenburg.de"
            ]
        }
    ],
    "categories": [],
    "performance": {},
    "cookies": 0,
    "topInitiators": [
        {
            "domain": "b-cdn.net",
            "prevalence": 1
        }
    ],
    "types": {
        "Fetch": 23
    },
    "nameservers": [
        "b.myradns.net",
        "c.myradns.net",
        "a.myradns.net"
    ]
}