{
    "domain": "videojs.online",
    "owner": {},
    "source": [
        "DuckDuckGo-US"
    ],
    "prevalence": 0.000102,
    "sites": 15,
    "subdomains": [
        "www",
        "tr"
    ],
    "cnames": [],
    "fingerprinting": 0,
    "resources": [
        {
            "rule": "videojs\\.online\\/api\\/ajax\\.php",
            "cookies": 0,
            "fingerprinting": 0,
            "subdomains": [
                "www",
                "tr"
            ],
            "apis": {},
            "sites": 12,
            "prevalence": 0.0000814,
            "cnames": [],
            "responseHashes": [
                "546e3a3ceae9f73fa37cd23cf816a7fcef9f7584b7f86fd61ea449219df7a42c",
                "8fbc80876a8461278e7b517771098603de47edefa61e613a2427a2d911f892b0",
                "1d457c25cd6ddb957e802ce3feec0ff7599939035bcc62d0f80425a4c354ba81",
                "d104e419a9c1d85a99d61500e98756dddb63f2c6271e269bab82716e1d8a7e44",
                "73b0fdca3870c7d533bee38e8743488b3abcea32f8e2dc65eee51391014dcc83",
                "5e140add84f8c3c74220585fad4784138d10e7c9fb1625208e4c178ff6a15256",
                "0276ed0d6b786a7e311b8155fec1a00f139c491f8992939fcce6196a00c696d6",
                "560312be79972590861afb3d678d25052a5d5b3a85e80a83f4b123146ceb496d",
                "c56ff168ec335fcbfb554b1857e0f50dae6654655b1159b11e4289708b660c0c"
            ],
            "type": "XHR",
            "firstPartyCookies": {},
            "firstPartyCookiesSent": {},
            "exampleSites": [
                "addule.info",
                "synnove.info",
                "www.alisya.info",
                "www.bernis.info",
                "www.nannie.info",
                "www.orse.info",
                "www.paraaha.info",
                "www.porngooo.com",
                "www.reeta.info",
                "www.rhoda.info",
                "www.rosalyn.info",
                "www.thomasina.info"
            ]
        },
        {
            "rule": "videojs\\.online\\/pulse\\/bWVuaWZhfGh0dHA6Ly9raXNrYW5tYXlhdnNhay5jb20vMDAwOTgwNy9pLWxvdmUtdG8tc3RpbXVsYXRlLW15LXB1c3N5LXdpdGgtbXktc2V4LXRveXMtd2hlbi1pLWFtLWhvbWUtYWxvbmUv\\.mp4",
            "cookies": 0,
            "fingerprinting": 0,
            "subdomains": [
                "www"
            ],
            "apis": {},
            "sites": 2,
            "prevalence": 0.0000136,
            "cnames": [],
            "responseHashes": [
                "157c450f85cd61157b80e27d5cf1cab4f1b5f18ff8d1929f64e5af70ed22afc9"
            ],
            "type": "Document",
            "firstPartyCookies": {},
            "firstPartyCookiesSent": {},
            "exampleSites": [
                "alisya.info",
                "www.alisya.info"
            ]
        },
        {
            "rule": "videojs\\.online\\/player\\/anBufC04ODUwNDM2\\.mp4",
            "cookies": 0,
            "fingerprinting": 0,
            "subdomains": [
                "www"
            ],
            "apis": {},
            "sites": 2,
            "prevalence": 0.0000136,
            "cnames": [],
            "responseHashes": [
                "1770518756a140a92ebe42a9eb9e3258ca534a51ddf7a94247027ce058a04d65"
            ],
            "type": "Document",
            "firstPartyCookies": {},
            "firstPartyCookiesSent": {},
            "exampleSites": [
                "bernis.info",
                "www.bernis.info"
            ]
        },
        {
            "rule": "videojs\\.online\\/public\\/dist\\/index1\\.html",
            "cookies": 0,
            "fingerprinting": 0,
            "subdomains": [
                "www"
            ],
            "apis": {},
            "sites": 4,
            "prevalence": 0.0000271,
            "cnames": [],
            "responseHashes": [
                "cdb4ee2aea69cc6a83331bbe96dc2caa9a299d21329efb0336fc02a82e1839a8"
            ],
            "type": "Document",
            "firstPartyCookies": {},
            "firstPartyCookiesSent": {},
            "exampleSites": [
                "donia.info",
                "www.donia.info",
                "www.petrina.info",
                "www.trudy.info"
            ]
        },
        {
            "rule": "videojs\\.online\\/player\\/YXpzZXhlfC14aE9aYWNC\\.mp4",
            "cookies": 0,
            "fingerprinting": 0,
            "subdomains": [
                "www"
            ],
            "apis": {},
            "sites": 2,
            "prevalence": 0.0000136,
            "cnames": [],
            "responseHashes": [
                "17d9bbd1cd0d15080ed3b56a6e1cb62628eb4fb49df0d41441876b22eea31721"
            ],
            "type": "Document",
            "firstPartyCookies": {},
            "firstPartyCookiesSent": {},
            "exampleSites": [
                "nannie.info",
                "www.nannie.info"
            ]
        },
        {
            "rule": "videojs\\.online\\/player\\/ZXJvdGlrfC14aENiczNs\\.mp4",
            "cookies": 0,
            "fingerprinting": 0,
            "subdomains": [
                "www"
            ],
            "apis": {},
            "sites": 2,
            "prevalence": 0.0000136,
            "cnames": [],
            "responseHashes": [
                "17c23f9a913865e101c7bc63f94a9176163c15c1b7e15b926c71e6a9bd868a38"
            ],
            "type": "Document",
            "firstPartyCookies": {},
            "firstPartyCookiesSent": {},
            "exampleSites": [
                "orse.info",
                "www.orse.info"
            ]
        },
        {
            "rule": "videojs\\.online\\/player\\/aGRtb2JpbHwteGgwUEtneQ==\\.mp4",
            "cookies": 0,
            "fingerprinting": 0,
            "subdomains": [
                "www"
            ],
            "apis": {},
            "sites": 2,
            "prevalence": 0.0000136,
            "cnames": [],
            "responseHashes": [
                "4cfa07606b442e1cf62f66aba12704f5fea0280f385610da02b3b920b350fc12"
            ],
            "type": "Document",
            "firstPartyCookies": {},
            "firstPartyCookiesSent": {},
            "exampleSites": [
                "rhoda.info",
                "www.rhoda.info"
            ]
        },
        {
            "rule": "videojs\\.online\\/player\\/cmF5bXVucm98LTM5MDQyNzQ=\\.mp4",
            "cookies": 0,
            "fingerprinting": 0,
            "subdomains": [
                "www"
            ],
            "apis": {},
            "sites": 2,
            "prevalence": 0.0000136,
            "cnames": [],
            "responseHashes": [
                "76345fa824908ec50fe7291706b843892eec4726f94ff25610267bf4f3a2d05f"
            ],
            "type": "Document",
            "firstPartyCookies": {},
            "firstPartyCookiesSent": {},
            "exampleSites": [
                "rosalyn.info",
                "www.rosalyn.info"
            ]
        },
        {
            "rule": "videojs\\.online\\/player\\/cHBvcm5vb3wteGhjOTA2Sg==\\.mp4",
            "cookies": 0,
            "fingerprinting": 0,
            "subdomains": [
                "www"
            ],
            "apis": {},
            "sites": 2,
            "prevalence": 0.0000136,
            "cnames": [],
            "responseHashes": [
                "ece69eec0a07b4a72dfea7c51e8f01619f9f4f688911a5909cd3f0e11162a3d5"
            ],
            "type": "Document",
            "firstPartyCookies": {},
            "firstPartyCookiesSent": {},
            "exampleSites": [
                "thomasina.info",
                "www.thomasina.info"
            ]
        }
    ],
    "categories": [],
    "performance": {},
    "cookies": 0,
    "topInitiators": [
        {
            "domain": "cloudflare.com",
            "prevalence": 0.375
        },
        {
            "domain": "first party",
            "prevalence": 0.325
        },
        {
            "domain": "tolkin.info",