{
    "domain": "vidverto.io",
    "owner": {},
    "source": [
        "DuckDuckGo-US"
    ],
    "prevalence": 0.000132,
    "sites": 17,
    "subdomains": [
        "ad",
        "cdn"
    ],
    "cnames": [],
    "fingerprinting": 2,
    "resources": [
        {
            "rule": "vidverto\\.io\\/vidverto\\/js\\/aries\\/v1\\/invocation\\.js",
            "cookies": 0,
            "fingerprinting": 1,
            "subdomains": [
                "ad"
            ],
            "apis": {
                "Screen.prototype.width": 9,
                "Screen.prototype.height": 9,
                "Navigator.prototype.languages": 7
            },
            "sites": 12,
            "prevalence": 0.000093,
            "cnames": [],
            "responseHashes": [
                "5ae2b18203325ac2876b69455e08e3eefa59a4dca46ee55b033f1fbd80b28b5b"
            ],
            "type": "Script",
            "firstPartyCookies": {},
            "firstPartyCookiesSent": {},
            "exampleSites": [
                "altibbi.com",
                "blogunik.com",
                "srbin.info",
                "thewire.in",
                "www.ac24.cz",
                "www.almasryalyoum.com",
                "www.filgoal.com",
                "www.latercera.com",
                "www.lifo.gr",
                "www.montevideo.com.uy",
                "www.pentapostagma.gr",
                "www.yallakora.com"
            ]
        },
        {
            "rule": "vidverto\\.io\\/delivery\\/impress",
            "cookies": 0.0000698,
            "fingerprinting": 0,
            "subdomains": [
                "ad"
            ],
            "apis": {},
            "sites": 9,
            "prevalence": 0.0000698,
            "cnames": [],
            "responseHashes": [
                "bcb518a7b314fc9f8d76adeafe511be44549bb909d004fc71dc2999c710cb030",
                "ad1f62a906f66abd4d63045d4b28f64fb74ad69bd9e34046e979165eab50d325",
                "e55004db76050322acbd3e2f5dce57d91f1d77c830833dbe26859b77a4f36f84",
                "e74ca0681778822617c820067e778e81112a4245807002690ff515a7628543b2",
                "99776860b52d1d66d828257961216276ae9e0cdfff601367f615337dd5b9c586",
                "91478cb4b7ba77289df00a3c6d6a51eb3844629b2c673ec8cd687c426f35897b",
                "31030ff30eb90c82fe8bb2f291e303845280448e0d9571e50456628d10841c08",
                "dede87e2abd8d34fc325780a3bed7217207753636f6409665359f74c70513ba2"
            ],
            "type": "XHR",
            "firstPartyCookies": {},
            "firstPartyCookiesSent": {
                "lotame_domain_check": 0.000015508324092956893
            },
            "exampleSites": [
                "altibbi.com",
                "blogunik.com",
                "srbin.info",
                "thewire.in",
                "www.filgoal.com",
                "www.latercera.com",
                "www.lifo.gr",
                "www.pentapostagma.gr",
                "www.yallakora.com"
            ]
        },
        {
            "rule": "vidverto\\.io\\/js\\/moxplayer\\/moxplayer\\.css",
            "cookies": 0,
            "fingerprinting": 0,
            "subdomains": [
                "ad"
            ],
            "apis": {},
            "sites": 7,
            "prevalence": 0.0000543,
            "cnames": [],
            "responseHashes": [
                "a1fc449201f61ca3ea21d70a29c7539f8bcb19be28423a4e1258e7e1e994b042"
            ],
            "type": "Stylesheet",
            "firstPartyCookies": {},
            "firstPartyCookiesSent": {},
            "exampleSites": [
                "altibbi.com",
                "thewire.in",
                "www.filgoal.com",
                "www.latercera.com",
                "www.lifo.gr",
                "www.pentapostagma.gr",
                "www.yallakora.com"
            ]
        },
        {
            "rule": "vidverto\\.io\\/js\\/ima2\\/2\\/inview\\.min\\.js",
            "cookies": 0,
            "fingerprinting": 1,
            "subdomains": [
                "ad"
            ],
            "apis": {
                "window.innerWidth": 7,
                "window.innerHeight": 7
            },
            "sites": 7,
            "prevalence": 0.0000543,
            "cnames": [],
            "responseHashes": [
                "2ebcdc45625d8bd6eb8cea62780c1128df28c86ef0e10a6369ec23c97d61d92c"
            ],
            "type": "Script",
            "firstPartyCookies": {},
            "firstPartyCookiesSent": {},
            "exampleSites": [
                "altibbi.com",
                "thewire.in",
                "www.filgoal.com",
                "www.latercera.com",
                "www.lifo.gr",
                "www.pentapostagma.gr",
                "www.yallakora.com"
            ]
        },
        {
            "rule": "vidverto\\.io\\/js\\/ima2\\/2\\/vast-client\\.min\\.js",
            "cookies": 0,
            "fingerprinting": 0,
            "subdomains": [
                "ad"
            ],
            "apis": {},
            "sites": 7,
            "prevalence": 0.0000543,
            "cnames": [],
            "responseHashes": [
                "04a436758e8992373a49eb612d5b5f54a6fe9e6b1aedab24b510411630fa99b8"
            ],
            "type": "Script",
            "firstPartyCookies": {},
            "firstPartyCookiesSent": {},
            "exampleSites": [
                "altibbi.com",
                "thewire.in",
                "www.filgoal.com",
                "www.latercera.com",
                "www.lifo.gr",
                "www.pentapostagma.gr",
                "www.yallakora.com"
            ]
        },
        {
            "rule": "vidverto\\.io\\/js\\/ima2\\/2\\/ima\\.min\\.js",
            "cookies": 0,
            "fingerprinting": 1,
            "subdomains": [
                "ad"
            ],
            "apis": {
                "Navigator.prototype.userAgent": 7,
                "window.innerWidth": 7
            },
            "sites": 7,
            "prevalence": 0.0000543,
            "cnames": [],
            "responseHashes": [
                "76f7aab784e206ad216b632a8ac2bb36e52083e014c1c6e7f43c52912b0c6371"
            ],
            "type": "Script",
            "firstPartyCookies": {},
            "firstPartyCookiesSent": {},
            "exampleSites": [
                "altibbi.com",
                "thewire.in",
                "www.filgoal.com",
                "www.latercera.com",
                "www.lifo.gr",
                "www.pentapostagma.gr",
                "www.yallakora.com"
            ]
        },
        {
            "rule": "vidverto\\.io\\/vidverto\\/player\\/vidvertoplayer\\.js",
            "cookies": 0,
            "fingerprinting": 1,
            "subdomains": [
                "ad"
            ],
            "apis": {
                "Navigator.prototype.userAgent": 7,
                "window.localStorage": 2,
                "Navigator.prototype.language": 2,
                "window.innerHeight": 2
            },
            "sites": 7,
            "prevalence": 0.0000543,
            "cnames": [],
            "responseHashes": [
                "8387013ae7c0a3cb9f15765f5b7693e4011a26d041b9109781d554ee93031bcc"
            ],
            "type": "Script",
            "firstPartyCookies": {},
            "firstPartyCookiesSent": {},
            "exampleSites": [
                "altibbi.com",
                "thewire.in",
                "www.filgoal.com",
                "www.latercera.com",
                "www.lifo.gr",
                "www.pentapostagma.gr",
                "www.yallakora.com"
            ]
        },
        {
            "rule": "vidverto\\.io\\/vidverto\\/invocation\\.min\\.css",
            "cookies": 0,
            "fingerprinting": 0,
            "subdomains": [
                "ad"
            ],
            "apis": {},
            "sites": 9,
            "prevalence": 0.0000698,
            "cnames": [],