{
    "domain": "voltaxservices.io",
    "owner": {},
    "source": [
        "DuckDuckGo-US"
    ],
    "prevalence": 0.000572,
    "sites": 69,
    "subdomains": [
        "factor-service.prod",
        "content",
        "player-selector-service.prod"
    ],
    "cnames": [],
    "fingerprinting": 0,
    "resources": [
        {
            "rule": "voltaxservices\\.io\\/factors",
            "cookies": 0.000398,
            "fingerprinting": 0,
            "subdomains": [
                "factor-service.prod"
            ],
            "apis": {},
            "sites": 49,
            "prevalence": 0.000406,
            "cnames": [],
            "responseHashes": [
                "9f7a9b5c7d2e8ed94ea783c5a34ececa6d6c6f911e32b892cebdf877969811cb",
                "18162e6e05c5d017f61f9cc4d7ceda4d25a22f1099ea00be14f4a6bebc2497cc",
                "ff8f6940ca2081cb8a22025df0c70d28212be5ba7a00dfb221631ea32301c389",
                "23064a5ca061723183c7d05828d9b77ddf76525d8e933039bfc9e3b133b34402",
                "20ca437c32c05aab8536f2aec5d7dbf68ba76c15511f7e59bf67d85edc039777",
                "ceb56da5d0150704eb711aa6133efa46741a31735ef3ae3a776939e5d52071f8",
                "fabf367d8d052756132621587ca82a8196e4eb4e49c004c0c5a1aad46b8dbe6c",
                "fa8cfb49bb04c31849fff8b41418cabfb72bdef7743586b628438da7ea88038e",
                "79bececdea426b01d11479e9cb637c920daf5eaf2102e14c6b3da1fb70302c99",
                "b8fa0bf19289dfa5313d5eb1b5cae500e5a27a3ec3bd0dcb5425788153594905",
                "916306a8d225822d2840dde4868f9e477128c2953337f998171370d0736ca135",
                "40f3891f806f68da0494698bd58ff6b14fc62b3d849ecf47b14d88bd92aa842b",
                "f074eebf0fc10107657abd20123ec916d39876ef44775ab77b5235e0c341869f",
                "52aa6ad3152928f255994a6a59869ea868aac3dbdf71a1e032e5caf7a007f732",
                "124be845f77017f4c431784eeaaa6609af3b2cf4ce0407704737eda8a0aebd66",
                "80ae889e51bfda2629dac8fe741e1be77d8302219bb0b2c650a5155ca0d81d45",
                "7f99c286bdd7918d4022a86f28cde56fc99c1eea9f28156e9f50a2ebf9aa0f69",
                "f83cf3a1a2bb679a658fe3c336bce212f1ee09021d2d497d34c8540658fed187",
                "e9b44b93e98ffde38e27e6f7ae97e9195af8f273940db944245ec59ed5a3eb37",
                "6c078a674e3527d9a8bc2fbdb6c31892f755ad7599b35cedc83b518161c88c71",
                "f56cadfed132f884af3bbd54cd1aef64e4628a73526fe53c407e4802784e14b4",
                "7c49c4005c40fc347a1f66b678bfcf8bade413c5dec00860e6af9e5b6f9d961e"
            ],
            "type": "Fetch",
            "firstPartyCookies": {},
            "firstPartyCookiesSent": {
                "_dor_AYDas9jI": 0.0000082917364554485,
                "_li_dcdm_c": 0.0001741264655644185,
                "_dor_KK6ppM73": 0.0000082917364554485,
                "_dor_ikqeTF9u": 0.0000082917364554485,
                "_dor_ZMdPN07w": 0.0000082917364554485,
                "_dor_9Q3ZNalf": 0.0000082917364554485,
                "_dor_nBOkC21D": 0.0000082917364554485,
                "_dor_HCw95UR6": 0.0000082917364554485,
                "_dor_KmZ4sre8": 0.0000082917364554485,
                "_dor_sVWt1izC": 0.0000082917364554485,
                "_dor_3KHeWgjA": 0.0000082917364554485,
                "_dor_dN85eYgc": 0.0000082917364554485,
                "_dor_rB9BHbt8": 0.0000082917364554485,
                "_dor_MP0IW1aV": 0.0000082917364554485,
                "_dor_qaiZjiyi": 0.0000082917364554485,
                "_dor_6ZoZO20W": 0.0000082917364554485,
                "_dor_N5lPImR2": 0.0000082917364554485,
                "_dor_b0k3TpFx": 0.0000082917364554485,
                "_dor_lYCVJz0c": 0.0000082917364554485,
                "_dor_pKBN4pgb": 0.0000082917364554485,
                "_dor_jO86gx6Q": 0.0000082917364554485,
                "_dor_tGPaIGqS": 0.0000082917364554485,
                "lotame_domain_check": 0.000033166945821794
            },
            "exampleSites": [
                "www.joblo.com",
                "bearswire.usatoday.com",
                "hiphopdx.com",
                "onechicagocenter.com",
                "fansided.com",
                "predominantlyorange.com",
                "draftwire.usatoday.com",
                "longhornswire.usatoday.com",
                "cardswire.usatoday.com",
                "www.sportingnews.com",
                "filmschoolrejects.com",
                "vikingswire.usatoday.com",
                "www.ringsidenews.com",
                "therookiewire.usatoday.com",
                "sixerswire.usatoday.com",
                "www.yourobserver.com",
                "hiddenremote.com",
                "www.thebiglead.com",
                "golfweek.usatoday.com",
                "buckeyeswire.usatoday.com"
            ]
        },
        {
            "rule": "voltaxservices\\.io\\/playlists\\/01ghr82gqgcx2vawy2\\/videos",
            "cookies": 0.0000995,
            "fingerprinting": 0,
            "subdomains": [
                "content"
            ],
            "apis": {},
            "sites": 12,
            "prevalence": 0.0000995,
            "cnames": [],
            "responseHashes": [
                "23ddbf3b9c06b3bff40e2aafc816f0c2b05e1357295b94f7c2ba938278958dc9",
                "979559bee02da64046f7669c5b1e8ecb67cd9bc3d2264c84f76574d43b9533aa",
                "efd508104dd7715fae4f29b0b34e3eed54ecb329dc08571949d14ddb4ae7af09",
                "07f5e717f81beec4bfa0fa37960c6fa314d98ac0e1dc103ae72cc07458f3eb47",
                "1650c2d698cb012adf0ea5ef554607f2846f3160926c51e58cd073b30c8aa71a",
                "3fc0a93bb1e3ba34d237f72c13dfc3680951c97ecd1ee5848cef562a6dd084d8",
                "8d164707bee7ae1335b7d69c0a08123e873eec1f5237fcbe3d65e31c932b3b84",
                "c0660dd22208602bbee8ab88a45f0f3922dc57be6ad9418cd7c53bfa83689ae3",
                "87e7cb2a602956123e6c12356b3f66dea82dd24df935bf79b17fe7b907750da5",
                "6299c651e703285c60f67cd363bc2704a5acd1ab88f1ed301a441085de28fdbe",
                "d1340ea3a7df285f94dcca08baf2a980ca0d97558c30013737338da70dc10c9e"
            ],
            "type": "Fetch",
            "firstPartyCookies": {},
            "firstPartyCookiesSent": {},
            "exampleSites": [
                "amazonadviser.com",
                "arrowheadaddict.com",
                "bamsmackpow.com",
                "beyondtheflag.com",
                "fansided.com",
                "foodsided.com",
                "hiddenremote.com",
                "insidetheiggles.com",
                "netflixlife.com",
                "onechicagocenter.com",
                "undeadwalking.com",
                "winteriscoming.net"
            ]
        },
        {
            "rule": "voltaxservices\\.io\\/playlists\\/01eqbw7fa4ahbvdd03\\/videos",
            "cookies": 0.0000166,
            "fingerprinting": 0,
            "subdomains": [
                "content"
            ],
            "apis": {},
            "sites": 2,
            "prevalence": 0.0000166,
            "cnames": [],
            "responseHashes": [
                "11956c1515885d39b75cd2247bb469c783e91e3a42d463efb9ccc15e5f770fd1"
            ],
            "type": "Fetch",
            "firstPartyCookies": {},
            "firstPartyCookiesSent": {
                "_dor_ikqeTF9u": 0.000016583472910897,
                "_li_dcdm_c": 0.000016583472910897
            },
            "exampleSites": [
                "usatoday.com",
                "cardswire.usatoday.com"
            ]
        },
        {
            "rule": "voltaxservices\\.io\\/playlists\\/01eqbzegwgnrje4tv2\\/videos",
            "cookies": 0.0000166,
            "fingerprinting": 0,
            "subdomains": [
                "content"
            ],
            "apis": {},
            "sites": 2,
            "prevalence": 0.0000166,
            "cnames": [],
            "responseHashes": [],
            "type": "Fetch",
            "firstPartyCookies": {},