{
    "domain": "wdsvc.net",
    "owner": {
        "name": "Wiland, Inc.",
        "displayName": "Wiland"
    },
    "source": [
        "DuckDuckGo-US"
    ],
    "prevalence": 0.000493,
    "sites": 73,
    "subdomains": [
        "tags"
    ],
    "cnames": [],
    "fingerprinting": 1,
    "resources": [
        {
            "rule": "wdsvc\\.net\\/controller\\.js",
            "cookies": 0.000196,
            "fingerprinting": 1,
            "subdomains": [
                "tags"
            ],
            "apis": {
                "Document.cookie getter": 29,
                "Date.prototype.getTime": 29,
                "Document.cookie setter": 29
            },
            "sites": 37,
            "prevalence": 0.00025,
            "cnames": [],
            "responseHashes": [
                "6085c1f74695dc5ce57d381718a0c1aac7e08aef8cbaa2a7f8d76fe883e74a4a",
                "414493de5ed7c20bd6b79f002a1656b67beea626a7f8a086eaa01469b53eecf0",
                "af66d0bdf5525fa8ea56f7805698a9c6db9a5278ed5fc088492e329f4ee354cb",
                "e8585be9e9ef78532aeeea624bfcac8a887eb2e9ba580cabe4f5d66f96093109",
                "ad286fee5a09a2df368a6afa8f998d961e3d2cdacec82af5da9e2c44b557f884",
                "fc27b432592912128652b7637edc1d2473efba46c825e741a546b7a894a4e036",
                "e3aff45003b946114b1ab516d6c8cf6931780481790bbef640dfe895991db851",
                "8f853903304cb6586629bc3eb0989f8fee71b5388bf968132ecb788742a4690e",
                "8dc99541f6cca1b834bfc0b2d0cce7ca3fdfe894c28381d5f32f3625e77dd06e",
                "371a8b3e20131d75c3088df16c5645408509c54af8457792548c20638a00f4e9",
                "0e79df0cb6ebf44ae935bb817f2635854ebe90cd3cc27fd47310f0311e6c3e24",
                "c90509612a771beb280f2e79e25e4c5fd68925b3fc5109322781cf3bffdddb40",
                "bb9bf35b41eae5b21d9e3e6fb36033949dd7db72a68a19807237ad1e08bb5933",
                "a4a51c3ea9f3bd677208a28b8aa90a86c570311bc814642751e95dad0a0f6d45",
                "10b13f916ce3da6ecad580864cf8a505e6118a628e5fa75a17f95727a3ec53f5"
            ],
            "type": "Script",
            "firstPartyCookies": {
                "wds_random": {
                    "ttl": 94608007,
                    "length": 70,
                    "prevalence": 0.00019598037493073108,
                    "uniqueness": 1
                },
                "__WDS1": {
                    "ttl": 94608007,
                    "length": 75,
                    "prevalence": 0.00019598037493073108,
                    "uniqueness": 1
                }
            },
            "firstPartyCookiesSent": {},
            "exampleSites": [
                "www.cityofhope.org",
                "www.feedingamerica.org",
                "www.woundedwarriorproject.org",
                "satruck.org",
                "www.firstthings.com",
                "www.686.com",
                "www.tpusa.com",
                "centralusa.salvationarmy.org",
                "appalachiantrail.org",
                "www.knitpicks.com",
                "www.traillink.com",
                "www.cancer.org",
                "m.humanesociety.org",
                "www.gaia.com",
                "www.savethechildren.org",
                "www.nationalparks.org",
                "taxfoundation.org",
                "www.toadandco.com",
                "www.ifcj.org",
                "www.softsurroundings.com"
            ]
        },
        {
            "rule": "wdsvc\\.net\\/container\\.js",
            "cookies": 0.000196,
            "fingerprinting": 0,
            "subdomains": [
                "tags"
            ],
            "apis": {},
            "sites": 29,
            "prevalence": 0.000196,
            "cnames": [],
            "responseHashes": [
                "6085c1f74695dc5ce57d381718a0c1aac7e08aef8cbaa2a7f8d76fe883e74a4a",
                "b97f6d9559d32ff42795bf409ce4d0b9c6379ca15be8aa14a76c086d9d8af49d",
                "414493de5ed7c20bd6b79f002a1656b67beea626a7f8a086eaa01469b53eecf0",
                "af66d0bdf5525fa8ea56f7805698a9c6db9a5278ed5fc088492e329f4ee354cb",
                "5c3c3dd398518fcd6b85bb40ec4ad9995b2e3ee75dc2e74b319ab2428d70de95",
                "864c4fe0c6f015ae2405ace55b003b321fb8918fa6dee4a1064a6c0b98394e26",
                "ad286fee5a09a2df368a6afa8f998d961e3d2cdacec82af5da9e2c44b557f884",
                "fa025c9a69f960f8daf401e9bb5252b5cb6cc9a4948bfd2b3248f4945d6edf52",
                "fc27b432592912128652b7637edc1d2473efba46c825e741a546b7a894a4e036",
                "f91b9945c41a0c7eb60747d99e8aaff79faf24653248a8cfdb390405acd2f16d",
                "accaad231cee9a6b959b909738e5dbb26fc1c7b6272e84d92f6606e107776c89",
                "e3aff45003b946114b1ab516d6c8cf6931780481790bbef640dfe895991db851",
                "8f853903304cb6586629bc3eb0989f8fee71b5388bf968132ecb788742a4690e",
                "a0feb32ecf32e363d3288370046d04b7a3955d9bf1bbe6ca337b8ab4ec9f7c68",
                "76fe7458bdec6b61a9738bcbf1a0d3926fc9f43a43d63ccc09605a17c7ce7c5f",
                "1aa28cdf8d4712262a778e20d33d870bda2af8f5dc75ee06e1fb4b8fa7a07f43",
                "6643c8fdebbccf1f636d774e99905fd01f00b89f8a4e29a38540c24475a6dbad",
                "41f610306afd4eb982e6bf314cf9096babc94782e702cd61f15938ab8d6a343b",
                "8dc99541f6cca1b834bfc0b2d0cce7ca3fdfe894c28381d5f32f3625e77dd06e",
                "371a8b3e20131d75c3088df16c5645408509c54af8457792548c20638a00f4e9",
                "0e79df0cb6ebf44ae935bb817f2635854ebe90cd3cc27fd47310f0311e6c3e24",
                "c90509612a771beb280f2e79e25e4c5fd68925b3fc5109322781cf3bffdddb40",
                "bb9bf35b41eae5b21d9e3e6fb36033949dd7db72a68a19807237ad1e08bb5933",
                "de4c78962f8b0d07c1c9ce89068b0a6dba6b1f7fe5df07d1f4c7f4bb7344f111",
                "c423b01632f02e8a52189aa2493c55d269593c5fa867a7ae8312f28599669c7f",
                "a4a51c3ea9f3bd677208a28b8aa90a86c570311bc814642751e95dad0a0f6d45",
                "f200b126415afe72a37cf205f74e4ec753951c262757de903073502314105723",
                "10b13f916ce3da6ecad580864cf8a505e6118a628e5fa75a17f95727a3ec53f5"
            ],
            "type": "Script",
            "firstPartyCookies": {},
            "firstPartyCookiesSent": {},
            "exampleSites": [
                "www.nature.org",
                "www.plough.com",
                "www.aicr.org",
                "www.cancer.org",
                "m.humanesociety.org",
                "www.ifcj.org",
                "www.botanicalinterests.com",
                "www.traillink.com",
                "centralusa.salvationarmy.org",
                "www.nationalmssociety.org",
                "www.gaia.com",
                "www.frc.org",
                "www.humanesociety.org",
                "appalachiantrail.org",
                "www.vfw.org",
                "www.alz.org",
                "www.nationalparks.org",
                "www.tpusa.com",
                "www.firstthings.com",
                "styleblueprint.com"
            ]
        },
        {
            "rule": "wdsvc\\.net\\/tpc-eval\\/",
            "cookies": 0,
            "fingerprinting": 0,
            "subdomains": [
                "tags"
            ],
            "apis": {},
            "sites": 29,
            "prevalence": 0.000196,
            "cnames": [],
            "responseHashes": [
                "b0e70b299ab9c122ad93531fa8e5309833baecd53dd55c992c538f8b33bfa22d"
            ],
            "type": "Script",
            "firstPartyCookies": {},
            "firstPartyCookiesSent": {},