{
    "domain": "wdsvc.net",
    "owner": {
        "name": "Wiland, Inc.",
        "displayName": "Wiland"
    },
    "source": [
        "DuckDuckGo-US"
    ],
    "prevalence": 0.00121,
    "sites": 12,
    "subdomains": [
        "tags"
    ],
    "cnames": [],
    "fingerprinting": 1,
    "resources": [
        {
            "rule": "wdsvc\\.net\\/controller\\.js",
            "cookies": 0.00101,
            "fingerprinting": 1,
            "subdomains": [
                "tags"
            ],
            "apis": {
                "Document.cookie getter": 10,
                "Date.prototype.getTime": 9,
                "Document.cookie setter": 9
            },
            "sites": 11,
            "prevalence": 0.00111,
            "cnames": [],
            "responseHashes": [
                "14baa4c348733f00def7c463954af79eb7bb2acb38e5165a5520ab1fd56c8e18",
                "66109244aea447841aba106f2c7e7d490af4e2f6d40c899d9e0b5c42d63bf52d",
                "ab3b5806b6612192a71c3269a8646f97e5d68f0e0238f0e93afa9ce90b409063",
                "a11c284b209e9ca5251573cc524ef200ba52c7c65faab3dcaf688d7069d4491b",
                "e8585be9e9ef78532aeeea624bfcac8a887eb2e9ba580cabe4f5d66f96093109",
                "8eb12fd827a87439058281542cbf4d3c974a0e2edbf91fee9bccc905dbbf87a5",
                "5a7d92dd739192d85de597c6396c64928209e5eddfc845c8dab3dab779ade6be",
                "e44e05fa41d70c04fc14290919a02225211b6612a172332d01afda490ff78e1a",
                "2b5b0b4377850ecc2cfcadeb1b8154180598a54c4e5f277bd7a53377b05c8d46"
            ],
            "type": "Script",
            "firstPartyCookies": {
                "wds_random": {
                    "ttl": 94608005,
                    "length": 70,
                    "prevalence": 0.000906253146712315,
                    "uniqueness": 1
                },
                "__WDS1": {
                    "ttl": 94608005,
                    "length": 75,
                    "prevalence": 0.000906253146712315,
                    "uniqueness": 1
                }
            },
            "firstPartyCookiesSent": {},
            "exampleSites": [
                "theepochtimes.com",
                "taxfoundation.org",
                "www.alz.org",
                "www.cancer.org",
                "www.focusonthefamily.com",
                "www.gaia.com",
                "www.minted.com",
                "www.nature.org",
                "www.ncregister.com",
                "www.theepochtimes.com",
                "www.traillink.com"
            ]
        },
        {
            "rule": "wdsvc\\.net\\/container\\.js",
            "cookies": 0.00101,
            "fingerprinting": 0,
            "subdomains": [
                "tags"
            ],
            "apis": {},
            "sites": 11,
            "prevalence": 0.00111,
            "cnames": [],
            "responseHashes": [
                "14baa4c348733f00def7c463954af79eb7bb2acb38e5165a5520ab1fd56c8e18",
                "66109244aea447841aba106f2c7e7d490af4e2f6d40c899d9e0b5c42d63bf52d",
                "9607e8c0833608f126894b545a6763b63122e14146670137413510b6b0fa5641",
                "ab3b5806b6612192a71c3269a8646f97e5d68f0e0238f0e93afa9ce90b409063",
                "a11c284b209e9ca5251573cc524ef200ba52c7c65faab3dcaf688d7069d4491b",
                "8eb12fd827a87439058281542cbf4d3c974a0e2edbf91fee9bccc905dbbf87a5",
                "5a7d92dd739192d85de597c6396c64928209e5eddfc845c8dab3dab779ade6be",
                "e44e05fa41d70c04fc14290919a02225211b6612a172332d01afda490ff78e1a",
                "2b5b0b4377850ecc2cfcadeb1b8154180598a54c4e5f277bd7a53377b05c8d46"
            ],
            "type": "Script",
            "firstPartyCookies": {},
            "firstPartyCookiesSent": {},
            "exampleSites": [
                "theepochtimes.com",
                "taxfoundation.org",
                "www.alz.org",
                "www.cancer.org",
                "www.focusonthefamily.com",
                "www.gaia.com",
                "www.nature.org",
                "www.ncregister.com",
                "www.theepochtimes.com",
                "www.traillink.com",
                "www.washingtonexaminer.com"
            ]
        },
        {
            "rule": "wdsvc\\.net\\/tpc-eval\\/",
            "cookies": 0,
            "fingerprinting": 0,
            "subdomains": [
                "tags"
            ],
            "apis": {},
            "sites": 10,
            "prevalence": 0.00101,
            "cnames": [],
            "responseHashes": [
                "b0e70b299ab9c122ad93531fa8e5309833baecd53dd55c992c538f8b33bfa22d",
                "71c724040dea96e6e54fb233577d0c6124903c314d0ae550cecc9556d7ac54b6"
            ],
            "type": "Script",
            "firstPartyCookies": {},
            "firstPartyCookiesSent": {},
            "exampleSites": [
                "theepochtimes.com",
                "taxfoundation.org",
                "www.alz.org",
                "www.cancer.org",
                "www.focusonthefamily.com",
                "www.gaia.com",
                "www.nature.org",
                "www.ncregister.com",
                "www.theepochtimes.com",
                "www.traillink.com"
            ]
        },
        {
            "rule": "wdsvc\\.net\\/post-log",
            "cookies": 0.000906,
            "fingerprinting": 0,
            "subdomains": [
                "tags"
            ],
            "apis": {},
            "sites": 9,
            "prevalence": 0.000906,
            "cnames": [],
            "responseHashes": [
                "e3b0c44298fc1c149afbf4c8996fb92427ae41e4649b934ca495991b7852b855"
            ],
            "type": "XHR",
            "firstPartyCookies": {},
            "firstPartyCookiesSent": {},
            "exampleSites": [
                "theepochtimes.com",
                "taxfoundation.org",
                "www.alz.org",
                "www.focusonthefamily.com",
                "www.gaia.com",
                "www.nature.org",
                "www.ncregister.com",
                "www.theepochtimes.com",
                "www.traillink.com"
            ]
        }
    ],
    "categories": [],
    "performance": {},
    "cookies": 0.00101,
    "topInitiators": [
        {
            "domain": "googletagmanager.com",
            "prevalence": 0.7083333333333334
        },
        {
            "domain": "first party",
            "prevalence": 0.16666666666666666
        },
        {
            "domain": "tiqcdn.com",
            "prevalence": 0.08333333333333333
        },
        {
            "domain": "btstatic.com",
            "prevalence": 0.041666666666666664
        }
    ],
    "types": {
        "Script": 32,
        "XHR": 9
    },
    "nameservers": [
        "ns-2024.awsdns-61.co.uk",
        "ns-629.awsdns-14.net",
        "ns-1491.awsdns-58.org",
        "ns-457.awsdns-57.com"
    ]
}