{
    "domain": "webengage.co",
    "owner": {
        "name": "Webklipper Technologies Pvt Ltd",
        "displayName": "Webklipper"
    },
    "source": [
        "DuckDuckGo-US"
    ],
    "prevalence": 0.000454,
    "sites": 67,
    "subdomains": [
        "z71681296",
        "z716804c9",
        "8261785d",
        "z2024b299",
        "8261829c",
        "z7167db54",
        "82617822",
        "z13410604b",
        "zc2ab2851",
        "z716804c5",
        "z47b66064",
        "14507c905",
        "58add7aa",
        "11b5648c1",
        "zc2ab272a",
        "311c48c7",
        "z9919893c",
        "z47b66864",
        "zc2ab2dd0",
        "z991996a2",
        "z134105a60",
        "z47b65873",
        "311c47d7",
        "58adc5c7",
        "14507c325",
        "311c56b5",
        "11b56488d",
        "z10a5cabbb",
        "58addc52",
        "z716800b0",
        "inzd3a49c4d.in",
        "inz76aa392.in",
        "inzz99199192.in",
        "inzz15ba205db.in",
        "inzz99199068.in",
        "inzd3a49c51.in",
        "inzz71680a95.in",
        "inzd3a49cb0.in"
    ],
    "cnames": [],
    "fingerprinting": 1,
    "resources": [
        {
            "rule": "webengage\\.co\\/storage-frame-1\\.18\\.htm",
            "cookies": 0,
            "fingerprinting": 1,
            "subdomains": [
                "z71681296",
                "z716804c9",
                "8261785d",
                "z2024b299",
                "8261829c",
                "z7167db54",
                "82617822",
                "z13410604b",
                "zc2ab2851",
                "z716804c5",
                "z47b66064",
                "14507c905",
                "58add7aa",
                "11b5648c1",
                "zc2ab272a",
                "311c48c7",
                "z9919893c",
                "z47b66864",
                "zc2ab2dd0",
                "z991996a2",
                "z134105a60",
                "z47b65873",
                "311c47d7",
                "58adc5c7",
                "14507c325",
                "311c56b5",
                "11b56488d",
                "z10a5cabbb",
                "58addc52",
                "z716800b0"
            ],
            "apis": {
                "window.localStorage": 27
            },
            "sites": 33,
            "prevalence": 0.000224,
            "cnames": [],
            "responseHashes": [
                "16c8ad014e255e48470f6856e3ac20f6050865f72e971417501057d4aeaddd98"
            ],
            "type": "Document",
            "firstPartyCookies": {},
            "firstPartyCookiesSent": {},
            "exampleSites": [
                "www.pluralsight.com",
                "www.scaler.com",
                "m.hindustantimes.com",
                "www.analyticsvidhya.com",
                "www.netmeds.com",
                "www.deccanherald.com",
                "www.hearthsidedistributors.com",
                "www.interviewbit.com",
                "www.safarinow.com",
                "www.lybrate.com",
                "www.cuemath.com",
                "www.hindustantimes.com",
                "www.bookyogaretreats.com",
                "www.makemytrip.com",
                "www.wego.com",
                "www.g2a.com",
                "www.enago.com",
                "leverageedu.com",
                "8tracks.com",
                "www.wordmom.com"
            ]
        },
        {
            "rule": "webengage\\.co\\/storage-frame-1\\.13\\.htm",
            "cookies": 0,
            "fingerprinting": 1,
            "subdomains": [
                "inzd3a49c4d.in",
                "inz76aa392.in",
                "inzz99199192.in",
                "inzz15ba205db.in",
                "inzz99199068.in",
                "inzd3a49c51.in",
                "inzz71680a95.in",
                "inzd3a49cb0.in"
            ],
            "apis": {
                "window.localStorage": 7
            },
            "sites": 8,
            "prevalence": 0.0000543,
            "cnames": [],
            "responseHashes": [
                "41047a1e4fb52d28bce52a3361db5a3894e03d39542a8ab0be397323c3c477a8"
            ],
            "type": "Document",
            "firstPartyCookies": {},
            "firstPartyCookiesSent": {},
            "exampleSites": [
                "ghc.health",
                "groww.in",
                "www.businesstoday.in",
                "www.collegedekho.com",
                "www.etmoney.com",
                "www.getmyuni.com",
                "www.squareyards.com",
                "yocket.com"
            ]
        }
    ],
    "categories": [],
    "performance": {},
    "cookies": 0,
    "topInitiators": [
        {
            "domain": "webengage.com",
            "prevalence": 0.8059701492537313
        },
        {
            "domain": "first party",
            "prevalence": 0.14925373134328357
        },
        {
            "domain": "ackoassets.com",
            "prevalence": 0.029850746268656716
        },
        {
            "domain": "transcend.io",
            "prevalence": 0.014925373134328358
        }
    ],
    "types": {
        "Document": 41
    },
    "nameservers": [
        "ns46.domaincontrol.com",
        "ns45.domaincontrol.com"
    ]
}