{
    "domain": "webstats1.com",
    "owner": {},
    "source": [
        "DuckDuckGo-US"
    ],
    "prevalence": 0.00024,
    "sites": 31,
    "subdomains": [],
    "cnames": [],
    "fingerprinting": 0,
    "resources": [
        {
            "rule": "webstats1\\.com\\/www\\/delivery\\/afr\\.php",
            "cookies": 0.000116,
            "fingerprinting": 0,
            "subdomains": [],
            "apis": {},
            "sites": 15,
            "prevalence": 0.000116,
            "cnames": [],
            "responseHashes": [
                "c001ef74bbb48c658e4c3aa310a602a17e843e3938ef09ce3679bd288793fac2",
                "387b7059d06a6c3a03b15149a4fbe63dd73b007e6c03e38a3a0bb76bfd9a4f2f",
                "4092f893060bad8962a068c585c6008211b708de84339077c2a18b562ec8b76a",
                "a98a6e869dccb6a497d870eca7dff099dec9710c8dfefc07affd7d5009982036",
                "9f8b962a75744cc0f8a501c41034a5f92a31980e39043cb8198776e5b59cc40b",
                "5ec269e820755f3780623803f0047b5e1e041c61e6d306e5a20ed97ba1f59fb0",
                "d8cf5b83194d4a0129591bc9a640e14505917644c20815b403afa2fefe069388",
                "4020cdca8f905ed9212b8525f607f1c80db266645cd5d8d7f3d7aee1ef979c37",
                "721a002f1fea17c93dd7e8d68f8ce648aaaf9e8dc1ede16b81c188beeba403de",
                "e3b096a916d8d288ceac50a77f5f83093d02b44034bb282ad81e98abcbe2d54a",
                "c84aeb10e896defe13c4ea5e7bc9b7f99835d2a9cb6dda5b8840f117be43342e",
                "1df6bb53c6bb01f2cca920bba199e1646d5f3502b3f82fc33ed0d69c7ebf2640",
                "aac1c3d8f9d74b4cb9c1230be535e66be9f723e7101b68bb9d8d5a9587af3c5e"
            ],
            "type": "Document",
            "firstPartyCookies": {},
            "firstPartyCookiesSent": {},
            "exampleSites": [
                "contoseroticoscnn.com",
                "hentaikai.com",
                "hqhentai.online",
                "mangashentais.com",
                "meuhentai.com",
                "mundohentaioficial.com",
                "thehentaicomics.com",
                "www.assistirhentai.com",
                "www.casadoscontos.com.br",
                "www.hentaihome.net",
                "www.hentaistube.com",
                "www.mixputaria.com",
                "www.muitohentai.com",
                "www.naoconto.com",
                "www.sonovinhasbr.com"
            ]
        },
        {
            "rule": "webstats1\\.com\\/www\\/delivery\\/lg\\.php",
            "cookies": 0.000116,
            "fingerprinting": 0,
            "subdomains": [],
            "apis": {},
            "sites": 15,
            "prevalence": 0.000116,
            "cnames": [],
            "responseHashes": [
                "e963e7196beb9123059ec3534b042ebcd1ef0a470fa568bfbebfeab2f33c4fda"
            ],
            "type": "Image",
            "firstPartyCookies": {},
            "firstPartyCookiesSent": {
                "lotame_domain_check": 0.000023262486139435343
            },
            "exampleSites": [
                "contoseroticoscnn.com",
                "hentaikai.com",
                "hqhentai.online",
                "mangashentais.com",
                "meuhentai.com",
                "mundohentaioficial.com",
                "thehentaicomics.com",
                "www.assistirhentai.com",
                "www.casadoscontos.com.br",
                "www.hentaihome.net",
                "www.hentaistube.com",
                "www.mixputaria.com",
                "www.muitohentai.com",
                "www.sonovinhasbr.com",
                "www.superhq.net"
            ]
        },
        {
            "rule": "webstats1\\.com\\/www\\/images\\/f5efd5f8376349cf7b466d5a9a0fb07a\\.jpg",
            "cookies": 0,
            "fingerprinting": 0,
            "subdomains": [],
            "apis": {},
            "sites": 2,
            "prevalence": 0.0000155,
            "cnames": [],
            "responseHashes": [
                "f8838cdd906542669810dd463bf9daaac4557ffa0ef17ef9596eab8fa70e6c21"
            ],
            "type": "Image",
            "firstPartyCookies": {},
            "firstPartyCookiesSent": {},
            "exampleSites": [
                "contoseroticoscnn.com",
                "hentaikai.com"
            ]
        },
        {
            "rule": "webstats1\\.com\\/www\\/images\\/6979acb575d54f1ba6649a9f4ac4e538\\.jpg",
            "cookies": 0,
            "fingerprinting": 0,
            "subdomains": [],
            "apis": {},
            "sites": 3,
            "prevalence": 0.0000233,
            "cnames": [],
            "responseHashes": [
                "add2ddf23d3a441b6fa74af3f7e4d2f01aa407cba3c63a9d7f6105f918152869"
            ],
            "type": "Image",
            "firstPartyCookies": {},
            "firstPartyCookiesSent": {},
            "exampleSites": [
                "hentaikai.com",
                "hqhentai.online",
                "www.hentaihome.net"
            ]
        },
        {
            "rule": "webstats1\\.com\\/www\\/images\\/79a0a32cbaabdf93893a4cf32d661ac5\\.jpg",
            "cookies": 0,
            "fingerprinting": 0,
            "subdomains": [],
            "apis": {},
            "sites": 3,
            "prevalence": 0.0000233,
            "cnames": [],
            "responseHashes": [
                "eedcec510247dae0bb3f10e4381cf1485a58982c19c23623bde6cdffb746b325"
            ],
            "type": "Image",
            "firstPartyCookies": {},
            "firstPartyCookiesSent": {},
            "exampleSites": [
                "hqhentai.online",
                "mangashentais.com",
                "www.casadoscontos.com.br"
            ]
        },
        {
            "rule": "webstats1\\.com\\/www\\/images\\/8c628570aea5f3902bac9eac79901b3e\\.gif",
            "cookies": 0,
            "fingerprinting": 0,
            "subdomains": [],
            "apis": {},
            "sites": 2,
            "prevalence": 0.0000155,
            "cnames": [],
            "responseHashes": [
                "0cb80119b1157348a1dc069a3b5e61c8bd1955d14bfc17237cadf547beadb615"
            ],
            "type": "Image",
            "firstPartyCookies": {},
            "firstPartyCookiesSent": {},
            "exampleSites": [
                "meuhentai.com",
                "www.assistirhentai.com"
            ]
        },
        {
            "rule": "webstats1\\.com\\/www\\/images\\/48e0184774881c296314a9755c48c72f\\.jpg",
            "cookies": 0,
            "fingerprinting": 0,
            "subdomains": [],
            "apis": {},
            "sites": 3,
            "prevalence": 0.0000233,
            "cnames": [],
            "responseHashes": [
                "ec508794d2fb420843848f8317db2edcc5c228bdeb752e73c59bf125d3b46df5"
            ],
            "type": "Image",
            "firstPartyCookies": {},
            "firstPartyCookiesSent": {},
            "exampleSites": [
                "mundohentaioficial.com",
                "www.hentaihome.net",
                "www.muitohentai.com"
            ]
        },
        {
            "rule": "webstats1\\.com\\/www\\/images\\/099da118e282b1aac42c731c32e98d6f\\.jpg",
            "cookies": 0,
            "fingerprinting": 0,
            "subdomains": [],
            "apis": {},
            "sites": 3,
            "prevalence": 0.0000233,
            "cnames": [],
            "responseHashes": [
                "b5a2887b1f97bd2bc16ad7cad379e2627691c318854f2f0a6aeede05bf415227"
            ],
            "type": "Image",
            "firstPartyCookies": {},
            "firstPartyCookiesSent": {},
            "exampleSites": [
                "mundohentaioficial.com",
                "www.assistirhentai.com",
                "www.sonovinhasbr.com"
            ]
        },
        {
            "rule": "webstats1\\.com\\/www\\/images\\/7f6a00a117a10f801f7f699cb529b84d\\.jpg",
            "cookies": 0,
            "fingerprinting": 0,
            "subdomains": [],