{
    "domain": "webtrends-optimize.workers.dev",
    "owner": {},
    "source": [
        "DuckDuckGo-US"
    ],
    "prevalence": 0.0000743,
    "sites": 11,
    "subdomains": [
        "wt-lib-v5-3",
        "wt-lib-plt"
    ],
    "cnames": [],
    "fingerprinting": 2,
    "resources": [
        {
            "rule": "webtrends-optimize\\.workers\\.dev\\/",
            "cookies": 0.000027,
            "fingerprinting": 1,
            "subdomains": [
                "wt-lib-v5-3",
                "wt-lib-plt"
            ],
            "apis": {
                "Navigator.prototype.userAgent": 7,
                "window.name": 7,
                "Date.prototype.getTime": 7,
                "Date.prototype.getTimezoneOffset": 7,
                "Document.cookie getter": 4,
                "Document.cookie setter": 4,
                "window.innerWidth": 1,
                "window.sessionStorage": 2
            },
            "sites": 7,
            "prevalence": 0.0000473,
            "cnames": [],
            "responseHashes": [
                "0d6c2d1826526c6790723accb8c5d9f83a06bcc0c1d2e5c023bb228d036f837d",
                "5c833890276507e6d1351f891c4bcc760ad49ec0cf0ea5154edccecf26a95438",
                "317fac0e6ddc9ddceb79c15f00e606438a91bb573b0f125de834c26f24798556",
                "2a36052063bc5459e3fbd4968d49ca1e734d025019c946084bf1ef4295bafdbe"
            ],
            "type": "Script",
            "firstPartyCookies": {
                "_wt.control-2269750-ta_00AATest": {
                    "ttl": 7776008,
                    "length": 243,
                    "prevalence": 0.000013515887926257316,
                    "uniqueness": 1
                },
                "_wt.mode-2269750": {
                    "ttl": null,
                    "length": 15,
                    "prevalence": 0.000013515887926257316,
                    "uniqueness": 0.5
                },
                "_wt.user-2269750": {
                    "ttl": 7776008,
                    "length": 159,
                    "prevalence": 0.000013515887926257316,
                    "uniqueness": 1
                },
                "_wt.control-2241432-ta_AA": {
                    "ttl": 7776007,
                    "length": 275,
                    "prevalence": 0.000006757943963128658,
                    "uniqueness": 1
                },
                "_wt.mode-2241432": {
                    "ttl": null,
                    "length": 15,
                    "prevalence": 0.000006757943963128658,
                    "uniqueness": 1
                },
                "_wt.user-2241432": {
                    "ttl": 7776006,
                    "length": 211,
                    "prevalence": 0.000006757943963128658,
                    "uniqueness": 1
                },
                "_wt.control-2241432-ta_M4U_002248": {
                    "ttl": 7776007,
                    "length": 275,
                    "prevalence": 0.000006757943963128658,
                    "uniqueness": 1
                },
                "_wt.control-2241432-ta_M4U_002184": {
                    "ttl": 7776006,
                    "length": 255,
                    "prevalence": 0.000006757943963128658,
                    "uniqueness": 1
                },
                "_wt.control-2241432-ta_M4U_002987": {
                    "ttl": 7776007,
                    "length": 275,
                    "prevalence": 0.000006757943963128658,
                    "uniqueness": 1
                },
                "_wt.control-2241432-ta_M4U_002312": {
                    "ttl": 7776007,
                    "length": 275,
                    "prevalence": 0.000006757943963128658,
                    "uniqueness": 1
                },
                "_wt.control-2241432-ta_M4U_002552": {
                    "ttl": 7776006,
                    "length": 255,
                    "prevalence": 0.000006757943963128658,
                    "uniqueness": 1
                },
                "_wt.mode-1679805": {
                    "ttl": null,
                    "length": 15,
                    "prevalence": 0.000006757943963128658,
                    "uniqueness": 1
                },
                "_wt.user-1679805": {
                    "ttl": 7776006,
                    "length": 227,
                    "prevalence": 0.000006757943963128658,
                    "uniqueness": 1
                },
                "_wt.control-1679805-ta_5121MyAccountinHeaderaddedconversions": {
                    "ttl": 7776006,
                    "length": 255,
                    "prevalence": 0.000006757943963128658,
                    "uniqueness": 1
                },
                "_wt.control-1679805-ta_72ChatbotonFAQ11": {
                    "ttl": 7776006,
                    "length": 255,
                    "prevalence": 0.000006757943963128658,
                    "uniqueness": 1
                },
                "_wt.control-1679805-ta_38HomepageRedesignMVT": {
                    "ttl": 7776006,
                    "length": 255,
                    "prevalence": 0.000006757943963128658,
                    "uniqueness": 1
                },
                "_wt.control-1679805-ta_77PaperlessFlowBaseline": {
                    "ttl": 7776006,
                    "length": 255,
                    "prevalence": 0.000006757943963128658,
                    "uniqueness": 1
                }
            },
            "firstPartyCookiesSent": {},
            "exampleSites": [
                "citizenm.com",
                "www.citizenm.com",
                "www.metals4u.co.uk",
                "www.prettylittlething.com.au",
                "www.prettylittlething.us",
                "www.prettylittlething.com",
                "www.tvlicensing.co.uk"
            ]
        }
    ],
    "categories": [],
    "performance": {},
    "cookies": 0.0000473,
    "topInitiators": [
        {
            "domain": "webtrends-optimize.com",
            "prevalence": 0.6363636363636364
        },
        {
            "domain": "first party",
            "prevalence": 0.36363636363636365
        }
    ],
    "types": {
        "Script": 7
    },
    "nameservers": [
        "grannbo.ns.cloudflare.com",
        "keaton.ns.cloudflare.com"
    ]
}