{
    "domain": "wendelstein-1b.com",
    "owner": {},
    "source": [
        "DuckDuckGo-US"
    ],
    "prevalence": 0.000604,
    "sites": 6,
    "subdomains": [],
    "cnames": [],
    "fingerprinting": 0,
    "resources": [
        {
            "rule": "wendelstein-1b\\.com\\/s\\/",
            "cookies": 0,
            "fingerprinting": 0,
            "subdomains": [],
            "apis": {},
            "sites": 7,
            "prevalence": 0.000704,
            "cnames": [],
            "responseHashes": [
                "c2f288dbf037f08409cfcb60e146d8a6011c84e2bd9a7a97813298c49d98dd6f",
                "f35b19550c808a57c19254305d160d54e9a4e97fb68d4016a02a84bd2844056d",
                "ea59d443d1580eb344133d367570fad495923b2cbb65ecba60ecbd26cd56d57d",
                "6cf052680fb1cbb24fccce7fddaee96983b16d90b10302cb0fd89dd7ef70de72",
                "f6d79d9fd2b6053416aaf7cf062f1d857b906979770378d3d1bb10f09e511b35",
                "2dcb2dbcc5bb7f058fabd26308240c942b81d187e320aff84bc91fd88ae0f402"
            ],
            "type": "Image",
            "firstPartyCookies": {},
            "firstPartyCookiesSent": {},
            "exampleSites": [
                "boy18tube.com",
                "www.boy18tube.com",
                "www.gayfuckporn.com",
                "www.icegay.tv",
                "www.shemaletube.tv",
                "www.trannytube.tv",
                "www.xgaytube.com"
            ]
        }
    ],
    "categories": [],
    "performance": {},
    "cookies": 0,
    "topInitiators": [
        {
            "domain": "masturbaseinvegas.com",
            "prevalence": 0.7142857142857143
        },
        {
            "domain": "blg-1216lb.com",
            "prevalence": 0.2857142857142857
        }
    ],
    "types": {
        "Image": 7
    },
    "nameservers": [
        "ns.anycastns1.org",
        "ns.anycastns2.org"
    ]
}