{
    "domain": "weserv.nl",
    "owner": {},
    "source": [
        "DuckDuckGo-US"
    ],
    "prevalence": 0.0000829,
    "sites": 10,
    "subdomains": [
        "images"
    ],
    "cnames": [],
    "fingerprinting": 0,
    "resources": [
        {
            "rule": "weserv\\.nl\\/",
            "cookies": 0,
            "fingerprinting": 0,
            "subdomains": [
                "images"
            ],
            "apis": {},
            "sites": 8,
            "prevalence": 0.0000663,
            "cnames": [],
            "responseHashes": [
                "bf3e41156ba183050754aadfbaad874662a615c484b9713e5bd119798a3e85fc",
                "d42046925e033aabca87885261ac044aa1dbeef2fd333722cab93287906b54f4",
                "4f06945797f1736404dcfad9b51eb4e791dd18357a521d278138b80655268fd4",
                "bf435ac5f9a55b45594cdcba9a3a9848b4a4a4b952f620d90f928774306774dc",
                "a1888ca9ddebf356c92e04825161aee991ab566fca372fd5d41274d27cbef4a3",
                "d0a313748e18ba11dd81c30c3f09f52c47e01dd2721aaf50af0812a15efef4d4",
                "2ae7bb87d6026affcc7e98dde0d75232cc07fd2c8c4eab244d8dd3757db9090e"
            ],
            "type": "Image",
            "firstPartyCookies": {},
            "firstPartyCookiesSent": {},
            "exampleSites": [
                "dontorrent.how",
                "enime.moe",
                "mejortorrent.wtf",
                "nv.ua",
                "www.bleachbit.org",
                "www.fxp.co.il",
                "www.planetofthevapes.com",
                "www.uab.edu"
            ]
        }
    ],
    "categories": [],
    "performance": {},
    "cookies": 0,
    "topInitiators": [
        {
            "domain": "first party",
            "prevalence": 0.7444444444444445
        },
        {
            "domain": "dontorrent.love",
            "prevalence": 0.2222222222222222
        },
        {
            "domain": "fcdn.co.il",
            "prevalence": 0.03333333333333333
        }
    ],
    "types": {
        "Image": 8
    },
    "nameservers": [
        "iris.ns.cloudflare.com",
        "jim.ns.cloudflare.com"
    ]
}