{
    "domain": "weserv.nl",
    "owner": {},
    "source": [
        "DuckDuckGo-US"
    ],
    "prevalence": 0.000088,
    "sites": 13,
    "subdomains": [
        "images"
    ],
    "cnames": [],
    "fingerprinting": 0,
    "resources": [
        {
            "rule": "weserv\\.nl\\/",
            "cookies": 0,
            "fingerprinting": 0,
            "subdomains": [
                "images"
            ],
            "apis": {},
            "sites": 12,
            "prevalence": 0.0000813,
            "cnames": [],
            "responseHashes": [
                "bf3e41156ba183050754aadfbaad874662a615c484b9713e5bd119798a3e85fc",
                "a5079817487c01e0e47b9f033e8383933471256dc93cf07f49000c2c8eb2e176",
                "c8b27f3784cf57719714313e6521d2cd604dea31862af004e6671afe9e8bec3c",
                "6fe98d8c9a56a14ef73b35485f2cb92495fa5f05eef7daa2c017eaf1e7fe8fa1",
                "d3205f526bddccc7187a92d8e907349e13a5ab84aa72e2cd2f6183ba61e29822",
                "bf435ac5f9a55b45594cdcba9a3a9848b4a4a4b952f620d90f928774306774dc",
                "b1cee1b86655552bbc71bb5ce33c6508426e5b57b01f4bfd50556d9be331d400",
                "a1888ca9ddebf356c92e04825161aee991ab566fca372fd5d41274d27cbef4a3",
                "b6af872967d58c5845d90aa1326e52aedd15f9cfea61a1f21110d65a1f451147",
                "479c785193d6d4bb9ace28abb00d0eba4dbffd5246e8478cf3d2b0e9ecc3dd13"
            ],
            "type": "Image",
            "firstPartyCookies": {},
            "firstPartyCookiesSent": {},
            "exampleSites": [
                "dontorrent.in",
                "enime.moe",
                "green-24.de",
                "mejortorrent.wtf",
                "nv.ua",
                "unaparolaalgiorno.it",
                "www.bleachbit.org",
                "www.detailedpedia.com",
                "www.fxp.co.il",
                "www.planetofthevapes.com",
                "www.uab.edu",
                "xat.com"
            ]
        }
    ],
    "categories": [],
    "performance": {},
    "cookies": 0,
    "topInitiators": [
        {
            "domain": "first party",
            "prevalence": 0.9555555555555556
        },
        {
            "domain": "fcdn.co.il",
            "prevalence": 0.03333333333333333
        },
        {
            "domain": "mejortorrent.rip",
            "prevalence": 0.011111111111111112
        }
    ],
    "types": {
        "Image": 12
    },
    "nameservers": [
        "jim.ns.cloudflare.com",
        "iris.ns.cloudflare.com"
    ]
}