{
    "domain": "whoson.com",
    "owner": {},
    "source": [
        "DuckDuckGo-US"
    ],
    "prevalence": 0.000115,
    "sites": 17,
    "subdomains": [
        "gateway11",
        "hcpa",
        "hotelchocolat",
        "gateway2",
        "tyre-shoppergw",
        "hostedusa2",
        "radwellusa",
        "gateway7",
        "hosted11",
        "fullcompass",
        "tyre-shopper"
    ],
    "cnames": [],
    "fingerprinting": 2,
    "resources": [
        {
            "rule": "whoson\\.com\\/include\\.js",
            "cookies": 0.0000405,
            "fingerprinting": 1,
            "subdomains": [
                "gateway11",
                "hcpa",
                "hotelchocolat",
                "gateway2",
                "tyre-shoppergw",
                "hostedusa2",
                "radwellusa",
                "gateway7"
            ],
            "apis": {
                "Navigator.prototype.userAgent": 7,
                "Document.cookie getter": 6,
                "Date.prototype.getTime": 7,
                "Document.cookie setter": 6,
                "window.sessionStorage": 6
            },
            "sites": 9,
            "prevalence": 0.0000608,
            "cnames": [],
            "responseHashes": [
                "75bbf5e27bc322cd5fc93ac2b97a819872836eb24f38e9d3acc1098e325602b3",
                "502f8372305e70e204edbaf56bfda4c1bec7143d90e883c32d18980d9615a9aa",
                "c8e6510c133092a1431773a8e766e9abd5186c766b9bd237e3e23fe4d2e1937a",
                "d5755e26707aa61cfaf98468187d72ea5a51875b4046342cde560e8459b77b63",
                "4b3af79c8ec3aac67402a125291a389c8a3ff932ca3a3fd1236c0749048bfe6f",
                "26dcde5ad98a392aaba2a115057a9b8feb8da3fb979b65dccb8f799bf2cb33d8",
                "d340c644b736ed3417a0f955d5fe6fb15fab3a9cbe82a19e8b86cde2ad70abb9",
                "15e3c68721908faceccdcf1079563aff3905d6a91a25d1ae906762e65623ad2c"
            ],
            "type": "Script",
            "firstPartyCookies": {
                "whoson": {
                    "ttl": 31540008,
                    "length": 17,
                    "prevalence": 0.00004054766377877195,
                    "uniqueness": 1
                }
            },
            "firstPartyCookiesSent": {},
            "exampleSites": [
                "allencarr.com",
                "www.allencarr.com",
                "www.hcpafl.org",
                "www.hotelchocolat.com",
                "www.kirklees.gov.uk",
                "www.national.co.uk",
                "www.pascocountyfl.net",
                "www.radwell.com",
                "www.yourspares.co.uk"
            ]
        },
        {
            "rule": "whoson\\.com\\/newchat\\/vendor\\/jquery\\/jquery-2\\.2\\.4\\.min\\.js",
            "cookies": 0,
            "fingerprinting": 1,
            "subdomains": [
                "hosted11",
                "fullcompass"
            ],
            "apis": {
                "Element.prototype.getClientRects": 2,
                "Navigator.prototype.userAgent": 1,
                "window.sessionStorage": 1
            },
            "sites": 3,
            "prevalence": 0.0000203,
            "cnames": [],
            "responseHashes": [
                "506d410153eb6dd66538515f74622ce4f8824544090780923ccf585bd8f1d865"
            ],
            "type": "Script",
            "firstPartyCookies": {},
            "firstPartyCookiesSent": {},
            "exampleSites": [
                "allencarr.com",
                "www.allencarr.com",
                "www.fullcompass.com"
            ]
        },
        {
            "rule": "whoson\\.com\\/newchat\\/js-inline\\/wo-inline\\.js",
            "cookies": 0,
            "fingerprinting": 0,
            "subdomains": [
                "hosted11"
            ],
            "apis": {},
            "sites": 2,
            "prevalence": 0.0000135,
            "cnames": [],
            "responseHashes": [
                "817fd9cd8479c07b72df6159cb3d05d26a3747ee56166ca07c2bc21ed1423262"
            ],
            "type": "Script",
            "firstPartyCookies": {},
            "firstPartyCookiesSent": {},
            "exampleSites": [
                "allencarr.com",
                "www.allencarr.com"
            ]
        },
        {
            "rule": "whoson\\.com\\/newchat\\/js\\/whoson\\.inline\\.min\\.js",
            "cookies": 0,
            "fingerprinting": 1,
            "subdomains": [
                "hosted11",
                "hcpa",
                "tyre-shopper",
                "hostedusa2",
                "radwellusa"
            ],
            "apis": {
                "Navigator.prototype.userAgent": 6,
                "window.sessionStorage": 6
            },
            "sites": 6,
            "prevalence": 0.0000405,
            "cnames": [],
            "responseHashes": [
                "13c19695c78575c4c9bc61a8132f4e98dffdc5dda28ad42d51105b966f601a12",
                "9a46256c30269d3b2b18fbcba8be56844edeeb35a5fe14413f201c58b04a8fdd"
            ],
            "type": "Script",
            "firstPartyCookies": {},
            "firstPartyCookiesSent": {},
            "exampleSites": [
                "allencarr.com",
                "www.allencarr.com",
                "www.hcpafl.org",
                "www.national.co.uk",
                "www.pascocountyfl.net",
                "www.radwell.com"
            ]
        },
        {
            "rule": "whoson\\.com\\/w\\.js",
            "cookies": 0,
            "fingerprinting": 0,
            "subdomains": [
                "gateway11",
                "fullcompass",
                "hcpa",
                "tyre-shoppergw",
                "hostedusa2",
                "radwellusa"
            ],
            "apis": {},
            "sites": 7,
            "prevalence": 0.0000473,
            "cnames": [],
            "responseHashes": [
                "1fae04eef756ab0dfc019f47ae248b935f6dd75b015481a7104f900fe3a0792f",
                "a2f131c1a4a70dd7e6952a3aa264a4dfdf9e858d8c21f4d3dd13535419c5f540"
            ],
            "type": "Script",
            "firstPartyCookies": {},
            "firstPartyCookiesSent": {
                "whoson": 0.000033789719815643287
            },
            "exampleSites": [
                "allencarr.com",
                "www.allencarr.com",
                "www.fullcompass.com",
                "www.hcpafl.org",
                "www.national.co.uk",
                "www.pascocountyfl.net",
                "www.radwell.com"
            ]
        },
        {
            "rule": "whoson\\.com\\/invite\\.js",
            "cookies": 0,
            "fingerprinting": 1,
            "subdomains": [
                "gateway11",
                "fullcompass",
                "hcpa",
                "tyre-shoppergw",
                "hostedusa2",
                "radwellusa"
            ],
            "apis": {
                "window.innerWidth": 6,
                "window.innerHeight": 6,
                "Date.prototype.getTime": 7
            },
            "sites": 7,
            "prevalence": 0.0000473,
            "cnames": [],
            "responseHashes": [
                "647ec370994e3b4d1eb36c62bf8a20866486fe25ee63c74840c260d073e13801",
                "971baa18ffaeb3adb7726402e0321de6bb86c71638e2bdcc490844e6485d5f10",
                "099dd464369ad813cca18dffbb6349168ae3bb81655b610615ea5c8b95e55cdc",
                "3bdc0c10fad5ceaf7f7e6a1d8fff00cfc2d895a0e76430e32ecefee080ede1a5",
                "88ed69c27236fd0863ea7b8eb99f48c6165533a96d8e9672c23a97fb005db8d8",
                "834dbe67a6ca65bd037fd46ed4809ffa2a3120e4a6c13071e2a08b63164b3eba"
            ],
            "type": "Script",
            "firstPartyCookies": {},
            "firstPartyCookiesSent": {
                "whoson": 0.000027031775852514632
            },