{
    "domain": "wisepops.com",
    "owner": {
        "name": "Benjamin Cahen",
        "displayName": "Benjamin Cahen"
    },
    "source": [
        "DuckDuckGo-US"
    ],
    "prevalence": 0.00252,
    "sites": 25,
    "subdomains": [
        "loader",
        "popup",
        "activity",
        "tracking"
    ],
    "cnames": [],
    "fingerprinting": 2,
    "resources": [
        {
            "rule": "wisepops\\.com\\/get-loader\\.js",
            "cookies": 0.00161,
            "fingerprinting": 2,
            "subdomains": [
                "loader"
            ],
            "apis": {
                "window.localStorage": 14,
                "Document.cookie getter": 14,
                "Date.prototype.getTime": 16,
                "Document.cookie setter": 16,
                "Navigator.prototype.cookieEnabled": 14,
                "Intl.DateTimeFormat.prototype.resolvedOptions": 14,
                "window.innerHeight": 16
            },
            "sites": 25,
            "prevalence": 0.00252,
            "cnames": [],
            "responseHashes": [
                "f6aaa01fd60d25f12f230c9520e2831338ca196dee17d5034bd27ef08d70783f",
                "ffe9a5b1288eb5653f7cdd5d4962d42a588e51a54edf534296b515cce641376e",
                "e3b0c44298fc1c149afbf4c8996fb92427ae41e4649b934ca495991b7852b855",
                "ef7fc180b7642937048be84d500bb28da2ead3d4624eca1e4f9514f471c924d9",
                "1a340ba291b66384494c5223bdba2355bc6c74525b183e63237013fece5bf4b9",
                "b338b29a3259223c0a4d4777d59c44f297e8c43f8b06615f07c5866eb189e86c",
                "50abc325c3ad57b1b8ccf32694a740a590d3caaa94ea062ddb8f6011f3159852",
                "34fb6abd8d66e090c04fa532e76d278b265c12bcdcb300765dcf7d670f5e7a2d",
                "5c3a0c5c05b7c17310777c04db122ecf9c3a2253449614cfde96991439238f23",
                "03fe13e36a977a7145a5f40483ec0cf14ba0aac9d66660da4f86a9445ef4c28d",
                "146363f355dd0ea24090ab1a1f9d79aa12e3183aaaeea2fb95de66daab9d2ac7",
                "ae6907139c10739f69996b608a34bc5eb8e23c6641dd4deb89a31b4c8f701f18",
                "c1bc07202693a21748e8b7389f7c13c15bdafe93c703f627b557b0ee7872fc6b",
                "a9ee957e561ce8f2d2d7d3e0b06be207fe64d65f3a8e52b5b15ec174ff9847c1",
                "569440bcc5034ebd48af56a43949e4788d25225e63691537d52ee1cf53eeb255",
                "7787d950f05a608ec910c53ee9cb10db04441d7b87ca9a0f6fa9caf4c190798f",
                "70d183ce07114901e21aa11c510895258bd9f01af61d1f4e2fa6797ac50feae5",
                "66f5b9e64339a3f3c1550aceb702bb4f3a6019ee3e90cb32f6925e9e551574b9"
            ],
            "type": "Script",
            "firstPartyCookies": {
                "wisepops": {
                    "ttl": 63072005,
                    "length": 183,
                    "prevalence": 0.0016111167052663376,
                    "uniqueness": 1
                },
                "wisepops_session": {
                    "ttl": null,
                    "length": 256,
                    "prevalence": 0.0016111167052663376,
                    "uniqueness": 1
                },
                "wisepops_visits": {
                    "ttl": 63072003,
                    "length": 40,
                    "prevalence": 0.0014097271171080454,
                    "uniqueness": 1
                },
                "wisepops_activity_session": {
                    "ttl": null,
                    "length": 89,
                    "prevalence": 0.0014097271171080454,
                    "uniqueness": 1
                },
                "wisepops_props": {
                    "ttl": 63072003,
                    "length": 119,
                    "prevalence": 0.0003020843822374383,
                    "uniqueness": 1
                }
            },
            "firstPartyCookiesSent": {},
            "exampleSites": [
                "www.theproscloset.com",
                "www.medicareadvantage.com",
                "www.piercecountywa.gov",
                "www.famous-smoke.com",
                "ultimatesimsguides.com",
                "www.aura.com",
                "www.microcenter.com",
                "welovetrump.com",
                "hip2save.com",
                "www.highsnobiety.com",
                "lustfel.com",
                "pixels.com",
                "www.prageru.com",
                "www.dailywire.com",
                "pitboss-grills.com",
                "hoover.com",
                "realtruck.com",
                "www.fatquartershop.com",
                "haynes.com",
                "thelittleslush.com"
            ]
        },
        {
            "rule": "wisepops\\.com\\/my-wisepop",
            "cookies": 0,
            "fingerprinting": 0,
            "subdomains": [
                "popup"
            ],
            "apis": {},
            "sites": 18,
            "prevalence": 0.00181,
            "cnames": [],
            "responseHashes": [
                "2638e5701a2720475f870c0067760f3bfab9960fe0d5eeb647f8a9ea6109da14",
                "ba50249a98a277495a473b0e342c6ab351b060b6936031e1d67c5289211bf0ad",
                "8a995de5d2cade101ffd9cf80095e51dc89085a4795338779898aa1199e63fa9",
                "2476d940866b73a2d6230a94cd56f5c8b984465e7417e60351654dd7d812a437",
                "ef48d79b7e2b11616cc2fcf7b645dbb89c97f177bba82d542bec91ef060de492",
                "38b904a1cf83df048360fb2480571b749fd98d57e11f1afdffb5a74a78166fea",
                "ef92e4a6619037f9f944fbb3659487094f6fdf8d55d77b1a2ac8ccf133c822e4",
                "58d7fac940ef3ad7af47dd84722ab5ccd33414f4f04d48f236aa6b416f59abd5",
                "32a39784578274b15cbaf17f4e605bac5416242f15e1ae0efd36116a2c0a4469",
                "dee71588be49fd505b9c6d6c7ca15fc0ab6f043d3daba21bdde981f6c9be29d9",
                "3d2617373629f82c99f8b247fb913489b570bc60beb1b8d321dde15bf8186526",
                "a83508ddb61c0c084c759daef51745977dac050cca9713386e59d021838ad7d3",
                "be46bbcd35c8695dcee664320f541040f59e02500e56d8449d559589f9d9b0f4",
                "439e7f9488878642feb98411d9b6899a63a1d2cf3614f57fbd95dd4396b495e4",
                "0aff924245321c849f3deb664d4852b9fb82d3e8308de498e4a02ae28ee4155a",
                "8adfd8d9a7be1f6eb482e94c71eb6af3fcb005e704e542e76c7819cb84054e5d"
            ],
            "type": "XHR",
            "firstPartyCookies": {},
            "firstPartyCookiesSent": {},
            "exampleSites": [
                "haynes.com",
                "hip2save.com",
                "hoover.com",
                "pitboss-grills.com",
                "realtruck.com",
                "thekrazycouponlady.com",
                "thrivemarket.com",
                "welovetrump.com",
                "www.aura.com",
                "www.bmj.com",
                "www.famous-smoke.com",
                "www.highsnobiety.com",
                "www.ligonier.org",
                "www.medicareadvantage.com",
                "www.piercecountywa.gov",
                "www.prageru.com",
                "www.saltstrong.com",
                "www.theproscloset.com"
            ]
        },
        {
            "rule": "wisepops\\.com\\/",
            "cookies": 0,
            "fingerprinting": 0,
            "subdomains": [
                "activity"
            ],
            "apis": {},
            "sites": 18,
            "prevalence": 0.00181,
            "cnames": [],
            "responseHashes": [
                "e3b0c44298fc1c149afbf4c8996fb92427ae41e4649b934ca495991b7852b855"
            ],
            "type": "XHR",
            "firstPartyCookies": {},
            "firstPartyCookiesSent": {},