{
    "domain": "wpnsrv.com",
    "owner": {},
    "source": [
        "DuckDuckGo-US"
    ],
    "prevalence": 0.00092,
    "sites": 111,
    "subdomains": [
        "js"
    ],
    "cnames": [],
    "fingerprinting": 1,
    "resources": [
        {
            "rule": "wpnsrv\\.com\\/pn\\.php",
            "cookies": 0.000141,
            "fingerprinting": 1,
            "subdomains": [
                "js"
            ],
            "apis": {
                "Navigator.prototype.userAgent": 19,
                "Notification.permission": 13,
                "Document.cookie getter": 19,
                "Document.cookie setter": 17
            },
            "sites": 60,
            "prevalence": 0.000498,
            "cnames": [],
            "responseHashes": [
                "fb477824d262ada278293bddaa9a90af5acf262b0511df9c9e76634b9a18f3f2"
            ],
            "type": "Script",
            "firstPartyCookies": {
                "pn-zone-4429788": {
                    "ttl": 3888003,
                    "length": 13,
                    "prevalence": 0.0000082917364554485,
                    "uniqueness": 1
                },
                "pn-zone-4016278": {
                    "ttl": 3888001,
                    "length": 13,
                    "prevalence": 0.0000082917364554485,
                    "uniqueness": 1
                },
                "pn-zone-4275836": {
                    "ttl": 3888001,
                    "length": 13,
                    "prevalence": 0.0000082917364554485,
                    "uniqueness": 1
                },
                "pn-zone-4241450": {
                    "ttl": 3888003,
                    "length": 13,
                    "prevalence": 0.0000082917364554485,
                    "uniqueness": 1
                },
                "pn-zone-3180126": {
                    "ttl": 3888001,
                    "length": 13,
                    "prevalence": 0.0000082917364554485,
                    "uniqueness": 1
                },
                "pn-zone-4795272": {
                    "ttl": 3888000,
                    "length": 13,
                    "prevalence": 0.0000082917364554485,
                    "uniqueness": 1
                },
                "pn-zone-4809878": {
                    "ttl": 3888001,
                    "length": 13,
                    "prevalence": 0.0000082917364554485,
                    "uniqueness": 1
                },
                "pn-zone-4022684": {
                    "ttl": 3888001,
                    "length": 13,
                    "prevalence": 0.0000082917364554485,
                    "uniqueness": 1
                },
                "pn-zone-3791967": {
                    "ttl": 3888001,
                    "length": 13,
                    "prevalence": 0.0000082917364554485,
                    "uniqueness": 1
                },
                "pn-zone-4795556": {
                    "ttl": 3888000,
                    "length": 13,
                    "prevalence": 0.0000082917364554485,
                    "uniqueness": 1
                },
                "pn-zone-3975710": {
                    "ttl": 3888003,
                    "length": 13,
                    "prevalence": 0.0000082917364554485,
                    "uniqueness": 1
                },
                "pn-zone-4873246": {
                    "ttl": 3888003,
                    "length": 13,
                    "prevalence": 0.0000082917364554485,
                    "uniqueness": 1
                },
                "pn-zone-3165197": {
                    "ttl": 3888002,
                    "length": 13,
                    "prevalence": 0.0000082917364554485,
                    "uniqueness": 1
                },
                "pn-zone-4872816": {
                    "ttl": 3888007,
                    "length": 13,
                    "prevalence": 0.0000082917364554485,
                    "uniqueness": 1
                },
                "pn-zone-4443548": {
                    "ttl": 3888002,
                    "length": 13,
                    "prevalence": 0.0000082917364554485,
                    "uniqueness": 1
                },
                "pn-zone-4922206": {
                    "ttl": 3888000,
                    "length": 13,
                    "prevalence": 0.0000082917364554485,
                    "uniqueness": 1
                },
                "pn-zone-3278638": {
                    "ttl": 3888001,
                    "length": 13,
                    "prevalence": 0.0000082917364554485,
                    "uniqueness": 1
                }
            },
            "firstPartyCookiesSent": {},
            "exampleSites": [
                "www.pictoa.com",
                "milkporntube.com",
                "new.porneq.com",
                "castingporn.org",
                "xorgasmo.com",
                "www.pornochacha.com",
                "es.pictoa.com",
                "mzansixxx.com",
                "pornososalka.org",
                "porno90.online",
                "javct.net",
                "anysex.com",
                "www.ratedgross.com",
                "www.bingoporno.com",
                "pornone.com",
                "fuckingsession.com",
                "pornososalka.online",
                "pornososalka.me",
                "porneq.com",
                "pornososalka.mobi"
            ]
        },
        {
            "rule": "wpnsrv\\.com\\/worker\\.php",
            "cookies": 0,
            "fingerprinting": 0,
            "subdomains": [
                "js"
            ],
            "apis": {},
            "sites": 18,
            "prevalence": 0.000149,
            "cnames": [],
            "responseHashes": [
                "d9fbc0dc00356f6c0e837c05d66838f37d421b7cbb53d3cc0b23befc6272b619"
            ],
            "type": "Other",
            "firstPartyCookies": {},
            "firstPartyCookiesSent": {},
            "exampleSites": [
                "asiansexdiarys.com",
                "camgirlbang.com",
                "castingporn.org",
                "celeb.nude.com",
                "grigtube.com",
                "javhihi.world",
                "javideo.net",
                "massagepornx.com",
                "nudedesigirls.net",
                "pornone.com",
                "www.eroprofile.com",
                "www.filmpornofrancais.fr",
                "www.home-made-videos.com",
                "www.koreanporn.tube",
                "www.pornochacha.com",
                "www.ratedgross.com",
                "www.sexphimhds.net",
                "xorgasmo.com"
            ]
        }
    ],
    "categories": [],
    "performance": {},
    "cookies": 0.000257,
    "topInitiators": [
        {
            "domain": "first party",
            "prevalence": 0.9785714285714285
        },
        {
            "domain": "gaychik.art",
            "prevalence": 0.014285714285714285
        },
        {
            "domain": "pornososalka.org",
            "prevalence": 0.007142857142857143
        }
    ],
    "types": {
        "Script": 60,
        "Other": 18
    },
    "nameservers": [
        "ns1.dnsowl.com",
        "ns2.dnsowl.com",
        "ns3.dnsowl.com"
    ]
}