{
    "domain": "wsknow.net",
    "owner": {},
    "source": [
        "DuckDuckGo-US"
    ],
    "prevalence": 0.000108,
    "sites": 13,
    "subdomains": [],
    "cnames": [],
    "fingerprinting": 0,
    "resources": [
        {
            "rule": "wsknow\\.net\\/jssdk\\/track\\/",
            "cookies": 0,
            "fingerprinting": 0,
            "subdomains": [],
            "apis": {},
            "sites": 8,
            "prevalence": 0.0000663,
            "cnames": [],
            "responseHashes": [
                "e0dc43a88fc540a30892c9caada6a95914fe440fd0ea894647819825f9bdc93c",
                "84eb07507ccb8173c95de341394399793484fb3b2fd82882cb588f21b0302111",
                "77fb4bb524f80d364b318202d4831d2535dee178e7e807fc16c81d67da59bfb1",
                "35ac7fa5c584386f63d71fbc243872b596a601d52b57512a076e8b63385f2f0b",
                "1d56ba0b7873494781afc5514172674c206e4855d8fe9ceffb3398c658559323",
                "9a851645efcf990ead65277011cc570b19416cf955240278537da80e485e9b7f",
                "804d55734f851646f70c88ffad9bcab9b325a08956e3fdf577598af1a43d35e3"
            ],
            "type": "XHR",
            "firstPartyCookies": {},
            "firstPartyCookiesSent": {},
            "exampleSites": [
                "safetydetectives.com",
                "de.safetydetectives.com",
                "de.wizcase.com",
                "ru.vpnmentor.com",
                "www.safetydetectives.com",
                "www.vpnmentor.com",
                "www.websiteplanet.com",
                "www.wizcase.com"
            ]
        }
    ],
    "categories": [],
    "performance": {},
    "cookies": 0,
    "topInitiators": [
        {
            "domain": "first party",
            "prevalence": 0.8787878787878788
        },
        {
            "domain": "dt2sdf0db8zob.cloudfront.net",
            "prevalence": 0.12121212121212122
        }
    ],
    "types": {
        "XHR": 8
    },
    "nameservers": [
        "ns38.domaincontrol.com",
        "ns37.domaincontrol.com"
    ]
}