{
    "domain": "wunderkind.co",
    "owner": {},
    "source": [
        "DuckDuckGo-US"
    ],
    "prevalence": 0.00155,
    "sites": 187,
    "subdomains": [
        "contextual-analytics"
    ],
    "cnames": [],
    "fingerprinting": 0,
    "resources": [
        {
            "rule": "wunderkind\\.co\\/api\\/contextual",
            "cookies": 0,
            "fingerprinting": 0,
            "subdomains": [
                "contextual-analytics"
            ],
            "apis": {},
            "sites": 129,
            "prevalence": 0.00107,
            "cnames": [],
            "responseHashes": [
                "e401e416138f8545b0298101f765f57776e80282882fb83d578da5eda5c3f2dc",
                "0cae9ff95967eb494250f54082bbdce773d94d923b754787de9ca95cc8bcd327",
                "9025d9e7235010b826e6b977d679df1ef3697aa8bd6e39bff1a9d7600fb4bf1d",
                "39621ae8522704cbf1620fc23c439fde49bd3a0eb0d73bc66ea068a7d4f3b8fa",
                "d7746af140bf070a7f239d6d0e754e83aa92f9e1a4e9142ed11e6c039a4e2a3e",
                "c2fee2673e4ac43609a323b1ade3fcc1af9cc73dab7e6e07ce8e1672c619e8d5",
                "3863a0411797433ae1374bfdf298776b0bbbfd8f0c6efd279871fcc157abe1ba",
                "c9fbc1d0506f1ad59f1e733b3efdfadef664a1c97cd57bfb34fb41a7b7ada456",
                "22718c479368df8a3e5fbf2e9c634fd625e028a4813f5cb075938cade35313fc",
                "80ea48503f814ef0657e17197306360cf7683fdfb7169a8a0e036207f9227d9a",
                "ad312397b316685aedd4a8731888712a402aa45e4278e9fa41a58005d85d21a3",
                "68df239a52805f91583a2abf009103fdbfa0b19003a41671f34b50b89eee7824",
                "6964b55c92a74d76a566f1f2e94ced50c06044648a609761f8ad0b06afefd781",
                "4b0562436bc1c63ccb11ea7c0326eef014b6791cbb11bd544918b1927415920c",
                "338bde50b290cd39e0cd2200a793d0f388ecf4f409f7a12dc34ea51dbcb35737",
                "92e86a82cc462282fd1c68d45f3f91d5f415a2134683f6710754594865732692",
                "7059e5c07f4919c002accc41b7cd14bfb4458601b27d55f6a8f3b9cc1b18b12a",
                "486c6548757f9fa1fcfc6ca6a031ad928ace9d837869a540f1d836b9f4e8eb38",
                "db147f5e3d4903ded41aa61778f31128a147606f41bfd82f151585e7375df4ea",
                "4743da508fa3535c601213268ca411baffc6e5eb1672d17415f99ec45a9c2b74",
                "9f65bb4ff568bdf83f36c7dc2ffc9f148828259dba637f96d94bea61defcb07f",
                "8088b24e2b25fda8c47d59d5bde3211e470641cf6741f5964151980d21effeb4",
                "40fa14bf0e7b0a890f681bddcf0104b40b8496bf07ac19c61f5b45cf8d10cb9a",
                "f4858c26308d1a5841b1788a85195cf05c17d3f053523303f86097fe06480989",
                "c4033a42621da1f9d24c8e99705a8c3e0c13291f3329c61e86709df7c55121ef",
                "919d00bb1612db0e9d90fc1c1276793c416109732cb83198e0e0c3dceb377319",
                "993aaad8d2922ef8be6ae206c8065e61fd8af216eafc2ba05dbee4bab2291661",
                "fadb1b5ec7683900fd1ca27772fdb35e7ce778595a780826477852171618d9e5",
                "d7598ee466f12079def82a73f8bb547e697254e7bd5b64b8e7ed953d2ab34318",
                "cfced7296ad0e9e023570c6ee72d6fe2c7c9302956823ff47fc7a3ad1ffa8042",
                "142b30f5c0823e6b6209c287207cc2d036a9affe6963fa31822220d12f2760c7",
                "f05f28c00c2daa208d109552dbc5a24eb1140f43133cdae84e33eaad96a68a6a",
                "68548c92ed07a4c1b57af68dbad67d4c58fffcb8b8bbd1805df1b86e458ed1c7",
                "dc93172b8501f30a0f3d2e7537696d55e3032dd057b1365d611241958afb8131",
                "32d6e0dc26f902781da8951625673ec7f07333c671d92592d480116f05d7e3c4",
                "21d1be7f46a22fa957ee7b9d60ae4d4ca5b9251693cc3be0b4dea2ddfc7e8ab6",
                "609d2d7a60919e117dd065641133baad7fc967bdbfb17ea054b930e0a04fd0ea",
                "c9a16f60e6e25676433486368f22c16bd3c4f7ee22ec66d53157c5f62dadb8f0",
                "40d3f79fdd58532cdd279facc64ba2e62a78c33b54ae8de8972bee837d06a4bf",
                "3faebc87489ed4dbe161286ff4ad98e4d76366ef7dfedbec7abae169b0f57eda",
                "e377b2e0650b0f6246e4fafccd6d4ec46b9623b32b21bc3af3cc0b007ed46f98",
                "315efdba07b379ca0c82f68e6dc6f7777e56c65c2db7b9e6d0d6f898feae86a7",
                "4799241939afdb5b01fd00ce34236f0b14802311262bb80eb06a1cfc34bba9a5",
                "a22cc2d04855c0e4c63c35d05b80924833cf9a0f03d044e4cae751fa535fc8e1",
                "06153b9d40aab0c45f349bea94582d006cf1c0048cc0755c2c4ab1e7bbb4aa82",
                "a9ec482be1769f0ec136621d1ac4e07e0268122cd313a7303bd51f7851a83816",
                "a3c45c475312f668849364cafd8d96e9093713d629b206f7c9d147652cafba3c",
                "ce38e2457a4e3559b497bf0e31ecaac5c4415292435091cd65f79123d5ebb667",
                "5038e06bb2152d71e9c8ecd2c2a036903b9b560b8758893256a5d8b95dfb449f",
                "3293902b7e4ac8bb557064c1ca73e1e33f91424baae14538614f0fd4c0b3bf5a",
                "368792b72b4e2db718171fb314c3ce74568d318caa4718d8664a9d6bc20f759d",
                "2be8d14e99d4af0167762af99fd63e8b864c684568cc8bee584254d8f64559b0",
                "a7b4fe07d441f53e3dce9112190e05e6bfc2b593abfeb95e97632ef878f22006",
                "3f3497d856599bd2eda3ee5f86a45b3a7c42a390c3c7d1bc62d32d888550002b",
                "39b5084329dec02691800c0199fc65b8a7994ed19aebe659949c53ece6919f9e",
                "82b2eb7669a5dd96c5c23578055757d0504f2fb87bef8cc8e3316e1cbd2c5b88",
                "11dc4f525e0ce9a1ead06371d4f1f660b84397188bda7c8e459d4e58aad193ac",
                "a90e9140f350a8044b68b84a13224c39ef0ff0ced541fe250f908c284b83dab5",
                "6422f711c8b1e0a45bb91767e9660f81a818644f5d7a68bdb52634a8466c70f6",
                "930fc6805d1259c159a1e06bce4f9c0817dd6c177a552f58e746f36b25e6174e",
                "33a787bf5fb580b33bc25955e6e0c2bc6120f1b1d4ccedf87777914e0876d478",
                "5bac00bd71aee91bf6adcf831c5ff2335c3dfb7847e25f1660588bcf4f27d89a",
                "ca8099ea5f1f566697c9b5884a0eb2a7f678d27c3f9d42419cb15d2db13f930e",
                "96a9dff6271158f5157ba64ea07463ee56a1471a77ecdf603409d67c67677d47",
                "c352e4c0611b35624e22f9166aad1a22dae1705c23e2f6d6fd0f44a8b7b98efe",
                "5c39c2420c8e93e22b39394d2f15c0e8ec5731c628f1105e0ca82c1e8a9e6775",
                "d906aa3947db0af9b206a4bb32204f3efb5d6e519bc572781bb5e220bfe93033",
                "ae702dd26e3aa9f6ece4fd121c7d7fdf8c2d2acc87b2fa66704afe2340ceadc9",
                "46d56234b5754fb86bcecc7388be67d6c145b9260ae741c1573f98e82f0173a3",
                "911c12e81a9053eec99841d2110b9dc73e6c869830d3c790651db35947a94336",
                "8b4c55fbc11ef1735334b92dea3cad02f6bc6e62406d4d853677e5a4494b13c0",
                "af771aba66a09d2fc9f34e5a97b4eb01610469c599bd19f4f5dbd3104b7250c4",
                "dd6e3d54c8174d1d78881460295f884e4b4d5b2eed78e7c010e338a113855ca5",
                "b2c61db6c20bb387a393010cd001222bcc0235ae364f64593163ba829ee9a673",
                "f4832f6ec524f23116d01e37dfa5a92885b672f520755110e694f723b4b5e6e7",
                "2c3f9f665603f58c16677e9957faed389cc725d776a19eb70276079feabca0d6",
                "c62d2790a869f4e11cf9bcd248e8c3448a17670c94170422c412586db3d3b7cf",
                "5b3605d38f2ee8e6cec1a5cb37b05384fc34d636ad59d28d6a75c678deaac6bd",
                "d9cafd45aaa4d82882b9edfe97ab287afe70e4342c492ca51914575a667f372a",
                "bef6cf845c10f50ed1388e97416241dbab180019d09bb8f0d10ceca3993b0c0b",
                "4d8996bdfaa4b59a1560d54b7e89d8766752ac569cb9451367d29ccb5f998b88",
                "0ce83686ae64768b6cd3e6ce593e7af5155cfc24aaba46bde26ea9ae5a47a039",
                "082c658f0c53dea037f58e95fc79690e59eaf40860b13587d555ac4c3daebf30",
                "a2353f21c10b2bbaca61d189e46f6f8340e9b22aee691ee8a85ccc06896bd72d",
                "e74bc6f6b3c0bb45b7ec190c570765ae133608bd0c0f845bf015f2216fa68945",
                "118df4d07d2776ac6cb0aebd8130a4a9430365527b292a8da1af84410102463f",
                "b6cf6139df899788e9ec13115dfa38ff131a5fb91ceb4c6cf96fa3c058935159",
