{
    "domain": "xlviirdr.com",
    "owner": {},
    "source": [
        "DuckDuckGo-US"
    ],
    "prevalence": 0.00131,
    "sites": 13,
    "subdomains": [
        "creative",
        "go",
        "video"
    ],
    "cnames": [],
    "fingerprinting": 2,
    "resources": [
        {
            "rule": "xlviirdr\\.com\\/widgets\\/Spot\\/lib\\.js",
            "cookies": 0.000201,
            "fingerprinting": 2,
            "subdomains": [
                "creative"
            ],
            "apis": {
                "Navigator.prototype.userAgent": 5,
                "PerformanceTiming.prototype.navigationStart": 5,
                "window.innerHeight": 5,
                "window.innerWidth": 5,
                "Navigator.prototype.vendor": 5,
                "Navigator.prototype.language": 5,
                "MediaSource.isTypeSupported": 5,
                "HTMLMediaElement.prototype.canPlayType": 5
            },
            "sites": 5,
            "prevalence": 0.000503,
            "cnames": [],
            "responseHashes": [
                "d7123912648d101e706704caf1e7f5af33ad74ce71029dc6d534d2113fa7970c"
            ],
            "type": "Script",
            "firstPartyCookies": {},
            "firstPartyCookiesSent": {},
            "exampleSites": [
                "adultdeepfakes.com",
                "jp.spankbang.com",
                "la.spankbang.com",
                "spankbang.porn",
                "spankbang.com"
            ]
        },
        {
            "rule": "xlviirdr\\.com\\/config",
            "cookies": 0.000302,
            "fingerprinting": 0,
            "subdomains": [
                "go"
            ],
            "apis": {},
            "sites": 8,
            "prevalence": 0.000805,
            "cnames": [],
            "responseHashes": [
                "4f9fa87e4cb1179cf88e96393dbadef7fd2782878702c4773940084d48191b8c",
                "1234c8c1bcb15b049086110682a73ef464f0e53d5d7d8be461f39e1383ae261d",
                "c316f98b0a0cc9f582c1729e8c236b6f11e9b01eb8db572d5112870d4e0d8e27",
                "82e1b7d71c3834f7345ab8ac1221029b42c792f73cc4b839cb5c838937c191a7",
                "2bdf17bdbca0fa693d20825b0007d0d09b99fa762fcf2eaa056c023a60d9a7d3",
                "ff3ca9b28e194d26f4b76a2a12887783a4b6cb03b2301c228756983f6a595e41",
                "7b38c959c8e538edd6337ee101746808f296c2b14467f8c95642fa5c9d59e924"
            ],
            "type": "Fetch",
            "firstPartyCookies": {},
            "firstPartyCookiesSent": {},
            "exampleSites": [
                "adultdeepfakes.com",
                "jp.spankbang.com",
                "la.spankbang.com",
                "ok.xxx",
                "ok.porn",
                "spankbang.porn",
                "spankbang.com",
                "www.pornhat.com"
            ]
        },
        {
            "rule": "xlviirdr\\.com\\/widgets\\/Spot\\/lang\\/en\\.json",
            "cookies": 0.000403,
            "fingerprinting": 0,
            "subdomains": [
                "creative"
            ],
            "apis": {},
            "sites": 5,
            "prevalence": 0.000503,
            "cnames": [],
            "responseHashes": [
                "065782e76dcfa6a9181cc36d69abefa429aafe2db2171b5d705a35b3fe234e3f"
            ],
            "type": "Fetch",
            "firstPartyCookies": {},
            "firstPartyCookiesSent": {},
            "exampleSites": [
                "adultdeepfakes.com",
                "jp.spankbang.com",
                "la.spankbang.com",
                "spankbang.porn",
                "spankbang.com"
            ]
        },
        {
            "rule": "xlviirdr\\.com\\/widgets\\/Spot\\/core\\.8279fceb3a9052568651\\.js",
            "cookies": 0.000101,
            "fingerprinting": 0,
            "subdomains": [
                "creative"
            ],
            "apis": {},
            "sites": 5,
            "prevalence": 0.000503,
            "cnames": [],
            "responseHashes": [
                "5b296fcc39a5a66d7b9e1865e47cbda9b5a90bf8d4f45f30ae034a1827f1396c"
            ],
            "type": "Script",
            "firstPartyCookies": {},
            "firstPartyCookiesSent": {},
            "exampleSites": [
                "adultdeepfakes.com",
                "jp.spankbang.com",
                "la.spankbang.com",
                "spankbang.porn",
                "spankbang.com"
            ]
        },
        {
            "rule": "xlviirdr\\.com\\/api\\/models",
            "cookies": 0.000503,
            "fingerprinting": 0,
            "subdomains": [
                "go"
            ],
            "apis": {},
            "sites": 8,
            "prevalence": 0.000805,
            "cnames": [],
            "responseHashes": [
                "f4995edbb049020598184c993f13137c98f1055bc3094b5f73986d4eeca11efa",
                "784e6f0e6971af6c351f6d5283d072b867dc39e31a3423bfbfa386babe64fcb0",
                "d151fd5e715a4e2a682ca2ed0e3e8c47a0032b1bdc1ef0bbab0a84bc3e2bad97",
                "f13be54514d9542d884a94a55069b78fe195993e75d16ffbd59831374b47b711",
                "ab8a2c950a9e990c90b80af2625121224575fe454d1e02911e53120d32831aaf",
                "9a274bdeae7181d9aeef415d365aa9082068a4f94f847657ee114d7ee96c816c",
                "4a66907d9ad8f452750c8aa8323ac1e25a380819b3a2c09383509bd85de295b7"
            ],
            "type": "Fetch",
            "firstPartyCookies": {},
            "firstPartyCookiesSent": {},
            "exampleSites": [
                "adultdeepfakes.com",
                "jp.spankbang.com",
                "la.spankbang.com",
                "ok.xxx",
                "ok.porn",
                "spankbang.porn",
                "spankbang.com",
                "www.pornhat.com"
            ]
        },
        {
            "rule": "xlviirdr\\.com\\/abc\\.gif",
            "cookies": 0,
            "fingerprinting": 0,
            "subdomains": [
                "go"
            ],
            "apis": {},
            "sites": 5,
            "prevalence": 0.000503,
            "cnames": [],
            "responseHashes": [
                "e3b0c44298fc1c149afbf4c8996fb92427ae41e4649b934ca495991b7852b855"
            ],
            "type": "Image",
            "firstPartyCookies": {},
            "firstPartyCookiesSent": {},
            "exampleSites": [
                "adultdeepfakes.com",
                "jp.spankbang.com",
                "la.spankbang.com",
                "spankbang.porn",
                "spankbang.com"
            ]
        },
        {
            "rule": "xlviirdr\\.com\\/thumbs\\/view",
            "cookies": 0.000805,
            "fingerprinting": 0,
            "subdomains": [
                "go"
            ],
            "apis": {},
            "sites": 8,
            "prevalence": 0.000805,
            "cnames": [],
            "responseHashes": [
                "05423cfc57b4377fde96e8161a70276c91df207addeb249fe29f0bd4ec1d0dfb",
                "bd476caca085dedc1e8cf95ae762a65327ee7aab422da511cad31d7807f2112d",
                "cc9ed5989f1a928289a9491d053dc876ff95caabb1a8be9fb9adbdd010716b75",
                "4b68297f881c5260824c17e03a9a7fe480ada47b2e4cb5ba82a5d0827050d87a",
                "1acb59941cfc4685af227115675429c1160fc49827f8727369c8f4b1f0391690",
                "e42bccfa12483cc580f64cedf9705ae96f01d579dd1e836aed5e071db62a4e18",
                "ca264a2b2d48c7d9c7391ceabef63f768239c6765b7ab091ce97fecfa43e8fb0"
            ],
            "type": "Fetch",
            "firstPartyCookies": {},
            "firstPartyCookiesSent": {},