{
    "domain": "xtremepush.com",
    "owner": {},
    "source": [
        "DuckDuckGo-US"
    ],
    "prevalence": 0.000176,
    "sites": 26,
    "subdomains": [
        "api",
        "sdk.us",
        "sdk.livescore"
    ],
    "cnames": [],
    "fingerprinting": 0,
    "resources": [
        {
            "rule": "xtremepush\\.com\\/push\\/api\\/deviceCreate",
            "cookies": 0.0000949,
            "fingerprinting": 0,
            "subdomains": [
                "api",
                "sdk.us",
                "sdk.livescore"
            ],
            "apis": {},
            "sites": 14,
            "prevalence": 0.0000949,
            "cnames": [],
            "responseHashes": [
                "390058238d1f01008ba0fd3ac9f379c604e9462d6e17aac449dddcbef1cd52fe",
                "373285fe6a864860e2e658c962dbcb6d299be9b887a64bdef0852b4e87c8c310",
                "9f6a6f5952d43f84c7e4dc58ed159d8cae05e8a8b467c71000314369a266f40a",
                "fc6dc2f3895ddf01fe163eda529bd7758ecc7952fb2aca01f109a03f44d21fe8",
                "c857b9eaa03577e20dcec7cdf16bc319e719a70f773fe192bd6ca8830ad3d9fb",
                "576ac173c857daa247dc328b84d88da3bef56a032c619ed53933664820e47abd",
                "2a60882faa870b6cbd6994e6c1770d2e53d4a3d4669abaf4b268bc37c239f4f0",
                "584c9adea7cfe33ae93028ebaffe055c31eebdc2bc9c302517659d62979e856d",
                "4d4592ea10cea129a182c7fcc276bd69b0f62a36ce29edcd64a36faaacca2a2d",
                "fb4d921d64d9da61a30a0199f8069ad28c1f763cd2fa947c76e374d942e1b4cc",
                "38f99d59dff8849758f302fb4470525d7164a24c2b254bed8b18db37243147da",
                "4bf8bb61d6c667435fd0f01dabc2c496fea0fc3b0f4c5c6954d94d0e524aed3b",
                "a7753176f8a26c7a6e166013a4e77c3c31cb73ae089e502db5287bbccff313ed"
            ],
            "type": "XHR",
            "firstPartyCookies": {},
            "firstPartyCookiesSent": {},
            "exampleSites": [
                "entertainment.ie",
                "superbet.ro",
                "www.betonline.ag",
                "www.bigbustours.com",
                "www.casino.org",
                "www.dhgate.com",
                "www.gametwist.com",
                "www.garageclothing.com",
                "www.irishtimes.com",
                "www.livescore.com",
                "www.oddschecker.com",
                "www.pipingrock.com",
                "www.sportpesa.com",
                "www.wowcher.co.uk"
            ]
        },
        {
            "rule": "xtremepush\\.com\\/push\\/api\\/tagsHit",
            "cookies": 0,
            "fingerprinting": 0,
            "subdomains": [
                "api",
                "sdk.us"
            ],
            "apis": {},
            "sites": 5,
            "prevalence": 0.0000339,
            "cnames": [],
            "responseHashes": [
                "33cf9635b62dfc0a9f749b5e6a97c281d10b4791460559460658dc3220e9311f"
            ],
            "type": "XHR",
            "firstPartyCookies": {},
            "firstPartyCookiesSent": {},
            "exampleSites": [
                "entertainment.ie",
                "www.bigbustours.com",
                "www.garageclothing.com",
                "www.pipingrock.com",
                "www.wowcher.co.uk"
            ]
        },
        {
            "rule": "xtremepush\\.com\\/push\\/api\\/eventHit",
            "cookies": 0.0000271,
            "fingerprinting": 0,
            "subdomains": [
                "api",
                "sdk.us"
            ],
            "apis": {},
            "sites": 4,
            "prevalence": 0.0000271,
            "cnames": [],
            "responseHashes": [
                "ed91436df65a32d3279eeef148d78d04bbb1126339fb56b572113478860c0642"
            ],
            "type": "XHR",
            "firstPartyCookies": {},
            "firstPartyCookiesSent": {},
            "exampleSites": [
                "entertainment.ie",
                "www.garageclothing.com",
                "www.oddschecker.com",
                "www.pipingrock.com"
            ]
        },
        {
            "rule": "xtremepush\\.com\\/push\\/api\\/deviceUpdate",
            "cookies": 0,
            "fingerprinting": 0,
            "subdomains": [
                "api",
                "sdk.us",
                "sdk.livescore"
            ],
            "apis": {},
            "sites": 14,
            "prevalence": 0.0000949,
            "cnames": [],
            "responseHashes": [
                "33cf9635b62dfc0a9f749b5e6a97c281d10b4791460559460658dc3220e9311f"
            ],
            "type": "XHR",
            "firstPartyCookies": {},
            "firstPartyCookiesSent": {},
            "exampleSites": [
                "entertainment.ie",
                "superbet.ro",
                "www.betonline.ag",
                "www.bigbustours.com",
                "www.casino.org",
                "www.dhgate.com",
                "www.gametwist.com",
                "www.garageclothing.com",
                "www.irishtimes.com",
                "www.livescore.com",
                "www.oddschecker.com",
                "www.pipingrock.com",
                "www.sportpesa.com",
                "www.wowcher.co.uk"
            ]
        },
        {
            "rule": "xtremepush\\.com\\/push\\/api\\/swActivate",
            "cookies": 0.0000543,
            "fingerprinting": 0,
            "subdomains": [
                "api",
                "sdk.livescore"
            ],
            "apis": {},
            "sites": 8,
            "prevalence": 0.0000543,
            "cnames": [],
            "responseHashes": [
                "7bbde71e5f3d9e7fbcaccebabcd5064f0de17fd4cb5a3a79dee5db1278d6ac91"
            ],
            "type": "Fetch",
            "firstPartyCookies": {},
            "firstPartyCookiesSent": {},
            "exampleSites": [
                "entertainment.ie",
                "www.gametwist.com",
                "www.irishtimes.com",
                "www.livescore.com",
                "www.oddschecker.com",
                "www.pipingrock.com",
                "www.sportpesa.com",
                "www.wowcher.co.uk"
            ]
        },
        {
            "rule": "xtremepush\\.com\\/push\\/api\\/swActivate",
            "cookies": 0,
            "fingerprinting": 0,
            "subdomains": [
                "api",
                "sdk.livescore"
            ],
            "apis": {},
            "sites": 8,
            "prevalence": 0.0000543,
            "cnames": [],
            "responseHashes": [],
            "type": "Preflight",
            "firstPartyCookies": {},
            "firstPartyCookiesSent": {},
            "exampleSites": [
                "entertainment.ie",
                "www.gametwist.com",
                "www.irishtimes.com",
                "www.livescore.com",
                "www.oddschecker.com",
                "www.pipingrock.com",
                "www.sportpesa.com",
                "www.wowcher.co.uk"
            ]
        },
        {
            "rule": "xtremepush\\.com\\/push\\/api\\/impressionsHit",
            "cookies": 0,
            "fingerprinting": 0,
            "subdomains": [
                "api"
            ],
            "apis": {},
            "sites": 2,
            "prevalence": 0.0000136,
            "cnames": [],
            "responseHashes": [
                "33cf9635b62dfc0a9f749b5e6a97c281d10b4791460559460658dc3220e9311f"
            ],
            "type": "XHR",
            "firstPartyCookies": {},
            "firstPartyCookiesSent": {},
            "exampleSites": [
                "wowcher.co.uk",
                "www.wowcher.co.uk"
            ]
        }
    ],
    "categories": [],
    "performance": {},
    "cookies": 0.000176,
    "topInitiators": [
        {
            "domain": "webpu.sh",
            "prevalence": 0.7787610619469026
        },
        {
            "domain": "first party",