{
    "domain": "xtremepush.com",
    "owner": {},
    "source": [
        "DuckDuckGo-US"
    ],
    "prevalence": 0.000135,
    "sites": 20,
    "subdomains": [
        "api",
        "sdk.us"
    ],
    "cnames": [],
    "fingerprinting": 0,
    "resources": [
        {
            "rule": "xtremepush\\.com\\/push\\/api\\/deviceCreate",
            "cookies": 0.0000743,
            "fingerprinting": 0,
            "subdomains": [
                "api",
                "sdk.us"
            ],
            "apis": {},
            "sites": 11,
            "prevalence": 0.0000743,
            "cnames": [],
            "responseHashes": [
                "6585110c43f5915267b133ff5599a90ca8e4a6e65211142bf741478f604ff044",
                "e66b42005bee60a223c306bb64ddc125dba2d4d0baa5fb890b255e50d2aa9436",
                "53f0d386b7316a89c107dc23beaf560603c147ff55bd64f5588e926f6fc90144",
                "d060b3dbb81df1ff1929e2cbb9f2546ca0e181a006a02b375fee2a314d636c98",
                "92becf414594074fba7fa46531c1933817128be0e05ac6fc4c034498ce7485ec",
                "83ac7abc59523f62a797d34c00ab54775766704a1f7694a34476be96d6d8b2cf",
                "e31fd35fba464e1a2a2869dbf247ab0b7866a41b74ee2a753acf877951d28fcb",
                "c341296ee337a44e53c34f43808d0632684d4ba1f4efa336f67d65e72106e409",
                "05f57dbee0fdde1bced12ee97dbadf7022630679a4428f4e4e2b6b736a29035f",
                "db0f28b2f77be439e3a5d3dc1bafe9413a58a17a9c204ced3305951d81181912"
            ],
            "type": "XHR",
            "firstPartyCookies": {},
            "firstPartyCookiesSent": {},
            "exampleSites": [
                "entertainment.ie",
                "www.betonline.ag",
                "www.bigbustours.com",
                "www.dhgate.com",
                "www.gametwist.com",
                "www.garageclothing.com",
                "www.irishtimes.com",
                "www.oddschecker.com",
                "www.pipingrock.com",
                "www.sportpesa.com",
                "www.wowcher.co.uk"
            ]
        },
        {
            "rule": "xtremepush\\.com\\/push\\/api\\/tagsHit",
            "cookies": 0,
            "fingerprinting": 0,
            "subdomains": [
                "api",
                "sdk.us"
            ],
            "apis": {},
            "sites": 5,
            "prevalence": 0.0000338,
            "cnames": [],
            "responseHashes": [
                "33cf9635b62dfc0a9f749b5e6a97c281d10b4791460559460658dc3220e9311f"
            ],
            "type": "XHR",
            "firstPartyCookies": {},
            "firstPartyCookiesSent": {},
            "exampleSites": [
                "entertainment.ie",
                "www.bigbustours.com",
                "www.garageclothing.com",
                "www.pipingrock.com",
                "www.wowcher.co.uk"
            ]
        },
        {
            "rule": "xtremepush\\.com\\/push\\/api\\/eventHit",
            "cookies": 0.000027,
            "fingerprinting": 0,
            "subdomains": [
                "api",
                "sdk.us"
            ],
            "apis": {},
            "sites": 4,
            "prevalence": 0.000027,
            "cnames": [],
            "responseHashes": [
                "ed91436df65a32d3279eeef148d78d04bbb1126339fb56b572113478860c0642"
            ],
            "type": "XHR",
            "firstPartyCookies": {},
            "firstPartyCookiesSent": {},
            "exampleSites": [
                "entertainment.ie",
                "www.garageclothing.com",
                "www.oddschecker.com",
                "www.pipingrock.com"
            ]
        },
        {
            "rule": "xtremepush\\.com\\/push\\/api\\/deviceUpdate",
            "cookies": 0,
            "fingerprinting": 0,
            "subdomains": [
                "api",
                "sdk.us"
            ],
            "apis": {},
            "sites": 11,
            "prevalence": 0.0000743,
            "cnames": [],
            "responseHashes": [
                "33cf9635b62dfc0a9f749b5e6a97c281d10b4791460559460658dc3220e9311f"
            ],
            "type": "XHR",
            "firstPartyCookies": {},
            "firstPartyCookiesSent": {},
            "exampleSites": [
                "entertainment.ie",
                "www.betonline.ag",
                "www.bigbustours.com",
                "www.dhgate.com",
                "www.gametwist.com",
                "www.garageclothing.com",
                "www.irishtimes.com",
                "www.oddschecker.com",
                "www.pipingrock.com",
                "www.sportpesa.com",
                "www.wowcher.co.uk"
            ]
        },
        {
            "rule": "xtremepush\\.com\\/push\\/api\\/swActivate",
            "cookies": 0.0000405,
            "fingerprinting": 0,
            "subdomains": [
                "api",
                "sdk.us"
            ],
            "apis": {},
            "sites": 9,
            "prevalence": 0.0000608,
            "cnames": [],
            "responseHashes": [
                "7bbde71e5f3d9e7fbcaccebabcd5064f0de17fd4cb5a3a79dee5db1278d6ac91"
            ],
            "type": "Fetch",
            "firstPartyCookies": {},
            "firstPartyCookiesSent": {},
            "exampleSites": [
                "entertainment.ie",
                "www.dhgate.com",
                "www.gametwist.com",
                "www.garageclothing.com",
                "www.irishtimes.com",
                "www.oddschecker.com",
                "www.pipingrock.com",
                "www.sportpesa.com",
                "www.wowcher.co.uk"
            ]
        },
        {
            "rule": "xtremepush\\.com\\/push\\/api\\/swActivate",
            "cookies": 0,
            "fingerprinting": 0,
            "subdomains": [
                "api"
            ],
            "apis": {},
            "sites": 3,
            "prevalence": 0.0000203,
            "cnames": [],
            "responseHashes": [],
            "type": "Other",
            "firstPartyCookies": {},
            "firstPartyCookiesSent": {},
            "exampleSites": [
                "entertainment.ie",
                "www.gametwist.com",
                "www.sportpesa.com"
            ]
        },
        {
            "rule": "xtremepush\\.com\\/push\\/api\\/swActivate",
            "cookies": 0,
            "fingerprinting": 0,
            "subdomains": [
                "api",
                "sdk.us"
            ],
            "apis": {},
            "sites": 7,
            "prevalence": 0.0000473,
            "cnames": [],
            "responseHashes": [],
            "type": "Preflight",
            "firstPartyCookies": {},
            "firstPartyCookiesSent": {},
            "exampleSites": [
                "dhgate.com",
                "www.gametwist.com",
                "www.garageclothing.com",
                "www.irishtimes.com",
                "www.oddschecker.com",
                "www.pipingrock.com",
                "www.wowcher.co.uk"
            ]
        },
        {
            "rule": "xtremepush\\.com\\/push\\/api\\/impressionsHit",
            "cookies": 0,
            "fingerprinting": 0,
            "subdomains": [
                "api"
            ],
            "apis": {},
            "sites": 2,
            "prevalence": 0.0000135,
            "cnames": [],
            "responseHashes": [
                "33cf9635b62dfc0a9f749b5e6a97c281d10b4791460559460658dc3220e9311f"
            ],
            "type": "XHR",
            "firstPartyCookies": {},
            "firstPartyCookiesSent": {},
            "exampleSites": [
                "wowcher.co.uk",
                "www.wowcher.co.uk"
            ]
        }
    ],
    "categories": [],
    "performance": {},
    "cookies": 0.000135,
    "topInitiators": [
        {
            "domain": "webpu.sh",