{
    "domain": "xxxviijmp.com",
    "owner": {},
    "source": [
        "DuckDuckGo-US"
    ],
    "prevalence": 0.000061,
    "sites": 9,
    "subdomains": [
        "go"
    ],
    "cnames": [],
    "fingerprinting": 0,
    "resources": [
        {
            "rule": "xxxviijmp\\.com\\/api\\/models",
            "cookies": 0.0000542,
            "fingerprinting": 0,
            "subdomains": [
                "go"
            ],
            "apis": {},
            "sites": 8,
            "prevalence": 0.0000542,
            "cnames": [],
            "responseHashes": [
                "3bd8bbf28ffde0958a2bec2082c11c2bdd43f19cf82e43792df71c0c4cc817d4",
                "2a5990c75ec1f5cfb25be8271a7d3a67516f43df683daebcda929b4d80d7ebbe",
                "ebaf0ae66fa0493dfa5e02f586212153811c5d086688fd81b5f28dcfa13c4e6a",
                "ce5aada9b9f2136719bc3a33bf08a1dcd4825c3684cfa53cc520941ae81f795c",
                "aa5b96818ad4562fab24a667f76e9572b7d774c2a52cc3a71c5c108c5104ce30",
                "0fbf79fd5c8455121b7a00809380f64fdf5f0e519044a6e1e4fa6cc517a43326",
                "1fb55e042329810cfbf28206e6fabf6aa75eee9dabbc7810545504c3fc204593"
            ],
            "type": "XHR",
            "firstPartyCookies": {},
            "firstPartyCookiesSent": {},
            "exampleSites": [
                "xhamster.desi",
                "deu.xhamster.desi",
                "ru.xhamster.desi",
                "xhamster1.desi",
                "xhamster19.com",
                "xhamster19.desi",
                "xhamster2.com",
                "xhofficial.com"
            ]
        }
    ],
    "categories": [],
    "performance": {},
    "cookies": 0.000061,
    "topInitiators": [
        {
            "domain": "xhcdn.com",
            "prevalence": 1
        }
    ],
    "types": {
        "XHR": 8
    },
    "nameservers": [
        "ali.ns.cloudflare.com",
        "kolton.ns.cloudflare.com"
    ]
}