{
    "domain": "yieldify-production.com",
    "owner": {},
    "source": [
        "DuckDuckGo-US"
    ],
    "prevalence": 0.000358,
    "sites": 53,
    "subdomains": [
        "gateway",
        "fonts"
    ],
    "cnames": [],
    "fingerprinting": 0,
    "resources": [
        {
            "rule": "yieldify-production\\.com\\/socialproof\\/rpc",
            "cookies": 0,
            "fingerprinting": 0,
            "subdomains": [
                "gateway"
            ],
            "apis": {},
            "sites": 25,
            "prevalence": 0.000169,
            "cnames": [],
            "responseHashes": [
                "3e816ad23a00f8016fb3aa89857347e72f81366b724ead6a4b82485cfd4db912",
                "5fd41dfc5ec7d25a3576dae154df8b06e92473612cd202ef7d2625e887f4c887",
                "ee063567680260c833f8436fadb3c27936d1005271f1f706bde9c221f62dd524",
                "ad0fe656d0861c0616fd8a82f4faf2cd77cdcbb67df8f64f66ceb5041eea7d01",
                "cfd5b78a3f622e3428915777c3d358e02d573df0fbb078df90c631a750feedd8",
                "c1b33c22d8012bf048945fe9e94199f48e2f253b171ef335c55ec48e22b84db9",
                "f5fbef30c0ef5c65e59053e9515377eb14d39883382925371b92a189d27f8434",
                "98facdb09eb3171ef8d9d6b78c9b7d1ad4c644a908a6e8178c3a1d72c5fad2d8",
                "96c363eb4f919e066eafc6a5df15b0f3c0f37e932caec9db5e9af3720102a003",
                "8d5a689a1795bf5c238ec5b48687bdf7ea6b80c2a815f1ae8e360160fa17a70e",
                "cbe8187826755e1c9332088404cfb9f8f2da463d4ac8a6aa3c51175a2c0229ba",
                "61327893c9164ba8a015584f3e1ca5c7d9f59d4b7489f7441a39584ed92169c6",
                "c2ebc1d3a3297b486833e0e3538ae3a0282bd3b69cadb86bb2f7fb99f04afa0d",
                "dfc6bb56287c44ec0c4ad200bfd69788c6203963b009e2313a8c05e1e07e0878",
                "6c1f32be8a875d3fe264435166afdda2079db1f4862e152238b24508e77b4a3f",
                "01f916ddf29ce3cec43ea3980f7c1bc262de41120698866ed9ddaba44399b626",
                "2047972d8fff414f6cf217fa2feeecba3168bf8e4819c5917650614d71dd5464",
                "16251cf3f3c6f734d9f985bed2125d5a0aa8d54fc1e9e49f94dbb1853e8cff8b",
                "c4b33ea477e12defed7cb518d42a8863dd2d01278734fd520f702b8a2ec0cbf3",
                "a6c65df41032f212c2329385b1760b332d054ddf5df5d7dfe11e0879338db96f",
                "5da71ac6f3dde9951adf9de877ec4ca33309b0fe0d44e81737fe71e99249cb29",
                "6407d7e94ac96f91a7c8a3de6dea787821159b9280ede86d45d8f0f0fa36a88b",
                "2f146d262ab7ab980da88b2c370992b1184fd313445c27477c5e094031e22ab0",
                "65c463224d0e38d721de41254e4c431ca5d59525499d474b04d0ef86f270a9ee"
            ],
            "type": "XHR",
            "firstPartyCookies": {},
            "firstPartyCookiesSent": {},
            "exampleSites": [
                "www.adairs.com.au",
                "www.merrell.com",
                "www.saucony.com",
                "www.newbalance.com.au",
                "www.protyre.co.uk",
                "www.cigarsinternational.com",
                "www.chacos.com",
                "sunwarrior.com",
                "www.garnierusa.com",
                "www.avenue.com",
                "www.wearpepper.com",
                "www.colonialwilliamsburg.org",
                "www.eaglecreek.com",
                "www.serenataflowers.com",
                "www.esteelauder.com",
                "www.vitalitymedical.com",
                "support.ninjakitchen.com",
                "www.inghams.co.uk",
                "www.maccosmetics.com",
                "www.nicks.com.au"
            ]
        },
        {
            "rule": "yieldify-production\\.com\\/fonts\\/1055\\/74b979a9-be66-482a-a8de-347443425ccd\\.woff",
            "cookies": 0,
            "fingerprinting": 0,
            "subdomains": [
                "fonts"
            ],
            "apis": {},
            "sites": 2,
            "prevalence": 0.0000135,
            "cnames": [],
            "responseHashes": [
                "9f8191105e4d83d84e4d72b27d1f5c11a9c67a989b2a7e2e51f5f1523c4bd4d2"
            ],
            "type": "Font",
            "firstPartyCookies": {},
            "firstPartyCookiesSent": {},
            "exampleSites": [
                "megabus.com",
                "uk.megabus.com"
            ]
        },
        {
            "rule": "yieldify-production\\.com\\/fonts\\/1055\\/47e09f92-9ca0-48c1-be4a-ae1a54884ade\\.woff",
            "cookies": 0,
            "fingerprinting": 0,
            "subdomains": [
                "fonts"
            ],
            "apis": {},
            "sites": 2,
            "prevalence": 0.0000135,
            "cnames": [],
            "responseHashes": [
                "354c4e1ed7097bb76fdf300194a180a43edb8b63808a2b68fad5ac5b59fc4c3a"
            ],
            "type": "Font",
            "firstPartyCookies": {},
            "firstPartyCookiesSent": {},
            "exampleSites": [
                "megabus.com",
                "uk.megabus.com"
            ]
        },
        {
            "rule": "yieldify-production\\.com\\/fonts\\/100880\\/da80b513-ec99-42e8-aed5-601eeee49e33\\.woff2",
            "cookies": 0,
            "fingerprinting": 0,
            "subdomains": [
                "fonts"
            ],
            "apis": {},
            "sites": 2,
            "prevalence": 0.0000135,
            "cnames": [],
            "responseHashes": [
                "224c8acd4b4e90d3cf687bbaba1d0f3022c5a88c24666a15040bed801b4cd070"
            ],
            "type": "Font",
            "firstPartyCookies": {},
            "firstPartyCookiesSent": {},
            "exampleSites": [
                "cigar.com",
                "www.cigar.com"
            ]
        },
        {
            "rule": "yieldify-production\\.com\\/fonts\\/100596\\/37c276ac-eedc-4635-acaa-8898591b5b5e\\.otf",
            "cookies": 0,
            "fingerprinting": 0,
            "subdomains": [
                "fonts"
            ],
            "apis": {},
            "sites": 2,
            "prevalence": 0.0000135,
            "cnames": [],
            "responseHashes": [
                "210362539b1cc296e7b640d49680e61c6cf131e3f815e55fe035fd7ce14dace9"
            ],
            "type": "Font",
            "firstPartyCookies": {},
            "firstPartyCookiesSent": {},
            "exampleSites": [
                "cigarsinternational.com",
                "www.cigarsinternational.com"
            ]
        },
        {
            "rule": "yieldify-production\\.com\\/fonts\\/100596\\/e868135c-16ac-4fe0-ba5d-1163f064a6cd\\.otf",
            "cookies": 0,
            "fingerprinting": 0,
            "subdomains": [
                "fonts"
            ],
            "apis": {},
            "sites": 2,
            "prevalence": 0.0000135,
            "cnames": [],
            "responseHashes": [
                "f17d455757f25b158bf3a9f1982eab9d9bfd10dd33934eb1a19eacc0b8c5f8e0"
            ],
            "type": "Font",
            "firstPartyCookies": {},
            "firstPartyCookiesSent": {},
            "exampleSites": [
                "cigarsinternational.com",
                "www.cigarsinternational.com"
            ]
        },
        {
            "rule": "yieldify-production\\.com\\/fonts\\/100596\\/3428b8eb-3ed4-4b24-87f7-c30f17156f94\\.otf",
            "cookies": 0,
            "fingerprinting": 0,
            "subdomains": [
                "fonts"
            ],
            "apis": {},
            "sites": 2,
            "prevalence": 0.0000135,
            "cnames": [],
            "responseHashes": [
                "908de13ce8a6db37789c28fba087e491e02df6ab50157bde1c1bd9452a2d236f"
            ],
            "type": "Font",
            "firstPartyCookies": {},
            "firstPartyCookiesSent": {},