{
    "domain": "yieldify-production.com",
    "owner": {},
    "source": [
        "DuckDuckGo-US"
    ],
    "prevalence": 0.000372,
    "sites": 55,
    "subdomains": [
        "gateway",
        "fonts"
    ],
    "cnames": [],
    "fingerprinting": 0,
    "resources": [
        {
            "rule": "yieldify-production\\.com\\/socialproof\\/rpc",
            "cookies": 0,
            "fingerprinting": 0,
            "subdomains": [
                "gateway"
            ],
            "apis": {},
            "sites": 26,
            "prevalence": 0.000176,
            "cnames": [],
            "responseHashes": [
                "0c847be47eabf4996eed30cce387ba2c151de0ca1b5f276cef6e67cd5d5293ab",
                "019779b2486da8750a1a397b2a0ed16fe4bd79c85f4420bef4012165f35f4ff2",
                "465d9ea079275cd51d145f02a2a0e3491bccb449cd8e4b75d5c10bc6bd2d2300",
                "76a3cb612a2486ef0c0308e7295cd2295a4a4b93e5113171f4e9936468e4d14e",
                "9a8f503b9b5a21ebdc5470d55b83b7527318166d97a4d96488919f616eb8f43e",
                "f33a043d5e479f1fbeea8966cf996aa221a87817d39fe1ab17700f3f8e9956a6",
                "3c4b0f779c132909bcb2db1dd58df1c9cb40447fda969db4538cf9e6297bacdd",
                "acd4770cba59a34dac3d051cb05e330ff5d3e66d5ee67f2967ea9f7a7c0a850b",
                "19ee09491beb9b8364f5361fb3571eabc7c2a2856a6abe1bc81f1227194be1c1",
                "08b0b93fa252e93a65c9d92731ad36ddc178bc429cc2193c30feef8b94389915",
                "4c4eebc1d436da97125e32ac2752e310d9b2be34f418525cdb1d63315db708e3",
                "719d46099d8b71bdb4bcb62dcad819bf14a145a2cb29a304ddef6cf5e30725a3",
                "e1bd36d831dc9f014c642ed2074f842abd29bb44c58cab7fcb69b9feca00277d",
                "414eaf7e4b0606de4b8f94fa507b88bc0bb8da5ccf3ebb4beb37ade7b11ed4f9",
                "d14f6e126b461548e4646e864460c78c55f6ff47a680bc4374ecdb4231574432",
                "48211d979173a569eacd5805591c4381e10e6bbdec01d08c0e1f783a9c6341a2",
                "9f7f3034a11edd1ecc41fe1350029d343a046d3de914075d249f80491d6eb224",
                "7930e35c963fb98d205d57e6876dc279fcbffb12e08f6d41bf3d339d1267d6da",
                "f933a0ad65ea9ffff855292702efd100772ba07d28941c2f9b134db135d60d9c",
                "b4470df9f4d57b72cb46fa7551c3c49b22c9ebdd05f170b1564fbc8596e49fa9",
                "e5cb0f2115ac093ddf06082f3aeddc94b372d734480177b04e2eb9fbf91de365",
                "0a1bd84540368aad0ff3045e2b47c6d8f436502ff5224b1d7c5868170d93a54b",
                "e436c99a8bc9319f27062befd2537668e8b0037daa9610a3bdd22fac0f6ff31f",
                "fec83b80fe512dc200482788f10fa6e1b3e83908f61583f9a44500ce22ac1f92"
            ],
            "type": "XHR",
            "firstPartyCookies": {},
            "firstPartyCookiesSent": {},
            "exampleSites": [
                "www.motorcyclespareparts.eu",
                "www.nicks.com.au",
                "www.avenue.com",
                "www.esteelauder.com",
                "pipesandcigars.com",
                "uk.megabus.com",
                "www.jaxtyres.com.au",
                "www.catfootwear.com",
                "sunwarrior.com",
                "www.herroom.com",
                "www.inghams.co.uk",
                "www.sperry.com",
                "www.protyre.co.uk",
                "www.vitalitymedical.com",
                "www.ninjakitchen.com",
                "www.wolverine.com",
                "www.newbalance.com.au",
                "www.wearpepper.com",
                "www.colonialwilliamsburg.org",
                "www.thompsoncigar.com"
            ]
        },
        {
            "rule": "yieldify-production\\.com\\/fonts\\/1055\\/74b979a9-be66-482a-a8de-347443425ccd\\.woff",
            "cookies": 0,
            "fingerprinting": 0,
            "subdomains": [
                "fonts"
            ],
            "apis": {},
            "sites": 2,
            "prevalence": 0.0000135,
            "cnames": [],
            "responseHashes": [
                "9f8191105e4d83d84e4d72b27d1f5c11a9c67a989b2a7e2e51f5f1523c4bd4d2"
            ],
            "type": "Font",
            "firstPartyCookies": {},
            "firstPartyCookiesSent": {},
            "exampleSites": [
                "megabus.com",
                "uk.megabus.com"
            ]
        },
        {
            "rule": "yieldify-production\\.com\\/fonts\\/100596\\/1a322b94-39b3-437f-a575-fb36b249e3bc\\.otf",
            "cookies": 0,
            "fingerprinting": 0,
            "subdomains": [
                "fonts"
            ],
            "apis": {},
            "sites": 2,
            "prevalence": 0.0000135,
            "cnames": [],
            "responseHashes": [
                "9293190f87599d30d63ad6b499ed7116f8bfd65bec53c8a690b24297d71cbd87"
            ],
            "type": "Font",
            "firstPartyCookies": {},
            "firstPartyCookiesSent": {},
            "exampleSites": [
                "cigarsinternational.com",
                "www.cigarsinternational.com"
            ]
        },
        {
            "rule": "yieldify-production\\.com\\/fonts\\/100596\\/37c276ac-eedc-4635-acaa-8898591b5b5e\\.otf",
            "cookies": 0,
            "fingerprinting": 0,
            "subdomains": [
                "fonts"
            ],
            "apis": {},
            "sites": 2,
            "prevalence": 0.0000135,
            "cnames": [],
            "responseHashes": [
                "210362539b1cc296e7b640d49680e61c6cf131e3f815e55fe035fd7ce14dace9"
            ],
            "type": "Font",
            "firstPartyCookies": {},
            "firstPartyCookiesSent": {},
            "exampleSites": [
                "cigarsinternational.com",
                "www.cigarsinternational.com"
            ]
        },
        {
            "rule": "yieldify-production\\.com\\/fonts\\/100596\\/fb1c181e-d485-4df4-b262-789824637152\\.otf",
            "cookies": 0,
            "fingerprinting": 0,
            "subdomains": [
                "fonts"
            ],
            "apis": {},
            "sites": 2,
            "prevalence": 0.0000135,
            "cnames": [],
            "responseHashes": [
                "8533268357a5cfca337e7a60fd5a5ecba698adea5e65c08bfd0149759308d79c"
            ],
            "type": "Font",
            "firstPartyCookies": {},
            "firstPartyCookiesSent": {},
            "exampleSites": [
                "cigarsinternational.com",
                "www.cigarsinternational.com"
            ]
        },
        {
            "rule": "yieldify-production\\.com\\/fonts\\/100596\\/3428b8eb-3ed4-4b24-87f7-c30f17156f94\\.otf",
            "cookies": 0,
            "fingerprinting": 0,
            "subdomains": [
                "fonts"
            ],
            "apis": {},
            "sites": 2,
            "prevalence": 0.0000135,
            "cnames": [],
            "responseHashes": [
                "908de13ce8a6db37789c28fba087e491e02df6ab50157bde1c1bd9452a2d236f"
            ],
            "type": "Font",
            "firstPartyCookies": {},
            "firstPartyCookiesSent": {},
            "exampleSites": [
                "cigarsinternational.com",
                "www.cigarsinternational.com"
            ]
        },
        {
            "rule": "yieldify-production\\.com\\/fonts\\/100835\\/7a084d3a-7187-4d0a-9300-2ea3bb84c34c\\.ttf",
            "cookies": 0,
            "fingerprinting": 0,
            "subdomains": [
                "fonts"
            ],
            "apis": {},
            "sites": 2,
            "prevalence": 0.0000135,
            "cnames": [],
            "responseHashes": [
                "0a0456adb97aaf61f54d16f0356e2e8d059c2e5baf43b2acbc1add6d557d8eda"
            ],
            "type": "Font",
            "firstPartyCookies": {},
            "firstPartyCookiesSent": {},