{
    "domain": "yieldify-production.com",
    "owner": {},
    "source": [
        "DuckDuckGo-US"
    ],
    "prevalence": 0.000423,
    "sites": 51,
    "subdomains": [
        "gateway",
        "fonts"
    ],
    "cnames": [],
    "fingerprinting": 0,
    "resources": [
        {
            "rule": "yieldify-production\\.com\\/socialproof\\/rpc",
            "cookies": 0,
            "fingerprinting": 0,
            "subdomains": [
                "gateway"
            ],
            "apis": {},
            "sites": 23,
            "prevalence": 0.000191,
            "cnames": [],
            "responseHashes": [
                "729d4c7ea10ba294a2c16d4f9bbc0b73600c890bd0012d1fc65db94f4a6d2988",
                "bf94e0b46f199cb3aea21443719a5bdcfec9be87560070c09de0cdf5ad0310d8",
                "d1f100dfb102ac52c867344ca0b90cf85c7ce49579c5e35b8d95935599c5bb4f",
                "f6219f50501fa57117c139548e78531deed65ad843b562d87b8213af8ac47d72",
                "4abd1dbcb41a21a981625ce029f39153af2a6fe81b9ef26b1c2085745b6ed7a1",
                "4b3cfb86faed17eba36d1ad1ba734494ff084bb4383d15ef3c3440ae22a1b20b",
                "352fc719484401a960e42ce5e78c748f5364dc3a7fa8eb7bf74ee7f98b919187",
                "47482fc1f9776e32ed1871d258317d52c8e9488030cbfa43fcda13caa944c115",
                "9a3ee6d41a826936a000e94470855e90e9679a8be94f151dffd46235d95091ae",
                "1eb28b1fdd5e5ac6ec9a42772d44e8be3a6e41519401fe917a02f267da5a2aa4",
                "56005b925427b1e29195af9332cd2790f897164bcb81c36827eb4aa296f2e958",
                "f5b15c54b8a916242bd1e2ff1071e53f7ea3da2e8a7de57b7eb27da15af260f1",
                "d896019336b46801c6a66ba90de1cf1453da985c822475ec99a297ec77340e96",
                "a90d0526514e204720cb3dd4906e051f4a56d4ee7572fec4811e7b5bac966ce1",
                "874f59764f0b1372b53a540c0e0bfa3fcdf553b9e7c94e9da884333aaa8430d6",
                "4d2b210ee1482fe929181bc54ad816702075b3dbde96d4f5c9b1ca550b9cb52b",
                "4f505089378c9070c20a1cdfdc4700d7c9a0fe26cbfe7220699a7432754df347",
                "4a96ed675f13679cdacf80c526fccd5f447b196c7d5748c6db05e3e7bdb3053a",
                "a49263fd9c3017259e45b1810687d68e5c5bf854210b36b6b7c1db50a766425a",
                "f0aeae868111a501bea44d3f08e7d83d308bef9ec77b51b34a913160ab0371a0",
                "6a5431586d4a9aa4362f7e88c9b3b021ba590d8e98732bb92bbee3fbd3590e09",
                "79bbc6ba59a27edccbd6118a92ab6be4cf699e6a206f7ece27c330e07eb6bd65"
            ],
            "type": "XHR",
            "firstPartyCookies": {},
            "firstPartyCookiesSent": {},
            "exampleSites": [
                "uk.megabus.com",
                "www.protyre.co.uk",
                "www.xe.com",
                "www.jaxtyres.com.au",
                "www.herroom.com",
                "www.ninjakitchen.com",
                "www.motorcyclespareparts.eu",
                "www.sperry.com",
                "www.esteelauder.com",
                "www.adidas.com.au",
                "www.vitalitymedical.com",
                "www.thompsoncigar.com",
                "sunwarrior.com",
                "www.time4learning.com",
                "www.colonialwilliamsburg.org",
                "www.inghams.co.uk",
                "www.wearpepper.com",
                "pipesandcigars.com",
                "www.happiestbaby.com",
                "support.ninjakitchen.com"
            ]
        },
        {
            "rule": "yieldify-production\\.com\\/fonts\\/1055\\/74b979a9-be66-482a-a8de-347443425ccd\\.woff",
            "cookies": 0,
            "fingerprinting": 0,
            "subdomains": [
                "fonts"
            ],
            "apis": {},
            "sites": 2,
            "prevalence": 0.0000166,
            "cnames": [],
            "responseHashes": [
                "9f8191105e4d83d84e4d72b27d1f5c11a9c67a989b2a7e2e51f5f1523c4bd4d2"
            ],
            "type": "Font",
            "firstPartyCookies": {},
            "firstPartyCookiesSent": {},
            "exampleSites": [
                "megabus.com",
                "uk.megabus.com"
            ]
        },
        {
            "rule": "yieldify-production\\.com\\/fonts\\/100835\\/7a084d3a-7187-4d0a-9300-2ea3bb84c34c\\.ttf",
            "cookies": 0,
            "fingerprinting": 0,
            "subdomains": [
                "fonts"
            ],
            "apis": {},
            "sites": 2,
            "prevalence": 0.0000166,
            "cnames": [],
            "responseHashes": [
                "0a0456adb97aaf61f54d16f0356e2e8d059c2e5baf43b2acbc1add6d557d8eda"
            ],
            "type": "Font",
            "firstPartyCookies": {},
            "firstPartyCookiesSent": {},
            "exampleSites": [
                "eaglecreek.com",
                "www.eaglecreek.com"
            ]
        },
        {
            "rule": "yieldify-production\\.com\\/fonts\\/100835\\/675946a3-3538-4651-a056-870d7c97551d\\.ttf",
            "cookies": 0,
            "fingerprinting": 0,
            "subdomains": [
                "fonts"
            ],
            "apis": {},
            "sites": 2,
            "prevalence": 0.0000166,
            "cnames": [],
            "responseHashes": [
                "c1f4d2726af2fcddb6ba2c9e127e994deea66df391cb80c5c94598e3f24e854c"
            ],
            "type": "Font",
            "firstPartyCookies": {},
            "firstPartyCookiesSent": {},
            "exampleSites": [
                "eaglecreek.com",
                "www.eaglecreek.com"
            ]
        },
        {
            "rule": "yieldify-production\\.com\\/fonts\\/100835\\/47a89642-fa14-48f5-95f7-762f04775f42\\.ttf",
            "cookies": 0,
            "fingerprinting": 0,
            "subdomains": [
                "fonts"
            ],
            "apis": {},
            "sites": 2,
            "prevalence": 0.0000166,
            "cnames": [],
            "responseHashes": [
                "e757d766bf8e83181c34c4099dfda317f5f9938f84fca728ce05a52d495e6bfb"
            ],
            "type": "Font",
            "firstPartyCookies": {},
            "firstPartyCookiesSent": {},
            "exampleSites": [
                "eaglecreek.com",
                "www.eaglecreek.com"
            ]
        },
        {
            "rule": "yieldify-production\\.com\\/fonts\\/100101\\/36e52d1b-72ee-4533-9bad-660167ee2160\\.otf",
            "cookies": 0,
            "fingerprinting": 0,
            "subdomains": [
                "fonts"
            ],
            "apis": {},
            "sites": 2,
            "prevalence": 0.0000166,
            "cnames": [],
            "responseHashes": [
                "88e403ccf072bec543df2590c455331c2a43bdebbdc73c9674af2a5987053123"
            ],
            "type": "Font",
            "firstPartyCookies": {},
            "firstPartyCookiesSent": {},
            "exampleSites": [
                "jaxtyres.com.au",
                "www.jaxtyres.com.au"
            ]
        },
        {
            "rule": "yieldify-production\\.com\\/fonts\\/100779\\/f7553aec-a09b-4e2d-877f-f71ec5a3a30a\\.otf",
            "cookies": 0,
            "fingerprinting": 0,
            "subdomains": [
                "fonts"
            ],
            "apis": {},
            "sites": 2,
            "prevalence": 0.0000166,
            "cnames": [],
            "responseHashes": [
                "0595cfc7a9c7184706c84fe63b2f15269391d3e695d3a159bf2584bc40c7007c"
            ],
            "type": "Font",
            "firstPartyCookies": {},
            "firstPartyCookiesSent": {},
            "exampleSites": [
                "motorcyclespareparts.eu",
                "www.motorcyclespareparts.eu"
            ]
        },
        {
            "rule": "yieldify-production\\.com\\/fonts\\/100779\\/80148de4-ebfa-4d80-bb7d-ac863f4d858a\\.otf",
            "cookies": 0,
            "fingerprinting": 0,