{
    "domain": "ylasthepoityelthens.com.ua",
    "owner": {},
    "source": [
        "DuckDuckGo-US"
    ],
    "prevalence": 0.000365,
    "sites": 54,
    "subdomains": [],
    "cnames": [],
    "fingerprinting": 0,
    "resources": [
        {
            "rule": "ylasthepoityelthens\\.com\\.ua\\/utx",
            "cookies": 0.000216,
            "fingerprinting": 0,
            "subdomains": [],
            "apis": {},
            "sites": 32,
            "prevalence": 0.000216,
            "cnames": [],
            "responseHashes": [
                "e3b0c44298fc1c149afbf4c8996fb92427ae41e4649b934ca495991b7852b855"
            ],
            "type": "XHR",
            "firstPartyCookies": {},
            "firstPartyCookiesSent": {},
            "exampleSites": [
                "www.heavy-r.com",
                "repacklab.com",
                "leakso.co",
                "enf-cmnf.com",
                "www.tumpik.com",
                "acmods.net",
                "asianpinay.com",
                "xfantazy.com",
                "desixflix.com",
                "thefappening.pics",
                "taboo.desi",
                "yifysubtitles.org",
                "wallpaperaccess.com",
                "homemade.porn",
                "ww1.javbabe.net",
                "topleaks.co",
                "thepornfull.com",
                "dood.re",
                "www.videojav.com",
                "www.fullfamilyincest.com"
            ]
        },
        {
            "rule": "ylasthepoityelthens\\.com\\.ua\\/floater",
            "cookies": 0.000108,
            "fingerprinting": 0,
            "subdomains": [],
            "apis": {},
            "sites": 16,
            "prevalence": 0.000108,
            "cnames": [],
            "responseHashes": [
                "8414c74ddfa7833373289a13efeb16cf1a97352738de2f3e9adb1c32eee2a185",
                "85d668dd0007fad2681ebc74ae709d91773819c006ee2ca09e27e86adf8cd63b",
                "cffadb95b26f6bf46781a3e73e88b596207c72e24c5d57b7e0dbf5038f5da919",
                "983290b914960ad626189b9ed4c68c6ae127bb7630852a1115ea5a9d698ac76c",
                "54408d47c38fbb0f345716757eb74e803b638df532e287a0e914c2f1c6b2c1d3",
                "53055e61e030252b715f7db98e1b6aafde9a39afcf9965d578cf0a9854f3cf09",
                "9ea4f4640714bbf8731374a6eac4839782a4e21ad3951d9940f986539499682e",
                "632cfd39e0c46606842dd4f64ff08f8d25b652f3f3bc3d407d90ca035fb0e912",
                "465589cd252bdf9aacd0a1c834d4bb73ebcce17ecf773f1f54f7728afe07f54b",
                "c7af756197bbcdf35611725269ab24570eb8ceec7b0b088b4d9d789fe6a14a56",
                "c3a81cce53d20b7f0bc13c04a15b83211d5738b969dc6c209eb8885e6d35144e",
                "c647aa360acc5f4bf95f59e9074a944631cfd9138da723f9403754af59efddaa",
                "cc0c5fdd6347ca813251f971adcb8fab4078b6a99d9e86fef15dafea9fef5879",
                "4b8c14c3e7fcd0ce94c6900043ff48f6c8331fff9381114c8cfd50e7087c94d4",
                "4036a240e4c2e2682ce7cfc6c2097042b182821c8b60685412f0d188f17db37e"
            ],
            "type": "XHR",
            "firstPartyCookies": {},
            "firstPartyCookiesSent": {
                "__PPU___PPU_SESSION_URL": 0.000006757943963128658
            },
            "exampleSites": [
                "asianpinay.com",
                "desixflix.com",
                "enf-cmnf.com",
                "homemade.porn",
                "m.smutty.com",
                "pornchimp.com",
                "taboo.desi",
                "thepornfull.com",
                "ww1.javbabe.net",
                "www.fullfamilyincest.com",
                "www.heavy-r.com",
                "www.tumpik.com",
                "xfantazy.com",
                "xnxx.club",
                "xnxxx.world",
                "xxx-porn-hub.com"
            ]
        },
        {
            "rule": "ylasthepoityelthens\\.com\\.ua\\/multi",
            "cookies": 0.0000203,
            "fingerprinting": 0,
            "subdomains": [],
            "apis": {},
            "sites": 3,
            "prevalence": 0.0000203,
            "cnames": [],
            "responseHashes": [
                "cc6d2aac59da8665fb646de40a34d5325884c2045cd3012dfd5ecac75d4c599a",
                "0f5f1d424ce5d6cd59026f1604b9877e307c9fee715ccd2a7317a02a09fdbd8f"
            ],
            "type": "XHR",
            "firstPartyCookies": {},
            "firstPartyCookiesSent": {},
            "exampleSites": [
                "taboo.desi",
                "www.tumpik.com",
                "xxx-porn-hub.com"
            ]
        }
    ],
    "categories": [],
    "performance": {},
    "cookies": 0.000365,
    "topInitiators": [
        {
            "domain": "dw55pg05c2rl5.cloudfront.net",
            "prevalence": 0.08139534883720931
        },
        {
            "domain": "d10ce3z4vbhcdd.cloudfront.net",
            "prevalence": 0.06395348837209303
        },
        {
            "domain": "d3t87ooo0697p8.cloudfront.net",
            "prevalence": 0.05813953488372093
        },
        {
            "domain": "d3bbyfw7v2aifi.cloudfront.net",
            "prevalence": 0.05813953488372093
        },
        {
            "domain": "d1nubxdgom3wqt.cloudfront.net",
            "prevalence": 0.05813953488372093
        },
        {
            "domain": "d18g6t7whf8ejf.cloudfront.net",
            "prevalence": 0.05813953488372093
        },
        {
            "domain": "d36zfztxfflmqo.cloudfront.net",
            "prevalence": 0.05232558139534884
        },
        {
            "domain": "dzr4v2ld8fze2.cloudfront.net",
            "prevalence": 0.046511627906976744
        },
        {
            "domain": "d1e28xq8vu3baf.cloudfront.net",
            "prevalence": 0.046511627906976744
        },
        {
            "domain": "first party",
            "prevalence": 0.046511627906976744
        }
    ],
    "types": {
        "XHR": 51
    },
    "nameservers": [
        "mack.ns.cloudflare.com",
        "rosalyn.ns.cloudflare.com"
    ]
}