{
    "domain": "youplay.se",
    "owner": {},
    "source": [
        "DuckDuckGo-US"
    ],
    "prevalence": 0.0000813,
    "sites": 12,
    "subdomains": [
        "delivery",
        "player"
    ],
    "cnames": [],
    "fingerprinting": 2,
    "resources": [
        {
            "rule": "youplay\\.se\\/load\\.js",
            "cookies": 0.0000678,
            "fingerprinting": 1,
            "subdomains": [
                "delivery"
            ],
            "apis": {
                "Navigator.prototype.userAgent": 10,
                "Navigator.prototype.platform": 9,
                "window.innerHeight": 6
            },
            "sites": 10,
            "prevalence": 0.0000678,
            "cnames": [],
            "responseHashes": [
                "88e7064fa5f4cd562cfa0b5ec700091349ca7bd71a785cfbd43479d97552ce88",
                "6768a753bef9ccb336d6cf1f7e5d87df6b050c29fb21a12f7600a24a85923145",
                "a5011a5e117927853b09596072120e7c81fcb5ae3feae24e1065365416108fd1",
                "857c5fe22f7a994f6e8ebd8ee64196e325e38ebe38654567c7a716a1570fd51e",
                "96327583d97abea4dfdde5c053b510cba24b0e1354d620a2656b10f887aa93a1",
                "87e01793686b6cb9892dc30b2c73e69d240487d32675293fefd7214ffc14c669",
                "90c3425fc9add6cd7f96886c21aedeb3d22abaf4265be719a5a1ee4dd5ca33c2",
                "b1b65a94cfb9986129f7fb0158e742c574dd672acf3f04663ae6705b419a1313",
                "a47b799be03a6ec938b30c9a805693da7a2d15f9a056c7312b48792e63f59834"
            ],
            "type": "Script",
            "firstPartyCookies": {},
            "firstPartyCookiesSent": {},
            "exampleSites": [
                "nyheter24.se",
                "viivilla.se",
                "www.alltforforaldrar.se",
                "www.babyhjalp.se",
                "www.dagsavisen.no",
                "www.hemtrevligt.se",
                "www.lav-det-selv.dk",
                "www.mestmotor.se",
                "www.nyteknik.se",
                "www.svenskafans.com"
            ]
        },
        {
            "rule": "youplay\\.se\\/assets\\/formats\\/0\\.0\\.448\\/css\\/up\\.min\\.css",
            "cookies": 0,
            "fingerprinting": 0,
            "subdomains": [
                "player"
            ],
            "apis": {},
            "sites": 10,
            "prevalence": 0.0000678,
            "cnames": [],
            "responseHashes": [
                "d93623ef948aea177f205a18d3639b77fc3ab04dc0ebb6b3174d9683b2b1ebca"
            ],
            "type": "Stylesheet",
            "firstPartyCookies": {},
            "firstPartyCookiesSent": {},
            "exampleSites": [
                "nyheter24.se",
                "viivilla.se",
                "www.alltforforaldrar.se",
                "www.babyhjalp.se",
                "www.dagsavisen.no",
                "www.hemtrevligt.se",
                "www.lav-det-selv.dk",
                "www.mestmotor.se",
                "www.nyteknik.se",
                "www.svenskafans.com"
            ]
        },
        {
            "rule": "youplay\\.se\\/assets\\/formats\\/0\\.0\\.448\\/js\\/up\\.min\\.js",
            "cookies": 0,
            "fingerprinting": 2,
            "subdomains": [
                "player"
            ],
            "apis": {
                "Date.prototype.getTime": 8,
                "Navigator.prototype.userAgent": 8,
                "Navigator.prototype.maxTouchPoints": 6,
                "Navigator.prototype.languages": 6,
                "Navigator.prototype.connection": 7,
                "Event.prototype.timeStamp": 7,
                "Document.cookie getter": 2
            },
            "sites": 10,
            "prevalence": 0.0000678,
            "cnames": [],
            "responseHashes": [
                "65706c170f986f7b5951fa9f5949465db9baaed4f76c0e6986a1e45bc32e4dfb"
            ],
            "type": "Script",
            "firstPartyCookies": {},
            "firstPartyCookiesSent": {},
            "exampleSites": [
                "nyheter24.se",
                "viivilla.se",
                "www.alltforforaldrar.se",
                "www.babyhjalp.se",
                "www.dagsavisen.no",
                "www.hemtrevligt.se",
                "www.lav-det-selv.dk",
                "www.mestmotor.se",
                "www.nyteknik.se",
                "www.svenskafans.com"
            ]
        },
        {
            "rule": "youplay\\.se\\/api\\/v2\\/templatedata",
            "cookies": 0.0000542,
            "fingerprinting": 0,
            "subdomains": [
                "delivery"
            ],
            "apis": {},
            "sites": 8,
            "prevalence": 0.0000542,
            "cnames": [],
            "responseHashes": [
                "91251b910fa60df43df57c309fad64f785d35da88cd71afa6d2c8fe14cb3616a",
                "16e1d4aa60998ad6ee2c425510a480b24cda8c368751ad7f7e8e0e8a3e04b63b",
                "f84b83110643be9fa00b63ceb491411a59221b24c199a914d2495852aa304a87",
                "b63c24a22cfd96182ce9d240957352f8818be5ecf7b3ca91d74065e8a6b966ed",
                "d8ac70ccf1ccbd30ad013235822e81397260d57c003e872ed9c4e557813e4e5a",
                "aae0d8ba717944fb4107cdf894552756621fd5d67fe7095f5430145c93b410de",
                "7d884ba8ba2c065c01709dcc4096dcbac7d2c521988c28b0a472bf593b7e0ebf"
            ],
            "type": "XHR",
            "firstPartyCookies": {},
            "firstPartyCookiesSent": {},
            "exampleSites": [
                "nyheter24.se",
                "viivilla.se",
                "www.babyhjalp.se",
                "www.dagsavisen.no",
                "www.hemtrevligt.se",
                "www.lav-det-selv.dk",
                "www.mestmotor.se",
                "www.nyteknik.se"
            ]
        },
        {
            "rule": "youplay\\.se\\/api\\/v2\\/videodata",
            "cookies": 0.0000474,
            "fingerprinting": 0,
            "subdomains": [
                "delivery"
            ],
            "apis": {},
            "sites": 7,
            "prevalence": 0.0000474,
            "cnames": [],
            "responseHashes": [
                "b962689ba75dfb0f2833aff47f9ca63647c8083c8e67f9fa36cc75b30fd2fc3a",
                "d98cf13bff7f471a96fcc9c95a3bb45237dcb79ee52ab40c6958443d46726407",
                "b9230873df1b5495f438ec00d99f84d6a1b2bacdc3fd4e13fc1664af7a80a3a1",
                "2e2fe794b7bf9cf999da3de48d1dbb9748000dfbff59863d259130066e8f8c33",
                "2b12a3bff406989b5182ffe87d240868eb9a0a358f755972c56fd1099c70fd6f",
                "194b081fb47a064558b702ce5fe24fc7733e514d04bb9bcd442b7c3e37eb8c62"
            ],
            "type": "XHR",
            "firstPartyCookies": {},
            "firstPartyCookiesSent": {},
            "exampleSites": [
                "nyheter24.se",
                "viivilla.se",
                "www.babyhjalp.se",
                "www.hemtrevligt.se",
                "www.lav-det-selv.dk",
                "www.mestmotor.se",
                "www.nyteknik.se"
            ]
        },
        {
            "rule": "youplay\\.se\\/assets\\/formats\\/0\\.0\\.448\\/font\\/fontello\\.woff2",
            "cookies": 0,
            "fingerprinting": 0,
            "subdomains": [
                "player"
            ],
            "apis": {},
            "sites": 6,
            "prevalence": 0.0000407,
            "cnames": [],
            "responseHashes": [
                "44812d2c21ac709fd612d183c2eb2ba5f8b35aea04e6112021b70da118692543"
            ],
            "type": "Font",
            "firstPartyCookies": {},
            "firstPartyCookiesSent": {},