{
    "domain": "youradexchange.com",
    "owner": {},
    "source": [
        "DuckDuckGo-US"
    ],
    "prevalence": 0.000819,
    "sites": 121,
    "subdomains": [],
    "cnames": [],
    "fingerprinting": 0,
    "resources": [
        {
            "rule": "youradexchange\\.com\\/ad\\/czcf\\.php",
            "cookies": 0,
            "fingerprinting": 0,
            "subdomains": [],
            "apis": {},
            "sites": 16,
            "prevalence": 0.000108,
            "cnames": [],
            "responseHashes": [
                "e27ceb8e5ed6c31dd5671a89ee9139ae874bf9a5cdd89423308dc18c48023821",
                "f106ff30a3632b205e845542f15610a6ba81b562021e4aa20c1511b0e520ef4c",
                "a67f35603ff2097ce1de914264abe608c802ee94b147d9d9cc2fb6874a362581",
                "38900ca862cc137f37734bfebde9ebc26b69581ceb824406e3758951d953ec54",
                "e6dcad003f0f600f3e077ab77af042bd3be5b0487c36c4b1057d3cf13d221eee",
                "f6b0e3349e332619c2b1184e4297ac10eef3517ef1d47640412d7f2fc5e2a7ca",
                "f925998a056f6e1d7d33275fe369af20c1eb77ec977b7c3a451b795b9c1301ac",
                "f927789125d516af896108412a97b364f2c3508505375dd4829535989d3e3190",
                "9b76b89538fcf93c854d1c2776217246b9bbeafa6234d655f364c9a7e968a498",
                "883d6057636e9a75f17f477144b3dc40995c1ea3b407d3ec20b4087ae899178d",
                "4bc6ee80de42b93133ac70d84224d012fa159f263bc470bad6b9295135f2e4fb"
            ],
            "type": "Fetch",
            "firstPartyCookies": {},
            "firstPartyCookiesSent": {},
            "exampleSites": [
                "afdyel.xyz",
                "bajeczki.org",
                "botrecord.live",
                "camgirls.casa",
                "daftsex-hd.com",
                "erofound.com",
                "erothots.co",
                "findsource.co",
                "fulldp.co",
                "hornysimp.com",
                "kodeteknogram.blogspot.com",
                "old.archivebate.com",
                "tv247us.com",
                "w123moviesfree.net",
                "webcamz.us",
                "www.antarvasnastory.co.in"
            ]
        },
        {
            "rule": "youradexchange\\.com\\/ut\\/hb\\.php",
            "cookies": 0,
            "fingerprinting": 0,
            "subdomains": [],
            "apis": {},
            "sites": 61,
            "prevalence": 0.000413,
            "cnames": [],
            "responseHashes": [
                "e3b0c44298fc1c149afbf4c8996fb92427ae41e4649b934ca495991b7852b855"
            ],
            "type": "Ping",
            "firstPartyCookies": {},
            "firstPartyCookiesSent": {},
            "exampleSites": [
                "pelis24.gratis",
                "xsanp69.com",
                "buffstreams.sx",
                "www.pirlotv.fr",
                "yts.mx",
                "crackstreams.biz",
                "www.zone-telechargement.rest",
                "fulldp.co",
                "ww2.7movierulz.ltd",
                "socceron.name",
                "tamilblasters.u4m.ink",
                "www.hentaisaturn.tv",
                "limetorrents.unblockit.bio",
                "desahtoge.blogspot.com",
                "watch.imethstreams.com",
                "vipleague.im",
                "freestreams-live1.tv",
                "www.1337x.to",
                "www.yalla-shootx.com",
                "pemersatudotfun.com"
            ]
        },
        {
            "rule": "youradexchange\\.com\\/script\\/suurl4\\.php",
            "cookies": 0,
            "fingerprinting": 0,
            "subdomains": [],
            "apis": {},
            "sites": 62,
            "prevalence": 0.00042,
            "cnames": [],
            "responseHashes": [
                "bdd2a3d1572668fac890d61b6fd162fef49f4c4b5624062125f1a7ab7e155ea6",
                "6e66cae3d936aa67712ae6675d2b3b93ad6909a7d43b5c0b859ee86741d0fae9",
                "68de67183f1a48e15c89f82c0c8d6e9d7e3b6f41e9e8e7099bafbe388fdfcb2e",
                "c4661447c95a5219fcd628ff99d602a1a1ccc4e92b340d7890725af75808eeed",
                "0315c0aa2090a43a1a52326cf81870353fd90dc5cfe252d246de4281af433de8",
                "3e57c183b6b8f1113c6255a6b3c8fa03c0b8263519cce66bcf1f148ecf005d0a",
                "7f6f1e9d177f21efc675165c77551a62be851a61345ef020bb9f8b8de76fa3b2",
                "91abbb3433343acc234ec2ff43c2c5a7a0dffcee514d5483a687107dc2c9195c",
                "3f3793c4c072462b45c8a42b2f6791c16675184945d27efb9ad23d462fc7ab33",
                "24f20a531cbe9f725ef6787ac29b5156837f973a476d9a7279cdb9b13509aa5f",
                "e172305eae02f6317b7c2c040bfe3a77e7164b90e28d8a11a2e7293b9c924108",
                "5152abc97635582391f093fe97d2f8ff227c61ba03cdcb5d571329282197bc29",
                "4184f08dc1f4f3957f2e376fa931548f936c38e0ef17e1a8d19b00ba95d8d0b6",
                "38a6faa2ece5b61cc0f454fc19902e7226efca34479078c771fa097d1f2f43fc",
                "41aca7e512b2300ce5081e531f99851d0ff6e4133945d48a13e35d4352190048",
                "9a8d79a5736cdfc80619d9a8b507705639399b918791af683732b60a91a9a1a3",
                "fe79584f472afe2c0fc520e8a049d2586580ea872a4d49d4a20f5fe2f343eee9",
                "6fe3ab4b94a19c05f822b3f6e3445ebde124d21b6f3a5ad72de8bc02f9cbd9ec",
                "88870ce782d406191f55a876577945bdeed66755bdf6f8ae6286db929e8345ce",
                "3829196d3c2f7aa0627b1551e0ac268381d91a2181aa24ee26f6eb0bef9a61ca",
                "0547a7bfba6112cfdfc16cddc9bfbf9ec53e0caece8b3c375753aad5a6e2e0ff",
                "b4afc3a75ec4ba780650d01780e2ea7ff88ebf5c4a91dc8adc6dd1313f20db06",
                "1be4bcf497da7cf90e69b9fc6b49030d281876ca5a5152bb20378868d08247e9",
                "ecec660608933fbb0b963d635eca118bd6238ecb48cb141049e8c39f1ab2d411",
                "0a93908df81370cd2312be49222fe7235be6564edc43bcf72b6a6da8121ac362",
                "cba3b0482c19f3f7ebadbcb329a26a8cbbfb03d2108a5814c86e1e0bef7d420b",
                "bf41042dd7934fa53d65cfc293227feca538225d7e7722b0dbf8a97a4d3800bb",
                "09993687490e7aeb3975f7c94934d016644fc57d9b50022ebeb27a2110018826",
                "2aee5661fb0339cadd1152902abfccc80dd60c1388c119cd25693fc7e230ea97",
                "efc606bf8429ab8cced18c3141af7b5542d3dd6045472ae98c7fb6148504b496",
                "d662a476274fc02959ebab5098991ee5da541e7df4803b3cb59198826cb29144",
                "7fc45fdcca5c19c7ddd09c078a71ec440855ad4aafd39f8b257a338142615fdf",
                "4b101ce840fcc4f99b29b6334c826bff5af74d318b3f241014cf3f4440bf19df",
                "f4cb55d18f677d9dce40fc3f4e5c858d6698134da7e4367f190d4099123c044d",
                "80391360dcef92677f9424cbf01700c2ac0ed72edf89ccce183e2395c6ea135c",
                "b21f105da49ffb8194d6eb8f88cf87821c3302839f4b7a5a9f8f587e5b6daa53",
                "22edd8899eed42fec1d75e07e6d5be74831057042f9b6c2b2f89d8a50c831763",
                "89c2d098a06774810373ff8bc00fbc81cbc6a1de8f789eb2f2fb06b0c0c9d24f",
                "02b13186aac09df0a032727ac4761db5ed0ee2c020e43ab7fd0a05f17c053f35",
                "0939355391ee6235bd7693a308abc4956bde86ff3eb156b0aaddd64726ccd66d",
                "1faf5cdb5073ce9c8025e9d839749f8f4003a0bda15d59862d815142872bd879",
                "8af60db6985b7e7cc61bc5e546b448bc1b16bc46c8a0901ae025963dbad12a5b",
                "4e31fd2a7fd160b3c10e8b0062d64503fc2e7d6d97a64f440b62d81c677b987d",
                "6e58da1b84f011268b396803c96966a3d906e1d8123911d5fe9d2518c6784994",
                "235e079937061de6be985c5f47335045c4695bdf4494262005042831a3b5b1b9",
                "3efca5b68f234fffb50a87fc713e6d3e58cebd2f1135990e4d4b9be5dc006ade",
                "22544f6d4299c883680501053a2d67d135230fc20d795a3f20cc5fddb4ac302a",
                "b40c908bb5814a333501b07949a4269d872129a8925f16972d27498c309a6472",
                "64604f1bc4defe5976778a197890f4d04dbf81f629bf9fa448ac515e9b35c1dc",
                "08e40bf3499fbb1dea0707d5ead0775c9947fb4f90e9f8b2b6952914e934f25e",
