{
    "domain": "zimg.jp",
    "owner": {
        "name": "Zucks,Inc.",
        "displayName": "Zucks"
    },
    "source": [
        "DuckDuckGo-US"
    ],
    "prevalence": 0.000804,
    "sites": 119,
    "subdomains": [
        "j.zucks.net",
        "static.zucks.net"
    ],
    "cnames": [],
    "fingerprinting": 2,
    "resources": [
        {
            "rule": "zimg\\.jp\\/j",
            "cookies": 0,
            "fingerprinting": 1,
            "subdomains": [
                "j.zucks.net"
            ],
            "apis": {
                "Date.prototype.getTime": 64,
                "Screen.prototype.width": 60,
                "Screen.prototype.height": 60,
                "Document.cookie getter": 60,
                "Navigator.prototype.userAgent": 1
            },
            "sites": 67,
            "prevalence": 0.000453,
            "cnames": [],
            "responseHashes": [
                "efeed1ac9d705cc44eca50cfdc4cf579101afc792d6609d93f97b2e4434f8332",
                "b30c9dcdaa2706ada9426203301daee7d65dce4c66b5f2e72fa91b3b5a57c65d",
                "0918613293a77608ca9056967cacf07f44e217017534638bd5daf2a66bb128db",
                "8a6d9a3de56b24f724ab0c5d42a01daae194daf22f5cf3c2e4c153928b9d6f16",
                "6d58e4c386a5e12b37c4eb2e2c2eda84749127cb2bf381b2a18bdef16d36e0bb",
                "a51e8079d34e3fd9e4747f330079e0daed8722d4a2bee2315fb322a7cbe60ff9",
                "afd52d49c07ba746423628e8610b8310c6c5054ef45ec8334bb7e24bfc54fa4b",
                "ac278c3df134df8d676bdffe2c2cdebc5cf59c418d400a0af4958c84f79a8887",
                "0925190ebdd5979b334b768a3b027212828010a4733ac4a0e57b293cc88cf400",
                "2bfd08e0202f2c86614bd1ca949c459f75c6f6eaa311dec7bd277878f6f6741b",
                "9ec05dddd9b930cc166f80c6cc8bd5bb253fc414c68d082583f5cc9af1cbc714",
                "391b4228424b478d5423c2795e5da41714d92ca1f63c32c424560415a1986038",
                "fee67579fc0200d6c974d0a4c4ad08478061989c441d814d10c7755184a12fda",
                "1e45f1e601794508153591f67da38e9cb8d5197cf25bf33053aacc39bd415490",
                "a1e00b175c2ba7638230058e7a27cac663f2620622bb32ffdfeb8bae441ca863",
                "630619fc6cf4dfae55d2ce2ee865370911169787829e93c7dd8367bb9a25992d",
                "55a9d73f9777de95ef3d96734160cd695fc16d9a3b575d818bac165bef772afe",
                "1de5c97cf41f15ccad7ffbb6672f11e2acb25ffc83d05f9bad41fc513ed4e4ae",
                "e2c429fad7791ead3830ff751b7a4f0f491aebe28480b11e9e8b9544bd99b373",
                "83b17e672e2f283793c0029a3968c6a6da83966878e02aba429a3980638953cb",
                "a4fa1e6788e26c38260386b9d0e1c55125d60fee84750c5db4b7838b8c3ae394",
                "b81f6a139614c472bec9fffc148c1931b59554b49310579edf8d5b6fddb265a1",
                "38ea8ba50e925336418850e14917419d5928293c0339437880ca8112f4fd8dfb",
                "707ee6f420781de1c043c836a635a776fed12944662203d0dd342ca9aa0eb49f",
                "e4f2658e16fbe9f8d81f717a8b631d9f1a31280a5463bb1bbaefbc5193b2e3e3",
                "db76a91c056b3c8abfe28f941b65b98193c02560a02a50f4a4820c3751730e2f",
                "20a430470e0167e633f28ae2e33aaa4cc0d94781e6c3eb2ebb4093a29353b8b6",
                "a624367965e03f3ad960029b7ee292357f9df0ca486df9c7b900069e93332235",
                "8da8622579d5effa60a53ce89eb077f6bcddcc99047a278d3e7f7808fb6deab3",
                "635d5147f4f006750da99a6302c5406cdc247606fd3635eb387483818a23002c",
                "7387b535bb4741d1bc6f3403cd1c417ec7db34d654c02b66e121fbdfe88d4637",
                "3e8c476e908bb7e536f887e71ebd3da08038bd515390536db28bd963d101b21c",
                "287a7cf3e7340127390f86460af730f7a96b8d1310f3469d6cac2823960e3446",
                "ffd1025ecb3ed836132d33f0dab36d2a1dff38a72cf179b1a00a6bbd3f23a248",
                "1f525b3577a0c450ff6c5d6ba43b8cbd6b25ebc5a3e5303b225312c63c8ff13e",
                "4abf2f2b1ad18e06be859cccfafc07473c68b3599b606645750911bfca31820f",
                "24649ee4acd257e7ee5c38a49fcdf8aaf8357e62e5e30fa793a2adc24e110afb",
                "5762deccdaf8a5e928aec3704a6c41ac3856479298bc9b19752b4ec66f44cf1d",
                "d7a653a9664f8fd2d2c12444de70f68c0e3fec809a0478a3415c279eb59b5f6e",
                "606f8230517a60a3763ce790d7ab23bcd4d8fc61088cb775db69c59cef701494",
                "a353fff8f245ba526359fc5ca3085ed3549dcaec807c394b1ff3e3860a49cefd",
                "dfba1280e515a29ada3b8fac66a033c588facc886e19f36f23e922ea0a811f94",
                "167bb4e21e884e24be67d886caae8fb7f83fd86c59e4884bd80d3ac3e3bd20bf",
                "d060705e99fd56031a8039c498034020a954a79364de11634d34d7a766731a18",
                "361c00d6555ae3a9a8e595f72a1a201b18e38a8f08d919b50063e4afbc18daf9",
                "a60cd56c98b09e712bd882ba390efce2685da508d62bbb4b7164a14d343305fd",
                "7aa2f8c215ed9f3808502c0930714acd4b3938b823273c451560ba7fc5afc561",
                "95608aaaf26c48ba163a7aea56737a948fc30e611fd777df2ed53740a747e7b7",
                "992c7b9d2ccaa3a20836d80da107be69f0dca692e51ca27595dea80e16032ae7",
                "9d8004cb1f358bfd2c7e6ee16883615b37330d69d0538681aa5bdebc35928bdb",
                "46fa3c66531ed65fdd70cf6ddfc40de454a4f3cc42cee5d50b25a19b97b44e3c",
                "08e69375058501bece2ed40e851dc7638715a3c498d3e07dbabdf88231857730",
                "8e9d0e3fafa1a39fda724ab7c509266afe9af2af01b77e3e76598527a1ec20ec",
                "3f2caa922e09559a374b3e6d7f1560fd1aa897407f5d39987b0f24678370826c",
                "38dd6b665d76168f7a40fdcdb5cffb42e09b1b8f1379bcbed73935eccc16c872",
                "3c7fc85051d1ef50d3886c25a385414425fc1156aaf923adb5ecedfe51fdc026",
                "cd61d37bb0214e82f9ef4fcd6bce3d0551cd5ba76654d9640029c1b52fe93deb",
                "1a68f3ceaac1b154b14c4a9aca908e7730da3fd302dc6ab3a6b0592636896394",
                "89f070d0410a112c521f87e792d05435721a0d03b23bbd01bb98019f4560224d",
                "9e803e7a07602b8d50e598c65265c3814e81a5432bd63d3d3601b9602f571ab7",
                "fa96cb1b2fcc02cdc65cffa51cc91492bd90c628d95e7e17542a57d0b598c8aa",
                "9ed09e7b7c9f0a044ab9b1c546fb6e62289ab01b2fc2f3b40bd69c8f2bf1f134",
                "ba57dcedf01e1ac5046fe4c5b0c82bbbac22ebc2fe0a2cb4c7db2a3c51d973aa"
            ],
            "type": "Script",
            "firstPartyCookies": {},
            "firstPartyCookiesSent": {},
            "exampleSites": [
                "thesaurus.weblio.jp",
                "magazine.cartune.me",
                "www.zakzak.co.jp",
                "psnews.jp",
                "www.uta-net.com",
                "www.tv-tokyo.co.jp",
                "www.ufret.jp",
                "www.news-postseven.com",
                "lamire.jp",
                "www.netkeiba.com",
                "menslog.net",
                "www.enjoytokyo.jp",
                "newsee-media.com",
                "www.itmedia.co.jp",
                "kotonohaweb.net",
                "mikle.jp",
                "www.tvkingdom.jp",
                "race.netkeiba.com",
                "news.mynavi.jp",
                "www.yogaroom.jp"
            ]
        },
        {
            "rule": "zimg\\.jp\\/n",
            "cookies": 0,
            "fingerprinting": 1,
            "subdomains": [
                "j.zucks.net"
            ],
            "apis": {
                "Date.prototype.getTime": 4,
                "Screen.prototype.width": 4,
                "Screen.prototype.height": 4
            },
            "sites": 4,
            "prevalence": 0.000027,
            "cnames": [],
            "responseHashes": [
                "8b72b3010e2f7826abd7122937bfb41a49678433c90c47d085a4512ed5082b59",
                "0abfcab3692dfce4bb233bb57cb83f1ca49010588d2d9319154d8c6a7d039dc7",
                "35047cf39b60626d4b3cf25378b8522f7d517138b4d74ff247e4178de0ae16eb"
            ],
            "type": "Script",
            "firstPartyCookies": {},
            "firstPartyCookiesSent": {},